序號,課程代碼,開課班別(代表),課程名稱,教學大綱Syllabus,課程性質,課程性質2,全英語授課,學分,教師姓名,上課大樓,上課節次+地點,上限人數,登記人數,選上人數,可跨班,備註,英文課程名稱,教學大綱狀態,教學大綱連結,教師個人頁
1,N1011,產業碩士班,機器導航與探索,,自由選修,,否,3,周咏蒨,,,10,2,2,可跨班系,AI學程聯盟學分學程選課前請點我詳閱課程資訊上課時間：每週一晚上6:30~9:20上課地點：工學院EB211課程要求：學生須自備具GPU顯卡之電腦。本課程期末專題採分組開發，為避免影響同組修課同學之權益，本課程不接受期中退選，請謹慎評估可投入的時間再選課。主授教師:胡敏君(清華大學),Robotic Navigation and Exploration,無,,https://webapss.ncue.edu.tw/Teacher/Reports/OB020.aspx?yms_year=114&yms_sms=2&emp_id=0001217
2,N1009,產業學士班,人工智慧倫理,,自由選修,,否,3,校際教師,,,50,1,4,可跨班系,AI學程聯盟學分學程選課前請點我詳閱課程資訊(含遠距上課連結)上課時間：每週二 15:20~18:10主授教師：甘偵蓉(東海大學)「本課程網路選課人數未達開課人數，請洽開課單位。」,AI Ethics,無,,
3,N1007,產業學士班,機率與統計,,自由選修,,否,3,校際教師,,,20,3,0,可跨班系,AI學程聯盟學分學程選課前請詳閱課程資訊上課時間：2/26、3/12、3/26、4/9、4/30、5/14、6/4 20:00-21:00同步考試時間：4/16 14:30-17:30(電二教室)；6/11 14:30-17:30 (電五教室)主授教師：葉丙成(臺灣大學),Probability and Statistics,無,,
4,N1006,產業碩士班,生成式AI應用系統與工程,,自由選修,,否,3,校際教師,,,50,4,2,可跨班系,AI學程聯盟學分學程選課前請點我詳閱課程資訊上課時間：每週三 14:00-17:00主授教師：莊坤達(成功大學)「本課程網路選課人數未達開課人數，請洽開課單位。」,Generative AI Application Systems and Engineering,無,,
5,N1004,產業碩士班,智慧製造執行系統,,自由選修,,否,3,校際教師,,,20,1,1,可跨班系,AI學程聯盟學分學程選課前請點我詳閱課程資訊(含遠距上課連結)上課時間：每週一 14:10-17:00實體期中、末評量時間:4/20(主導老師在NTU COOL平台發布試題連結，學生自行完成即可)、6/22 14:10-17:00 (暫定電五教室)主授教師：陳裕民(成功大學),Intelligent Manufacturing Execution Systems,無,,
6,N1003,產業學士班,半導體產業實務,,產業必修,,否,3,林祐仲,白沙大樓,(五) 02-04 合班教室1,50,0,11,限本班,產業學院育才專班-矽品公司,Semiconductor Industry Practice,中文,https://webap0.ncue.edu.tw/DEANV2/UploadDEAN/SUBJECT/1142/N1003_0OTIN0100930.pdf,https://webapss.ncue.edu.tw/Teacher/Reports/OB020.aspx?yms_year=114&yms_sms=2&emp_id=0000831
7,N1002,產業碩士班,半導體產業實務,,產業必修,,否,3,林祐仲,教學大樓,(五) 02-04 T302,20,0,9,限本班,產業學院育才專班-矽品公司,Semiconductor Industry Practice,中文,https://webap0.ncue.edu.tw/DEANV2/UploadDEAN/SUBJECT/1142/N1002_0OTIN2101030.pdf,https://webapss.ncue.edu.tw/Teacher/Reports/OB020.aspx?yms_year=114&yms_sms=2&emp_id=0000831
8,MM403,語文課,中級時事華語(二),,語文選修,,否,3,黃柔溱,語文中心,(四) 02-04 LC202,50,0,45,可跨班系,,Intermediate Current Affairs in Chinese II,中文,https://webap0.ncue.edu.tw/DEANV2/UploadDEAN/SUBJECT/1142/MM403_0CCML0108030.pdf,https://webapss.ncue.edu.tw/Teacher/Reports/OB020.aspx?yms_year=114&yms_sms=2&emp_id=9901052
9,MM402,語文課,初級閱讀與寫作(二),,語文選修,,否,3,劉培伃,語文中心,(四) 06-08 LC202,50,0,4,可跨班系,「本課程網路選課人數未達開課人數，請洽開課單位。」,Elementary Chinese Reading and Writing II,中文,https://webap0.ncue.edu.tw/DEANV2/UploadDEAN/SUBJECT/1142/MM402_0CCML0105430.pdf,https://webapss.ncue.edu.tw/Teacher/Reports/OB020.aspx?yms_year=114&yms_sms=2&emp_id=9901185
10,MM401,語文課,基礎中文讀寫(二),,語文選修,,否,3,黃柔溱,語文中心,(三) 02-04 LC202,50,0,6,可跨班系,「本課程網路選課人數未達開課人數，請洽開課單位。」,Basic Chinese reading and writing II,中文,https://webap0.ncue.edu.tw/DEANV2/UploadDEAN/SUBJECT/1142/MM401_0CCML0109030.pdf,https://webapss.ncue.edu.tw/Teacher/Reports/OB020.aspx?yms_year=114&yms_sms=2&emp_id=9901052
11,80071,日外校碩士班,日語閱讀VI,,自由選修,,否,1,校際教師,,,20,0,1,限本班,日本新潟大學,Japanese Reading VI,無,,
12,80070,日外校碩士班,日語檢定N2 A,,自由選修,,否,1,校際教師,,,20,0,1,限本班,日本新潟大學,JLPT-N2 A,無,,
13,80069,日外校碩士班,主動學習A,,自由選修,,否,1,校際教師,,,20,0,1,限本班,日本新潟大學,Active Learning A,無,,
14,80068,日外校大學,課題研究A,,自由選修,,否,2,校際教師,,,50,0,1,限本班,日本新潟大學,Project Research A,無,,
15,80067,日外校大學,統計力學IA,,自由選修,,否,2,校際教師,,,50,0,0,限本班,日本新潟大學,Statistical Mechanics IA,無,,
16,80066,日外校大學,德語(A2.2),,自由選修,,否,3,校際教師,,,50,0,1,限本班,Hochschule Bremen,German (A2.2),無,,
17,80065,日外校大學,組織行為,,自由選修,,否,3,校際教師,,,50,0,1,限本班,Hochschule Bremen,Organizational Behavior,無,,
18,80064,日外校大學,全球能源與環境,,自由選修,,否,3,校際教師,,,50,0,1,限本班,韓國釜慶大學,Global Energy and Environment,無,,
19,80063,日外校大學,材料科學導論,,自由選修,,否,3,校際教師,,,50,0,1,限本班,韓國釜慶大學,Introduction to Material Science,無,,
20,80062,日外校博士班,運動醫學專論,,自由選修,,否,3,校際教師,,,20,0,1,限本班,臺北市立大學,Special Topics in Sports Medicine,無,,
21,80060,日外校大學,商務跨文化溝通,,自由選修,,否,2,校際教師,,,50,0,1,限本班,University of West Bohemia,Intercultural Communication for Business in English,無,,
22,80059,日外校大學,基礎捷克語(一),,自由選修,,否,2.5,校際教師,,,50,0,1,限本班,University of West Bohemia,Basic Czech I,無,,
23,80058,日外校大學,無人機測量與應用,,自由選修,,否,1.5,校際教師,,,50,0,1,限本班,,Measurement and Application of UAV,無,,
24,80057,日外校大學,微波遙感,,自由選修,,否,2,校際教師,,,50,0,1,限本班,,Remote Sensing Microwave,無,,
25,80056,日外校大學,大學生健康心理,,自由選修,,否,2,校際教師,,,50,0,1,限本班,,Mental Health Education for College Students,無,,
26,80055,日外校大學,PHOTOSHOP數字圖像處理,,自由選修,,否,2,校際教師,,,50,0,1,限本班,,Photoshop image Processing,無,,
27,80054,日外校碩士班,性別、性傾向與關係多元敏感度之社會工作,,自由選修,,否,2.5,校際教師,,,20,0,1,限本班,University of Ostrava,Social Work Sensitive to Gender Sexual and Relationship Diversity,無,,
28,80053,日外校碩士班,國際實務中的社會工作,,自由選修,,否,2.5,校際教師,,,20,0,1,限本班,University of Ostrava,Social Work in International Practice,無,,
29,80052,日外校碩士班,教育行銷學,,自由選修,,否,2.5,校際教師,,,20,0,1,限本班,University of Ostrava,Marketing in Education,無,,
30,80051,日外校碩士班,奧斯特拉瓦大學社會研究學院之捷克社會工作研究導論,,自由選修,,否,1.5,校際教師,,,20,0,1,限本班,University of Ostrava,Introduction to studyCzech Social work at Faculty of Social Studies of University of Ostrava,無,,
31,80050,日外校碩士班,捷克語與文化導論,,自由選修,,否,1.5,校際教師,,,20,0,1,限本班,University of Ostrava,Introduction to Czech Language and Culture,無,,
32,80049,日外校碩士班,家庭系統脈絡中的身心障礙,,自由選修,,否,2,校際教師,,,20,0,1,限本班,University of Ostrava,Disability in the Family System Context,無,,
33,80048,日外校碩士班,西班牙金融系統,,自由選修,,否,3,校際教師,,,20,0,1,限本班,Universidad de Jaen,Financial Spanish System,無,,
34,80047,日外校碩士班,創業創立,,自由選修,,否,3,校際教師,,,20,0,1,限本班,Universidad de Jaen,Business Creation,無,,
35,80046,日外校大學,軟體工程概論,,自由選修,,否,3.5,校際教師,,,50,0,1,限本班,,Software Engineering Fundamentals,無,,
36,80045,日外校大學,軟體建構,,自由選修,,否,3.5,校際教師,,,50,0,1,限本班,,Software Construction,無,,
37,80044,日外校大學,歷代文選及習作,,自由選修,,否,2,校際教師,,,50,0,1,限本班,國立中興大學,Prose : Reading and Writing,無,,
38,80043,日外校大學,國學導讀,,自由選修,,否,2,校際教師,,,50,0,1,限本班,國立中興大學,Introduction to Sinology,無,,
39,80042,日外校大學,德國法學導論,,自由選修,,否,2,校際教師,,,50,0,1,限本班,國立中興大學,Introduction to the German Law,無,,
40,80041,日外校大學,AI應用規劃基礎入門,,自由選修,,否,2,校際教師,,,50,0,4,限本班,【iGER-Courses】。認抵課程：人工智慧及其應用。必修通識,Introduction to AI Application Planning,無,,
41,80040,日外校大學,新生專題:設計人生,,自由選修,,否,2,校際教師,,,50,0,4,限本班,【iGER-Courses】。認抵課程：生命探索發展與實踐，必修通識,Freshmen Project:Design your life,無,,
42,80039,日外校大學,圖像中的藝術與文化,,自由選修,,否,2,校際教師,,,50,0,13,限本班,【iGER-Courses】。認抵課程：從繪畫看台灣歷史，素養通識-文化美學與文明。,The Arts and Culture of Visual Images,無,,
43,80038,日外校大學,王陽明帶你打土匪：明朝心學的智慧發展史,,自由選修,,否,2,校際教師,,,50,0,12,限本班,跨校通識數位課程。認抵課程：中國經典名著導讀，跨學院通識(文)。文學院學生修習不能認證為通識學分,Wang Yang-ming Takes you to fight Bandits: The history of Nousology's wisdom in Ming Dynasty,無,,
44,80037,日外校大學,幸福入門-正向心理學,,自由選修,,否,2,校際教師,,,50,0,7,限本班,跨校通識數位課程。認抵課程：心理與生活。跨學院通識(科技)。科技學院學生修習不能認證為通識學分,Introduction to well being-positive psychology,無,,
45,80036,日外校大學,大數據分析輕鬆上手,,自由選修,,否,2,校際教師,,,50,0,7,限本班,跨校通識數位課程。認抵課程：機器和深度學習概論。素養通識-生活藝能及應用,Get started with big data analysis easily,無,,
46,80035,日外校大學,人際關係與社會互動,,自由選修,,否,2,校際教師,,,50,0,13,限本班,跨校通識數位課程。認抵課程：人際關係與溝通技巧。跨學院通識(教)。教育學院學生修習不能認證為通識學分,Interpersonal relations and social interaction,無,,
47,80034,日外校大學,電機機械,,自由選修,,否,3,校際教師,,,50,0,1,限本班,國立雲林科技大學,Electric Machinery,無,,
48,80033,日外校大學,中西交通史,,自由選修,,否,2,校際教師,,,50,0,1,限本班,國立中興大學,Sino-Western Communication History,無,,
49,80032,日外校大學,歷史與電影,,自由選修,,否,1,校際教師,,,50,0,1,限本班,國立中興大學「本課程網路選課人數未達開課人數，請洽開課單位。」,History and Films,無,,
50,80031,日外校大學,世界通史,,自由選修,,否,3,校際教師,,,50,0,1,限本班,國立中興大學「本課程網路選課人數未達開課人數，請洽開課單位。」,General World History,無,,
51,80030,日外校大學,統計學(二),,自由選修,,否,3,校際教師,,,50,0,1,限本班,國立臺灣師範大學「本課程網路選課人數未達開課人數，請洽開課單位。」,Statistic II,無,,
52,80029,日外校大學,國文/語文領域本國語文教學實習,,自由選修,,否,2,校際教師,,,50,0,1,限本班,國立中興大學,Teaching Practicum of Chinese,無,,
53,80028,日外校大學,中國文學史(二),,自由選修,,否,3,校際教師,,,50,0,1,限本班,國立臺中教育大學「本課程網路選課人數未達開課人數，請洽開課單位。」,History of Chinese Literature II,無,,
54,80027,日外校大學,微積分(二),,自由選修,,否,4,校際教師,,,50,0,1,限本班,國立中興大學「本課程網路選課人數未達開課人數，請洽開課單位。」,Calculus II,無,,
55,80026,日外校大學,臺灣佛教史,,自由選修,,否,2,校際教師,,,50,0,1,限本班,國立中興大學「本課程網路選課人數未達開課人數，請洽開課單位。」,The Study and Useage of Selective Reading of Buddhist Texts,無,,
56,80025,日外校大學,網頁設計,,自由選修,,否,2,校際教師,,,50,0,1,限本班,國立中興大學「本課程網路選課人數未達開課人數，請洽開課單位。」,Web Design,無,,
57,80024,日外校大學,飲食與文化,,自由選修,,否,1,校際教師,,,50,0,1,限本班,國立中興大學「本課程網路選課人數未達開課人數，請洽開課單位。」,Food and Culture,無,,
58,80023,日外校大學,工業4.0概論,,自由選修,,否,3,校際教師,,,50,0,1,限本班,國立勤益科技大學「本課程網路選課人數未達開課人數，請洽開課單位。」,Introduction to Industry 4.0,無,,
59,80022,日外校大學,英語教學法,,自由選修,,否,2,校際教師,,,50,0,1,限本班,東吳大學「本課程網路選課人數未達開課人數，請洽開課單位。」,Methods of Teaching English as a Foreign Language,無,,
60,80021,日外校大學,無機化學(一),,自由選修,,否,3,校際教師,,,50,0,1,限本班,中山醫學大學「本課程網路選課人數未達開課人數，請洽開課單位。」,Inorganic Chemistry Ⅰ,無,,
61,80020,日外校大學,民法總則(二),,自由選修,,否,2,校際教師,,,50,0,2,限本班,國立中興大學「本課程網路選課人數未達開課人數，請洽開課單位。」,Civil Law: General Principles (II),無,,
62,80019,日外校大學,國際公法,,自由選修,,否,2,校際教師,,,50,0,1,限本班,國立中興大學「本課程網路選課人數未達開課人數，請洽開課單位。」,Public International Law,無,,
63,80018,日外校大學,地方自治法,,自由選修,,否,2,校際教師,,,50,0,1,限本班,國立中興大學「本課程網路選課人數未達開課人數，請洽開課單位。」,Local Government Law,無,,
64,80017,日外校大學,行政罰法,,自由選修,,否,2,校際教師,,,50,0,1,限本班,國立中興大學「本課程網路選課人數未達開課人數，請洽開課單位。」,Administrative Penalty Law,無,,
65,80016,日外校大學,民法債編總論(二),,自由選修,,否,3,校際教師,,,50,0,1,限本班,國立中興大學「本課程網路選課人數未達開課人數，請洽開課單位。」,Civil Law: General Principiples of Contracts and Torts (II),無,,
66,80015,日外校大學,民法物權(二),,自由選修,,否,2,校際教師,,,50,0,1,限本班,國立中興大學「本課程網路選課人數未達開課人數，請洽開課單位。」,Civil Law: Property Right (II),無,,
67,80014,日外校大學,刑法實例研習,,自由選修,,否,2,校際教師,,,50,0,1,限本班,國立中興大學「本課程網路選課人數未達開課人數，請洽開課單位。」,Case Study of Criminal Law,無,,
68,80013,日外校大學,票據法,,自由選修,,否,2,校際教師,,,50,0,1,限本班,國立中興大學「本課程網路選課人數未達開課人數，請洽開課單位。」,Law of Negotiable Instruments,無,,
69,80012,日外校大學,民法親屬與繼承(二),,自由選修,,否,2,校際教師,,,50,0,1,限本班,國立中興大學「本課程網路選課人數未達開課人數，請洽開課單位。」,Civil Law: Family & Succession Law (II),無,,
70,80011,日外校大學,刑事訴訟法(二),,自由選修,,否,3,校際教師,,,50,0,1,限本班,國立中興大學「本課程網路選課人數未達開課人數，請洽開課單位。」,Criminal Procedure Law (II),無,,
71,80010,日外校大學,民法債編各論(二),,自由選修,,否,2,校際教師,,,50,0,1,限本班,國立中興大學「本課程網路選課人數未達開課人數，請洽開課單位。」,Civil Laws: Contracts (II),無,,
72,80009,日外校大學,民事訴訟法(二),,自由選修,,否,3,校際教師,,,50,0,1,限本班,國立中興大學「本課程網路選課人數未達開課人數，請洽開課單位。」,Civil Procedure Law (II),無,,
73,80008,日外校大學,國音及說話,,自由選修,,否,2,校際教師,,,50,0,1,限本班,國立臺中教育大學「本課程網路選課人數未達開課人數，請洽開課單位。」,Chinese Phonetics and Speech,無,,
74,80007,日外校大學,漢魏六朝文論專題,,自由選修,,否,2,校際教師,,,50,0,1,限本班,東海大學「本課程網路選課人數未達開課人數，請洽開課單位。」,Topics in Literary Theory of Han-Wei and Six Dynasties Periods,無,,
75,80006,日外校碩士班,哲學概論(二),,自由選修,,否,2,校際教師,,,20,0,1,限本班,國立中正大學「本課程網路選課人數未達開課人數，請洽開課單位。」,Introduction to Philosophy,無,,
76,80005,日外校大學,華語語音學及正音,,自由選修,,否,2,校際教師,,,50,0,1,限本班,國立台中教育大學「本課程網路選課人數未達開課人數，請洽開課單位。」,Chinese Phonetics and Pronunciation,無,,
77,80004,日外校大學,中國文學史,,自由選修,,否,3,校際教師,,,50,0,2,限本班,東海大學「本課程網路選課人數未達開課人數，請洽開課單位。」,History of Chinese Literature,無,,
78,80003,夜外校大學,跆拳道,,自由選修,,否,1,校際教師,,,30,0,1,限本班,至臺灣體育運動大學上課,Taexwondo,無,,
79,80002,日外校大學,華語語音學及正音,,自由選修,,否,2,校際教師,,,1,0,1,限本班,國立台中教育大學「本課程網路選課人數未達開課人數，請洽開課單位。」,Chinese Phonetics and Pronunciation,無,,
80,80001,日外校碩士班,教學實習(科技領域-資訊科技),,自由選修,,否,2,校際教師,,,20,0,1,限本班,國立陽明「本課程網路選課人數未達開課人數，請洽開課單位。」,Teaching Practice (Information Technology),無,,
81,78064,公育一,人工智慧及其應用,,校必(通識),,否,2,劉青峰,教學大樓,(三) 03-04 T101,50,0,41,限本班,大二~大四生如要修習，以線上加簽方式,Artificial Intelligence and Its Application,中文,https://webap0.ncue.edu.tw/DEANV2/UploadDEAN/SUBJECT/1142/78064_0CCGE0181420.pdf,https://webapss.ncue.edu.tw/Teacher/Reports/OB020.aspx?yms_year=114&yms_sms=2&emp_id=0001192
82,78063,公共事務夜碩一,國際關係專題研究,,系選修,,否,2,李其澤,白沙大樓,(二) 10-13 公研C,30,0,17,限本系,雙週二上課；第一次上課日期3/3,Seminar on international relations,中文,https://webap0.ncue.edu.tw/DEANV2/UploadDEAN/SUBJECT/1142/78063_1SPPCE163020.pdf,https://webapss.ncue.edu.tw/Teacher/Reports/OB020.aspx?yms_year=114&yms_sms=2&emp_id=0000961
83,78062,公共事務夜碩二,論文,,系必修,,否,0,論文,,,30,0,16,限本系,,Thesis,中文,https://webap0.ncue.edu.tw/DEANV2/UploadDEAN/SUBJECT/1142/78062_1SPPCE146400.pdf,
84,78061,公共事務夜碩二,論文指導,,系必修,,否,4,論文,,,30,0,8,限本系,,Thesis Supervision,中文,https://webap0.ncue.edu.tw/DEANV2/UploadDEAN/SUBJECT/1142/78061_1SPPCE146340.pdf,
85,78060,公共事務夜碩一,人權專題研究,,系選修,,否,2,洪翠娥,白沙大樓,(五) 10-13 公研C,30,0,14,限本系,雙週五上課；第一次上課日期3/6,Seminar on Human Rights Issues,中文,https://webap0.ncue.edu.tw/DEANV2/UploadDEAN/SUBJECT/1142/78060_1SPPCE144320.pdf,https://webapss.ncue.edu.tw/Teacher/Reports/OB020.aspx?yms_year=114&yms_sms=2&emp_id=0000623
86,78059,公共事務夜碩一,憲法專題研究,,系選修,,否,2,魏培軒,白沙大樓,(四) 10-13 公研C,30,0,10,限本系,雙週四上課；第一次上課日期3/5,Seminar on Constitutional Law,中文,https://webap0.ncue.edu.tw/DEANV2/UploadDEAN/SUBJECT/1142/78059_1SPPCE158920.pdf,https://webapss.ncue.edu.tw/Teacher/Reports/OB020.aspx?yms_year=114&yms_sms=2&emp_id=0001117
87,78058,公共事務夜碩一,刑事政策專題研究,,系選修,,否,2,劉青峰,白沙大樓,(三) 10-13 公研C,30,0,10,限本系,雙週三上課；第一次上課日期3/4,Seminar on Criminal Policy,中文,https://webap0.ncue.edu.tw/DEANV2/UploadDEAN/SUBJECT/1142/78058_1SPPCE162920.pdf,https://webapss.ncue.edu.tw/Teacher/Reports/OB020.aspx?yms_year=114&yms_sms=2&emp_id=0001192
88,78057,公共事務夜碩一,當前公共治理專題研究,,系必修,,否,2,黃建銘,白沙大樓,(四) 10-13 公研C,30,0,12,限本系,單週四上課；第一次上課日期2/26,Seminar on Current Public Governance,中文,https://webap0.ncue.edu.tw/DEANV2/UploadDEAN/SUBJECT/1142/78057_1SPPCE148120.pdf,https://webapss.ncue.edu.tw/Teacher/Reports/OB020.aspx?yms_year=114&yms_sms=2&emp_id=0000906
89,78056,公共事務夜碩一,臺灣政治經濟發展專題研究,,系選修,,否,2,劉兆隆,白沙大樓,(三) 10-13 公研C,30,0,23,限本系,單週三上課；第一次上課日期2/25,Seminar on Taiwanese Political Economy,中文,https://webap0.ncue.edu.tw/DEANV2/UploadDEAN/SUBJECT/1142/78056_1SPPCE149320.pdf,https://webapss.ncue.edu.tw/Teacher/Reports/OB020.aspx?yms_year=114&yms_sms=2&emp_id=0000819
90,78055,公共事務夜碩一,社區營造專題研究,,系選修,,否,2,鄭依萍,白沙大樓,(二) 10-13 公研C,30,0,14,限本系,單週二上課；第一次上課日期2/24,Seminar on the Community Building in Taiwan,中文,https://webap0.ncue.edu.tw/DEANV2/UploadDEAN/SUBJECT/1142/78055_1SPPCE145220.pdf,https://webapss.ncue.edu.tw/Teacher/Reports/OB020.aspx?yms_year=114&yms_sms=2&emp_id=0001087
91,78054,公共事務夜碩一,消費者保護法專題研究,,系選修,,否,2,林玫君,白沙大樓,(一) 10-13 公研C,30,0,15,限本系,單週一上課；第一次上課日期2/23,Seminar on Consumer Protection Law,中文,https://webap0.ncue.edu.tw/DEANV2/UploadDEAN/SUBJECT/1142/78054_1SPPCE160720.pdf,https://webapss.ncue.edu.tw/Teacher/Reports/OB020.aspx?yms_year=114&yms_sms=2&emp_id=0000973
92,78053,公育碩二,論文,,系必修,,否,0,論文,,,20,5,22,限本系,,Thesis,無,,
93,78052,公育碩二,論文指導(二),,系必修,,否,3,論文,,,20,7,13,限本班,,Thesis Supervision II,無,,
94,78051,公育碩一,人權專題研究,,系選修,,否,3,洪翠娥,白沙大樓,(五) 05-07 公研A,20,12,17,限本系,,Seminar on Human Rights Issues,中文,https://webap0.ncue.edu.tw/DEANV2/UploadDEAN/SUBJECT/1142/78051_1SPPC2004930.pdf,https://webapss.ncue.edu.tw/Teacher/Reports/OB020.aspx?yms_year=114&yms_sms=2&emp_id=0000623
95,78050,公育碩一,社會科學質化研究方法,,系必修,,否,3,鄭依萍,白沙大樓,(四) 07-09 公研A,20,11,14,限本班,,Qualitative Research  Methods for the Social Sciences,中文,https://webap0.ncue.edu.tw/DEANV2/UploadDEAN/SUBJECT/1142/78050_1SPPC2009230.pdf,https://webapss.ncue.edu.tw/Teacher/Reports/OB020.aspx?yms_year=114&yms_sms=2&emp_id=0001087
96,78049,公育碩一,比較政治理論專題研究,,系選修,,否,3,劉兆隆,白沙大樓,(四) 02-04 公研A,20,9,9,限本系,,comparative politics studies,中文,https://webap0.ncue.edu.tw/DEANV2/UploadDEAN/SUBJECT/1142/78049_1SPPC2150830.pdf,https://webapss.ncue.edu.tw/Teacher/Reports/OB020.aspx?yms_year=114&yms_sms=2&emp_id=0000819
97,78048,公育碩一,全球治理專題研究,,系選修,,否,3,李其澤,白沙大樓,(三) 07-09 公研A,20,12,12,限本系,,Seminar on Global Governance,中文,https://webap0.ncue.edu.tw/DEANV2/UploadDEAN/SUBJECT/1142/78048_1SPPC2004630.pdf,https://webapss.ncue.edu.tw/Teacher/Reports/OB020.aspx?yms_year=114&yms_sms=2&emp_id=0000961
98,78047,公育碩一,災害管理專題研究,,系選修,,否,3,吳介英,白沙大樓,(二) 05-07 公研A,20,7,12,限本系,,Seminar on Disaster Mitigation Planning and management,中文,https://webap0.ncue.edu.tw/DEANV2/UploadDEAN/SUBJECT/1142/78047_1SPPC2156130.pdf,https://webapss.ncue.edu.tw/Teacher/Reports/OB020.aspx?yms_year=114&yms_sms=2&emp_id=9900825
99,78046,公育碩一,租稅法專題研究,,系選修,,否,3,張嘉仁,白沙大樓,(一) 06-08 公研A,20,6,8,限本系,,Seminar on Tax Law,中文,https://webap0.ncue.edu.tw/DEANV2/UploadDEAN/SUBJECT/1142/78046_1SPPC2155530.pdf,https://webapss.ncue.edu.tw/Teacher/Reports/OB020.aspx?yms_year=114&yms_sms=2&emp_id=0001067
100,78045,公育四,刑事訴訟法(二),,系選修,,否,2,劉青峰,教學大樓,(四) 05-06 T304,50,14,16,限本班,,Criminal Procedure Law II,中文,https://webap0.ncue.edu.tw/DEANV2/UploadDEAN/SUBJECT/1142/78045_1SPPC0135020.pdf,https://webapss.ncue.edu.tw/Teacher/Reports/OB020.aspx?yms_year=114&yms_sms=2&emp_id=0001192
101,78044,公育四,公法實例研習,,組必修,,否,2,魏培軒,教學大樓,(三) 07-08 T102,50,19,21,限本班,,Case Study on Public Law,中文,https://webap0.ncue.edu.tw/DEANV2/UploadDEAN/SUBJECT/1142/78044_1SPPC0160120.pdf,https://webapss.ncue.edu.tw/Teacher/Reports/OB020.aspx?yms_year=114&yms_sms=2&emp_id=0001117
102,78043,公育四,社區組織與發展,,組選修,,否,2,鄭依萍,教學大樓,(二) 07-08 T101,50,11,33,限本系,,Community Organizing and Development,中文,https://webap0.ncue.edu.tw/DEANV2/UploadDEAN/SUBJECT/1142/78043_1SPPC0131320.pdf,https://webapss.ncue.edu.tw/Teacher/Reports/OB020.aspx?yms_year=114&yms_sms=2&emp_id=0001087
103,78042,公育四,法學德文(一),,系選修,,否,2,劉青峰,教學大樓,(一) 07-08 T303,50,12,22,限本系,,Legal German (I),中文,https://webap0.ncue.edu.tw/DEANV2/UploadDEAN/SUBJECT/1142/78042_1SPPC0151820.pdf,https://webapss.ncue.edu.tw/Teacher/Reports/OB020.aspx?yms_year=114&yms_sms=2&emp_id=0001192
104,78039,公育三,公民科教學實習,,組選修,,否,2,鄭依萍,教學大樓,(五) 05-06 T204,50,14,26,限本班,,Teaching Practice of Civic Courses,中文,https://webap0.ncue.edu.tw/DEANV2/UploadDEAN/SUBJECT/1142/78039_1SPPC0141320.pdf,https://webapss.ncue.edu.tw/Teacher/Reports/OB020.aspx?yms_year=114&yms_sms=2&emp_id=0001087
105,78038,公育三,刑法(二),,組必修,,否,2,劉青峰,教學大樓,(四) 07-08 T304,50,30,42,限本班,,Criminal Law(II),中文,https://webap0.ncue.edu.tw/DEANV2/UploadDEAN/SUBJECT/1142/78038_1SPPC0134220.pdf,https://webapss.ncue.edu.tw/Teacher/Reports/OB020.aspx?yms_year=114&yms_sms=2&emp_id=0001192
106,78037,公育三,行政法(二),,組必修,,否,2,魏培軒,教學大樓,(四) 05-06 T205,50,25,34,限本班,,Administrative Law(2),中文,https://webap0.ncue.edu.tw/DEANV2/UploadDEAN/SUBJECT/1142/78037_1SPPC0141120.pdf,https://webapss.ncue.edu.tw/Teacher/Reports/OB020.aspx?yms_year=114&yms_sms=2&emp_id=0001117
107,78036,公育三,統計學,,組選修,,否,2,張嘉仁,教學大樓,(三) 05-06 T204,50,13,28,限本班,,Statistics,中文,https://webap0.ncue.edu.tw/DEANV2/UploadDEAN/SUBJECT/1142/78036_1SPPC0132320.pdf,https://webapss.ncue.edu.tw/Teacher/Reports/OB020.aspx?yms_year=114&yms_sms=2&emp_id=0001067
108,78035,公育三,地方治理,,組必修,,否,2,劉兆隆,教學大樓,(三) 07-08 T304,50,18,22,限本班,,Local governance,中英,https://webap0.ncue.edu.tw/DEANV2/UploadDEAN/SUBJECT/1142/78035_1SPPC0132920.pdf,https://webapss.ncue.edu.tw/Teacher/Reports/OB020.aspx?yms_year=114&yms_sms=2&emp_id=0000819
109,78034,公育三,總體經濟學,,組必修,,否,2,張嘉仁,教學大樓,(三) 03-04 T204,50,17,27,限本班,,Macroeconomics,中文,https://webap0.ncue.edu.tw/DEANV2/UploadDEAN/SUBJECT/1142/78034_1SPPC0132720.pdf,https://webapss.ncue.edu.tw/Teacher/Reports/OB020.aspx?yms_year=114&yms_sms=2&emp_id=0001067
110,78033,公育三,財政學,,組必修,,否,2,張嘉仁,教學大樓,(四) 03-04 T304,50,15,25,限本班,,Public Finance,中文,https://webap0.ncue.edu.tw/DEANV2/UploadDEAN/SUBJECT/1142/78033_1SPPC0132820.pdf,https://webapss.ncue.edu.tw/Teacher/Reports/OB020.aspx?yms_year=114&yms_sms=2&emp_id=0001067
111,78032,公育三,中國大陸研究,,組必修,,否,2,劉兆隆,教學大樓,(二) 05-06 T204,50,22,33,限本班,,The Studies of Mainland China,中英,https://webap0.ncue.edu.tw/DEANV2/UploadDEAN/SUBJECT/1142/78032_1SPPC0134520.pdf,https://webapss.ncue.edu.tw/Teacher/Reports/OB020.aspx?yms_year=114&yms_sms=2&emp_id=0000819
112,78031,公育三,公共管理,,組必修,,否,2,李長晏,教學大樓,(二) 03-04 T204,50,17,21,限本班,,Public Management,中文,https://webap0.ncue.edu.tw/DEANV2/UploadDEAN/SUBJECT/1142/78031_1SPPC0132220.pdf,https://webapss.ncue.edu.tw/Teacher/Reports/OB020.aspx?yms_year=114&yms_sms=2&emp_id=9900598
113,78030,公育三,文化人類學,,組必修,,否,2,鄭依萍,教學大樓,(一) 07-08 T101,50,22,35,限本班,,Cultural Anthropology,中文,https://webap0.ncue.edu.tw/DEANV2/UploadDEAN/SUBJECT/1142/78030_1SPPC0133520.pdf,https://webapss.ncue.edu.tw/Teacher/Reports/OB020.aspx?yms_year=114&yms_sms=2&emp_id=0001087
114,78029,公育三,智慧財產權法,,組選修,,否,2,許舜喨,教學大樓,(五) 01-02 T304,50,10,11,限本系,,Laws of Intellectual Property Rights,中英,https://webap0.ncue.edu.tw/DEANV2/UploadDEAN/SUBJECT/1142/78029_1SPPC0133620.pdf,https://webapss.ncue.edu.tw/Teacher/Reports/OB020.aspx?yms_year=114&yms_sms=2&emp_id=9900940
115,78028,公育二,活動規劃原理,,系選修,,否,2,劉恬妏,教學大樓,(六) 05-06 T101,50,7,11,可跨班系,,Principle of Programming,中文,https://webap0.ncue.edu.tw/DEANV2/UploadDEAN/SUBJECT/1142/78028_1SPPC0138120.pdf,https://webapss.ncue.edu.tw/Teacher/Reports/OB020.aspx?yms_year=114&yms_sms=2&emp_id=9901054
116,78027,公育二,戶外體驗教育,,系選修,,否,2,劉恬妏,教學大樓,(六) 01-02 T101,50,7,11,可跨班系,,Outdoor experiential education,中文,https://webap0.ncue.edu.tw/DEANV2/UploadDEAN/SUBJECT/1142/78027_1SPPC0157920.pdf,https://webapss.ncue.edu.tw/Teacher/Reports/OB020.aspx?yms_year=114&yms_sms=2&emp_id=9901054
117,78026,公育二,倫理學,,組必修,,否,2,洪翠娥,教學大樓,(五) 03-04 T204,50,33,54,限本班,,Introduction to Ethics,中文,https://webap0.ncue.edu.tw/DEANV2/UploadDEAN/SUBJECT/1142/78026_1SPPC0131920.pdf,https://webapss.ncue.edu.tw/Teacher/Reports/OB020.aspx?yms_year=114&yms_sms=2&emp_id=0000623
118,78025,公育二,法院組織法,,組選修,,否,2,劉青峰,教學大樓,(三) 07-08 T104,70,26,55,限本班,,Court Organization Act,中文,https://webap0.ncue.edu.tw/DEANV2/UploadDEAN/SUBJECT/1142/78025_1SPPC0134320.pdf,https://webapss.ncue.edu.tw/Teacher/Reports/OB020.aspx?yms_year=114&yms_sms=2&emp_id=0001192
119,78024,公育二,比較公民教育,,組必修,,否,2,鄭依萍,教學大樓,(四) 05-06 T104,50,23,36,限本班,,Comparative Citizenship Education,中英,https://webap0.ncue.edu.tw/DEANV2/UploadDEAN/SUBJECT/1142/78024_1SPPC0131820.pdf,https://webapss.ncue.edu.tw/Teacher/Reports/OB020.aspx?yms_year=114&yms_sms=2&emp_id=0001087
120,78023,公育二,公民社會,,組必修,,否,2,劉雅倫,教學大樓,(四) 01-02 T304,50,22,30,限本班,,Civil Society,中文,https://webap0.ncue.edu.tw/DEANV2/UploadDEAN/SUBJECT/1142/78023_1SPPC0131720.pdf,https://webapss.ncue.edu.tw/Teacher/Reports/OB020.aspx?yms_year=114&yms_sms=2&emp_id=9901219
121,78022,公育二,比較政府與政治,,系必修,,否,2,劉兆隆,教學大樓,(三) 05-06 T304,50,46,61,限本班,,Comparative Government and Politics,中文,https://webap0.ncue.edu.tw/DEANV2/UploadDEAN/SUBJECT/1142/78022_1SPPC0131020.pdf,https://webapss.ncue.edu.tw/Teacher/Reports/OB020.aspx?yms_year=114&yms_sms=2&emp_id=0000819
122,78021,公育二,公共政策(二),,組必修,,否,2,黃建銘,教學大樓,(三) 03-04 T304,50,25,26,限本班,,Public Policy (II),中文,https://webap0.ncue.edu.tw/DEANV2/UploadDEAN/SUBJECT/1142/78021_1SPPC0131520.pdf,https://webapss.ncue.edu.tw/Teacher/Reports/OB020.aspx?yms_year=114&yms_sms=2&emp_id=0000906
123,78020,公育二,臺灣文化導論,,組必修,,否,2,李宗信,教學大樓,(三) 01-02 T304,50,23,25,限本班,,An Introduction to Taiwanese Culture,中文,https://webap0.ncue.edu.tw/DEANV2/UploadDEAN/SUBJECT/1142/78020_1SPPC0146520.pdf,https://webapss.ncue.edu.tw/Teacher/Reports/OB020.aspx?yms_year=114&yms_sms=2&emp_id=0001007
124,78019,公育二,民法(二),,組必修,,否,2,林玫君,教學大樓,(二) 07-08 T304,50,37,45,限本班,,Civil Law(II),中文,https://webap0.ncue.edu.tw/DEANV2/UploadDEAN/SUBJECT/1142/78019_1SPPC0133920.pdf,https://webapss.ncue.edu.tw/Teacher/Reports/OB020.aspx?yms_year=114&yms_sms=2&emp_id=0000973
125,78018,公育二,心理學,,組必修,,否,2,王智弘,教學大樓,(二) 05-06 T304,50,21,27,限本班,,Introductory Psychology,中文,https://webap0.ncue.edu.tw/DEANV2/UploadDEAN/SUBJECT/1142/78018_1SPPC0131220.pdf,https://webapss.ncue.edu.tw/Teacher/Reports/OB020.aspx?yms_year=114&yms_sms=2&emp_id=0000814
126,78017,公育二,社會科學專題研究,,系必修,,否,2,李長晏,教學大樓,(二) 01-02 T204,50,46,49,限本班,,seminar: social science research project,中文,https://webap0.ncue.edu.tw/DEANV2/UploadDEAN/SUBJECT/1142/78017_1SPPC0159720.pdf,https://webapss.ncue.edu.tw/Teacher/Reports/OB020.aspx?yms_year=114&yms_sms=2&emp_id=9900598
127,78016,公育二,社會領域探究與實作專題,,系選修,,否,2,李佳浤,教學大樓,(一) 07-08 T304,50,27,30,限本系,,Special Topics in the Inquiry and Practice of Social Studies,中文,https://webap0.ncue.edu.tw/DEANV2/UploadDEAN/SUBJECT/1142/78016_1SPPC0157520.pdf,https://webapss.ncue.edu.tw/Teacher/Reports/OB020.aspx?yms_year=114&yms_sms=2&emp_id=9901225
128,78015,公育二,現行考銓制度,,組必修,,否,2,黃建銘,教學大樓,(一) 05-06 T304,50,24,34,限本班,,Current Personnel Administration System,中文,https://webap0.ncue.edu.tw/DEANV2/UploadDEAN/SUBJECT/1142/78015_1SPPC0135120.pdf,https://webapss.ncue.edu.tw/Teacher/Reports/OB020.aspx?yms_year=114&yms_sms=2&emp_id=0000906
129,78014,公育二,外交政策分析,,組必修,,否,2,李其澤,教學大樓,(二) 05-06 T206,50,23,29,限本班,,Foreign Policy Analysis,中英,https://webap0.ncue.edu.tw/DEANV2/UploadDEAN/SUBJECT/1142/78014_1SPPC0131620.pdf,https://webapss.ncue.edu.tw/Teacher/Reports/OB020.aspx?yms_year=114&yms_sms=2&emp_id=0000961
130,78013,公育一,中華民國憲法(二),,系必修,,否,2,魏培軒,教學大樓,(四) 07-08 T204,50,38,53,限本班,,The Constitution of R.O.C-Session II,中文,https://webap0.ncue.edu.tw/DEANV2/UploadDEAN/SUBJECT/1142/78013_1SPPC0000720.pdf,https://webapss.ncue.edu.tw/Teacher/Reports/OB020.aspx?yms_year=114&yms_sms=2&emp_id=0001117
131,78012,公育一,經濟學(二),,系必修,,否,2,張嘉仁,教學大樓,(四) 05-06 T204,50,37,46,限本班,,Economics II,中文,https://webap0.ncue.edu.tw/DEANV2/UploadDEAN/SUBJECT/1142/78012_1SPPC0000320.pdf,https://webapss.ncue.edu.tw/Teacher/Reports/OB020.aspx?yms_year=114&yms_sms=2&emp_id=0001067
132,78011,公育一,人權教育,,組必修,,否,2,洪翠娥,教學大樓,(四) 03-04 T204,50,23,31,限本班,,Human Rights Education,中文,https://webap0.ncue.edu.tw/DEANV2/UploadDEAN/SUBJECT/1142/78011_1SPPC0133220.pdf,https://webapss.ncue.edu.tw/Teacher/Reports/OB020.aspx?yms_year=114&yms_sms=2&emp_id=0000623
133,78010,公育一,學生事務規劃與實施,,系選修,,否,2,陳美娟,教學大樓,(四) 10-11 T204,50,9,11,可跨班系,,Planning and Implementation of Student Affairs Program,中文,https://webap0.ncue.edu.tw/DEANV2/UploadDEAN/SUBJECT/1142/78010_1SPPC0158120.pdf,https://webapss.ncue.edu.tw/Teacher/Reports/OB020.aspx?yms_year=114&yms_sms=2&emp_id=9901073
134,78009,公育一,世界地理,,系選修,,否,2,郭基賢,教學大樓,(一) 02-03 T001,50,21,29,可跨班系,,Geography of the World(World Geography),中文,https://webap0.ncue.edu.tw/DEANV2/UploadDEAN/SUBJECT/1142/78009_1SPPC0142220.pdf,https://webapss.ncue.edu.tw/Teacher/Reports/OB020.aspx?yms_year=114&yms_sms=2&emp_id=9900852
135,78008,公育一,地圖學,,系選修,,否,2,郭基賢,圖書館,(三) 05-06 電二教室,50,5,11,可跨班系,,Cartography,中文,https://webap0.ncue.edu.tw/DEANV2/UploadDEAN/SUBJECT/1142/78008_1SPPC0142320.pdf,https://webapss.ncue.edu.tw/Teacher/Reports/OB020.aspx?yms_year=114&yms_sms=2&emp_id=9900852
136,78007,公育一,世界史,,系選修,,否,2,李進億,教學大樓,(三) 01-02 T204,50,28,51,可跨班系,,The History of World,中文,https://webap0.ncue.edu.tw/DEANV2/UploadDEAN/SUBJECT/1142/78007_1SPPC0142120.pdf,https://webapss.ncue.edu.tw/Teacher/Reports/OB020.aspx?yms_year=114&yms_sms=2&emp_id=0001092
137,78006,公育一,政治學(二),,系必修,,否,2,劉兆隆,教學大樓,(二) 07-08 T204,50,38,45,限本班,,Politics II,中英,https://webap0.ncue.edu.tw/DEANV2/UploadDEAN/SUBJECT/1142/78006_1SPPC0000920.pdf,https://webapss.ncue.edu.tw/Teacher/Reports/OB020.aspx?yms_year=114&yms_sms=2&emp_id=0000819
138,78005,公育一,法學緒論,,系必修,,否,2,林玫君,教學大樓,(二) 05-06 T102,50,38,64,限本班,,Introduction to Legal Science,中文,https://webap0.ncue.edu.tw/DEANV2/UploadDEAN/SUBJECT/1142/78005_1SPPC0000420.pdf,https://webapss.ncue.edu.tw/Teacher/Reports/OB020.aspx?yms_year=114&yms_sms=2&emp_id=0000973
139,78004,公育一,國際關係,,系必修,,否,2,李其澤,教學大樓,(一) 07-08 T204,50,38,50,限本班,,International Relation,中文,https://webap0.ncue.edu.tw/DEANV2/UploadDEAN/SUBJECT/1142/78004_1SPPC0000120.pdf,https://webapss.ncue.edu.tw/Teacher/Reports/OB020.aspx?yms_year=114&yms_sms=2&emp_id=0000961
140,78003,公育一,社會學(二),,系必修,,否,2,鄭依萍,教學大樓,(一) 05-06 T204,50,38,49,限本班,,Sociology(II),中文,https://webap0.ncue.edu.tw/DEANV2/UploadDEAN/SUBJECT/1142/78003_1SPPC0001520.pdf,https://webapss.ncue.edu.tw/Teacher/Reports/OB020.aspx?yms_year=114&yms_sms=2&emp_id=0001087
141,78002,公育一,行政學(二),,組必修,,否,2,黃建銘,教學大樓,(一) 03-04 T305,50,23,27,限本班,,Public Administration II,中文,https://webap0.ncue.edu.tw/DEANV2/UploadDEAN/SUBJECT/1142/78002_1SPPC0001120.pdf,https://webapss.ncue.edu.tw/Teacher/Reports/OB020.aspx?yms_year=114&yms_sms=2&emp_id=0000906
142,77008,運健碩二,論文,,系必修,,否,0,論文,,,20,2,11,限本系,此門課選課原則：1.要學位口試畢業的那一學期，一定要選。2.研究所的專業課程都修完了，一定要選。,Thesis,無,,
143,77007,運健碩二,論文指導(二),,系必修,,否,3,論文,,,20,3,5,限本系,,Thesis Supervision II,無,,
144,77006,運健碩二,運動健康專題討論,,系必修,,否,1,江勁彥劉羿德楊亮梅張家昌曾文培,進德體育館,(五) 09 體育教室四,20,2,4,限本系,,Seminar on Sports and Health,中文,https://webap0.ncue.edu.tw/DEANV2/UploadDEAN/SUBJECT/1142/77006_1SPSH2113310.pdf,https://webapss.ncue.edu.tw/Teacher/Reports/OB020.aspx?yms_year=114&yms_sms=2&emp_id=0000690
145,77005,運健碩一,運動健康專題討論,,系必修,,否,1,江勁彥劉羿德楊亮梅張家昌曾文培,進德體育館,(五) 08 體育教室四,20,9,10,限本系,,Seminar on Sports and Health,中文,https://webap0.ncue.edu.tw/DEANV2/UploadDEAN/SUBJECT/1142/77005_1SPSH2113310.pdf,https://webapss.ncue.edu.tw/Teacher/Reports/OB020.aspx?yms_year=114&yms_sms=2&emp_id=0000690
146,77004,運健碩一,運動復健專題研究,,系選修,,否,3,陳怡汶,進德體育館,(五) 02-04 體育教室四,20,12,13,限本系,,Special Topics on Exercise Rehabilitation,中文,https://webap0.ncue.edu.tw/DEANV2/UploadDEAN/SUBJECT/1142/77004_1SPSH2104330.pdf,https://webapss.ncue.edu.tw/Teacher/Reports/OB020.aspx?yms_year=114&yms_sms=2&emp_id=0001128
147,77003,運健碩一,身體活動與認知神經科學專題研究,,系選修,,否,3,蔡佩舒,進德體育館,(四) 02-04 體育教室四,20,8,9,限本系,,Special Topics on Physical Activity and Cognitive Neuroscience,中文,https://webap0.ncue.edu.tw/DEANV2/UploadDEAN/SUBJECT/1142/77003_1SPSH2114830.pdf,https://webapss.ncue.edu.tw/Teacher/Reports/OB020.aspx?yms_year=114&yms_sms=2&emp_id=0001048
148,77001,運健碩一,運動與營養研究,,系選修,,否,3,曾文培,進德體育館,(二) 05-07 體育教室二,20,5,8,限本系,,Studies exercise and nutrition,中文,https://webap0.ncue.edu.tw/DEANV2/UploadDEAN/SUBJECT/1142/77001_1SPSH2113830.pdf,https://webapss.ncue.edu.tw/Teacher/Reports/OB020.aspx?yms_year=114&yms_sms=2&emp_id=0000802
149,71074,運動與健康休閒夜碩一,運動組織領導專題研究,,系必選,,否,3,楊忠和,進德體育館,(四) 11-13 體育教室二,30,0,14,限本班,,Leadership of sports organizations,中文,https://webap0.ncue.edu.tw/DEANV2/UploadDEAN/SUBJECT/1142/71074_1SPPEE134630.pdf,https://webapss.ncue.edu.tw/Teacher/Reports/OB020.aspx?yms_year=114&yms_sms=2&emp_id=9901003
150,71073,運動與健康休閒夜碩二,運動復健專題研究,,系選修,,否,3,陳怡汶,進德體育館,(二) 11-13 體育教室一,30,0,14,限本班,,Special Topics on Exercise Rehabilitation,中文,https://webap0.ncue.edu.tw/DEANV2/UploadDEAN/SUBJECT/1142/71073_1SPPEE140630.pdf,https://webapss.ncue.edu.tw/Teacher/Reports/OB020.aspx?yms_year=114&yms_sms=2&emp_id=0001128
151,71072,運動與健康休閒夜碩二,論文指導,,系必修,,否,4,論文,,,30,0,14,限本班,,Thesis Supervision,中文,https://webap0.ncue.edu.tw/DEANV2/UploadDEAN/SUBJECT/1142/71072_1SPPEE137640.pdf,
152,71071,運動與健康休閒夜碩二,論文,,系必修,,否,0,論文,,,30,0,26,限本系,研究生修課第4學期起才需要選修「論文」。1年級不用選、2年級上學期，也不用選。,Thesis,中文,https://webap0.ncue.edu.tw/DEANV2/UploadDEAN/SUBJECT/1142/71071_1SPPEE136200.pdf,
153,71070,運動與健康休閒夜碩二,運動與健康休閒專題討論(二),,系必修,,否,1,江勁彥,進德體育館,(三) 11 體育教室一,30,0,14,限本班,,"Seminar on the study of sports,health and leisureⅡ",中文,https://webap0.ncue.edu.tw/DEANV2/UploadDEAN/SUBJECT/1142/71070_1SPPEE136110.pdf,https://webapss.ncue.edu.tw/Teacher/Reports/OB020.aspx?yms_year=114&yms_sms=2&emp_id=0000690
154,71069,運動與健康休閒夜碩一,運動與健康休閒研究法,,系必修,,否,3,陳珍德,進德體育館,(二) 11-13 體育教室二,30,0,14,限本班,,"Research method in sport, health and leisure",中文,https://webap0.ncue.edu.tw/DEANV2/UploadDEAN/SUBJECT/1142/71069_1SPPEE135730.pdf,https://webapss.ncue.edu.tw/Teacher/Reports/OB020.aspx?yms_year=114&yms_sms=2&emp_id=0001026
155,71068,運動與健康休閒夜碩一,運動處方研究,,系必選,,否,3,蔡忠昌,進德體育館,(三) 11-13 體育教室二,30,0,13,限本班,,Research in Exercise Prescription,中文,https://webap0.ncue.edu.tw/DEANV2/UploadDEAN/SUBJECT/1142/71068_1SPPEE142730.pdf,https://webapss.ncue.edu.tw/Teacher/Reports/OB020.aspx?yms_year=114&yms_sms=2&emp_id=0000688
156,71067,運四,運動防護實習(二),,組必修,,否,1,陳怡汶黃健倫劉元凱蘇泰源江勁彥劉羿德,進德體育館,(五) 10-11 體育教室四,80,26,30,限本系,,Practice in Athletic Training II,中文,https://webap0.ncue.edu.tw/DEANV2/UploadDEAN/SUBJECT/1142/71067_1SPPE0141110.pdf,https://webapss.ncue.edu.tw/Teacher/Reports/OB020.aspx?yms_year=114&yms_sms=2&emp_id=0001128
157,71066,運四,運動行銷,,組必修,,否,3,楊亮梅,進德體育館,(四) 06-08 體育教室四,80,17,19,限本系,,Sport Marketing,中文,https://webap0.ncue.edu.tw/DEANV2/UploadDEAN/SUBJECT/1142/71066_1SPPE0117630.pdf,https://webapss.ncue.edu.tw/Teacher/Reports/OB020.aspx?yms_year=114&yms_sms=2&emp_id=0000476
158,71065,運四,運動專長訓練,,系必修,,否,1,劉元凱黃健倫,進德體育館,(三) 05-06 體育教室三,80,46,50,限本系,,Specific Sports Training,中文,https://webap0.ncue.edu.tw/DEANV2/UploadDEAN/SUBJECT/1142/71065_1SPPE0006610.pdf,https://webapss.ncue.edu.tw/Teacher/Reports/OB020.aspx?yms_year=114&yms_sms=2&emp_id=0001133
159,71063,運四,運動心理技能訓練,,組必修,,否,3,陳珍德,進德體育館,(二) 05-07 體育教室四,80,23,25,限本系,,Psychological Skills Training for Sports,中文,https://webap0.ncue.edu.tw/DEANV2/UploadDEAN/SUBJECT/1142/71063_1SPPE0138330.pdf,https://webapss.ncue.edu.tw/Teacher/Reports/OB020.aspx?yms_year=114&yms_sms=2&emp_id=0001026
160,71062,運四,體育科教學應用與實作,,組必修,,否,2,蘇泰源,進德體育館,(一) 05-06 體育教室四,80,30,39,限本系,修習教學應用與實作前必須先修畢教材教法及教學實習,Physical Education Teaching Application and Practice,中文,https://webap0.ncue.edu.tw/DEANV2/UploadDEAN/SUBJECT/1142/71062_1SPPE0140920.pdf,https://webapss.ncue.edu.tw/Teacher/Reports/OB020.aspx?yms_year=114&yms_sms=2&emp_id=0001068
161,71061,運四,體育課程設計,,組必修,,否,3,陳怡汶,進德體育館,(一) 02-04 體育教室四,80,24,28,限本系,,Physical Education Curriculum Design,中文,https://webap0.ncue.edu.tw/DEANV2/UploadDEAN/SUBJECT/1142/71061_1SPPE0123230.pdf,https://webapss.ncue.edu.tw/Teacher/Reports/OB020.aspx?yms_year=114&yms_sms=2&emp_id=0001128
162,71060,運三,排演(一),,組選修,,否,2,陳文彬,進德體育館,(五) 10-11 體育館視聽教室,80,4,9,限本系,,Rehearsal (I),中文,https://webap0.ncue.edu.tw/DEANV2/UploadDEAN/SUBJECT/1142/71060_1SPPE0144920.pdf,https://webapss.ncue.edu.tw/Teacher/Reports/OB020.aspx?yms_year=114&yms_sms=2&emp_id=0001216
163,71059,運三,劇場服裝與化妝,,組選修,,否,2,陳文彬,進德體育館,(五) 08-09 體育館視聽教室,80,7,12,限本系,,Costume and Stage Makeup,中文,https://webap0.ncue.edu.tw/DEANV2/UploadDEAN/SUBJECT/1142/71059_1SPPE0144720.pdf,https://webapss.ncue.edu.tw/Teacher/Reports/OB020.aspx?yms_year=114&yms_sms=2&emp_id=0001216
164,71058,運三,運動貼紮實務,,組選修,,否,3,陳俊綺,進德體育館,(五) 05-07 體育教室三,80,21,29,限本系,師資待聘,Athletic Taping,中文,https://webap0.ncue.edu.tw/DEANV2/UploadDEAN/SUBJECT/1142/71058_1SPPE0120630.pdf,https://webapss.ncue.edu.tw/Teacher/Reports/OB020.aspx?yms_year=114&yms_sms=2&emp_id=9901355
165,71057,運三,運動按摩學,,組選修,,否,2,陳俊綺,進德體育館,(五) 03-04 體育教室三,80,20,33,限本系,師資待聘,Sports Massage,中文,https://webap0.ncue.edu.tw/DEANV2/UploadDEAN/SUBJECT/1142/71057_1SPPE0141420.pdf,https://webapss.ncue.edu.tw/Teacher/Reports/OB020.aspx?yms_year=114&yms_sms=2&emp_id=9901355
166,71056,運三,足球(二),,組選修,,否,1,許志祥,進德體育館,(五) 01-02 田徑場,80,16,15,限本系,,Soccer II,中文,https://webap0.ncue.edu.tw/DEANV2/UploadDEAN/SUBJECT/1142/71056_1SPPE0012510.pdf,https://webapss.ncue.edu.tw/Teacher/Reports/OB020.aspx?yms_year=114&yms_sms=2&emp_id=9900556
167,71055,運三,運動營養學,,組選修,,否,2,蔡忠昌,進德體育館,(四) 07-08 體育教室三,80,17,21,限本系,,Sports Nutrition,中文,https://webap0.ncue.edu.tw/DEANV2/UploadDEAN/SUBJECT/1142/71055_1SPPE0141820.pdf,https://webapss.ncue.edu.tw/Teacher/Reports/OB020.aspx?yms_year=114&yms_sms=2&emp_id=0000688
168,71054,運三,高爾夫球(一),,組選修,,否,1,楊忠和,進德體育館,(四) 05-06 體育教室三,80,25,33,限本系,,Golf I,中文,https://webap0.ncue.edu.tw/DEANV2/UploadDEAN/SUBJECT/1142/71054_1SPPE0013610.pdf,https://webapss.ncue.edu.tw/Teacher/Reports/OB020.aspx?yms_year=114&yms_sms=2&emp_id=9901003
169,71053,運三,運動競賽活動計畫與實習,,組選修,,否,3,張家昌,進德體育館,(四) 02-04 體育教室三,80,30,36,限本系,,Planning and Practice in Sport Competition,中文,https://webap0.ncue.edu.tw/DEANV2/UploadDEAN/SUBJECT/1142/71053_1SPPE0119830.pdf,https://webapss.ncue.edu.tw/Teacher/Reports/OB020.aspx?yms_year=114&yms_sms=2&emp_id=0000726
170,71052,運三,表演藝術專長教材教法,,組選修,,否,2,陳文彬,進德體育館,(三) 10-11 體育館視聽教室,80,2,3,限本系,必須先修畢1門教育基礎課程及1門教育方法課程,Instructional Methods in Performing Arts,中文,https://webap0.ncue.edu.tw/DEANV2/UploadDEAN/SUBJECT/1142/71052_1SPPE0145720.pdf,https://webapss.ncue.edu.tw/Teacher/Reports/OB020.aspx?yms_year=114&yms_sms=2&emp_id=0001216
171,71051,運三,運動專長訓練,,系必修,,否,1,劉羿德張家昌,進德體育館,(三) 07-08 體育教室三,80,49,48,限本系,,Specific Sports Training,中文,https://webap0.ncue.edu.tw/DEANV2/UploadDEAN/SUBJECT/1142/71051_1SPPE0006610.pdf,https://webapss.ncue.edu.tw/Teacher/Reports/OB020.aspx?yms_year=114&yms_sms=2&emp_id=0000872
172,71050,運三,運動統計學,,系必修,,否,3,陳珍德,進德體育館,(三) 02-04 體育教室三,80,53,58,限本系,,Sport Statistics,中文,https://webap0.ncue.edu.tw/DEANV2/UploadDEAN/SUBJECT/1142/71050_1SPPE0115430.pdf,https://webapss.ncue.edu.tw/Teacher/Reports/OB020.aspx?yms_year=114&yms_sms=2&emp_id=0001026
173,71049,運三,特殊體育,,組選修,,否,3,游晴惠,進德體育館,(二) 07-09 體育教室三,80,28,34,限本班,,Physical Education for the Handicapped,中文,https://webap0.ncue.edu.tw/DEANV2/UploadDEAN/SUBJECT/1142/71049_1SPPE0115530.pdf,https://webapss.ncue.edu.tw/Teacher/Reports/OB020.aspx?yms_year=114&yms_sms=2&emp_id=0001170
174,71048,運三,有氧舞蹈(一),,系選修,,否,1,鍾孟玲,進德體育館,(二) 05-06 韻律教室,80,37,42,限本系,,Aerobic Dance I,中文,https://webap0.ncue.edu.tw/DEANV2/UploadDEAN/SUBJECT/1142/71048_1SPPE0126610.pdf,https://webapss.ncue.edu.tw/Teacher/Reports/OB020.aspx?yms_year=114&yms_sms=2&emp_id=0000695
175,71047,運三,健康促進,,組選修,,否,3,林俊媛吳育欣,進德體育館,(二) 02-04 體育教室三,80,15,28,限本班,,Health Promotion,中英,https://webap0.ncue.edu.tw/DEANV2/UploadDEAN/SUBJECT/1142/71047_1SPPE0117530.pdf,https://webapss.ncue.edu.tw/Teacher/Reports/OB020.aspx?yms_year=114&yms_sms=2&emp_id=9900464
176,71046,運三,體育原理,,組選修,,否,3,游晴惠,進德體育館,(一) 05-07 體育教室三,80,14,10,限本班,,Principles of Physical Education,中文,https://webap0.ncue.edu.tw/DEANV2/UploadDEAN/SUBJECT/1142/71046_1SPPE0120030.pdf,https://webapss.ncue.edu.tw/Teacher/Reports/OB020.aspx?yms_year=114&yms_sms=2&emp_id=0001170
177,71045,運三,體育科教材教法,,組選修,,否,2,蘇泰源,進德體育館,(一) 03-04 體育教室三,80,30,42,限本系,必須先修畢1門教育基礎課程及1門教育方法課程,Instructional Methods in Physical Education,中文,https://webap0.ncue.edu.tw/DEANV2/UploadDEAN/SUBJECT/1142/71045_1SPPE0122720.pdf,https://webapss.ncue.edu.tw/Teacher/Reports/OB020.aspx?yms_year=114&yms_sms=2&emp_id=0001068
178,71044,運二,跆拳道(二),,組選修,,否,1,蘇泰源,進德體育館,(五) 08-09 技擊室,80,36,36,限本系,,Taexwondo II,中文,https://webap0.ncue.edu.tw/DEANV2/UploadDEAN/SUBJECT/1142/71044_1SPPE0010210.pdf,https://webapss.ncue.edu.tw/Teacher/Reports/OB020.aspx?yms_year=114&yms_sms=2&emp_id=0001068
179,71043,運二,運動心理輔導與諮商,,組選修,,否,3,陳珍德,進德體育館,(五) 05-07 體育教室二,80,36,47,限本系,,Sport Guidance and Counseling,中文,https://webap0.ncue.edu.tw/DEANV2/UploadDEAN/SUBJECT/1142/71043_1SPPE0116030.pdf,https://webapss.ncue.edu.tw/Teacher/Reports/OB020.aspx?yms_year=114&yms_sms=2&emp_id=0001026
180,71042,運二,運動英語,,組選修,,否,3,陳珍德,進德體育館,(五) 02-04 體育教室二,80,22,18,限本系,,Sports English,中文,https://webap0.ncue.edu.tw/DEANV2/UploadDEAN/SUBJECT/1142/71042_1SPPE0115230.pdf,https://webapss.ncue.edu.tw/Teacher/Reports/OB020.aspx?yms_year=114&yms_sms=2&emp_id=0001026
181,71041,運二,桌球(二),,組選修,,否,1,劉羿德,進德體育館,(四) 07-08 桌球教室,80,31,24,限本系,,Table Tennis II,中文,https://webap0.ncue.edu.tw/DEANV2/UploadDEAN/SUBJECT/1142/71041_1SPPE0002610.pdf,https://webapss.ncue.edu.tw/Teacher/Reports/OB020.aspx?yms_year=114&yms_sms=2&emp_id=0000872
182,71040,運二,游泳(四),,組選修,,否,1,林璇,王金平游泳館,(四) 05-06 本校游泳館,50,15,13,限本班,,Swimming IV,中英,https://webap0.ncue.edu.tw/DEANV2/UploadDEAN/SUBJECT/1142/71040_1SPPE0013410.pdf,https://webapss.ncue.edu.tw/Teacher/Reports/OB020.aspx?yms_year=114&yms_sms=2&emp_id=9901193
183,71039,運二,運動復健與治療,,組選修,,否,3,魏大森,進德體育館,(四) 02-04 體育教室二,80,23,23,限本系,,Exercise Rehabilitation and Treatment,中英,https://webap0.ncue.edu.tw/DEANV2/UploadDEAN/SUBJECT/1142/71039_1SPPE0119530.pdf,https://webapss.ncue.edu.tw/Teacher/Reports/OB020.aspx?yms_year=114&yms_sms=2&emp_id=9900415
184,71038,運二,運動專長訓練,,系必修,,否,1,江勁彥黃聖鵬,進德體育館,(三) 09-10 體育教室二,80,52,57,限本系,,Specific Sports Training,中文,https://webap0.ncue.edu.tw/DEANV2/UploadDEAN/SUBJECT/1142/71038_1SPPE0006610.pdf,https://webapss.ncue.edu.tw/Teacher/Reports/OB020.aspx?yms_year=114&yms_sms=2&emp_id=0000690
185,71037,運二,運動與綠能生活,,組選修,,否,3,林彣瑾,進德體育館,(三) 03-04、14 體育教室二,80,28,27,限本系,,Sports and Green Life,中文,https://webap0.ncue.edu.tw/DEANV2/UploadDEAN/SUBJECT/1142/71037_1SPPE0147730.pdf,https://webapss.ncue.edu.tw/Teacher/Reports/OB020.aspx?yms_year=114&yms_sms=2&emp_id=9901032
186,71036,運二,田徑(四),,組選修,,否,1,劉元凱,進德體育館,(三) 01-02 田徑場,80,8,11,限本系,,Track and Field IV,中文,https://webap0.ncue.edu.tw/DEANV2/UploadDEAN/SUBJECT/1142/71036_1SPPE0010410.pdf,https://webapss.ncue.edu.tw/Teacher/Reports/OB020.aspx?yms_year=114&yms_sms=2&emp_id=0001133
187,71035,運二,戲劇賞析,,組選修,,否,2,陳文彬,進德體育館,(二) 12-13 體育館視聽教室,80,12,17,限本系,,Explications of the Theatre,中文,https://webap0.ncue.edu.tw/DEANV2/UploadDEAN/SUBJECT/1142/71035_1SPPE0145920.pdf,https://webapss.ncue.edu.tw/Teacher/Reports/OB020.aspx?yms_year=114&yms_sms=2&emp_id=0001216
188,71034,運二,演出製作,,組選修,,否,2,陳文彬,進德體育館,(二) 10-11 體育館視聽教室,80,10,12,限本系,,School final production performance,中文,https://webap0.ncue.edu.tw/DEANV2/UploadDEAN/SUBJECT/1142/71034_1SPPE0144520.pdf,https://webapss.ncue.edu.tw/Teacher/Reports/OB020.aspx?yms_year=114&yms_sms=2&emp_id=0001216
189,71033,運二,羽球(二),,組選修,,否,1,張家昌,進德體育館,(二) 07-08 羽球場,80,40,37,限本系,,Badminton II,中文,https://webap0.ncue.edu.tw/DEANV2/UploadDEAN/SUBJECT/1142/71033_1SPPE0010710.pdf,https://webapss.ncue.edu.tw/Teacher/Reports/OB020.aspx?yms_year=114&yms_sms=2&emp_id=0000726
190,71032,運二,排球(一),,系必選,,否,1,黃健倫,進德體育館,(二) 05-06 綜合球場-排球,80,45,51,限本系,師資待聘,Volleyball I,中文,https://webap0.ncue.edu.tw/DEANV2/UploadDEAN/SUBJECT/1142/71032_1SPPE0012610.pdf,https://webapss.ncue.edu.tw/Teacher/Reports/OB020.aspx?yms_year=114&yms_sms=2&emp_id=9901359
191,71031,運二,體操(四),,組選修,,否,1,陳金羚,進德體育館,(二) 03-04 體操教室,80,16,16,限本系,,Gymnastics IV,中文,https://webap0.ncue.edu.tw/DEANV2/UploadDEAN/SUBJECT/1142/71031_1SPPE0010510.pdf,https://webapss.ncue.edu.tw/Teacher/Reports/OB020.aspx?yms_year=114&yms_sms=2&emp_id=9901259
192,71030,運二,劇場技術實務,,組選修,,否,2,陳正一,進德體育館,(一) 12-13 韻律教室,80,12,16,限本系,,Theatre Technologies Practice,中文,https://webap0.ncue.edu.tw/DEANV2/UploadDEAN/SUBJECT/1142/71030_1SPPE0144620.pdf,https://webapss.ncue.edu.tw/Teacher/Reports/OB020.aspx?yms_year=114&yms_sms=2&emp_id=9901360
193,71029,運二,表演訓練,,組選修,,否,2,陳正一,進德體育館,(一) 10-11 韻律教室,80,10,16,限本系,,Performance Training,中文,https://webap0.ncue.edu.tw/DEANV2/UploadDEAN/SUBJECT/1142/71029_1SPPE0144320.pdf,https://webapss.ncue.edu.tw/Teacher/Reports/OB020.aspx?yms_year=114&yms_sms=2&emp_id=9901360
194,71028,運二,安全教育與急救,,組選修,,否,3,吳漢屏,進德體育館,(一) 05-07 體育教室二,80,32,41,限本系,,Safety Education and Resuscitation,中文,https://webap0.ncue.edu.tw/DEANV2/UploadDEAN/SUBJECT/1142/71028_1SPPE0122630.pdf,https://webapss.ncue.edu.tw/Teacher/Reports/OB020.aspx?yms_year=114&yms_sms=2&emp_id=9900597
195,71027,運二,舞蹈原理,,組選修,,否,2,鍾孟玲,進德體育館,(一) 03-04 體育教室二,80,1,8,限本系,,The Principle of Dance Education,中文,https://webap0.ncue.edu.tw/DEANV2/UploadDEAN/SUBJECT/1142/71027_1SPPE0143520.pdf,https://webapss.ncue.edu.tw/Teacher/Reports/OB020.aspx?yms_year=114&yms_sms=2&emp_id=0000695
196,71026,運二,棒壘球(二),,組選修,,否,1,陳威成,進德體育館,(一) 01-02 師大校區棒壘場,80,41,37,限本系,,Baseball and Softball II,中文,https://webap0.ncue.edu.tw/DEANV2/UploadDEAN/SUBJECT/1142/71026_1SPPE0012910.pdf,https://webapss.ncue.edu.tw/Teacher/Reports/OB020.aspx?yms_year=114&yms_sms=2&emp_id=9900627
197,71024,運一,運動生理學,,系必修,,否,3,蔡忠昌,進德體育館,(五) 02-04 體育教室一,80,70,80,限本系,,Exercise Physiology,中文,https://webap0.ncue.edu.tw/DEANV2/UploadDEAN/SUBJECT/1142/71024_1SPPE0114830.pdf,https://webapss.ncue.edu.tw/Teacher/Reports/OB020.aspx?yms_year=114&yms_sms=2&emp_id=0000688
198,71023,運一,游泳(二),,系必修,,否,1,林璇,王金平游泳館,(四) 07-08 本校游泳館,80,59,63,限本班,,Swimming II,中英,https://webap0.ncue.edu.tw/DEANV2/UploadDEAN/SUBJECT/1142/71023_1SPPE0011510.pdf,https://webapss.ncue.edu.tw/Teacher/Reports/OB020.aspx?yms_year=114&yms_sms=2&emp_id=9901193
199,71022,運一,人體解剖學,,組選修,,否,3,陳怡汶,進德體育館,(四) 02-04 體育教室一,80,15,24,限本系,,Human Anatomy,中文,https://webap0.ncue.edu.tw/DEANV2/UploadDEAN/SUBJECT/1142/71022_1SPPE0141930.pdf,https://webapss.ncue.edu.tw/Teacher/Reports/OB020.aspx?yms_year=114&yms_sms=2&emp_id=0001128
200,71021,運一,運動專長訓練,,系必修,,否,1,陳怡汶蘇泰源,進德體育館,(三) 11-12 體育教室四,80,63,67,限本系,,Specific Sports Training,中文,https://webap0.ncue.edu.tw/DEANV2/UploadDEAN/SUBJECT/1142/71021_1SPPE0006610.pdf,https://webapss.ncue.edu.tw/Teacher/Reports/OB020.aspx?yms_year=114&yms_sms=2&emp_id=0001128
201,71020,運一,民族武功基本訓練,,組選修,,否,2,游晴惠,進德體育館,(三) 05-06 體育教室一,80,7,8,限本系,,Foundational Training of Kung-Fu,中文,https://webap0.ncue.edu.tw/DEANV2/UploadDEAN/SUBJECT/1142/71020_1SPPE0145120.pdf,https://webapss.ncue.edu.tw/Teacher/Reports/OB020.aspx?yms_year=114&yms_sms=2&emp_id=0001170
202,71019,運一,田徑(二),,系必修,,否,1,劉元凱,進德體育館,(三) 03-04 體育教室一,80,64,68,限本系,,Track and Field II,中文,https://webap0.ncue.edu.tw/DEANV2/UploadDEAN/SUBJECT/1142/71019_1SPPE0011010.pdf,https://webapss.ncue.edu.tw/Teacher/Reports/OB020.aspx?yms_year=114&yms_sms=2&emp_id=0001133
203,71018,運一,藝術概論,,組選修,,否,2,鍾孟玲,進德體育館,(二) 09-10 體育教室四,80,8,7,限本系,,Introduction to Arts,中文,https://webap0.ncue.edu.tw/DEANV2/UploadDEAN/SUBJECT/1142/71018_1SPPE0143420.pdf,https://webapss.ncue.edu.tw/Teacher/Reports/OB020.aspx?yms_year=114&yms_sms=2&emp_id=0000695
204,71017,運一,網球(二),,組選修,,否,1,江勁彥,進德體育館,(二) 07-08 網球場,80,38,42,限本系,,Tennis II,中文,https://webap0.ncue.edu.tw/DEANV2/UploadDEAN/SUBJECT/1142/71017_1SPPE0011710.pdf,https://webapss.ncue.edu.tw/Teacher/Reports/OB020.aspx?yms_year=114&yms_sms=2&emp_id=0000690
205,71016,運一,運動科技與數據應用,,組選修,,否,3,江勁彥,進德體育館,(二) 05-06、14 體育教室一,80,42,43,限本系,,Sports Technology and Data Application,中文,https://webap0.ncue.edu.tw/DEANV2/UploadDEAN/SUBJECT/1142/71016_1SPPE0146030.pdf,https://webapss.ncue.edu.tw/Teacher/Reports/OB020.aspx?yms_year=114&yms_sms=2&emp_id=0000690
206,71015,運一,體操(二),,系必修,,否,1,陳金羚,進德體育館,(二) 01-02 體操教室,80,65,68,限本系,,Gymnastics II,中文,https://webap0.ncue.edu.tw/DEANV2/UploadDEAN/SUBJECT/1142/71015_1SPPE0012010.pdf,https://webapss.ncue.edu.tw/Teacher/Reports/OB020.aspx?yms_year=114&yms_sms=2&emp_id=9901259
207,71013,運一,運動防護管理學,,組選修,,否,2,陳怡汶陳俊綺,進德體育館,(一) 05-06 體育教室一,80,35,32,限本系,,Management of Athletic Training,中文,https://webap0.ncue.edu.tw/DEANV2/UploadDEAN/SUBJECT/1142/71013_1SPPE0141320.pdf,https://webapss.ncue.edu.tw/Teacher/Reports/OB020.aspx?yms_year=114&yms_sms=2&emp_id=0001128
208,71012,運一,運動史,,組選修,,否,3,李華彥,進德體育館,(一) 02-04 體育教室一,80,44,52,限本系,,History of Sports,中文,https://webap0.ncue.edu.tw/DEANV2/UploadDEAN/SUBJECT/1142/71012_1SPPE0148130.pdf,https://webapss.ncue.edu.tw/Teacher/Reports/OB020.aspx?yms_year=114&yms_sms=2&emp_id=0001191
209,71011,運碩二,論文,,系必修,,否,0,論文,,,30,9,21,限本系,此門課選課原則：1.要學位口試畢業的那一學期，一定要選。2.研究所的專業課程都修完了，一定要選。,Thesis,無,,
210,71010,運碩二,論文指導(二),,系必修,,否,3,論文,,,20,7,9,限本系,,Thesis Supervision II,無,,
211,71009,運碩二,應用運動科學專題討論,,系必修,,否,1,陳帝佑陳怡汶陳珍德蔡忠昌,進德體育館,(五) 09 體育教室一,20,7,8,限本系,,Seminar on applied sports science,中文,https://webap0.ncue.edu.tw/DEANV2/UploadDEAN/SUBJECT/1142/71009_1SPAS2114810.pdf,https://webapss.ncue.edu.tw/Teacher/Reports/OB020.aspx?yms_year=114&yms_sms=2&emp_id=0000720
212,71008,運碩一,應用運動科學專題討論,,系必修,,否,1,陳帝佑陳怡汶陳珍德蔡忠昌,進德體育館,(五) 08 體育教室一,20,8,12,限本系,,Seminar on applied sports science,中文,https://webap0.ncue.edu.tw/DEANV2/UploadDEAN/SUBJECT/1142/71008_1SPAS2114810.pdf,https://webapss.ncue.edu.tw/Teacher/Reports/OB020.aspx?yms_year=114&yms_sms=2&emp_id=0000720
213,71007,運碩一,運動技術專題研究,,系選修,,否,3,陳帝佑,進德體育館,(五) 05-07 體育教室四,20,6,11,限本系,,Special Topics in Sport Techniques,中文,https://webap0.ncue.edu.tw/DEANV2/UploadDEAN/SUBJECT/1142/71007_1SPPE2137530.pdf,https://webapss.ncue.edu.tw/Teacher/Reports/OB020.aspx?yms_year=114&yms_sms=2&emp_id=0000720
214,71006,運碩一,運動管理與實務專題研究,,系選修,,否,3,張家昌,進德體育館,(五) 02-04 社會科學討論室,20,6,9,限本系,,Seminar of Sport Management,中文,https://webap0.ncue.edu.tw/DEANV2/UploadDEAN/SUBJECT/1142/71006_1SPAS2004130.pdf,https://webapss.ncue.edu.tw/Teacher/Reports/OB020.aspx?yms_year=114&yms_sms=2&emp_id=0000726
215,71004,運碩一,運動處方研究,,系選修,,否,3,蔡忠昌,進德體育館,(三) 06-08 體育教室二,20,11,12,限本系,,Studies of Exercise Prescription,中文,https://webap0.ncue.edu.tw/DEANV2/UploadDEAN/SUBJECT/1142/71004_1SPPE2143030.pdf,https://webapss.ncue.edu.tw/Teacher/Reports/OB020.aspx?yms_year=114&yms_sms=2&emp_id=0000688
216,71003,運碩一,應用運動訓練專題研究,,系選修,,否,3,江勁彥,進德體育館,(三) 02-04 體育教室四,20,11,13,限本系,,Special Topics on Practices of Athete Training,中文,https://webap0.ncue.edu.tw/DEANV2/UploadDEAN/SUBJECT/1142/71003_1SPPE2137430.pdf,https://webapss.ncue.edu.tw/Teacher/Reports/OB020.aspx?yms_year=114&yms_sms=2&emp_id=0000690
217,71002,運碩一,運動統計與實驗設計,,系必修,,否,3,陳怡汶,進德體育館,(二) 02-04 體育教室四,20,14,19,限本系,,Statistics and Experimental Design in Sport,中文,https://webap0.ncue.edu.tw/DEANV2/UploadDEAN/SUBJECT/1142/71002_1SPAS2001130.pdf,https://webapss.ncue.edu.tw/Teacher/Reports/OB020.aspx?yms_year=114&yms_sms=2&emp_id=0001128
218,71001,運一,人工智慧及其應用,,校必(通識),,否,2,陳怡汶,圖書館,(四) 05-06 電一教室,50,0,60,限本班,大二~大四生如要修習，以線上加簽方式,Artificial Intelligence and Its Application,中文,https://webap0.ncue.edu.tw/DEANV2/UploadDEAN/SUBJECT/1142/71001_0CCGE0181420.pdf,https://webapss.ncue.edu.tw/Teacher/Reports/OB020.aspx?yms_year=114&yms_sms=2&emp_id=0001128
219,67073,財金博一,管理心理學專題研究,,組選修,,否,3,宋美妹,經世館,(五) 05-07 32211,20,6,8,限本系,(財金組),Topics in Managerial Psychology,中文,https://webap0.ncue.edu.tw/DEANV2/UploadDEAN/SUBJECT/1142/67073_1MABE1153130.pdf,https://webapss.ncue.edu.tw/Teacher/Reports/OB020.aspx?yms_year=114&yms_sms=2&emp_id=0000143
220,67072,財金行管夜碩二A,論文,,系必修,,否,0,論文,,,35,0,27,限本系,,Thesis,中文,https://webap0.ncue.edu.tw/DEANV2/UploadDEAN/SUBJECT/1142/67072_1MABEE010300.pdf,
221,67071,財金行管夜碩二A,論文指導,,系必修,,否,4,論文,,,30,0,23,限本班,,Thesis Supervision,中文,https://webap0.ncue.edu.tw/DEANV2/UploadDEAN/SUBJECT/1142/67071_0MABEE181840.pdf,
222,67070,財金碩二,財務會計實證研究,,系選修,,否,3,陳俞如,經世館,(五) 05-07 32502,40,2,9,限本系,,Empirical research in financial accounting,中文,https://webap0.ncue.edu.tw/DEANV2/UploadDEAN/SUBJECT/1142/67070_1MABE2177730.pdf,https://webapss.ncue.edu.tw/Teacher/Reports/OB020.aspx?yms_year=114&yms_sms=2&emp_id=0001001
223,67067,財金博二,論文,,系必修,,否,0,,,,50,7,33,限本系,,Thesis,無,,
224,67066,財金博二,論文指導(二),,系必修,,否,3,,,,50,6,13,限本系,,Thesis Supervision II,無,,
225,67065,財金碩二,論文指導(二),,系必修,,否,3,,,,50,14,19,限本系,,Thesis Supervision II,無,,
226,67064,財金碩二,論文,,系必修,,否,0,,,,50,10,19,限本系,,Thesis,無,,
227,67063,財金一,經濟學(二),,系選修,,否,3,林逸程,經世館,(一) 08-09 32606 (三) 01 32606,50,37,42,限本系,,Economics II,中文,https://webap0.ncue.edu.tw/DEANV2/UploadDEAN/SUBJECT/1142/67063_1MABE0022330.pdf,https://webapss.ncue.edu.tw/Teacher/Reports/OB020.aspx?yms_year=114&yms_sms=2&emp_id=0001107
228,67061,財金博二,高等風險管理專題研討,,組選修,,否,3,邱垂昌,經世館,(二) 05-07 32309-1,20,7,9,限本系,(管理組),Seminar on Advanced Risk Research,中文,https://webap0.ncue.edu.tw/DEANV2/UploadDEAN/SUBJECT/1142/67061_1MABE1185130.pdf,https://webapss.ncue.edu.tw/Teacher/Reports/OB020.aspx?yms_year=114&yms_sms=2&emp_id=0000724
229,67060,財金博二,網路創新與應用服務專題,,組選修,,否,3,王怡舜,經世館,(一) 06-08 32210,20,0,3,限本系,(管理組),Selected Topics in Innovative Network Applications and Services,中文,https://webap0.ncue.edu.tw/DEANV2/UploadDEAN/SUBJECT/1142/67060_1MABE1183430.pdf,https://webapss.ncue.edu.tw/Teacher/Reports/OB020.aspx?yms_year=114&yms_sms=2&emp_id=0000705
230,67059,財金博二,財金科技與物聯網競爭策略專題研究,,組選修,,否,3,王信文,經世館,(二) 06-08 32212,20,1,4,可跨班系,(管理組),Special Topics on Competitive Strategy toward Financial Technology and Internet of Things,中文,https://webap0.ncue.edu.tw/DEANV2/UploadDEAN/SUBJECT/1142/67059_1MABE1186730.pdf,https://webapss.ncue.edu.tw/Teacher/Reports/OB020.aspx?yms_year=114&yms_sms=2&emp_id=0000764
231,67058,財金博二,大數據行銷專題研究,,組選修,,否,3,黃憲彰,經世館,(六) 05-07 32313,20,6,8,限本班,(管理組),Big Data Marketing Research,英文,https://webap0.ncue.edu.tw/DEANV2/UploadDEAN/SUBJECT/1142/67058_1MABE1185930_EN.pdf,https://webapss.ncue.edu.tw/Teacher/Reports/OB020.aspx?yms_year=114&yms_sms=2&emp_id=0000868
232,67057,財金博一,系統思考,,組選修,,否,3,薛明賢江家瑜,經世館,(一) 05-07 32309-1,20,0,5,限本系,(管理組),Systems Thinking,中文,https://webap0.ncue.edu.tw/DEANV2/UploadDEAN/SUBJECT/1142/67057_1MABE1198630.pdf,https://webapss.ncue.edu.tw/Teacher/Reports/OB020.aspx?yms_year=114&yms_sms=2&emp_id=0001052
233,67056,財金博一,管理專題研討(二),,組選修,,否,3,葉凱莉,經世館,(三) 05-07 32313,20,1,2,限本系,(管理組),Seminar on Management Topics (II),中文,https://webap0.ncue.edu.tw/DEANV2/UploadDEAN/SUBJECT/1142/67056_1MABE1187430.pdf,https://webapss.ncue.edu.tw/Teacher/Reports/OB020.aspx?yms_year=114&yms_sms=2&emp_id=0000589
234,67055,財金博一,高等財務資訊專題研討,,組選修,,否,3,彭智偉,經世館,(五) 05-07 32309教室,20,6,7,限本系,(管理組),Seminar on Advanced Financial information Research,中文,https://webap0.ncue.edu.tw/DEANV2/UploadDEAN/SUBJECT/1142/67055_1MABE1185330.pdf,https://webapss.ncue.edu.tw/Teacher/Reports/OB020.aspx?yms_year=114&yms_sms=2&emp_id=0001039
235,67053,財金行管夜碩一A,行政組織與管理,,系選修,,否,2,王誕生,經世館,(三) 10-13 32606,30,0,18,限本系,"單週上課,第1次上課2/25",Administrative Organization and Management,中文,https://webap0.ncue.edu.tw/DEANV2/UploadDEAN/SUBJECT/1142/67053_1MABEE007520.pdf,https://webapss.ncue.edu.tw/Teacher/Reports/OB020.aspx?yms_year=114&yms_sms=2&emp_id=6000202
236,67052,財金行管夜碩一A,薪酬管理,,系選修,,否,2,陳俞如,經世館,(五) 10-13 32605,30,0,27,限本班,"雙週上課,第1次上課3/6",Compensation Management,中文,https://webap0.ncue.edu.tw/DEANV2/UploadDEAN/SUBJECT/1142/67052_1MABEE175620.pdf,https://webapss.ncue.edu.tw/Teacher/Reports/OB020.aspx?yms_year=114&yms_sms=2&emp_id=0001001
237,67051,財金行管夜碩一A,商業溝通,,系選修,,否,2,温玲玉,經世館,(二) 10-13 32606,30,0,28,限本系,"單週上課,第1次上課2/24",Business Communication,中文,https://webap0.ncue.edu.tw/DEANV2/UploadDEAN/SUBJECT/1142/67051_1MABEE192020.pdf,https://webapss.ncue.edu.tw/Teacher/Reports/OB020.aspx?yms_year=114&yms_sms=2&emp_id=0000507
238,67050,財金行管夜碩一A,企業社會責任實證,,系選修,,否,2,張元,經世館,(四) 10-13 32605,30,0,35,限本班,"單週上課,第1次上課2/26",Empirical Research on Corporate Social Responsibility,中文,https://webap0.ncue.edu.tw/DEANV2/UploadDEAN/SUBJECT/1142/67050_1MABEE191720.pdf,https://webapss.ncue.edu.tw/Teacher/Reports/OB020.aspx?yms_year=114&yms_sms=2&emp_id=0001012
239,67049,財金行管夜碩一A,國際金融,,系選修,,否,2,吳明政,教學大樓,(一) 10-13 進修學院會議室,30,0,24,限本班,"單週上課,第1次上課2/23",International Finance,中文,https://webap0.ncue.edu.tw/DEANV2/UploadDEAN/SUBJECT/1142/67049_1MABEE192520.pdf,https://webapss.ncue.edu.tw/Teacher/Reports/OB020.aspx?yms_year=114&yms_sms=2&emp_id=0000789
240,67048,財金行管夜碩一A,財務報表分析,,系選修,,否,2,林淑惠,教學大樓,(二) 10-13 T101,30,0,24,限本班,"雙週上課,第1次上課3/3",Financial Statement Analysis,中文,https://webap0.ncue.edu.tw/DEANV2/UploadDEAN/SUBJECT/1142/67048_1MABEE174720.pdf,https://webapss.ncue.edu.tw/Teacher/Reports/OB020.aspx?yms_year=114&yms_sms=2&emp_id=0000776
241,67047,財金碩二,總體金融學,,系選修,,否,3,張元,經世館,(四) 05-07 32211,40,4,5,限本系,,Macro Finance,中文,https://webap0.ncue.edu.tw/DEANV2/UploadDEAN/SUBJECT/1142/67047_1MABE2177030.pdf,https://webapss.ncue.edu.tw/Teacher/Reports/OB020.aspx?yms_year=114&yms_sms=2&emp_id=0001012
242,67046,財金二,正念幸福學,,系選修,,否,3,林美純,經世館,(三) 05-07 32605,50,12,27,可跨班系,,Mindfulness Based Well-being Curriculum,中文,https://webap0.ncue.edu.tw/DEANV2/UploadDEAN/SUBJECT/1142/67046_1MABE0197330.pdf,https://webapss.ncue.edu.tw/Teacher/Reports/OB020.aspx?yms_year=114&yms_sms=2&emp_id=0000201
243,67045,財金博三,衍生性金融商品專題研究,,組選修,,否,3,吳明政,經世館,(四) 05-07 32410-二館,20,0,13,限本班,(財金組),Studies in Derivative Securities,中文,https://webap0.ncue.edu.tw/DEANV2/UploadDEAN/SUBJECT/1142/67045_1MABE1017830.pdf,https://webapss.ncue.edu.tw/Teacher/Reports/OB020.aspx?yms_year=114&yms_sms=2&emp_id=0000789
244,67044,財金博三,不動產證券化專題研究,,組選修,,否,3,謝企榮,經世館,(五) 05-07 32605,20,0,2,限本班,(財金組),Real Estate Asset Trust and Securitization,中文,https://webap0.ncue.edu.tw/DEANV2/UploadDEAN/SUBJECT/1142/67044_1MABE1180530.pdf,https://webapss.ncue.edu.tw/Teacher/Reports/OB020.aspx?yms_year=114&yms_sms=2&emp_id=0001011
245,67043,財金博三,財金數量方法專題研究,,組選修,,否,3,謝企榮,經世館,(五) 02-04 32605,20,1,4,限本班,(財金組),Quantitative Methods for Finance,中文,https://webap0.ncue.edu.tw/DEANV2/UploadDEAN/SUBJECT/1142/67043_1MABE1178730.pdf,https://webapss.ncue.edu.tw/Teacher/Reports/OB020.aspx?yms_year=114&yms_sms=2&emp_id=0001011
246,67042,財金二,消費者行為,,系選修,,否,3,王正熙,經世館,(五) 02-04 32712,50,12,22,可跨班系,,Consumer Behavior,中英,https://webap0.ncue.edu.tw/DEANV2/UploadDEAN/SUBJECT/1142/67042_1MABE0139530.pdf,https://webapss.ncue.edu.tw/Teacher/Reports/OB020.aspx?yms_year=114&yms_sms=2&emp_id=9901109
247,67041,財金三,商業與管理群教學實習,,系選修,,否,2,林逸程李易庭余沛育,經世館,(三) 08-09 32410-二館 (四) 08-09 32410-二館,50,6,11,可跨班系,,Business and Management Teaching Practicum,中文,https://webap0.ncue.edu.tw/DEANV2/UploadDEAN/SUBJECT/1142/67041_1MABE0169620.pdf,https://webapss.ncue.edu.tw/Teacher/Reports/OB020.aspx?yms_year=114&yms_sms=2&emp_id=0001107
248,67039,財金博一,質性研究專題研究,,組選修,,否,3,林美純,經世館,(四) 02-04 32502,20,1,4,限本系,(財金組),Qualitative Research Methodology Seminar,中文,https://webap0.ncue.edu.tw/DEANV2/UploadDEAN/SUBJECT/1142/67039_1MABE1179130.pdf,https://webapss.ncue.edu.tw/Teacher/Reports/OB020.aspx?yms_year=114&yms_sms=2&emp_id=0000201
249,67038,財金三,生涯規劃,,系選修,,否,2,林美純,經世館,(三) 08-09 32605,50,14,17,可跨班系,,Career planning,中文,https://webap0.ncue.edu.tw/DEANV2/UploadDEAN/SUBJECT/1142/67038_1MABE0187620.pdf,https://webapss.ncue.edu.tw/Teacher/Reports/OB020.aspx?yms_year=114&yms_sms=2&emp_id=0000201
250,67037,財金博二,階層線性模式專題研究,,組選修,,否,3,林美純,經世館,(一) 07-09 32712,20,2,3,限本系,(財金組),Seminar on Hierarchical Linear Modeling,中文,https://webap0.ncue.edu.tw/DEANV2/UploadDEAN/SUBJECT/1142/67037_1MABE1179230.pdf,https://webapss.ncue.edu.tw/Teacher/Reports/OB020.aspx?yms_year=114&yms_sms=2&emp_id=0000201
251,67036,財金一,商業應用軟體,,系必修,,否,3,匡顯吉,經世館,(五) 02-04 經世館32101,50,38,45,限本系,,Business Application Software,中文,https://webap0.ncue.edu.tw/DEANV2/UploadDEAN/SUBJECT/1142/67036_1MABE0031430.pdf,https://webapss.ncue.edu.tw/Teacher/Reports/OB020.aspx?yms_year=114&yms_sms=2&emp_id=0001207
252,67035,財金碩一,財務機器學習,,系選修,,否,3,匡顯吉,經世館,(五) 05-07 32410-二館,40,7,6,限本系,,Financial Machine Learning,中文,https://webap0.ncue.edu.tw/DEANV2/UploadDEAN/SUBJECT/1142/67035_1MABE2200430.pdf,https://webapss.ncue.edu.tw/Teacher/Reports/OB020.aspx?yms_year=114&yms_sms=2&emp_id=0001207
253,67034,財金三,機器學習與金融大數據分析,,系選修,,否,3,匡顯吉,經世館,(三) 02-04 32211,50,8,12,限本系,,Machine Learning and Financial Data Analysis,中文,https://webap0.ncue.edu.tw/DEANV2/UploadDEAN/SUBJECT/1142/67034_1MABE0199530.pdf,https://webapss.ncue.edu.tw/Teacher/Reports/OB020.aspx?yms_year=114&yms_sms=2&emp_id=0001207
254,67033,財金碩一,管理心理學專題,,系選修,,否,3,宋美妹,經世館,(五) 02-04 32606,40,11,26,限本系,,Topics in Managerial Psychology,中文,https://webap0.ncue.edu.tw/DEANV2/UploadDEAN/SUBJECT/1142/67033_1MABE2006230.pdf,https://webapss.ncue.edu.tw/Teacher/Reports/OB020.aspx?yms_year=114&yms_sms=2&emp_id=0000143
255,67032,財金二,消費心理學,,系選修,,否,3,宋美妹,經世館,(四) 05-07 32606,50,28,58,限本系,,Consumer Psychology,中文,https://webap0.ncue.edu.tw/DEANV2/UploadDEAN/SUBJECT/1142/67032_1MABE0169830.pdf,https://webapss.ncue.edu.tw/Teacher/Reports/OB020.aspx?yms_year=114&yms_sms=2&emp_id=0000143
256,67031,財金一,管理心理學,,系選修,,否,3,宋美妹,經世館,(二) 05-07 32606,50,26,57,限本系,,Psychology for Management,中文,https://webap0.ncue.edu.tw/DEANV2/UploadDEAN/SUBJECT/1142/67031_1MABE0139230.pdf,https://webapss.ncue.edu.tw/Teacher/Reports/OB020.aspx?yms_year=114&yms_sms=2&emp_id=0000143
257,67029,財金二,統計學(二),,系必修,,否,3,郭志安,教學一館,(二) 05-07 33303,50,44,43,限本系,,Statistics II,中文,https://webap0.ncue.edu.tw/DEANV2/UploadDEAN/SUBJECT/1142/67029_1MABE0004830.pdf,https://webapss.ncue.edu.tw/Teacher/Reports/OB020.aspx?yms_year=114&yms_sms=2&emp_id=0000820
258,67028,財金一,微積分(二),,系必修,,否,3,郭志安,教學一館,(三) 02-04 33404,50,41,40,限本系,,Calculus II,中文,https://webap0.ncue.edu.tw/DEANV2/UploadDEAN/SUBJECT/1142/67028_1MABE0005430.pdf,https://webapss.ncue.edu.tw/Teacher/Reports/OB020.aspx?yms_year=114&yms_sms=2&emp_id=0000820
259,67027,財金四,金融實務應用,,系選修,,否,3,謝企榮,經世館,(四) 05-07 32605,50,10,15,限本系,,Finance Practice,中文,https://webap0.ncue.edu.tw/DEANV2/UploadDEAN/SUBJECT/1142/67027_1MABE0176830.pdf,https://webapss.ncue.edu.tw/Teacher/Reports/OB020.aspx?yms_year=114&yms_sms=2&emp_id=0001011
260,67026,財金碩一,國際投資學,,系選修,,否,3,林淑惠,經世館,(三) 02-04 32605,40,5,8,限本系,,International Investment,中文,https://webap0.ncue.edu.tw/DEANV2/UploadDEAN/SUBJECT/1142/67026_1MABE2177230.pdf,https://webapss.ncue.edu.tw/Teacher/Reports/OB020.aspx?yms_year=114&yms_sms=2&emp_id=0000776
261,67025,財金碩一,公司治理,,系選修,,否,3,林淑惠,經世館,(一) 07-09 32605,40,3,6,限本系,,Corporate Governance,中文,https://webap0.ncue.edu.tw/DEANV2/UploadDEAN/SUBJECT/1142/67025_1MABE2135130.pdf,https://webapss.ncue.edu.tw/Teacher/Reports/OB020.aspx?yms_year=114&yms_sms=2&emp_id=0000776
262,67024,財金三,國際財務管理,,系必修,,否,3,林淑惠,經世館,(二) 02-04 32605,50,32,38,限本系,,International Financial Management,中文,https://webap0.ncue.edu.tw/DEANV2/UploadDEAN/SUBJECT/1142/67024_1MABE0011030.pdf,https://webapss.ncue.edu.tw/Teacher/Reports/OB020.aspx?yms_year=114&yms_sms=2&emp_id=0000776
263,67023,財金碩二,論文寫作,,系選修,,否,3,林逸程,經世館,(二) 07-09 32713,40,9,13,限本系,遠距課程遠距課程,Research Paper Writing,中文,https://webap0.ncue.edu.tw/DEANV2/UploadDEAN/SUBJECT/1142/67023_1MABE2189530.pdf,https://webapss.ncue.edu.tw/Teacher/Reports/OB020.aspx?yms_year=114&yms_sms=2&emp_id=0001107
264,67022,財金碩二,書報討論(四),,系必修,,否,1,林逸程,經世館,(二) 05-06 32713,40,14,27,限本系,,Seminar IV,中文,https://webap0.ncue.edu.tw/DEANV2/UploadDEAN/SUBJECT/1142/67022_1MABE2029510.pdf,https://webapss.ncue.edu.tw/Teacher/Reports/OB020.aspx?yms_year=114&yms_sms=2&emp_id=0001107
265,67021,財金三,債券分析,,系必修,,否,3,林逸程,經世館,(一) 05-07 32606,50,31,35,限本系,,Bond Analysis,中文,https://webap0.ncue.edu.tw/DEANV2/UploadDEAN/SUBJECT/1142/67021_1MABE0006130.pdf,https://webapss.ncue.edu.tw/Teacher/Reports/OB020.aspx?yms_year=114&yms_sms=2&emp_id=0001107
266,67019,財金一,中級會計學實習(一),,系選修,,否,1,李易庭,教學二館,(三) 05 32410-二館 (四) 05 34202,50,42,38,可跨班系,,The seminar of intermediate accounting I,中文,https://webap0.ncue.edu.tw/DEANV2/UploadDEAN/SUBJECT/1142/67019_1MABE0190710.pdf,https://webapss.ncue.edu.tw/Teacher/Reports/OB020.aspx?yms_year=114&yms_sms=2&emp_id=9901301
267,67019,財金一,中級會計學實習(一),,系選修,,否,1,李易庭,經世館,(三) 05 32410-二館 (四) 05 34202,50,42,38,可跨班系,,The seminar of intermediate accounting I,中文,https://webap0.ncue.edu.tw/DEANV2/UploadDEAN/SUBJECT/1142/67019_1MABE0190710.pdf,https://webapss.ncue.edu.tw/Teacher/Reports/OB020.aspx?yms_year=114&yms_sms=2&emp_id=9901301
268,67018,財金一,中級會計學(一),,系選修,,否,4,許敏政,教學二館,(四) 06-09 34202,50,43,38,可跨班系,,Intermediate Accounting I,中文,https://webap0.ncue.edu.tw/DEANV2/UploadDEAN/SUBJECT/1142/67018_1MABE0190640.pdf,https://webapss.ncue.edu.tw/Teacher/Reports/OB020.aspx?yms_year=114&yms_sms=2&emp_id=9900997
269,67017,財金碩一,績效管理,,系選修,,否,3,陳俞如,經世館,(一) 02-04 32606,40,3,7,限本系,,Performance Management,中文,https://webap0.ncue.edu.tw/DEANV2/UploadDEAN/SUBJECT/1142/67017_1MABE2134330.pdf,https://webapss.ncue.edu.tw/Teacher/Reports/OB020.aspx?yms_year=114&yms_sms=2&emp_id=0001001
270,67016,財金碩一,書報討論(二),,系必修,,否,1,匡顯吉,經世館,(二) 05-06 32712,40,14,16,限本系,,Seminar II,中文,https://webap0.ncue.edu.tw/DEANV2/UploadDEAN/SUBJECT/1142/67016_1MABE2005610.pdf,https://webapss.ncue.edu.tw/Teacher/Reports/OB020.aspx?yms_year=114&yms_sms=2&emp_id=0001207
271,67015,財金碩一,計量經濟學,,系必修,,否,3,張元,經世館,(四) 02-04 32211,40,17,35,限本系,,Econometrics,中文,https://webap0.ncue.edu.tw/DEANV2/UploadDEAN/SUBJECT/1142/67015_1MABE2177630.pdf,https://webapss.ncue.edu.tw/Teacher/Reports/OB020.aspx?yms_year=114&yms_sms=2&emp_id=0001012
272,67014,財金博一,企業社會責任實證專題研究,,組選修,,否,3,張元,經世館,(二) 05-07 32605,20,3,2,限本系,(財金組),Empirical Research on Corporate Social Responsibility,中文,https://webap0.ncue.edu.tw/DEANV2/UploadDEAN/SUBJECT/1142/67014_1MABE1180030.pdf,https://webapss.ncue.edu.tw/Teacher/Reports/OB020.aspx?yms_year=114&yms_sms=2&emp_id=0001012
273,67013,財金博一,時間數列專題研究,,組選修,,否,3,張元,經世館,(二) 02-04 32502,20,3,6,限本系,(財金組),Special Topics in Time Series Analysis,中文,https://webap0.ncue.edu.tw/DEANV2/UploadDEAN/SUBJECT/1142/67013_1MABE1178830.pdf,https://webapss.ncue.edu.tw/Teacher/Reports/OB020.aspx?yms_year=114&yms_sms=2&emp_id=0001012
274,67012,財金博二,財務金融研討專題研究,,組選修,,否,3,陳信憲,經世館,(二) 07-09 32502,20,1,1,限本系,(財金組),Studies in Financial Seminar,中文,https://webap0.ncue.edu.tw/DEANV2/UploadDEAN/SUBJECT/1142/67012_1MABE1024430.pdf,https://webapss.ncue.edu.tw/Teacher/Reports/OB020.aspx?yms_year=114&yms_sms=2&emp_id=0000683
275,67011,財金碩一,理財規劃與實務,,系選修,,否,3,陳信憲,經世館,(二) 02-04 32410-二館,40,11,24,限本系,,Financial Planning and Practice,中文,https://webap0.ncue.edu.tw/DEANV2/UploadDEAN/SUBJECT/1142/67011_1MABE2196030.pdf,https://webapss.ncue.edu.tw/Teacher/Reports/OB020.aspx?yms_year=114&yms_sms=2&emp_id=0000683
276,67010,財金二,公司理財,,系必修,,否,3,陳信憲,經世館,(一) 06-08 32410-二館,50,36,40,限本系,,Corporate Finance,中文,https://webap0.ncue.edu.tw/DEANV2/UploadDEAN/SUBJECT/1142/67010_1MABE0024930.pdf,https://webapss.ncue.edu.tw/Teacher/Reports/OB020.aspx?yms_year=114&yms_sms=2&emp_id=0000683
277,67009,財金二,投資學,,系必修,,是,3,陳信憲,經世館,(一) 02-04 32410-二館,50,34,40,限本班,,Investments,英文,https://webap0.ncue.edu.tw/DEANV2/UploadDEAN/SUBJECT/1142/67009_1MABE0019130_EN.pdf,https://webapss.ncue.edu.tw/Teacher/Reports/OB020.aspx?yms_year=114&yms_sms=2&emp_id=0000683
278,67008,財金博三,人力資源發展專題研究,,組選修,,否,3,温玲玉,經世館,(三) 02-04 32606,20,4,5,限本系,(財金組),Studies in Human Resource Development,中文,https://webap0.ncue.edu.tw/DEANV2/UploadDEAN/SUBJECT/1142/67008_1MABE1005730.pdf,https://webapss.ncue.edu.tw/Teacher/Reports/OB020.aspx?yms_year=114&yms_sms=2&emp_id=0000507
279,67007,財金碩一,商業溝通,,系必修,,否,3,温玲玉,經世館,(三) 06-08 32606,40,18,30,限本系,,Business Communication,中文,https://webap0.ncue.edu.tw/DEANV2/UploadDEAN/SUBJECT/1142/67007_1MABE2131430.pdf,https://webapss.ncue.edu.tw/Teacher/Reports/OB020.aspx?yms_year=114&yms_sms=2&emp_id=0000507
280,67006,財金二,商業溝通,,系必修,,否,3,温玲玉,經世館,(二) 02-04 32606,50,38,41,限本系,,Business Communication,中文,https://webap0.ncue.edu.tw/DEANV2/UploadDEAN/SUBJECT/1142/67006_1MABE0010830.pdf,https://webapss.ncue.edu.tw/Teacher/Reports/OB020.aspx?yms_year=114&yms_sms=2&emp_id=0000507
281,67005,財金碩一,利息理論,,系選修,,否,3,郭志安,經世館,(四) 05-07 32713,40,1,3,限本系,,Theory of Interest,中文,https://webap0.ncue.edu.tw/DEANV2/UploadDEAN/SUBJECT/1142/67005_1MABE2168430.pdf,https://webapss.ncue.edu.tw/Teacher/Reports/OB020.aspx?yms_year=114&yms_sms=2&emp_id=0000820
282,67004,財金三,財務理論與政策,,系選修,,否,3,郭志安,經世館,(三) 05-07 32211,50,7,12,限本系,,Financial Theory and Policy,中文,https://webap0.ncue.edu.tw/DEANV2/UploadDEAN/SUBJECT/1142/67004_1MABE0139730.pdf,https://webapss.ncue.edu.tw/Teacher/Reports/OB020.aspx?yms_year=114&yms_sms=2&emp_id=0000820
283,67001,財金一,生命探索發展與實踐,,校必(通識),,否,2,陳俞如宋美妹,經世館,(一) 05-06 32211,50,0,33,限本班,大二~大四生如要修習，以線上加簽方式,Life and Career Development and Practice,中文,https://webap0.ncue.edu.tw/DEANV2/UploadDEAN/SUBJECT/1142/67001_0CCGE0177920.pdf,https://webapss.ncue.edu.tw/Teacher/Reports/OB020.aspx?yms_year=114&yms_sms=2&emp_id=0001001
284,63057,企管行銷碩一,網路行銷,,組選修,,否,3,郭子僑,經世館,(五) 02-04 32313,20,12,19,限本系,,Internet Marketing,中文,https://webap0.ncue.edu.tw/DEANV2/UploadDEAN/SUBJECT/1142/63057_1MABA2140030.pdf,https://webapss.ncue.edu.tw/Teacher/Reports/OB020.aspx?yms_year=114&yms_sms=2&emp_id=4000091
285,63056,企管碩一,國際金融專題,,組選修,,否,3,李建祈,經世館,(一) 05-07 32313,20,8,18,限本系,,Topics in International Finance,中文,https://webap0.ncue.edu.tw/DEANV2/UploadDEAN/SUBJECT/1142/63056_1MABA2148530.pdf,https://webapss.ncue.edu.tw/Teacher/Reports/OB020.aspx?yms_year=114&yms_sms=2&emp_id=4000089
286,63055,國企夜碩二B,顧客關係管理,,系選修,,否,3,葉凱莉陳世良,經世館,(三) 10-12 32403,30,0,24,限本班,,Custom Relation Management,中文,https://webap0.ncue.edu.tw/DEANV2/UploadDEAN/SUBJECT/1142/63055_1MABAE018630.pdf,https://webapss.ncue.edu.tw/Teacher/Reports/OB020.aspx?yms_year=114&yms_sms=2&emp_id=0000589
287,63054,國企夜碩二B,論文,,系必修,,否,0,論文,,,40,0,31,限本系,,Thesis,中文,https://webap0.ncue.edu.tw/DEANV2/UploadDEAN/SUBJECT/1142/63054_1MABAE019200.pdf,
288,63053,國企夜碩二B,論文指導,,系必修,,否,4,論文,,,30,0,22,限本班,,Thesis Supervision,中文,https://webap0.ncue.edu.tw/DEANV2/UploadDEAN/SUBJECT/1142/63053_1MABAE146140.pdf,
289,63052,國企夜碩二A,論文,,系必修,,否,0,論文,,,30,0,22,限本系,,Thesis,中文,https://webap0.ncue.edu.tw/DEANV2/UploadDEAN/SUBJECT/1142/63052_1MABAE019200.pdf,
290,63051,國企夜碩二A,論文指導,,系必修,,否,4,論文,,,30,0,19,限本班,,Thesis Supervision,中文,https://webap0.ncue.edu.tw/DEANV2/UploadDEAN/SUBJECT/1142/63051_1MABAE146140.pdf,
291,63050,國企夜碩一B,全球競爭力與資訊科技管理,,系必選,,否,3,黃憲彰王信文,經世館,(四) 10-12 32403,30,0,21,限本班,,Global Competitiveness and Information Technology Management,中文,https://webap0.ncue.edu.tw/DEANV2/UploadDEAN/SUBJECT/1142/63050_1MABAE149230.pdf,https://webapss.ncue.edu.tw/Teacher/Reports/OB020.aspx?yms_year=114&yms_sms=2&emp_id=0000868
292,63049,國企夜碩一B,服務與營運管理,,系必選,,否,3,吳信宏蔡碩倉,經世館,(二) 10-12 32403,30,0,22,限本班,,Service and Operation Management,中文,https://webap0.ncue.edu.tw/DEANV2/UploadDEAN/SUBJECT/1142/63049_1MABAE149730.pdf,https://webapss.ncue.edu.tw/Teacher/Reports/OB020.aspx?yms_year=114&yms_sms=2&emp_id=0000807
293,63048,國企夜碩一B,國際經濟與財務管理,,系必選,,否,3,薛明賢吳明政,經世館,(六) 05-07 32403,30,0,23,限本班,,International Economics and Finance Management,中文,https://webap0.ncue.edu.tw/DEANV2/UploadDEAN/SUBJECT/1142/63048_1MABAE149430.pdf,https://webapss.ncue.edu.tw/Teacher/Reports/OB020.aspx?yms_year=114&yms_sms=2&emp_id=0001052
294,63047,國企夜碩一B,論文寫作方法,,系必修,,否,3,白凢芸黃憲彰,經世館,(六) 02-04 32403,30,0,21,限本班,,Thesis Writing and Research Method,中文,https://webap0.ncue.edu.tw/DEANV2/UploadDEAN/SUBJECT/1142/63047_1MABAE148930.pdf,https://webapss.ncue.edu.tw/Teacher/Reports/OB020.aspx?yms_year=114&yms_sms=2&emp_id=0000981
295,63046,國企夜碩一A,策略性績效管理,,系必選,,否,3,朱志傑江家瑜,經世館,(六) 05-07 32404,30,0,13,限本班,,Strategic Performance Management,中文,https://webap0.ncue.edu.tw/DEANV2/UploadDEAN/SUBJECT/1142/63046_1MABAE149530.pdf,https://webapss.ncue.edu.tw/Teacher/Reports/OB020.aspx?yms_year=114&yms_sms=2&emp_id=0001136
296,63045,國企夜碩一A,論文寫作方法,,系必修,,否,3,江家瑜朱志傑,經世館,(六) 02-04 32404,30,0,14,限本班,,Thesis Writing and Research Method,中文,https://webap0.ncue.edu.tw/DEANV2/UploadDEAN/SUBJECT/1142/63045_1MABAE148930.pdf,https://webapss.ncue.edu.tw/Teacher/Reports/OB020.aspx?yms_year=114&yms_sms=2&emp_id=0001051
297,63044,企管行銷碩二,論文,,系必修,,否,0,論文,,,50,37,47,限本班,,Thesis,無,,
298,63043,企管行銷碩二,論文指導(二),,系必修,,否,3,論文,,,40,36,41,限本班,,Thesis Supervision II,無,,
299,63042,企管行銷碩二,全球產業分析,,組選修,,否,3,張世其,經世館,(一) 02-04 32313,20,4,3,可跨班系,,Global Industry Analysis,中文,https://webap0.ncue.edu.tw/DEANV2/UploadDEAN/SUBJECT/1142/63042_1MABA2132630.pdf,https://webapss.ncue.edu.tw/Teacher/Reports/OB020.aspx?yms_year=114&yms_sms=2&emp_id=0000813
300,63041,企管行銷碩二,資料庫行銷,,組選修,,否,3,王信文,經世館,(三) 05-07 32212,20,13,18,限本系,,Database Marketing,中文,https://webap0.ncue.edu.tw/DEANV2/UploadDEAN/SUBJECT/1142/63041_1MABA2139030.pdf,https://webapss.ncue.edu.tw/Teacher/Reports/OB020.aspx?yms_year=114&yms_sms=2&emp_id=0000764
301,63039,企管行銷碩二,管理領域職涯規劃與發展,,系必修,,否,1,李建祈,經世館,(五) 03-04 32211,40,37,38,限本班,,Career Planning and Development in Management,中文,https://webap0.ncue.edu.tw/DEANV2/UploadDEAN/SUBJECT/1142/63039_1MABA2153110.pdf,https://webapss.ncue.edu.tw/Teacher/Reports/OB020.aspx?yms_year=114&yms_sms=2&emp_id=4000089
302,63038,企管碩一,組織行為,,組選修,,否,3,朱志傑,經世館,(二) 06-08 32313,20,15,24,限本系,,Organizational Behavior,中文,https://webap0.ncue.edu.tw/DEANV2/UploadDEAN/SUBJECT/1142/63038_1MABA2141530.pdf,https://webapss.ncue.edu.tw/Teacher/Reports/OB020.aspx?yms_year=114&yms_sms=2&emp_id=0001136
303,63037,企管碩一,服務與人力資源,,組選修,,是,3,王慕容,經世館,(五) 02-04 32205,20,5,3,可跨班系,,Human Resource for Service,英文,https://webap0.ncue.edu.tw/DEANV2/UploadDEAN/SUBJECT/1142/63037_1MABA2004830_EN.pdf,https://webapss.ncue.edu.tw/Teacher/Reports/OB020.aspx?yms_year=114&yms_sms=2&emp_id=0000889
304,63036,企管碩一,管理會計,,組必修,,否,3,江家瑜,經世館,(四) 05-07 32404,25,24,28,限本系,,Managerial Accounting,中文,https://webap0.ncue.edu.tw/DEANV2/UploadDEAN/SUBJECT/1142/63036_1MABA2144630.pdf,https://webapss.ncue.edu.tw/Teacher/Reports/OB020.aspx?yms_year=114&yms_sms=2&emp_id=0001051
305,63035,企管碩一,行銷管理與策略,,組必修,,否,3,葉凱莉,經世館,(三) 02-04 32404,25,24,29,可跨班系,,Marketing Management and Strategy,中文,https://webap0.ncue.edu.tw/DEANV2/UploadDEAN/SUBJECT/1142/63035_1MABA2003930.pdf,https://webapss.ncue.edu.tw/Teacher/Reports/OB020.aspx?yms_year=114&yms_sms=2&emp_id=0000589
306,63034,企管碩一,經營與作業管理策略,,組必修,,否,3,白凢芸,經世館,(二) 02-04 32404,25,24,31,限本班,,Operations Management and Strategy,中文,https://webap0.ncue.edu.tw/DEANV2/UploadDEAN/SUBJECT/1142/63034_1MABA2011830.pdf,https://webapss.ncue.edu.tw/Teacher/Reports/OB020.aspx?yms_year=114&yms_sms=2&emp_id=0000981
307,63033,企管碩一,多變量統計分析,,組必修,,否,3,白凢芸,經世館,(四) 02-04 32404,25,26,32,限本系,,Multivariate Statistical Analysis,中文,https://webap0.ncue.edu.tw/DEANV2/UploadDEAN/SUBJECT/1142/63033_1MABA2010530.pdf,https://webapss.ncue.edu.tw/Teacher/Reports/OB020.aspx?yms_year=114&yms_sms=2&emp_id=0000981
308,63032,企管行銷碩一,資料分析與討論,,系選修,,否,3,吳信宏,經世館,(二) 06-08 32404,20,19,15,可跨班系,,Data Analytics and Discussion,中文,https://webap0.ncue.edu.tw/DEANV2/UploadDEAN/SUBJECT/1142/63032_1MABA2156630.pdf,https://webapss.ncue.edu.tw/Teacher/Reports/OB020.aspx?yms_year=114&yms_sms=2&emp_id=0000807
309,63031,企管行銷碩一,商業簡報技巧,,組選修,,是,3,王慕容,經世館,(二) 06-08 32205,20,6,4,可跨班系,,Presentation Skill,英文,https://webap0.ncue.edu.tw/DEANV2/UploadDEAN/SUBJECT/1142/63031_1MABA2124630_EN.pdf,https://webapss.ncue.edu.tw/Teacher/Reports/OB020.aspx?yms_year=114&yms_sms=2&emp_id=0000889
310,63030,企管行銷碩一,管理個案分析,,組選修,,否,3,吳信宏,經世館,(一) 05-07 32404,20,28,15,可跨班系,,Management Case Study,中文,https://webap0.ncue.edu.tw/DEANV2/UploadDEAN/SUBJECT/1142/63030_1MABA2145230.pdf,https://webapss.ncue.edu.tw/Teacher/Reports/OB020.aspx?yms_year=114&yms_sms=2&emp_id=0000807
311,63029,企管行銷碩一,管理經濟與決策,,組必修,,否,3,黃憲彰,經世館,(四) 02-04 32212,20,18,21,限本系,,Managerial Economics and Decision,中英,https://webap0.ncue.edu.tw/DEANV2/UploadDEAN/SUBJECT/1142/63029_1MABA2007830.pdf,https://webapss.ncue.edu.tw/Teacher/Reports/OB020.aspx?yms_year=114&yms_sms=2&emp_id=0000868
312,63028,企管行銷碩一,消費者行為,,組必修,,否,3,葉凱莉,經世館,(二) 02-04 32212,20,20,20,可跨班系,,Consumer Behavior,中文,https://webap0.ncue.edu.tw/DEANV2/UploadDEAN/SUBJECT/1142/63028_1MABA2138630.pdf,https://webapss.ncue.edu.tw/Teacher/Reports/OB020.aspx?yms_year=114&yms_sms=2&emp_id=0000589
313,63027,企管行銷碩一,流通管理,,組必修,,否,3,白凢芸陳世良,經世館,(四) 05-07 32212,20,18,21,限本班,,Logistics Management,中文,https://webap0.ncue.edu.tw/DEANV2/UploadDEAN/SUBJECT/1142/63027_1MABA2138730.pdf,https://webapss.ncue.edu.tw/Teacher/Reports/OB020.aspx?yms_year=114&yms_sms=2&emp_id=0000981
314,63026,企管行銷碩一,多變量統計分析,,組必修,,否,3,王信文,經世館,(三) 02-04 32212,20,18,21,限本系,,Multivariate Statistical Analysis,中文,https://webap0.ncue.edu.tw/DEANV2/UploadDEAN/SUBJECT/1142/63026_1MABA2010530.pdf,https://webapss.ncue.edu.tw/Teacher/Reports/OB020.aspx?yms_year=114&yms_sms=2&emp_id=0000764
315,63025,企管行銷碩一,領導與團隊合作,,系必修,,否,1,黃蘭鍈,經世館,(一) 03-04 32403,41,41,51,限本班,,Leadership and Team Cooperation,中文,https://webap0.ncue.edu.tw/DEANV2/UploadDEAN/SUBJECT/1142/63025_1MABA2152910.pdf,https://webapss.ncue.edu.tw/Teacher/Reports/OB020.aspx?yms_year=114&yms_sms=2&emp_id=0000770
316,63024,企管四,保險實務,,系選修,,否,3,陳英芳,教學二館,(五) 05-07 34102,70,14,61,可跨班系,,Insurance Practice,中文,https://webap0.ncue.edu.tw/DEANV2/UploadDEAN/SUBJECT/1142/63024_1MABA0011630.pdf,https://webapss.ncue.edu.tw/Teacher/Reports/OB020.aspx?yms_year=114&yms_sms=2&emp_id=9900371
317,63023,企管三,個人理財,,系選修,,否,3,林定樺于雲真,經世館,(四) 02-04 32403,50,20,26,可跨班系,,Personal Finance,中文,https://webap0.ncue.edu.tw/DEANV2/UploadDEAN/SUBJECT/1142/63023_1MABA0122730.pdf,https://webapss.ncue.edu.tw/Teacher/Reports/OB020.aspx?yms_year=114&yms_sms=2&emp_id=9901134
318,63022,企管二,廣告管理,,系選修,,否,3,郭昭蘭,經世館,(五) 02-04 32403,50,19,25,限本系,,Advertising Management,中英,https://webap0.ncue.edu.tw/DEANV2/UploadDEAN/SUBJECT/1142/63022_1MABA0009930.pdf,https://webapss.ncue.edu.tw/Teacher/Reports/OB020.aspx?yms_year=114&yms_sms=2&emp_id=9900778
319,63021,企管三,職場體驗,,系選修,,否,3,朱志傑江家瑜,經世館,(三) 05-07 32403,50,39,42,可跨班系,,Workplace Experience,中文,https://webap0.ncue.edu.tw/DEANV2/UploadDEAN/SUBJECT/1142/63021_1MABA0156430.pdf,https://webapss.ncue.edu.tw/Teacher/Reports/OB020.aspx?yms_year=114&yms_sms=2&emp_id=0001136
320,63019,企管三,策略管理,,系必修,,否,3,張世其,經世館,(三) 02-04 32403,57,55,63,限本班,,Strategic Management,中文,https://webap0.ncue.edu.tw/DEANV2/UploadDEAN/SUBJECT/1142/63019_1MABA0012430.pdf,https://webapss.ncue.edu.tw/Teacher/Reports/OB020.aspx?yms_year=114&yms_sms=2&emp_id=0000813
321,63018,企管三,品質管理,,系必修,,否,3,吳信宏,經世館,(二) 02-04 32403,57,58,62,可跨班系,,Quality Management,中文,https://webap0.ncue.edu.tw/DEANV2/UploadDEAN/SUBJECT/1142/63018_1MABA0002830.pdf,https://webapss.ncue.edu.tw/Teacher/Reports/OB020.aspx?yms_year=114&yms_sms=2&emp_id=0000807
322,63017,企管三,國際企業管理,,系必修,,否,3,黃蘭鍈,經世館,(一) 05-07 32405,57,54,64,限本班,,International Business Management,中英,https://webap0.ncue.edu.tw/DEANV2/UploadDEAN/SUBJECT/1142/63017_1MABA0013130.pdf,https://webapss.ncue.edu.tw/Teacher/Reports/OB020.aspx?yms_year=114&yms_sms=2&emp_id=0000770
323,63016,企管三,國際財務管理,,系必修,,否,3,黃憲彰,經世館,(二) 06-08 32405,57,54,62,限本班,,International Financial Management,中文,https://webap0.ncue.edu.tw/DEANV2/UploadDEAN/SUBJECT/1142/63016_1MABA0005830.pdf,https://webapss.ncue.edu.tw/Teacher/Reports/OB020.aspx?yms_year=114&yms_sms=2&emp_id=0000868
324,63014,企管二,組織行為,,系選修,,否,3,朱志傑,經世館,(二) 02-04 32405,60,78,61,可跨班系,,Organizational Behavior,中文,https://webap0.ncue.edu.tw/DEANV2/UploadDEAN/SUBJECT/1142/63014_1MABA0121930.pdf,https://webapss.ncue.edu.tw/Teacher/Reports/OB020.aspx?yms_year=114&yms_sms=2&emp_id=0001136
325,63013,企管二,商用日語(二),,系選修,,否,3,田和亞輝,經世館,(五) 02-04 32405,50,34,38,可跨班系,,Business Japanese II,中英,https://webap0.ncue.edu.tw/DEANV2/UploadDEAN/SUBJECT/1142/63013_1MABA0143130.pdf,https://webapss.ncue.edu.tw/Teacher/Reports/OB020.aspx?yms_year=114&yms_sms=2&emp_id=9900914
326,63012,企管二,財務管理,,系必修,,否,3,李建祈,經世館,(二) 06-08 32403,50,45,53,限本班,,Financial Management,中文,https://webap0.ncue.edu.tw/DEANV2/UploadDEAN/SUBJECT/1142/63012_1MABA0005930.pdf,https://webapss.ncue.edu.tw/Teacher/Reports/OB020.aspx?yms_year=114&yms_sms=2&emp_id=4000089
327,63011,企管二,管理會計,,系必修,,否,3,江家瑜,經世館,(一) 02-04 32405,50,49,54,限本系,,Managerial Accounting,中文,https://webap0.ncue.edu.tw/DEANV2/UploadDEAN/SUBJECT/1142/63011_1MABA0009330.pdf,https://webapss.ncue.edu.tw/Teacher/Reports/OB020.aspx?yms_year=114&yms_sms=2&emp_id=0001051
328,63010,企管二,統計學(二),,系必修,,否,3,郭子僑,經世館,(四) 05-07 32405,50,47,62,限本系,,Statistics II,中英,https://webap0.ncue.edu.tw/DEANV2/UploadDEAN/SUBJECT/1142/63010_1MABA0002330.pdf,https://webapss.ncue.edu.tw/Teacher/Reports/OB020.aspx?yms_year=114&yms_sms=2&emp_id=4000091
329,63009,企管二,國際行銷,,系必修,,是,3,王慕容,經世館,(三) 05-07 32405,50,54,59,可跨班系,,International Marketing,英文,https://webap0.ncue.edu.tw/DEANV2/UploadDEAN/SUBJECT/1142/63009_1MABA0006430_EN.pdf,https://webapss.ncue.edu.tw/Teacher/Reports/OB020.aspx?yms_year=114&yms_sms=2&emp_id=0000889
330,63008,企管二,商事法概論,,系必修,,否,3,陳忠儀,經世館,(五) 05-07 32403,50,46,60,限本班,,Business Law,中文,https://webap0.ncue.edu.tw/DEANV2/UploadDEAN/SUBJECT/1142/63008_1MABA0016430.pdf,https://webapss.ncue.edu.tw/Teacher/Reports/OB020.aspx?yms_year=114&yms_sms=2&emp_id=9901015
331,63007,企管一,商業智慧與大數據分析應用,,系必修,,否,3,王信文,教學一館,(二) 02-04 33202,56,55,64,限本班,,"Business Intelligence, Big Data Analytics and Applications",中文,https://webap0.ncue.edu.tw/DEANV2/UploadDEAN/SUBJECT/1142/63007_1MABA0154530.pdf,https://webapss.ncue.edu.tw/Teacher/Reports/OB020.aspx?yms_year=114&yms_sms=2&emp_id=0000764
332,63006,企管一,會計學實習(二),,系必修,,否,0,湯玉珍,教學一館,(三) 05-06 33202,56,51,66,限本班,,Accounting Practice II,中文,https://webap0.ncue.edu.tw/DEANV2/UploadDEAN/SUBJECT/1142/63006_1MABA0010400.pdf,https://webapss.ncue.edu.tw/Teacher/Reports/OB020.aspx?yms_year=114&yms_sms=2&emp_id=0000848
333,63005,企管一,經濟學(二),,系必修,,否,3,黃蘭鍈,經世館,(二) 06-08 32211,56,54,58,限本班,,Economics II,中英,https://webap0.ncue.edu.tw/DEANV2/UploadDEAN/SUBJECT/1142/63005_1MABA0012030.pdf,https://webapss.ncue.edu.tw/Teacher/Reports/OB020.aspx?yms_year=114&yms_sms=2&emp_id=0000770
334,63004,企管一,管理學,,系必修,,否,3,梁貫御,教學一館,(四) 05-07 33202,56,54,67,限本班,,Principles of Management,中文,https://webap0.ncue.edu.tw/DEANV2/UploadDEAN/SUBJECT/1142/63004_1MABA0009630.pdf,https://webapss.ncue.edu.tw/Teacher/Reports/OB020.aspx?yms_year=114&yms_sms=2&emp_id=9901283
335,63003,企管一,會計學(二),,系必修,,否,3,湯玉珍,教學一館,(一) 05-07 33202,56,51,70,限本班,,Accounting II,中文,https://webap0.ncue.edu.tw/DEANV2/UploadDEAN/SUBJECT/1142/63003_1MABA0012230.pdf,https://webapss.ncue.edu.tw/Teacher/Reports/OB020.aspx?yms_year=114&yms_sms=2&emp_id=0000848
336,63002,企管一,美國歷史,,系選修,,是,3,保羅霍夫曼,教學一館,(一) 02-04 33202,50,44,47,限本班,,American History,中英,https://webap0.ncue.edu.tw/DEANV2/UploadDEAN/SUBJECT/1142/63002_1MABA0143530.pdf,https://webapss.ncue.edu.tw/Teacher/Reports/OB020.aspx?yms_year=114&yms_sms=2&emp_id=9901001
337,63001,企管一,生命探索發展與實踐,,校必(通識),,否,2,郭子僑江家瑜,教學一館,(三) 03-04 33202,50,0,58,限本班,大二~大四生如要修習，以線上加簽方式。教師:郭子僑(待聘)、江家瑜,Life and Career Development and Practice,中文,https://webap0.ncue.edu.tw/DEANV2/UploadDEAN/SUBJECT/1142/63001_0CCGE0177920.pdf,https://webapss.ncue.edu.tw/Teacher/Reports/OB020.aspx?yms_year=114&yms_sms=2&emp_id=4000091
338,62078,企高夜碩二A,論文指導,,系必修,,否,4,論文,,,60,0,46,限本系,,Thesis Advice,中文,https://webap0.ncue.edu.tw/DEANV2/UploadDEAN/SUBJECT/1142/62078_1MAACE147840.pdf,
339,62077,企高夜碩二A,論文,,系必修,,否,0,論文,,,60,0,52,限本系,,Research Thesis,中文,https://webap0.ncue.edu.tw/DEANV2/UploadDEAN/SUBJECT/1142/62077_1MAACE024900.pdf,
340,62076,企高夜碩一A,全球產業競爭分析,,系選修,,否,3,陳皆碩楊昌田,經世館,(六) 02-04 32312-二館,30,0,18,限本系,,Global Industry Competitive Analysis,中文,https://webap0.ncue.edu.tw/DEANV2/UploadDEAN/SUBJECT/1142/62076_1MAACE148930.pdf,https://webapss.ncue.edu.tw/Teacher/Reports/OB020.aspx?yms_year=114&yms_sms=2&emp_id=0000978
341,62075,企高夜碩一A,地方創生管理與產業升級,,系選修,,否,3,薛明賢,經世館,(五) 10-12 32105-二館,30,0,24,限本系,,Management on Regional Revitalization and Business Revolution,中英,https://webap0.ncue.edu.tw/DEANV2/UploadDEAN/SUBJECT/1142/62075_1MAACE159530.pdf,https://webapss.ncue.edu.tw/Teacher/Reports/OB020.aspx?yms_year=114&yms_sms=2&emp_id=0001052
342,62074,企高夜碩一A,海外企業經營研討,,系選修,,否,3,陳皆碩楊昌田,經世館,(四) 10-12 32312-二館,30,0,16,限本系,含國外移地教學,Seminar on International Business Management,中文,https://webap0.ncue.edu.tw/DEANV2/UploadDEAN/SUBJECT/1142/62074_1MAACE144430.pdf,https://webapss.ncue.edu.tw/Teacher/Reports/OB020.aspx?yms_year=114&yms_sms=2&emp_id=0000978
343,62073,企高夜碩一A,企業倫理研討,,系選修,,否,3,陳皆碩,經世館,(三) 10-12 32105-二館,30,0,20,限本系,,Seminar on Business Ethics,中文,https://webap0.ncue.edu.tw/DEANV2/UploadDEAN/SUBJECT/1142/62073_1MAACE145930.pdf,https://webapss.ncue.edu.tw/Teacher/Reports/OB020.aspx?yms_year=114&yms_sms=2&emp_id=0000978
344,62072,企高夜碩一A,策略管理研討,,系選修,,否,3,彭智偉,經世館,(三) 10-12 32312-二館,30,0,32,限本系,,Seminar on Strategic Management,中文,https://webap0.ncue.edu.tw/DEANV2/UploadDEAN/SUBJECT/1142/62072_1MAACE145330.pdf,https://webapss.ncue.edu.tw/Teacher/Reports/OB020.aspx?yms_year=114&yms_sms=2&emp_id=0001039
345,62071,企高夜碩一A,財務個案研究,,系選修,,否,3,吳明政,經世館,(二) 10-12 32105-二館,30,0,25,限本系,,Case Study in Finance,中文,https://webap0.ncue.edu.tw/DEANV2/UploadDEAN/SUBJECT/1142/62071_1MAACE150830.pdf,https://webapss.ncue.edu.tw/Teacher/Reports/OB020.aspx?yms_year=114&yms_sms=2&emp_id=0000789
346,62070,企高夜碩一A,策略地圖與平衡計分卡研討,,系選修,,否,3,邱垂昌,經世館,(二) 10-12 32603,30,0,25,限本系,,Seminar on Strategic Map and Balance Scorecard,中文,https://webap0.ncue.edu.tw/DEANV2/UploadDEAN/SUBJECT/1142/62070_1MAACE150630.pdf,https://webapss.ncue.edu.tw/Teacher/Reports/OB020.aspx?yms_year=114&yms_sms=2&emp_id=0000724
347,62069,企高夜碩一A,會計分析與管理決策研討,,系選修,,否,3,林宜君,經世館,(一) 10-12 32603,30,0,24,限本系,,Seminar on Accounting Analysis and Management Decision,中文,https://webap0.ncue.edu.tw/DEANV2/UploadDEAN/SUBJECT/1142/62069_1MAACE149230.pdf,https://webapss.ncue.edu.tw/Teacher/Reports/OB020.aspx?yms_year=114&yms_sms=2&emp_id=0001149
348,62068,會三甲,證券市場與投資,,系選修,,否,3,林宜君于紀隆,經世館,(三) 05-07 32712,50,31,26,限本班,,Security Market and Investment,中文,https://webap0.ncue.edu.tw/DEANV2/UploadDEAN/SUBJECT/1142/62068_1MAAC0146230.pdf,https://webapss.ncue.edu.tw/Teacher/Reports/OB020.aspx?yms_year=114&yms_sms=2&emp_id=0001149
349,62067,會碩二乙,論文指導(二),,系必修,,否,3,,,,30,19,23,限本班,,Thesis Advice,無,,
350,62066,會碩二乙,論文,,系必修,,否,0,,,,30,19,24,限本班,,Research Thesis,無,,
351,62065,會碩二甲,論文指導(二),,系必修,,否,3,,,,30,16,18,限本班,,Thesis Advice,無,,
352,62064,會碩二甲,論文,,系必修,,否,0,,,,30,16,20,限本班,,Research Thesis,無,,
353,62063,會碩一乙,會計研究方法,,系必修,,是,3,林玉君,經世館,(五) 05-07 32603,30,19,21,限本班,,Research Methodology in Accounting Study,中英,https://webap0.ncue.edu.tw/DEANV2/UploadDEAN/SUBJECT/1142/62063_1MAAC2007630.pdf,https://webapss.ncue.edu.tw/Teacher/Reports/OB020.aspx?yms_year=114&yms_sms=2&emp_id=0001125
354,62062,會三乙,稅法專題,,系選修,,否,3,沈萬發,經世館,(五) 02-04 32603,50,41,53,限本系,,Topics of Tax Laws,中文,https://webap0.ncue.edu.tw/DEANV2/UploadDEAN/SUBJECT/1142/62062_1MAAC0140430.pdf,https://webapss.ncue.edu.tw/Teacher/Reports/OB020.aspx?yms_year=114&yms_sms=2&emp_id=9900976
355,62061,會二乙,管理會計學(二),,系必修,,否,3,陳皆碩,經世館,(五) 05-07 32312-二館,50,41,46,限本班,,Managerial Accounting II,中文,https://webap0.ncue.edu.tw/DEANV2/UploadDEAN/SUBJECT/1142/62061_1MAAC0128130.pdf,https://webapss.ncue.edu.tw/Teacher/Reports/OB020.aspx?yms_year=114&yms_sms=2&emp_id=0000978
356,62060,會二甲,管理會計學(二),,系必修,,否,3,陳皆碩,經世館,(五) 02-04 32312-二館,50,38,46,限本班,,Managerial Accounting II,中文,https://webap0.ncue.edu.tw/DEANV2/UploadDEAN/SUBJECT/1142/62060_1MAAC0128130.pdf,https://webapss.ncue.edu.tw/Teacher/Reports/OB020.aspx?yms_year=114&yms_sms=2&emp_id=0000978
357,62059,會一乙,經濟學(二),,系必修,,是,3,薛明賢,經世館,(五) 05-07 32105-二館,50,40,40,可跨班系,,Economics II,英文,https://webap0.ncue.edu.tw/DEANV2/UploadDEAN/SUBJECT/1142/62059_1MAAC0025330_EN.pdf,https://webapss.ncue.edu.tw/Teacher/Reports/OB020.aspx?yms_year=114&yms_sms=2&emp_id=0001052
358,62058,會一甲,經濟學(二),,系必修,,是,3,薛明賢,經世館,(五) 02-04 32105-二館,50,41,43,可跨班系,,Economics II,英文,https://webap0.ncue.edu.tw/DEANV2/UploadDEAN/SUBJECT/1142/62058_1MAAC0025330_EN.pdf,https://webapss.ncue.edu.tw/Teacher/Reports/OB020.aspx?yms_year=114&yms_sms=2&emp_id=0001052
359,62057,會碩一乙,區塊鏈研討,,系選修,,否,3,黃木榮,經世館,(一) 05-07 32603,30,31,25,限本系,,Seminar on Blockchain,中文,https://webap0.ncue.edu.tw/DEANV2/UploadDEAN/SUBJECT/1142/62057_1MAAC2158830.pdf,https://webapss.ncue.edu.tw/Teacher/Reports/OB020.aspx?yms_year=114&yms_sms=2&emp_id=9901203
360,62056,會碩一甲,績效管理之個案研討,,系選修,,否,3,林宜君,經世館,(五) 02-04 32309教室,30,45,32,限本系,,Seminar on Case Study  in Performance Management,中文,https://webap0.ncue.edu.tw/DEANV2/UploadDEAN/SUBJECT/1142/62056_1MAAC2006330.pdf,https://webapss.ncue.edu.tw/Teacher/Reports/OB020.aspx?yms_year=114&yms_sms=2&emp_id=0001149
361,62055,會碩二甲,心理學實驗研討,,系選修,,否,3,鄭國枝王火明,經世館,(四) 05-07 32105-二館,30,49,45,限本系,,Seminar on Psychology Experiment,中文,https://webap0.ncue.edu.tw/DEANV2/UploadDEAN/SUBJECT/1142/62055_1MAAC2152530.pdf,https://webapss.ncue.edu.tw/Teacher/Reports/OB020.aspx?yms_year=114&yms_sms=2&emp_id=0000971
362,62054,會四甲,高級會計學實習(二),,系必修,,否,0,彭智偉,經世館,(四) 08-09 32312-二館,50,35,38,限本班,,Advanced Accounting Practice II,中文,https://webap0.ncue.edu.tw/DEANV2/UploadDEAN/SUBJECT/1142/62054_1MAAC0009900.pdf,https://webapss.ncue.edu.tw/Teacher/Reports/OB020.aspx?yms_year=114&yms_sms=2&emp_id=0001039
363,62053,會三乙,商業模式,,系選修,,否,3,林蘭惠,經世館,(四) 05-07 32603,50,28,30,限本系,,Business Model,中文,https://webap0.ncue.edu.tw/DEANV2/UploadDEAN/SUBJECT/1142/62053_1MAAC0157230.pdf,https://webapss.ncue.edu.tw/Teacher/Reports/OB020.aspx?yms_year=114&yms_sms=2&emp_id=9901056
364,62052,會三乙,創業管理,,系選修,,否,3,林宜君,經世館,(四) 02-04 32105-二館,50,28,35,限本系,,Entrepreneurship Management,中文,https://webap0.ncue.edu.tw/DEANV2/UploadDEAN/SUBJECT/1142/62052_1MAAC0157130.pdf,https://webapss.ncue.edu.tw/Teacher/Reports/OB020.aspx?yms_year=114&yms_sms=2&emp_id=0001149
365,62051,會三甲,文化創意管理,,系選修,,否,3,薛明賢,經世館,(四) 02-04 32312-二館,50,21,30,可跨班系,,Cultural and Creative Business Management,中文,https://webap0.ncue.edu.tw/DEANV2/UploadDEAN/SUBJECT/1142/62051_1MAAC0156230.pdf,https://webapss.ncue.edu.tw/Teacher/Reports/OB020.aspx?yms_year=114&yms_sms=2&emp_id=0001052
366,62050,會二乙,中級會計學實習(二),,系必修,,否,0,陳瑞斌,教學一館,(四) 08-09 33403,50,42,58,限本班,,Intermediate Accounting Practice II,中文,https://webap0.ncue.edu.tw/DEANV2/UploadDEAN/SUBJECT/1142/62050_1MAAC0010200.pdf,https://webapss.ncue.edu.tw/Teacher/Reports/OB020.aspx?yms_year=114&yms_sms=2&emp_id=0000904
367,62049,會二甲,中級會計學實習(二),,系必修,,否,0,林美鳳,教學一館,(四) 08-09 33102,50,39,42,限本班,,Intermediate Accounting Practice II,中文,https://webap0.ncue.edu.tw/DEANV2/UploadDEAN/SUBJECT/1142/62049_1MAAC0010200.pdf,https://webapss.ncue.edu.tw/Teacher/Reports/OB020.aspx?yms_year=114&yms_sms=2&emp_id=0000987
368,62048,會二乙,基礎日文,,系選修,,否,3,林正成,經世館,(四) 05-07 32312-二館,50,30,29,限本系,,Elementary Japanese,中文,https://webap0.ncue.edu.tw/DEANV2/UploadDEAN/SUBJECT/1142/62048_1MAAC0157530.pdf,https://webapss.ncue.edu.tw/Teacher/Reports/OB020.aspx?yms_year=114&yms_sms=2&emp_id=9901228
369,62047,會一乙,管理學,,系必修,,是,3,林宜君,教學一館,(四) 05-07 33403,50,38,39,限本班,,Introduction of Management,英文,https://webap0.ncue.edu.tw/DEANV2/UploadDEAN/SUBJECT/1142/62047_1MAAC0146130_EN.pdf,https://webapss.ncue.edu.tw/Teacher/Reports/OB020.aspx?yms_year=114&yms_sms=2&emp_id=0001149
370,62046,會一甲,會計學實習(二),,系必修,,否,0,方俊儒,經世館,(四) 08-09 32105-二館,50,39,51,限本班,,Accounting Practice II,中文,https://webap0.ncue.edu.tw/DEANV2/UploadDEAN/SUBJECT/1142/62046_1MAAC0010500.pdf,https://webapss.ncue.edu.tw/Teacher/Reports/OB020.aspx?yms_year=114&yms_sms=2&emp_id=0000954
371,62045,會一甲,商用數學,,系必修,,是,3,李桓伊,教學一館,(四) 05-07 33102,50,38,45,限本班,,Business Mathematics,英文,https://webap0.ncue.edu.tw/DEANV2/UploadDEAN/SUBJECT/1142/62045_1MAAC0146030_EN.pdf,https://webapss.ncue.edu.tw/Teacher/Reports/OB020.aspx?yms_year=114&yms_sms=2&emp_id=0001146
372,62044,會碩二乙,專題研討(四),,系必修,,否,1,鄭國枝,經世館,(三) 08 32603,30,19,23,限本班,,Seminar on Research Topics IV,中文,https://webap0.ncue.edu.tw/DEANV2/UploadDEAN/SUBJECT/1142/62044_1MAAC2154710.pdf,https://webapss.ncue.edu.tw/Teacher/Reports/OB020.aspx?yms_year=114&yms_sms=2&emp_id=0000971
373,62043,會碩二甲,專題研討(四),,系必修,,否,1,鄭國枝,經世館,(三) 07 32603,30,14,18,限本班,,Seminar on Research Topics IV,中文,https://webap0.ncue.edu.tw/DEANV2/UploadDEAN/SUBJECT/1142/62043_1MAAC2154710.pdf,https://webapss.ncue.edu.tw/Teacher/Reports/OB020.aspx?yms_year=114&yms_sms=2&emp_id=0000971
374,62042,會碩一乙,專題研討(二),,系必修,,否,1,鄭國枝,經世館,(三) 06 32603,30,18,19,限本班,,Seminar on Research Topics II,中文,https://webap0.ncue.edu.tw/DEANV2/UploadDEAN/SUBJECT/1142/62042_1MAAC2154510.pdf,https://webapss.ncue.edu.tw/Teacher/Reports/OB020.aspx?yms_year=114&yms_sms=2&emp_id=0000971
375,62041,會碩一甲,專題研討(二),,系必修,,否,1,鄭國枝,經世館,(三) 05 32603,30,15,19,限本班,,Seminar on Research Topics II,中文,https://webap0.ncue.edu.tw/DEANV2/UploadDEAN/SUBJECT/1142/62041_1MAAC2154510.pdf,https://webapss.ncue.edu.tw/Teacher/Reports/OB020.aspx?yms_year=114&yms_sms=2&emp_id=0000971
376,62040,會碩一甲,審計理論與實務,,系必修,,否,3,方俊儒,經世館,(三) 02-04 32309教室,30,15,22,限本班,,Advanced  Auditing  Theory  and Practice,中文,https://webap0.ncue.edu.tw/DEANV2/UploadDEAN/SUBJECT/1142/62040_1MAAC2009030.pdf,https://webapss.ncue.edu.tw/Teacher/Reports/OB020.aspx?yms_year=114&yms_sms=2&emp_id=0000954
377,62039,會四乙,高級會計學(二),,系必修,,否,3,彭智偉,經世館,(三) 06-08 32312-二館,50,35,39,限本班,,Advanced Accounting II,中文,https://webap0.ncue.edu.tw/DEANV2/UploadDEAN/SUBJECT/1142/62039_1MAAC0009530.pdf,https://webapss.ncue.edu.tw/Teacher/Reports/OB020.aspx?yms_year=114&yms_sms=2&emp_id=0001039
378,62038,會三乙,證券市場與投資,,系選修,,否,3,李桓伊傅文芳,經世館,(三) 05-07 32713,50,31,33,限本班,,Security Market and Investment,中文,https://webap0.ncue.edu.tw/DEANV2/UploadDEAN/SUBJECT/1142/62038_1MAAC0146230.pdf,https://webapss.ncue.edu.tw/Teacher/Reports/OB020.aspx?yms_year=114&yms_sms=2&emp_id=0001146
379,62037,會三甲,審計學(二),,系必修,,否,3,張文瀞,經世館,(三) 02-04 32603,50,39,43,限本班,,Auditing II,英文,https://webap0.ncue.edu.tw/DEANV2/UploadDEAN/SUBJECT/1142/62037_1MAAC0021330_EN.pdf,https://webapss.ncue.edu.tw/Teacher/Reports/OB020.aspx?yms_year=114&yms_sms=2&emp_id=0000691
380,62035,會二甲,中級會計專題(二),,系選修,,否,2,林美鳳,經世館,(三) 03-04 32312-二館,50,39,42,限本班,,Seminar on Intermediate Accounting II,中文,https://webap0.ncue.edu.tw/DEANV2/UploadDEAN/SUBJECT/1142/62035_1MAAC0140020.pdf,https://webapss.ncue.edu.tw/Teacher/Reports/OB020.aspx?yms_year=114&yms_sms=2&emp_id=0000987
381,62034,會二甲,統計學(二),,系必修,,否,3,邱垂昌,經世館,(三) 06-08 32105-二館,50,39,48,限本班,,Statistics II,中文,https://webap0.ncue.edu.tw/DEANV2/UploadDEAN/SUBJECT/1142/62034_1MAAC0015730.pdf,https://webapss.ncue.edu.tw/Teacher/Reports/OB020.aspx?yms_year=114&yms_sms=2&emp_id=0000724
382,62033,會二乙,統計學(二),,系必修,,否,3,邱垂昌,經世館,(三) 02-04 32105-二館,50,42,55,限本班,,Statistics II,中文,https://webap0.ncue.edu.tw/DEANV2/UploadDEAN/SUBJECT/1142/62033_1MAAC0015730.pdf,https://webapss.ncue.edu.tw/Teacher/Reports/OB020.aspx?yms_year=114&yms_sms=2&emp_id=0000724
383,62032,會一乙,會計學實習(二),,系必修,,否,0,方俊儒,教學一館,(三) 08-09 33102,50,38,59,限本班,,Accounting Practice II,中文,https://webap0.ncue.edu.tw/DEANV2/UploadDEAN/SUBJECT/1142/62032_1MAAC0010500.pdf,https://webapss.ncue.edu.tw/Teacher/Reports/OB020.aspx?yms_year=114&yms_sms=2&emp_id=0000954
384,62031,會碩一乙,管理會計理論與實務,,系必修,,否,3,鄭國枝,經世館,(二) 05-07 32309教室,30,15,17,限本班,,Managerial Accounting Theory and Practice,中文,https://webap0.ncue.edu.tw/DEANV2/UploadDEAN/SUBJECT/1142/62031_1MAAC2009230.pdf,https://webapss.ncue.edu.tw/Teacher/Reports/OB020.aspx?yms_year=114&yms_sms=2&emp_id=0000971
385,62030,會碩一乙,科技創新管理研討,,系選修,,否,3,陳雅玲,經世館,(二) 02-04 32309教室,30,40,43,限本系,,Seminar  on  Technology  and   Innovation Management,中文,https://webap0.ncue.edu.tw/DEANV2/UploadDEAN/SUBJECT/1142/62030_1MAAC2147530.pdf,https://webapss.ncue.edu.tw/Teacher/Reports/OB020.aspx?yms_year=114&yms_sms=2&emp_id=0000983
386,62028,會四乙,高級會計學實習(二),,系必修,,否,0,彭智偉,經世館,(二) 08-09 32312-二館,50,33,48,限本班,,Advanced Accounting Practice II,中文,https://webap0.ncue.edu.tw/DEANV2/UploadDEAN/SUBJECT/1142/62028_1MAAC0009900.pdf,https://webapss.ncue.edu.tw/Teacher/Reports/OB020.aspx?yms_year=114&yms_sms=2&emp_id=0001039
387,62027,會四甲,高級會計學(二),,系必修,,否,3,彭智偉,經世館,(二) 05-07 32312-二館,50,37,47,限本班,,Advanced Accounting II,中文,https://webap0.ncue.edu.tw/DEANV2/UploadDEAN/SUBJECT/1142/62027_1MAAC0009530.pdf,https://webapss.ncue.edu.tw/Teacher/Reports/OB020.aspx?yms_year=114&yms_sms=2&emp_id=0001039
388,62026,會三甲,財務報表分析,,系選修,,否,3,邱垂昌,經世館,(二) 02-04 32309-1,50,30,38,可跨班系,,Financial Statement Analysis,中文,https://webap0.ncue.edu.tw/DEANV2/UploadDEAN/SUBJECT/1142/62026_1MAAC0005930.pdf,https://webapss.ncue.edu.tw/Teacher/Reports/OB020.aspx?yms_year=114&yms_sms=2&emp_id=0000724
389,62025,會三乙,內部控制與稽核,,系選修,,否,3,林玉君,經世館,(二) 05-07 32603,50,51,51,限本系,,Internal Control and Auditing,中文,https://webap0.ncue.edu.tw/DEANV2/UploadDEAN/SUBJECT/1142/62025_1MAAC0140830.pdf,https://webapss.ncue.edu.tw/Teacher/Reports/OB020.aspx?yms_year=114&yms_sms=2&emp_id=0001125
390,62024,會三乙,審計學(二),,系必修,,否,3,張文瀞,經世館,(二) 02-04 32603,50,35,44,限本班,,Auditing II,英文,https://webap0.ncue.edu.tw/DEANV2/UploadDEAN/SUBJECT/1142/62024_1MAAC0021330_EN.pdf,https://webapss.ncue.edu.tw/Teacher/Reports/OB020.aspx?yms_year=114&yms_sms=2&emp_id=0000691
391,62023,會二甲,管理會計學實習(二),,系必修,,否,0,陳皆碩,經世館,(二) 08-09 32603,50,39,51,限本班,,Managerial Accounting Practice II,中文,https://webap0.ncue.edu.tw/DEANV2/UploadDEAN/SUBJECT/1142/62023_1MAAC0010700.pdf,https://webapss.ncue.edu.tw/Teacher/Reports/OB020.aspx?yms_year=114&yms_sms=2&emp_id=0000978
392,62022,會二乙,中級會計專題(二),,系選修,,否,2,陳瑞斌,經世館,(二) 06-07 32105-二館,50,42,56,限本班,,Seminar on Intermediate Accounting II,中文,https://webap0.ncue.edu.tw/DEANV2/UploadDEAN/SUBJECT/1142/62022_1MAAC0140020.pdf,https://webapss.ncue.edu.tw/Teacher/Reports/OB020.aspx?yms_year=114&yms_sms=2&emp_id=0000904
393,62021,會二乙,財務管理,,系必修,,是,3,湯玉珍,經世館,(二) 02-04 32105-二館,50,42,44,限本班,,Financial Management,英文,https://webap0.ncue.edu.tw/DEANV2/UploadDEAN/SUBJECT/1142/62021_1MAAC0023130_EN.pdf,https://webapss.ncue.edu.tw/Teacher/Reports/OB020.aspx?yms_year=114&yms_sms=2&emp_id=0000848
394,62020,會一乙,民法概要,,系必修,,否,3,廖緯民,教學一館,(二) 05-07 33102,50,36,39,限本班,,Introduction of Civil Law,中英,https://webap0.ncue.edu.tw/DEANV2/UploadDEAN/SUBJECT/1142/62020_1MAAC0006930.pdf,https://webapss.ncue.edu.tw/Teacher/Reports/OB020.aspx?yms_year=114&yms_sms=2&emp_id=9900573
395,62019,會一甲,會計學(二),,系必修,,否,3,方俊儒,經世館,(二) 02-04 32312-二館,50,38,50,限本班,,Accounting II,中文,https://webap0.ncue.edu.tw/DEANV2/UploadDEAN/SUBJECT/1142/62019_1MAAC0023430.pdf,https://webapss.ncue.edu.tw/Teacher/Reports/OB020.aspx?yms_year=114&yms_sms=2&emp_id=0000954
396,62018,會碩二乙,企業評價研討,,系選修,,否,3,陳瑞斌,教學二館,(一) 05-07 34102,30,4,4,限本系,,Seminar  on  Enterprises  Valuation,中文,https://webap0.ncue.edu.tw/DEANV2/UploadDEAN/SUBJECT/1142/62018_1MAAC2136430.pdf,https://webapss.ncue.edu.tw/Teacher/Reports/OB020.aspx?yms_year=114&yms_sms=2&emp_id=0000904
397,62016,會碩一乙,公司理財研討,,系選修,,否,3,李桓伊,經世館,(一) 02-04 32309-1,30,2,7,可跨班系,,Seminar on Corporate Finance,中文,https://webap0.ncue.edu.tw/DEANV2/UploadDEAN/SUBJECT/1142/62016_1MAAC2154230.pdf,https://webapss.ncue.edu.tw/Teacher/Reports/OB020.aspx?yms_year=114&yms_sms=2&emp_id=0001146
398,62015,會碩一甲,企業社會責任與公司治理研討,,系選修,,否,3,蔡明修,經世館,(一) 05-07 32309教室,30,14,11,限本系,,Seminar on Corporate Social Responsibility and Corporate Governance,中文,https://webap0.ncue.edu.tw/DEANV2/UploadDEAN/SUBJECT/1142/62015_1MAAC2158530.pdf,https://webapss.ncue.edu.tw/Teacher/Reports/OB020.aspx?yms_year=114&yms_sms=2&emp_id=9901195
399,62014,會碩一甲,行為會計與財務研討,,系選修,,否,3,陳皆碩,經世館,(一) 02-04 32309教室,30,43,32,限本系,,Seminar on Behavioral Accounting and Finance,中文,https://webap0.ncue.edu.tw/DEANV2/UploadDEAN/SUBJECT/1142/62014_1MAAC2148830.pdf,https://webapss.ncue.edu.tw/Teacher/Reports/OB020.aspx?yms_year=114&yms_sms=2&emp_id=0000978
400,62013,會三乙,審計學實習(二),,系必修,,否,0,張文瀞,經世館,(一) 09 32105-二館 (二) 01 32603,50,35,44,限本班,,Auditing Practice II,英文,https://webap0.ncue.edu.tw/DEANV2/UploadDEAN/SUBJECT/1142/62013_1MAAC0009400_EN.pdf,https://webapss.ncue.edu.tw/Teacher/Reports/OB020.aspx?yms_year=114&yms_sms=2&emp_id=0000691
401,62012,會三甲,審計學實習(二),,系必修,,否,0,張文瀞,經世館,(一) 08 33102 (三) 01 32603,50,38,43,限本班,,Auditing Practice II,英文,https://webap0.ncue.edu.tw/DEANV2/UploadDEAN/SUBJECT/1142/62012_1MAAC0009400_EN.pdf,https://webapss.ncue.edu.tw/Teacher/Reports/OB020.aspx?yms_year=114&yms_sms=2&emp_id=0000691
402,62012,會三甲,審計學實習(二),,系必修,,否,0,張文瀞,教學一館,(一) 08 33102 (三) 01 32603,50,38,43,限本班,,Auditing Practice II,英文,https://webap0.ncue.edu.tw/DEANV2/UploadDEAN/SUBJECT/1142/62012_1MAAC0009400_EN.pdf,https://webapss.ncue.edu.tw/Teacher/Reports/OB020.aspx?yms_year=114&yms_sms=2&emp_id=0000691
403,62011,會三甲,公司治理與個案分析,,系選修,,否,3,李桓伊,教學一館,(一) 05-07 33102,50,17,20,可跨班系,,Corporate Governance and Case Study,中文,https://webap0.ncue.edu.tw/DEANV2/UploadDEAN/SUBJECT/1142/62011_1MAAC0157930.pdf,https://webapss.ncue.edu.tw/Teacher/Reports/OB020.aspx?yms_year=114&yms_sms=2&emp_id=0001146
404,62010,會二乙,管理會計學實習(二),,系必修,,否,0,陳皆碩,經世館,(一) 08-09 32312-二館,50,41,42,限本班,,Managerial Accounting Practice II,中文,https://webap0.ncue.edu.tw/DEANV2/UploadDEAN/SUBJECT/1142/62010_1MAAC0010700.pdf,https://webapss.ncue.edu.tw/Teacher/Reports/OB020.aspx?yms_year=114&yms_sms=2&emp_id=0000978
405,62009,會二乙,中級會計學(二),,系必修,,否,4,陳瑞斌,經世館,(一) 02-04 32105-二館 (二) 05 32105-二館,50,42,57,限本班,,Intermediate Accounting II,中文,https://webap0.ncue.edu.tw/DEANV2/UploadDEAN/SUBJECT/1142/62009_1MAAC0004940.pdf,https://webapss.ncue.edu.tw/Teacher/Reports/OB020.aspx?yms_year=114&yms_sms=2&emp_id=0000904
406,62008,會二甲,社群媒體行銷,,系選修,,否,3,林玉君,經世館,(一) 05-07 32105-二館,50,70,50,限本系,,Social Media Marketing,中文,https://webap0.ncue.edu.tw/DEANV2/UploadDEAN/SUBJECT/1142/62008_1MAAC0158130.pdf,https://webapss.ncue.edu.tw/Teacher/Reports/OB020.aspx?yms_year=114&yms_sms=2&emp_id=0001125
407,62007,會二甲,中級會計學(二),,系必修,,否,4,林美鳳,經世館,(一) 02-04 32312-二館 (三) 02 32312-二館,50,38,43,限本班,,Intermediate Accounting II,中文,https://webap0.ncue.edu.tw/DEANV2/UploadDEAN/SUBJECT/1142/62007_1MAAC0004940.pdf,https://webapss.ncue.edu.tw/Teacher/Reports/OB020.aspx?yms_year=114&yms_sms=2&emp_id=0000987
408,62006,會一乙,商用套裝軟體,,系選修,,否,3,陳雅玲,經世館,(一) 05-07 經世館32101,50,34,41,限本系,,Introduction of Commercial Software,中文,https://webap0.ncue.edu.tw/DEANV2/UploadDEAN/SUBJECT/1142/62006_1MAAC0014530.pdf,https://webapss.ncue.edu.tw/Teacher/Reports/OB020.aspx?yms_year=114&yms_sms=2&emp_id=0000983
409,62005,會一甲,民法概要,,系必修,,否,3,施清火,經世館,(一) 05-07 32312-二館,50,39,44,限本班,,Introduction of Civil Law,中文,https://webap0.ncue.edu.tw/DEANV2/UploadDEAN/SUBJECT/1142/62005_1MAAC0006930.pdf,https://webapss.ncue.edu.tw/Teacher/Reports/OB020.aspx?yms_year=114&yms_sms=2&emp_id=9901227
410,62004,會一甲,商用套裝軟體,,系選修,,否,3,陳雅玲,經世館,(一) 02-04 經世館32101,50,35,39,限本系,,Introduction of Commercial Software,中文,https://webap0.ncue.edu.tw/DEANV2/UploadDEAN/SUBJECT/1142/62004_1MAAC0014530.pdf,https://webapss.ncue.edu.tw/Teacher/Reports/OB020.aspx?yms_year=114&yms_sms=2&emp_id=0000983
411,62003,會一乙,會計學(二),,系必修,,否,3,方俊儒,經世館,(一) 02-04 32603,50,38,59,限本班,,Accounting II,中文,https://webap0.ncue.edu.tw/DEANV2/UploadDEAN/SUBJECT/1142/62003_1MAAC0023430.pdf,https://webapss.ncue.edu.tw/Teacher/Reports/OB020.aspx?yms_year=114&yms_sms=2&emp_id=0000954
412,62002,會一乙,生命探索發展與實踐,,校必(通識),,否,2,湯玉珍,教學二館,(一) 08-09 34102,50,0,41,限本班,大二~大四生如要修習，以線上加簽方式,Life and Career Development and Practice,中文,https://webap0.ncue.edu.tw/DEANV2/UploadDEAN/SUBJECT/1142/62002_0CCGE0177920.pdf,https://webapss.ncue.edu.tw/Teacher/Reports/OB020.aspx?yms_year=114&yms_sms=2&emp_id=0000848
413,62001,會一甲,生命探索發展與實踐,,校必(通識),,否,2,林美鳳,教學一館,(二) 07-08 33302教室,50,0,41,限本班,大二~大四生如要修習，以線上加簽方式,Life and Career Development and Practice,中文,https://webap0.ncue.edu.tw/DEANV2/UploadDEAN/SUBJECT/1142/62001_0CCGE0177920.pdf,https://webapss.ncue.edu.tw/Teacher/Reports/OB020.aspx?yms_year=114&yms_sms=2&emp_id=0000987
414,61055,創新與管理夜碩一,深度學習創新應用專題,,系選修,,否,3,翁政雄,經世館,(六) 02-04 32507,30,0,14,限本系,,Topics on Innovative applications of Deep Learning,中文,https://webap0.ncue.edu.tw/DEANV2/UploadDEAN/SUBJECT/1142/61055_1MAIME160030.pdf,https://webapss.ncue.edu.tw/Teacher/Reports/OB020.aspx?yms_year=114&yms_sms=2&emp_id=0001172
415,61054,資管一,JAVA程式語言設計(二),,系必修,,否,3,顏韶威,工學院,(五) 05-07 工學院EB211,50,36,39,限本班,,Java Programming Language (II),英文,https://webap0.ncue.edu.tw/DEANV2/UploadDEAN/SUBJECT/1142/61054_1MAIM0017030_EN.pdf,https://webapss.ncue.edu.tw/Teacher/Reports/OB020.aspx?yms_year=114&yms_sms=2&emp_id=0001003
416,61053,資管二,C++程式語言設計(二),,系必修,,否,3,洪澄瑜,經世館,(五) 05-07 經世館32101,50,43,47,限本班,,C++ Programming Language (II),中文,https://webap0.ncue.edu.tw/DEANV2/UploadDEAN/SUBJECT/1142/61053_1MAIM0017830.pdf,https://webapss.ncue.edu.tw/Teacher/Reports/OB020.aspx?yms_year=114&yms_sms=2&emp_id=4000088
417,61052,資管一,多媒體設計概論,,組必修,,否,3,顏韶威,經世館,(四) 05-07 經世館32101,50,33,35,限本班,,Fundamentals of Multimedia,英文,https://webap0.ncue.edu.tw/DEANV2/UploadDEAN/SUBJECT/1142/61052_1MAIM0131830_EN.pdf,https://webapss.ncue.edu.tw/Teacher/Reports/OB020.aspx?yms_year=114&yms_sms=2&emp_id=0001003
418,61051,資管二,Python程式語言設計,,系選修,,否,3,翁政雄,經世館,(一) 05-07 32507,50,42,41,限本班,,Python Programming Language,中文,https://webap0.ncue.edu.tw/DEANV2/UploadDEAN/SUBJECT/1142/61051_1MAIM0159330.pdf,https://webapss.ncue.edu.tw/Teacher/Reports/OB020.aspx?yms_year=114&yms_sms=2&emp_id=0001172
419,61050,資管數科碩一,資訊安全專題,,系選修,,否,3,洪澄瑜,經世館,(三) 05-07 32210,20,10,7,限本班,,Topics on Information Security,中文,https://webap0.ncue.edu.tw/DEANV2/UploadDEAN/SUBJECT/1142/61050_1MAIM2012430.pdf,https://webapss.ncue.edu.tw/Teacher/Reports/OB020.aspx?yms_year=114&yms_sms=2&emp_id=4000088
420,61049,資管二,資料庫,,系必修,,否,3,楊婉秀,經世館,(三) 02-04 經世館32101,50,45,46,限本班,,Databases,中文,https://webap0.ncue.edu.tw/DEANV2/UploadDEAN/SUBJECT/1142/61049_1MAIM0011730.pdf,https://webapss.ncue.edu.tw/Teacher/Reports/OB020.aspx?yms_year=114&yms_sms=2&emp_id=0000772
421,61048,資管二,向量繪圖設計,,組選修,,否,3,陳泓堉,經世館,(二) 05-07 經世館32101,50,25,17,限本班,,Vector Graphic Design,中文,https://webap0.ncue.edu.tw/DEANV2/UploadDEAN/SUBJECT/1142/61048_1MAIM0131930.pdf,https://webapss.ncue.edu.tw/Teacher/Reports/OB020.aspx?yms_year=114&yms_sms=2&emp_id=9901323
422,61047,資管三,資訊安全,,組選修,,否,3,洪澄瑜,經世館,(二) 02-04 32507,50,32,36,限本班,,Informaiton Security,中文,https://webap0.ncue.edu.tw/DEANV2/UploadDEAN/SUBJECT/1142/61047_1MAIM0009630.pdf,https://webapss.ncue.edu.tw/Teacher/Reports/OB020.aspx?yms_year=114&yms_sms=2&emp_id=4000088
423,61046,創新與管理夜碩二,論文,,系必修,,否,0,論文,,,30,0,17,限本系,,Thesis,中文,https://webap0.ncue.edu.tw/DEANV2/UploadDEAN/SUBJECT/1142/61046_1MAIME002200.pdf,
424,61045,創新與管理夜碩二,論文指導,,系必修,,否,4,論文,,,30,0,17,限本班,,Thesis Supervision,中文,https://webap0.ncue.edu.tw/DEANV2/UploadDEAN/SUBJECT/1142/61045_1MAIME156440.pdf,
425,61044,資管數科碩二,論文指導(二),,系必修,,否,3,論文,,,20,6,6,限本班,,Thesis Supervision II,無,,
426,61043,資管數科碩二,論文,,系必修,,否,0,論文,,,20,8,10,限本班,,Thesis,無,,
427,61042,資管碩二,論文,,系必修,,否,0,論文,,,30,20,28,限本班,,Thesis,無,,
428,61041,資管碩二,論文指導(二),,系必修,,否,3,論文,,,30,20,24,限本班,,Thesis Supervision II,無,,
429,61040,資管碩一,論文研討(二),,組必修,,否,1,楊婉秀,經世館,(五) 06-07 32311,30,26,25,限本班,,Papers Study II,中文,https://webap0.ncue.edu.tw/DEANV2/UploadDEAN/SUBJECT/1142/61040_1MAIM2019410.pdf,https://webapss.ncue.edu.tw/Teacher/Reports/OB020.aspx?yms_year=114&yms_sms=2&emp_id=0000772
430,61039,資管碩二,論文研討(四),,組必修,,否,1,吳東光,經世館,(五) 06-07 32507,30,20,23,限本班,,Papers Study IV,中文,https://webap0.ncue.edu.tw/DEANV2/UploadDEAN/SUBJECT/1142/61039_1MAIM2019710.pdf,https://webapss.ncue.edu.tw/Teacher/Reports/OB020.aspx?yms_year=114&yms_sms=2&emp_id=0000870
431,61038,資管數科碩一,數位內容科技與管理專題(二),,組必修,,否,1,吳佩芬,經世館,(五) 06-07 32210,20,10,10,限本班,,Topics in Digital Content Technology and Management (II),中英,https://webap0.ncue.edu.tw/DEANV2/UploadDEAN/SUBJECT/1142/61038_1MAIM2146310.pdf,https://webapss.ncue.edu.tw/Teacher/Reports/OB020.aspx?yms_year=114&yms_sms=2&emp_id=0000975
432,61037,資管數科碩二,數位內容科技與管理專題(四),,組必修,,否,1,江憲坤,經世館,(五) 05-06 32504,20,6,6,限本班,,Topics in Digital Content Technology and Management (IV),中文,https://webap0.ncue.edu.tw/DEANV2/UploadDEAN/SUBJECT/1142/61037_1MAIM2146610.pdf,https://webapss.ncue.edu.tw/Teacher/Reports/OB020.aspx?yms_year=114&yms_sms=2&emp_id=0000778
433,61036,資管數科碩二,多媒體內容展現技術專題,,組選修,,否,3,吳佩芬,經世館,(五) 02-04 32311,20,4,5,限本班,,Selected Topics in Multimedia Presentation Techniques,中英,https://webap0.ncue.edu.tw/DEANV2/UploadDEAN/SUBJECT/1142/61036_1MAIM2150830.pdf,https://webapss.ncue.edu.tw/Teacher/Reports/OB020.aspx?yms_year=114&yms_sms=2&emp_id=0000975
434,61035,資管三,商業智慧,,系選修,,否,3,賴慧敏,教學一館,(五) 02-04 33203,50,22,23,限本班,,Business Intelligence,中英,https://webap0.ncue.edu.tw/DEANV2/UploadDEAN/SUBJECT/1142/61035_1MAIM0159930.pdf,https://webapss.ncue.edu.tw/Teacher/Reports/OB020.aspx?yms_year=114&yms_sms=2&emp_id=9901261
435,61034,資管二,遊戲程式設計,,組必修,,否,3,江憲坤,經世館,(五) 02-04 32507,50,35,31,限本班,,Computer Games and Graphics,中文,https://webap0.ncue.edu.tw/DEANV2/UploadDEAN/SUBJECT/1142/61034_1MAIM0154330.pdf,https://webapss.ncue.edu.tw/Teacher/Reports/OB020.aspx?yms_year=114&yms_sms=2&emp_id=0000778
436,61033,創新與管理夜碩一,設計美學,,系選修,,否,3,吳佩芬,經世館,(五) 10-12 32507,30,0,24,限本系,,Design Aesthetics,中英,https://webap0.ncue.edu.tw/DEANV2/UploadDEAN/SUBJECT/1142/61033_1MAIME156930.pdf,https://webapss.ncue.edu.tw/Teacher/Reports/OB020.aspx?yms_year=114&yms_sms=2&emp_id=0000975
437,61032,創新與管理夜碩二,電子商務創新專題,,系必修,,否,3,梁文耀,經世館,(四) 10-12 32507,30,0,17,限本班,,Special Topic on Innovative Electronic Commerce,中文,https://webap0.ncue.edu.tw/DEANV2/UploadDEAN/SUBJECT/1142/61032_1MAIME154530.pdf,https://webapss.ncue.edu.tw/Teacher/Reports/OB020.aspx?yms_year=114&yms_sms=2&emp_id=0000806
438,61031,創新與管理夜碩一,資訊網路創新應用專題,,系選修,,否,3,吳東光,經世館,(三) 10-12 32507,30,0,18,限本系,,Topics on Innovation of Network Applications,中文,https://webap0.ncue.edu.tw/DEANV2/UploadDEAN/SUBJECT/1142/61031_1MAIME155630.pdf,https://webapss.ncue.edu.tw/Teacher/Reports/OB020.aspx?yms_year=114&yms_sms=2&emp_id=0000870
439,61030,創新與管理夜碩一,資訊管理專題,,系選修,,否,3,王怡舜,經世館,(二) 10-12 32507,30,0,20,限本系,,Topics on Information Management,中文,https://webap0.ncue.edu.tw/DEANV2/UploadDEAN/SUBJECT/1142/61030_1MAIME000230.pdf,https://webapss.ncue.edu.tw/Teacher/Reports/OB020.aspx?yms_year=114&yms_sms=2&emp_id=0000705
440,61029,資管碩二,電子化企業專題,,組選修,,否,3,王怡舜,經世館,(四) 06-08 32311,20,3,5,限本班,,Research Seminar on Electronic Business,英文,https://webap0.ncue.edu.tw/DEANV2/UploadDEAN/SUBJECT/1142/61029_1MAIM2006130_EN.pdf,https://webapss.ncue.edu.tw/Teacher/Reports/OB020.aspx?yms_year=114&yms_sms=2&emp_id=0000705
441,61028,資管碩一,資料庫專題,,組必修,,否,3,江憲坤,經世館,(四) 05-07 32210,30,26,27,限本班,,Topics on Databases,英文,https://webap0.ncue.edu.tw/DEANV2/UploadDEAN/SUBJECT/1142/61028_1MAIM2009930_EN.pdf,https://webapss.ncue.edu.tw/Teacher/Reports/OB020.aspx?yms_year=114&yms_sms=2&emp_id=0000778
442,61027,資管一,會計學實習(二),,系必修,,否,0,湯玉珍,教學一館,(三) 08-09 33203,50,38,61,限本班,,Accounting Practice (II),中文,https://webap0.ncue.edu.tw/DEANV2/UploadDEAN/SUBJECT/1142/61027_1MAIM0005600.pdf,https://webapss.ncue.edu.tw/Teacher/Reports/OB020.aspx?yms_year=114&yms_sms=2&emp_id=0000848
443,61026,資管三,UNIX系統與應用,,系必修,,否,3,吳東光,經世館,(四) 05-07 32507,50,49,54,限本班,,UNIX  System and Applications,英文,https://webap0.ncue.edu.tw/DEANV2/UploadDEAN/SUBJECT/1142/61026_1MAIM0015830_EN.pdf,https://webapss.ncue.edu.tw/Teacher/Reports/OB020.aspx?yms_year=114&yms_sms=2&emp_id=0000870
444,61025,資管碩二,網路行銷專題,,組選修,,否,3,施穎偉,經世館,(四) 02-04 32311,20,4,6,限本班,,Research Seminar on Internet Marketing,中文,https://webap0.ncue.edu.tw/DEANV2/UploadDEAN/SUBJECT/1142/61025_1MAIM2017630.pdf,https://webapss.ncue.edu.tw/Teacher/Reports/OB020.aspx?yms_year=114&yms_sms=2&emp_id=0000863
445,61024,資管碩一,創新與科技管理專題,,組選修,,否,3,趙正敏,經世館,(四) 02-04 32507,30,21,28,限本系,,Seminar on Innovation and Technology Management,英文,https://webap0.ncue.edu.tw/DEANV2/UploadDEAN/SUBJECT/1142/61024_1MAIM2122730_EN.pdf,https://webapss.ncue.edu.tw/Teacher/Reports/OB020.aspx?yms_year=114&yms_sms=2&emp_id=9901207
446,61023,資管碩一,資訊網路專題,,組必修,,否,3,吳東光,經世館,(三) 05-07 32311,30,26,25,限本班,,Topics on Data Communication and Networking,英文,https://webap0.ncue.edu.tw/DEANV2/UploadDEAN/SUBJECT/1142/61023_1MAIM2010030_EN.pdf,https://webapss.ncue.edu.tw/Teacher/Reports/OB020.aspx?yms_year=114&yms_sms=2&emp_id=0000870
447,61022,資管三,系統動力學,,系選修,,否,3,王怡舜,教學二館,(三) 06-08 34202,50,38,31,限本班,,System Dynamics,中文,https://webap0.ncue.edu.tw/DEANV2/UploadDEAN/SUBJECT/1142/61022_1MAIM0003030.pdf,https://webapss.ncue.edu.tw/Teacher/Reports/OB020.aspx?yms_year=114&yms_sms=2&emp_id=0000705
448,61021,資管三,專題丙（一）,,系必修,,否,3,顏韶威吳佩芬江憲坤,經世館,(三) 10-12 32210,50,14,16,限本班,,Special topic on graduation project III-1,中文,https://webap0.ncue.edu.tw/DEANV2/UploadDEAN/SUBJECT/1142/61021_1MAIM0152630.pdf,https://webapss.ncue.edu.tw/Teacher/Reports/OB020.aspx?yms_year=114&yms_sms=2&emp_id=0001003
449,61020,資管三,專題乙（一）,,系必修,,否,3,翁政雄施穎偉,經世館,(二) 10-12 32210,50,18,19,限本班,,Special topic on graduation project II-1,中文,https://webap0.ncue.edu.tw/DEANV2/UploadDEAN/SUBJECT/1142/61020_1MAIM0152430.pdf,https://webapss.ncue.edu.tw/Teacher/Reports/OB020.aspx?yms_year=114&yms_sms=2&emp_id=0001172
450,61019,資管三,專題甲（一）,,系必修,,否,3,洪澄瑜楊婉秀,經世館,(一) 10-12 32210,50,19,20,限本班,,Special topic on graduation project I-1,中文,https://webap0.ncue.edu.tw/DEANV2/UploadDEAN/SUBJECT/1142/61019_1MAIM0152230.pdf,https://webapss.ncue.edu.tw/Teacher/Reports/OB020.aspx?yms_year=114&yms_sms=2&emp_id=4000088
451,61018,資管一,微積分(二),,系選修,,否,3,周忠強,教學一館,(三) 05-07 33203,50,30,34,限本班,,Calculus (II),中文,https://webap0.ncue.edu.tw/DEANV2/UploadDEAN/SUBJECT/1142/61018_1MAIM0002930.pdf,https://webapss.ncue.edu.tw/Teacher/Reports/OB020.aspx?yms_year=114&yms_sms=2&emp_id=0000595
452,61017,資管二,3D動畫設計(二),,組選修,,否,3,呂洽毅,經世館,(三) 07-09 32507,50,6,12,限本班,,3D Animation Design (II),中英,https://webap0.ncue.edu.tw/DEANV2/UploadDEAN/SUBJECT/1142/61017_1MAIM0125730.pdf,https://webapss.ncue.edu.tw/Teacher/Reports/OB020.aspx?yms_year=114&yms_sms=2&emp_id=9901294
453,61016,資管數科碩一,數位設計美學與創意專題,,組必修,,否,3,吳佩芬,經世館,(三) 02-04 32311,20,10,11,限本班,,Special Topics on Esthetics and Creativity of Digital Design,英文,https://webap0.ncue.edu.tw/DEANV2/UploadDEAN/SUBJECT/1142/61016_1MAIM2147630_EN.pdf,https://webapss.ncue.edu.tw/Teacher/Reports/OB020.aspx?yms_year=114&yms_sms=2&emp_id=0000975
454,61015,資管三,企業資源規劃,,組必修,,否,3,梁文耀,教學一館,(三) 02-04 33203,50,41,43,限本班,,Enterprise Resource Planning,中文,https://webap0.ncue.edu.tw/DEANV2/UploadDEAN/SUBJECT/1142/61015_1MAIM0134730.pdf,https://webapss.ncue.edu.tw/Teacher/Reports/OB020.aspx?yms_year=114&yms_sms=2&emp_id=0000806
455,61014,資管碩二,決策支援系統專題,,組選修,,否,3,梁文耀,經世館,(二) 06-08 32311,30,4,10,限本班,,Topics on Decision Support Systems,中文,https://webap0.ncue.edu.tw/DEANV2/UploadDEAN/SUBJECT/1142/61014_1MAIM2010230.pdf,https://webapss.ncue.edu.tw/Teacher/Reports/OB020.aspx?yms_year=114&yms_sms=2&emp_id=0000806
456,61013,資管三,網路行銷,,系選修,,否,3,施穎偉,教學一館,(二) 06-08 33203,50,35,42,限本班,,Internet Marketing,中文,https://webap0.ncue.edu.tw/DEANV2/UploadDEAN/SUBJECT/1142/61013_1MAIM0126930.pdf,https://webapss.ncue.edu.tw/Teacher/Reports/OB020.aspx?yms_year=114&yms_sms=2&emp_id=0000863
457,61012,資管數科碩一,設計管理與實務專題,,組選修,,否,3,顏韶威,經世館,(二) 02-04 32311,20,10,16,限本班,,Topics on Design Management and Practice,中文,https://webap0.ncue.edu.tw/DEANV2/UploadDEAN/SUBJECT/1142/61012_1MAIM2148130.pdf,https://webapss.ncue.edu.tw/Teacher/Reports/OB020.aspx?yms_year=114&yms_sms=2&emp_id=0001003
458,61011,資管碩一,供應鏈管理專題,,組選修,,否,3,梁文耀,經世館,(一) 06-08 32311,30,16,23,限本班,,Topics on Supply Chain Management,中文,https://webap0.ncue.edu.tw/DEANV2/UploadDEAN/SUBJECT/1142/61011_1MAIM2011930.pdf,https://webapss.ncue.edu.tw/Teacher/Reports/OB020.aspx?yms_year=114&yms_sms=2&emp_id=0000806
459,61010,資管碩一,人工智慧專題,,組選修,,否,3,翁政雄,經世館,(一) 02-04 32507,30,11,14,限本班,,Topics on Artificial Intelligence,中文,https://webap0.ncue.edu.tw/DEANV2/UploadDEAN/SUBJECT/1142/61010_1MAIM2009330.pdf,https://webapss.ncue.edu.tw/Teacher/Reports/OB020.aspx?yms_year=114&yms_sms=2&emp_id=0001172
460,61009,資管數科碩一,高等遊戲設計專題,,組必修,,否,3,顏韶威,經世館,(一) 02-04 32311,20,10,9,限本班,,Special Topics in Advanced Game Design,中文,https://webap0.ncue.edu.tw/DEANV2/UploadDEAN/SUBJECT/1142/61009_1MAIM2146230.pdf,https://webapss.ncue.edu.tw/Teacher/Reports/OB020.aspx?yms_year=114&yms_sms=2&emp_id=0001003
461,61007,資管二,巨量資料分析實務,,系選修,,否,3,翁政雄,經世館,(四) 02-04 經世館32101,50,40,40,限本班,,Big Data Analysis in Practice,中文,https://webap0.ncue.edu.tw/DEANV2/UploadDEAN/SUBJECT/1142/61007_1MAIM0158630.pdf,https://webapss.ncue.edu.tw/Teacher/Reports/OB020.aspx?yms_year=114&yms_sms=2&emp_id=0001172
462,61006,資管二,統計學(二),,系必修,,否,3,李信宏,教學二館,(一) 02-04 34202,50,31,43,限本班,,Statistics (II),中文,https://webap0.ncue.edu.tw/DEANV2/UploadDEAN/SUBJECT/1142/61006_1MAIM0124930.pdf,https://webapss.ncue.edu.tw/Teacher/Reports/OB020.aspx?yms_year=114&yms_sms=2&emp_id=0000550
463,61005,資管一,經濟學(二),,組必修,,否,3,王怡舜,教學二館,(二) 06-08 34202,50,27,34,限本班,,Economics (II),中文,https://webap0.ncue.edu.tw/DEANV2/UploadDEAN/SUBJECT/1142/61005_1MAIM0007430.pdf,https://webapss.ncue.edu.tw/Teacher/Reports/OB020.aspx?yms_year=114&yms_sms=2&emp_id=0000705
464,61004,資管一,互動式網頁設計,,系選修,,否,3,楊婉秀,經世館,(二) 02-04 經世館32101,50,32,37,限本班,,Interactive Website Design,中文,https://webap0.ncue.edu.tw/DEANV2/UploadDEAN/SUBJECT/1142/61004_1MAIM0013630.pdf,https://webapss.ncue.edu.tw/Teacher/Reports/OB020.aspx?yms_year=114&yms_sms=2&emp_id=0000772
465,61003,資管一,企業概論,,系必修,,否,3,施穎偉,教學一館,(一) 06-08 33203,50,40,45,限本班,,Introduction to Business,中文,https://webap0.ncue.edu.tw/DEANV2/UploadDEAN/SUBJECT/1142/61003_1MAIM0005730.pdf,https://webapss.ncue.edu.tw/Teacher/Reports/OB020.aspx?yms_year=114&yms_sms=2&emp_id=0000863
466,61002,資管一,會計學(二),,系必修,,否,3,湯玉珍,教學一館,(一) 02-04 33203,50,39,56,限本班,,Accounting (II),中文,https://webap0.ncue.edu.tw/DEANV2/UploadDEAN/SUBJECT/1142/61002_1MAIM0007730.pdf,https://webapss.ncue.edu.tw/Teacher/Reports/OB020.aspx?yms_year=114&yms_sms=2&emp_id=0000848
467,61001,資管一,生命探索發展與實踐,,校必(通識),,否,2,翁政雄王怡舜,經世館,(三) 03-04 32507,50,0,43,限本班,大二~大四生如要修習，以線上加簽方式,Life and Career Development and Practice,中文,https://webap0.ncue.edu.tw/DEANV2/UploadDEAN/SUBJECT/1142/61001_0CCGE0177920.pdf,https://webapss.ncue.edu.tw/Teacher/Reports/OB020.aspx?yms_year=114&yms_sms=2&emp_id=0001172
468,55012,工學位碩一,工程設計最佳化,,系選修,,是,3,王可文,經世館,(三) 06-08 經世館32101,30,0,17,可跨班系,,Engineering Design Optimization,英文,https://webap0.ncue.edu.tw/DEANV2/UploadDEAN/SUBJECT/1142/55012_1EIMP2107330_EN.pdf,https://webapss.ncue.edu.tw/Teacher/Reports/OB020.aspx?yms_year=114&yms_sms=2&emp_id=0000923
469,55011,工學位碩四,論文,,系必修,,否,0,論文,,,20,0,2,限本班,,Thesis,無,,
470,55008,工學位碩三,論文,,系必修,,否,0,論文,,,20,0,3,限本班,,Thesis,無,,
471,55007,工學位碩二,論文指導(一),,系必修,,否,3,論文,,,20,2,6,限本系,,Thesis Supervision I,無,,
472,55006,工學位碩二,論文指導(二),,系必修,,否,3,論文,,,20,2,4,限本系,,Thesis Supervision II,無,,
473,55005,工學位碩二,論文,,系必修,,否,0,論文,,,20,2,4,限本班,,Thesis,無,,
474,55004,工學位碩一,數位訊號處理,,系選修,,是,3,楊文然,教學二館,(四) 07-09 34203,30,12,24,可跨班系,,Digital Signal Processing,英文,https://webap0.ncue.edu.tw/DEANV2/UploadDEAN/SUBJECT/1142/55004_1EIMP2102230_EN.pdf,https://webapss.ncue.edu.tw/Teacher/Reports/OB020.aspx?yms_year=114&yms_sms=2&emp_id=0000894
475,55003,工學位碩一,散熱模組設計與應用,,系選修,,是,3,李建興,教學一館,(一) 06-08 33201,30,13,14,可跨班系,,Thermal Module Design and Application,英文,https://webap0.ncue.edu.tw/DEANV2/UploadDEAN/SUBJECT/1142/55003_1EIMP2106230_EN.pdf,https://webapss.ncue.edu.tw/Teacher/Reports/OB020.aspx?yms_year=114&yms_sms=2&emp_id=0001187
476,55002,工學位碩一,類比積體電路設計,,系選修,,是,3,賴永齡,工學院,(五) 05-07 EB226,30,10,29,可跨班系,,Analog Integrated Circuit Design,英文,https://webap0.ncue.edu.tw/DEANV2/UploadDEAN/SUBJECT/1142/55002_1EIMP2105430_EN.pdf,https://webapss.ncue.edu.tw/Teacher/Reports/OB020.aspx?yms_year=114&yms_sms=2&emp_id=0000687
477,55001,工學位碩一,書報討論(二),,系必修,,是,2,賴永齡,工學院,(五) 08-09 EB226,30,11,23,可跨班系,,Seminar II,英文,https://webap0.ncue.edu.tw/DEANV2/UploadDEAN/SUBJECT/1142/55001_1EIMP2100220_EN.pdf,https://webapss.ncue.edu.tw/Teacher/Reports/OB020.aspx?yms_year=114&yms_sms=2&emp_id=0000687
478,54049,人工智慧應用服務碩士在職專班一,人工智慧在工程的應用,,系選修,,否,3,陳勇志,工學院,(四) 10-12 資工研討室(二),30,0,7,限本系,,Engineering Applications of Artificial Intelligence,中文,https://webap0.ncue.edu.tw/DEANV2/UploadDEAN/SUBJECT/1142/54049_1EICSE160030.pdf,https://webapss.ncue.edu.tw/Teacher/Reports/OB020.aspx?yms_year=114&yms_sms=2&emp_id=0001227
479,54048,資工碩一,網際網路協定,,系選修,,否,3,詹益禎,工學院,(五) 02-04 資工研討室(三),30,3,6,可跨班系,,Internet Protocols,中文,https://webap0.ncue.edu.tw/DEANV2/UploadDEAN/SUBJECT/1142/54048_1EICS2025730.pdf,https://webapss.ncue.edu.tw/Teacher/Reports/OB020.aspx?yms_year=114&yms_sms=2&emp_id=0000857
480,54047,資工三,資訊科技科教學實習,,系選修,,否,2,鄭曜忠,教學大樓,(一) 11-12 T401,50,11,15,可跨班系,,Teaching Practicum for Informational Technology,中文,https://webap0.ncue.edu.tw/DEANV2/UploadDEAN/SUBJECT/1142/54047_1EICS0159120.pdf,https://webapss.ncue.edu.tw/Teacher/Reports/OB020.aspx?yms_year=114&yms_sms=2&emp_id=0001106
481,54045,人工智慧應用服務碩士在職專班二,論文,,系必修,,否,0,論文,,,35,0,20,限本系,,Thesis,中文,https://webap0.ncue.edu.tw/DEANV2/UploadDEAN/SUBJECT/1142/54045_1EICSE159900.pdf,
482,54044,人工智慧應用服務碩士在職專班二,論文指導,,系必修,,否,4,論文,,,35,0,17,限本系,,Thesis Supervision,中文,https://webap0.ncue.edu.tw/DEANV2/UploadDEAN/SUBJECT/1142/54044_1EICSE159840.pdf,
483,54043,人工智慧應用服務碩士在職專班二,研究專題(二),,系必修,,否,3,陳仁德黃耀賢丁德榮易昶霈施明毅伍朝欽陳伯岳詹益禎,工學院,(五) 10-12 資工電腦教室(一),30,0,17,限本班,,Project of ResearchⅡ,中文,https://webap0.ncue.edu.tw/DEANV2/UploadDEAN/SUBJECT/1142/54043_1EICSE159730.pdf,https://webapss.ncue.edu.tw/Teacher/Reports/OB020.aspx?yms_year=114&yms_sms=2&emp_id=0000929
484,54042,人工智慧應用服務碩士在職專班一,計算機視覺,,系選修,,否,3,陳伯岳,工學院,(三) 10-12 資工電腦教室(一),35,0,9,限本系,,Computer Vision,中文,https://webap0.ncue.edu.tw/DEANV2/UploadDEAN/SUBJECT/1142/54042_1EICSE161130.pdf,https://webapss.ncue.edu.tw/Teacher/Reports/OB020.aspx?yms_year=114&yms_sms=2&emp_id=0000908
485,54041,人工智慧應用服務碩士在職專班一,書報討論(二),,系必修,,否,2,黃耀賢,工學院,(二) 10-11 資工研討室(二),30,0,9,限本系,,Seminar II,中文,https://webap0.ncue.edu.tw/DEANV2/UploadDEAN/SUBJECT/1142/54041_1EICSE159520.pdf,https://webapss.ncue.edu.tw/Teacher/Reports/OB020.aspx?yms_year=114&yms_sms=2&emp_id=0001177
486,54040,資工碩二,論文,,系必修,,否,0,論文,,,45,33,46,限本系,,Thesis,無,,
487,54039,資工碩二,進階書報討論,,系必修,,否,1,施明毅,工學院,(五) 05-06 資工研討室(一),40,28,35,限本系,,Advanced Seminar,中文,https://webap0.ncue.edu.tw/DEANV2/UploadDEAN/SUBJECT/1142/54039_1EICS2151710.pdf,https://webapss.ncue.edu.tw/Teacher/Reports/OB020.aspx?yms_year=114&yms_sms=2&emp_id=0000878
488,54038,資工碩二,論文指導(二),,系必修,,否,3,論文,,,40,32,40,限本系,,Thesis Supervision II,無,,
489,54037,資工碩一,系統整合專題研究(二),,系必修,,否,2,陳仁德陳勇志,工學院,(六) 05-06 資工研討室(一),20,5,6,限本系,,Research on System Integration Ⅱ,中文,https://webap0.ncue.edu.tw/DEANV2/UploadDEAN/SUBJECT/1142/54037_1EICS2153020.pdf,https://webapss.ncue.edu.tw/Teacher/Reports/OB020.aspx?yms_year=114&yms_sms=2&emp_id=0000929
490,54036,資工碩一,網路通訊專題研究(二),,系必修,,否,2,鄧德雋,工學院,(六) 05-06 資工電腦教室(二),20,6,8,限本系,,Research on Network Communication Ⅱ,中文,https://webap0.ncue.edu.tw/DEANV2/UploadDEAN/SUBJECT/1142/54036_1EICS2152820.pdf,https://webapss.ncue.edu.tw/Teacher/Reports/OB020.aspx?yms_year=114&yms_sms=2&emp_id=0000888
491,54035,資工碩一,軟體發展專題研究(二),,系必修,,否,2,賴聯福黃耀賢,工學院,(六) 05-06 資工電腦教室(一),20,15,20,限本班,,Research on Software Development Ⅱ,中文,https://webap0.ncue.edu.tw/DEANV2/UploadDEAN/SUBJECT/1142/54035_1EICS2153220.pdf,https://webapss.ncue.edu.tw/Teacher/Reports/OB020.aspx?yms_year=114&yms_sms=2&emp_id=0000715
492,54034,資工碩一,高科技專利取得與攻防,,系選修,,否,3,易昶霈,教學一館,(五) 07-09 33401教室,20,25,31,限本系,,High Tech Patent Application and Protection,中文,https://webap0.ncue.edu.tw/DEANV2/UploadDEAN/SUBJECT/1142/54034_1EICS2019830.pdf,https://webapss.ncue.edu.tw/Teacher/Reports/OB020.aspx?yms_year=114&yms_sms=2&emp_id=0000788
493,54033,資工碩一,書報討論,,系必修,,否,1,陳仁德,工學院,(五) 05-06 資工研討室(二),40,27,37,限本系,,Seminar,中文,https://webap0.ncue.edu.tw/DEANV2/UploadDEAN/SUBJECT/1142/54033_1EICS2133810.pdf,https://webapss.ncue.edu.tw/Teacher/Reports/OB020.aspx?yms_year=114&yms_sms=2&emp_id=0000929
494,54032,資工碩一,強化學習,,系選修,,否,3,陳勇志,工學院,(四) 05-07 資工研討室(二),20,20,20,限本系,,Reinforcement Learning,中文,https://webap0.ncue.edu.tw/DEANV2/UploadDEAN/SUBJECT/1142/54032_1EICS2158530.pdf,https://webapss.ncue.edu.tw/Teacher/Reports/OB020.aspx?yms_year=114&yms_sms=2&emp_id=0001227
495,54031,資工碩一,嵌入式系統,,系選修,,否,3,張家濟,工學院,(一) 05-07 資工電腦教室(二),20,3,10,限本系,,Embedded Systems,中英,https://webap0.ncue.edu.tw/DEANV2/UploadDEAN/SUBJECT/1142/54031_1EICS2023430.pdf,https://webapss.ncue.edu.tw/Teacher/Reports/OB020.aspx?yms_year=114&yms_sms=2&emp_id=0001158
496,54030,資工碩一,次世代無線區域網路通訊協定,,系選修,,否,3,鄧德雋,工學院,(三) 05-07 資工研討室(二),20,28,30,限本系,,Next Generation Wireless Local Area Networks,中英,https://webap0.ncue.edu.tw/DEANV2/UploadDEAN/SUBJECT/1142/54030_1EICS2155130.pdf,https://webapss.ncue.edu.tw/Teacher/Reports/OB020.aspx?yms_year=114&yms_sms=2&emp_id=0000888
497,54029,資工碩一,資料探勘,,系選修,,否,3,施明毅,工學院,(五) 02-04 資工電腦教室(二),20,23,20,限本系,,Data Mining,中文,https://webap0.ncue.edu.tw/DEANV2/UploadDEAN/SUBJECT/1142/54029_1EICS2154530.pdf,https://webapss.ncue.edu.tw/Teacher/Reports/OB020.aspx?yms_year=114&yms_sms=2&emp_id=0000878
498,54028,資工碩一,網路安全,,系選修,,否,3,丁德榮,工學院,(二) 06-08 資工研討室(三),20,15,12,可跨班系,,Network Security,中文,https://webap0.ncue.edu.tw/DEANV2/UploadDEAN/SUBJECT/1142/54028_1EICS2152330.pdf,https://webapss.ncue.edu.tw/Teacher/Reports/OB020.aspx?yms_year=114&yms_sms=2&emp_id=0000748
499,54027,資工碩一,高效能計算,,系選修,,否,3,伍朝欽,工學院,(二) 02-04 資工研討室(二),20,9,7,限本系,,High Performance Computing,中文,https://webap0.ncue.edu.tw/DEANV2/UploadDEAN/SUBJECT/1142/54027_1EICS2157530.pdf,https://webapss.ncue.edu.tw/Teacher/Reports/OB020.aspx?yms_year=114&yms_sms=2&emp_id=0000667
500,54026,資工碩一,計算智能,,系選修,,否,3,黃耀賢,工學院,(一) 02-04 資工電腦教室(一),20,7,12,限本系,,Computational Intelligence,中文,https://webap0.ncue.edu.tw/DEANV2/UploadDEAN/SUBJECT/1142/54026_1EICS2155330.pdf,https://webapss.ncue.edu.tw/Teacher/Reports/OB020.aspx?yms_year=114&yms_sms=2&emp_id=0001177
501,54025,資工三,系統整合專題(一),,系必修,,否,2,易昶霈張家濟,工學院,(六) 01-04 資工研討室(一),50,14,16,限本系,,Topics in System Integration I,中文,https://webap0.ncue.edu.tw/DEANV2/UploadDEAN/SUBJECT/1142/54025_1EICS0020120.pdf,https://webapss.ncue.edu.tw/Teacher/Reports/OB020.aspx?yms_year=114&yms_sms=2&emp_id=0000788
502,54024,資工三,網路通訊專題(一),,系必修,,否,2,詹益禎丁德榮,工學院,(六) 01-04 資工電腦教室(二),50,20,19,限本系,,Topics in Network Communication I,中文,https://webap0.ncue.edu.tw/DEANV2/UploadDEAN/SUBJECT/1142/54024_1EICS0024820.pdf,https://webapss.ncue.edu.tw/Teacher/Reports/OB020.aspx?yms_year=114&yms_sms=2&emp_id=0000857
503,54023,資工三,軟體發展專題(一),,系必修,,否,2,陳伯岳陳勇志,工學院,(六) 01-04 資工電腦教室(一),50,18,22,限本系,,Topics in Software Development I,中文,https://webap0.ncue.edu.tw/DEANV2/UploadDEAN/SUBJECT/1142/54023_1EICS0027420.pdf,https://webapss.ncue.edu.tw/Teacher/Reports/OB020.aspx?yms_year=114&yms_sms=2&emp_id=0000908
504,54021,資工三,網路安全,,系選修,,否,3,丁德榮,教學二館,(四) 05-07 34304,70,65,50,限本系,,Network Security,中文,https://webap0.ncue.edu.tw/DEANV2/UploadDEAN/SUBJECT/1142/54021_1EICS0017530.pdf,https://webapss.ncue.edu.tw/Teacher/Reports/OB020.aspx?yms_year=114&yms_sms=2&emp_id=0000748
505,54020,資工三,機率論,,系必修,,否,3,施明毅,教學一館,(一) 02-04 33102,65,64,64,限本系,,Probability Theory,中文,https://webap0.ncue.edu.tw/DEANV2/UploadDEAN/SUBJECT/1142/54020_1EICS0014830.pdf,https://webapss.ncue.edu.tw/Teacher/Reports/OB020.aspx?yms_year=114&yms_sms=2&emp_id=0000878
506,54019,資工三,資料庫系統,,系選修,,否,3,賴聯福,工學院,(三) 05-07 資工電腦教室(一),60,76,56,限本系,,Database System,中文,https://webap0.ncue.edu.tw/DEANV2/UploadDEAN/SUBJECT/1142/54019_1EICS0022130.pdf,https://webapss.ncue.edu.tw/Teacher/Reports/OB020.aspx?yms_year=114&yms_sms=2&emp_id=0000715
507,54018,資工三,視窗程式設計,,系選修,,否,3,黃耀賢,工學院,(三) 02-04 資工電腦教室(一),50,35,35,限本系,,Windows Programming,中文,https://webap0.ncue.edu.tw/DEANV2/UploadDEAN/SUBJECT/1142/54018_1EICS0026130.pdf,https://webapss.ncue.edu.tw/Teacher/Reports/OB020.aspx?yms_year=114&yms_sms=2&emp_id=0001177
508,54016,資工三,物聯網,,系選修,,否,3,張英超,工學院,(二) 02-04 資工電腦教室(二),50,11,12,限本系,,Internet of Things,中文,https://webap0.ncue.edu.tw/DEANV2/UploadDEAN/SUBJECT/1142/54016_1EICS0155730.pdf,https://webapss.ncue.edu.tw/Teacher/Reports/OB020.aspx?yms_year=114&yms_sms=2&emp_id=0000759
509,54015,資工三,UNIX系統程式設計,,系選修,,否,3,陳勇志,教學一館,(二) 07-09 33401教室,50,71,40,限本系,,Unix System Programming,中文,https://webap0.ncue.edu.tw/DEANV2/UploadDEAN/SUBJECT/1142/54015_1EICS0128730.pdf,https://webapss.ncue.edu.tw/Teacher/Reports/OB020.aspx?yms_year=114&yms_sms=2&emp_id=0001227
510,54014,資工二,可程式邏輯設計,,系選修,,是,3,陳伯岳,工學院,(五) 02-04 資工電腦教室(一),55,42,57,限本系,,Programmable Logic Design,英文,https://webap0.ncue.edu.tw/DEANV2/UploadDEAN/SUBJECT/1142/54014_1EICS0022730_EN.pdf,https://webapss.ncue.edu.tw/Teacher/Reports/OB020.aspx?yms_year=114&yms_sms=2&emp_id=0000908
511,54013,資工二,微處理機技術,,系必修,,否,2,伍朝欽,工學院,(四) 05-08 資工電腦教室(一),70,54,58,限本系,,Practicum in Microprocessors,中文,https://webap0.ncue.edu.tw/DEANV2/UploadDEAN/SUBJECT/1142/54013_1EICS0128420.pdf,https://webapss.ncue.edu.tw/Teacher/Reports/OB020.aspx?yms_year=114&yms_sms=2&emp_id=0000667
512,54012,資工二,電腦網路進階,,系選修,,否,3,張英超,工學院,(四) 02-04 資工電腦教室(一),50,34,34,限本系,,Advanced Computer Networks,中文,https://webap0.ncue.edu.tw/DEANV2/UploadDEAN/SUBJECT/1142/54012_1EICS0128530.pdf,https://webapss.ncue.edu.tw/Teacher/Reports/OB020.aspx?yms_year=114&yms_sms=2&emp_id=0000759
513,54011,資工二,計算機組織,,系必修,,否,3,陳伯岳,教學一館,(三) 05-07 33303,72,59,67,可跨班系,,Computer Organization,中文,https://webap0.ncue.edu.tw/DEANV2/UploadDEAN/SUBJECT/1142/54011_1EICS0023730.pdf,https://webapss.ncue.edu.tw/Teacher/Reports/OB020.aspx?yms_year=114&yms_sms=2&emp_id=0000908
514,54010,資工二,數位系統技術,,系必修,,否,2,陳仁德,力行館,(三) 01-04 力行館31102,50,58,67,限本系,,Digital System Lab,中文,https://webap0.ncue.edu.tw/DEANV2/UploadDEAN/SUBJECT/1142/54010_1EICS0015820.pdf,https://webapss.ncue.edu.tw/Teacher/Reports/OB020.aspx?yms_year=114&yms_sms=2&emp_id=0000929
515,54009,資工二,網際網路資料庫程式設計,,系選修,,否,3,李志朗,工學院,(二) 10-12 工學院EB211,50,51,53,限本系,,Internet Database Programming,中文,https://webap0.ncue.edu.tw/DEANV2/UploadDEAN/SUBJECT/1142/54009_1EICS0017430.pdf,https://webapss.ncue.edu.tw/Teacher/Reports/OB020.aspx?yms_year=114&yms_sms=2&emp_id=9900538
516,54008,資工二,程式語言理論與實務,,系必修,,否,3,賴聯福,工學院,(一) 05-07 資工電腦教室(一),60,55,59,限本系,,Theory and Practice of Programming Language,中文,https://webap0.ncue.edu.tw/DEANV2/UploadDEAN/SUBJECT/1142/54008_1EICS0152430.pdf,https://webapss.ncue.edu.tw/Teacher/Reports/OB020.aspx?yms_year=114&yms_sms=2&emp_id=0000715
517,54007,資工二,電子技術(一),,系選修,,否,1,張家濟,工學院,(一) 03-04 EB214,50,32,32,限本系,,Electronic Technology I,中英,https://webap0.ncue.edu.tw/DEANV2/UploadDEAN/SUBJECT/1142/54007_1EICS0017710.pdf,https://webapss.ncue.edu.tw/Teacher/Reports/OB020.aspx?yms_year=114&yms_sms=2&emp_id=0001158
518,54006,資工一,數位邏輯,,系必修,,否,3,易昶霈,教學一館,(四) 05-07 33401教室,50,59,64,限本系,遠距課程,Digital Logic,中英,https://webap0.ncue.edu.tw/DEANV2/UploadDEAN/SUBJECT/1142/54006_1EICS0017830.pdf,https://webapss.ncue.edu.tw/Teacher/Reports/OB020.aspx?yms_year=114&yms_sms=2&emp_id=0000788
519,54005,資工一,線性代數,,系必修,,否,3,丁德榮,教學一館,(四) 02-04 33404,90,75,94,限本系,,Linear Algebra,中文,https://webap0.ncue.edu.tw/DEANV2/UploadDEAN/SUBJECT/1142/54005_1EICS0014730.pdf,https://webapss.ncue.edu.tw/Teacher/Reports/OB020.aspx?yms_year=114&yms_sms=2&emp_id=0000748
520,54004,資工一,微積分(二),,系必修,,否,3,易昶霈,教學一館,(三) 05-07 33401教室,50,49,64,限本班,,Calculus II,中英,https://webap0.ncue.edu.tw/DEANV2/UploadDEAN/SUBJECT/1142/54004_1EICS0015130.pdf,https://webapss.ncue.edu.tw/Teacher/Reports/OB020.aspx?yms_year=114&yms_sms=2&emp_id=0000788
521,54003,資工一,進階程式設計,,系必修,,否,3,張家濟,工學院,(二) 02-04 資工電腦教室(一),50,47,85,限本班,,Advanced Program Design,中英,https://webap0.ncue.edu.tw/DEANV2/UploadDEAN/SUBJECT/1142/54003_1EICS0153530.pdf,https://webapss.ncue.edu.tw/Teacher/Reports/OB020.aspx?yms_year=114&yms_sms=2&emp_id=0001158
522,54002,資工一,物件導向程式設計,,系必修,,否,3,詹益禎,力行館,(一) 05-07 力行館31102,65,60,65,可跨班系,,Object Oriented Program Design,中文,https://webap0.ncue.edu.tw/DEANV2/UploadDEAN/SUBJECT/1142/54002_1EICS0026230.pdf,https://webapss.ncue.edu.tw/Teacher/Reports/OB020.aspx?yms_year=114&yms_sms=2&emp_id=0000857
523,54001,資工一,人工智慧及其應用,,校必(通識),,否,2,黃耀賢,力行館,(二) 07-08 力行館31102,50,0,54,限本班,大二~大四生如要修習，以線上加簽方式,Artificial Intelligence and Its Application,中文,https://webap0.ncue.edu.tw/DEANV2/UploadDEAN/SUBJECT/1142/54001_0CCGE0181420.pdf,https://webapss.ncue.edu.tw/Teacher/Reports/OB020.aspx?yms_year=114&yms_sms=2&emp_id=0001177
524,53047,電子一,人工智慧及其應用,,校必(通識),,否,2,鄭傑元,力行館,(三) 07-08 力行館31102,50,0,38,限本班,大二~大四生如要修習，以線上加簽方式,Artificial Intelligence and Its Application,中文,https://webap0.ncue.edu.tw/DEANV2/UploadDEAN/SUBJECT/1142/53047_0CCGE0181420.pdf,https://webapss.ncue.edu.tw/Teacher/Reports/OB020.aspx?yms_year=114&yms_sms=2&emp_id=9901285
525,53046,電子碩一,射頻前端模組設計,,系選修,,否,3,張錦法,工學院,(四) 06-08 E414,20,9,15,限本系,,RF Front End Module Design,中文,https://webap0.ncue.edu.tw/DEANV2/UploadDEAN/SUBJECT/1142/53046_1EIEL2163330.pdf,https://webapss.ncue.edu.tw/Teacher/Reports/OB020.aspx?yms_year=114&yms_sms=2&emp_id=0001153
526,53045,電子碩一,訊號與電源完整性分析,,系選修,,否,3,張錦法,工學院,(三) 06-08 E414,20,7,7,限本系,,Analysis of Signal and Power Integrity,中文,https://webap0.ncue.edu.tw/DEANV2/UploadDEAN/SUBJECT/1142/53045_1EIEL2163730.pdf,https://webapss.ncue.edu.tw/Teacher/Reports/OB020.aspx?yms_year=114&yms_sms=2&emp_id=0001153
527,53044,電子碩一,通訊系統分析與模擬,,系選修,,否,3,陳棟洲,工學院,(三) 05-07 E422研討室,20,1,2,限本系,,Analysis and Simulation of Communication Systems,中文,https://webap0.ncue.edu.tw/DEANV2/UploadDEAN/SUBJECT/1142/53044_1EIEL2164830.pdf,https://webapss.ncue.edu.tw/Teacher/Reports/OB020.aspx?yms_year=114&yms_sms=2&emp_id=0000977
528,53043,電子碩一,數位訊號處理,,系選修,,否,3,熊大為,工學院,(二) 06-08 E404教室,20,4,17,限本系,,Digital Signal Processing,中英,https://webap0.ncue.edu.tw/DEANV2/UploadDEAN/SUBJECT/1142/53043_1EIEL2164030.pdf,https://webapss.ncue.edu.tw/Teacher/Reports/OB020.aspx?yms_year=114&yms_sms=2&emp_id=0000959
529,53042,電子碩一,無線通訊系統,,系選修,,否,3,陳棟洲,工學院,(二) 02-04 E414,20,2,6,限本系,,Wireless Communication Systems,中文,https://webap0.ncue.edu.tw/DEANV2/UploadDEAN/SUBJECT/1142/53042_1EIEL2144930.pdf,https://webapss.ncue.edu.tw/Teacher/Reports/OB020.aspx?yms_year=114&yms_sms=2&emp_id=0000977
530,53041,電子碩一,高等電磁學,,系選修,,否,3,許崇宜何明華,工學院,(一) 07-09 E414,20,4,5,限本系,,Advanced Electromagnetics,中文,https://webap0.ncue.edu.tw/DEANV2/UploadDEAN/SUBJECT/1142/53041_1EIEL2026730.pdf,https://webapss.ncue.edu.tw/Teacher/Reports/OB020.aspx?yms_year=114&yms_sms=2&emp_id=9901065
531,53040,電子碩二,論文,,系必修,,否,0,論文,,,50,16,24,限本系,當學期申請學位考試者，務必選修「論文」，俾便取得口試之資格。,Thesis,無,,
532,53039,電子碩二,論文指導(二),,系必修,,否,3,論文,,,40,16,18,限本系,,Thesis Supervision II,無,,
533,53038,電子碩二,書報討論(四),,系必修,,是,1,熊大為吳正信張孟洲,工學院,(五) 06-07 E422研討室,40,18,18,限本系,,Seminar IV,英文,https://webap0.ncue.edu.tw/DEANV2/UploadDEAN/SUBJECT/1142/53038_1EIEL2035210_EN.pdf,https://webapss.ncue.edu.tw/Teacher/Reports/OB020.aspx?yms_year=114&yms_sms=2&emp_id=0000959
534,53037,電子碩一,書報討論(二),,系必修,,是,1,熊大為吳正信張孟洲,工學院,(五) 06-07 E408電子系會議室,40,22,25,限本系,,Seminar II,英文,https://webap0.ncue.edu.tw/DEANV2/UploadDEAN/SUBJECT/1142/53037_1EIEL2003810_EN.pdf,https://webapss.ncue.edu.tw/Teacher/Reports/OB020.aspx?yms_year=114&yms_sms=2&emp_id=0000959
535,53036,電子碩一,光學,,系選修,,否,3,陳偉立,教學二館,(四) 02-04 34304,20,1,8,限本系,,optics,中文,https://webap0.ncue.edu.tw/DEANV2/UploadDEAN/SUBJECT/1142/53036_1EIEL2166030.pdf,https://webapss.ncue.edu.tw/Teacher/Reports/OB020.aspx?yms_year=114&yms_sms=2&emp_id=0000747
536,53035,電子碩一,次世代半導體材料特性與產業應用,,系選修,,否,3,柯宗憲,工學院,(三) 06-08 E523實驗室,20,10,18,限本系,,Characteristics and industrial applications of next-generation semiconductor materials,中文,https://webap0.ncue.edu.tw/DEANV2/UploadDEAN/SUBJECT/1142/53035_1EIEL2166330.pdf,https://webapss.ncue.edu.tw/Teacher/Reports/OB020.aspx?yms_year=114&yms_sms=2&emp_id=0001053
537,53034,電子碩一,半導體元件物理,,系選修,,否,3,吳正信,工學院,(二) 06-08 E408電子系會議室,20,3,11,限本系,,Physics of Semiconductor Devices,中文,https://webap0.ncue.edu.tw/DEANV2/UploadDEAN/SUBJECT/1142/53034_1EIEL2015430.pdf,https://webapss.ncue.edu.tw/Teacher/Reports/OB020.aspx?yms_year=114&yms_sms=2&emp_id=0000853
538,53033,電子碩一,中央處理單元設計,,系選修,,否,3,張孟洲,工學院,(二) 02-04 E404教室,20,7,26,限本系,,Design of Central Processing Unit,中文,https://webap0.ncue.edu.tw/DEANV2/UploadDEAN/SUBJECT/1142/53033_1EIEL2019730.pdf,https://webapss.ncue.edu.tw/Teacher/Reports/OB020.aspx?yms_year=114&yms_sms=2&emp_id=0000873
539,53032,電子碩一,光電半導體元件,,系選修,,否,3,林得裕,工學院,(一) 06-08 E513實驗室,20,6,26,限本系,,Optoelectronic Semiconductor Devices,中文,https://webap0.ncue.edu.tw/DEANV2/UploadDEAN/SUBJECT/1142/53032_1EIEL2022530.pdf,https://webapss.ncue.edu.tw/Teacher/Reports/OB020.aspx?yms_year=114&yms_sms=2&emp_id=0000717
540,53031,電子碩一,半導體雷射,,系選修,,否,3,陳偉立,教學二館,(一) 06-08 34204,20,1,8,限本系,,Semiconductor Lasers,中文,https://webap0.ncue.edu.tw/DEANV2/UploadDEAN/SUBJECT/1142/53031_1EIEL2010930.pdf,https://webapss.ncue.edu.tw/Teacher/Reports/OB020.aspx?yms_year=114&yms_sms=2&emp_id=0000747
541,53030,電子碩一,光電與半導體量測技術,,系選修,,否,3,林得裕,工學院,(一) 02-04 E513實驗室,20,5,20,限本系,,Optoelectronic and Semiconductor Measurement Technology,中文,https://webap0.ncue.edu.tw/DEANV2/UploadDEAN/SUBJECT/1142/53030_1EIEL2027530.pdf,https://webapss.ncue.edu.tw/Teacher/Reports/OB020.aspx?yms_year=114&yms_sms=2&emp_id=0000717
542,53029,電子三,神經網路加速技術,,系選修,,否,3,陳冠宏,工學院,(四) 05-07 E404教室,50,14,15,可跨班系,,Neural-Network Acceleration,中文,https://webap0.ncue.edu.tw/DEANV2/UploadDEAN/SUBJECT/1142/53029_1EIEL0162330.pdf,https://webapss.ncue.edu.tw/Teacher/Reports/OB020.aspx?yms_year=114&yms_sms=2&emp_id=0001198
543,53028,電子三,系統晶片設計實務專題(一),,系必修,,否,3,陳勛祥陳冠宏,工學院,(六) 07-09 E406 (七) 07-09 E406,50,19,18,限本系,,Practical Projects in SOC Design I,中文,https://webap0.ncue.edu.tw/DEANV2/UploadDEAN/SUBJECT/1142/53028_1EIEL0153730.pdf,https://webapss.ncue.edu.tw/Teacher/Reports/OB020.aspx?yms_year=114&yms_sms=2&emp_id=0000783
544,53027,電子三,光電實務專題(一),,系必修,,否,3,陳偉立林得裕,工學院,(七) 01-06 E408電子系會議室,50,23,20,限本系,,Practical Projects in Optoelectronics I,中文,https://webap0.ncue.edu.tw/DEANV2/UploadDEAN/SUBJECT/1142/53027_1EIEL0150830.pdf,https://webapss.ncue.edu.tw/Teacher/Reports/OB020.aspx?yms_year=114&yms_sms=2&emp_id=0000747
545,53026,電子三,微波與通訊實務專題(一),,系必修,,否,3,熊大為張錦法,工學院,(六) 01-06 E414,50,16,14,限本系,,Practical Projects in Microwave and Communication I,中英,https://webap0.ncue.edu.tw/DEANV2/UploadDEAN/SUBJECT/1142/53026_1EIEL0150730.pdf,https://webapss.ncue.edu.tw/Teacher/Reports/OB020.aspx?yms_year=114&yms_sms=2&emp_id=0000959
546,53025,電子三,數位通訊概論,,系選修,,否,3,熊大為,教學一館,(四) 06-08 33302教室,50,20,18,限本系,,Principles of Digital Communications,中英,https://webap0.ncue.edu.tw/DEANV2/UploadDEAN/SUBJECT/1142/53025_1EIEL0024630.pdf,https://webapss.ncue.edu.tw/Teacher/Reports/OB020.aspx?yms_year=114&yms_sms=2&emp_id=0000959
547,53023,電子三,通訊系統分析與模擬,,系選修,,否,3,陳棟洲,工學院,(三) 02-04 E414,50,13,8,限本系,遠距課程,Analysis and Simulation of Communication Systems,中文,https://webap0.ncue.edu.tw/DEANV2/UploadDEAN/SUBJECT/1142/53023_1EIEL0141930.pdf,https://webapss.ncue.edu.tw/Teacher/Reports/OB020.aspx?yms_year=114&yms_sms=2&emp_id=0000977
548,53022,電子三,VLSI設計導論,,系選修,,否,3,陳冠宏,工學院,(二) 05-07 E406,50,25,28,可跨班系,,Introduction to VLSI Design,中文,https://webap0.ncue.edu.tw/DEANV2/UploadDEAN/SUBJECT/1142/53022_1EIEL0024430.pdf,https://webapss.ncue.edu.tw/Teacher/Reports/OB020.aspx?yms_year=114&yms_sms=2&emp_id=0001198
549,53021,國際電子二,訊號與系統,,系選修,,否,3,洪萬鑄,工學院,(五) 02-04 E414,50,19,21,限本班,,Signals and Systems,中文,https://webap0.ncue.edu.tw/DEANV2/UploadDEAN/SUBJECT/1142/53021_1EIEL0155430.pdf,https://webapss.ncue.edu.tw/Teacher/Reports/OB020.aspx?yms_year=114&yms_sms=2&emp_id=0000785
550,53020,國際電子二,電磁學(一),,系必修,,否,3,何明華,教學二館,(一) 05-06 34201 (三) 04 34201,50,19,27,限本班,,Electromagnetics I,中文,https://webap0.ncue.edu.tw/DEANV2/UploadDEAN/SUBJECT/1142/53020_1EIEL0010830.pdf,https://webapss.ncue.edu.tw/Teacher/Reports/OB020.aspx?yms_year=114&yms_sms=2&emp_id=0000670
551,53019,電子二,電子學(二),,系必修,,否,3,陳勛祥,教學一館,(五) 06-08 33404,65,67,80,限本班,,Electronics II,中文,https://webap0.ncue.edu.tw/DEANV2/UploadDEAN/SUBJECT/1142/53019_1EIEL0014730.pdf,https://webapss.ncue.edu.tw/Teacher/Reports/OB020.aspx?yms_year=114&yms_sms=2&emp_id=0000783
552,53018,電子二,半導體元件（一）,,系選修,,否,3,吳正信,教學二館,(四) 06-08 34204,65,54,49,限本系,,Semiconductor Devices I,中文,https://webap0.ncue.edu.tw/DEANV2/UploadDEAN/SUBJECT/1142/53018_1EIEL0161130.pdf,https://webapss.ncue.edu.tw/Teacher/Reports/OB020.aspx?yms_year=114&yms_sms=2&emp_id=0000853
553,53017,電子二,進階程式設計,,系選修,,否,3,張孟洲,力行館,(四) 02-04 力行館31102,55,51,53,限本系,,Advanced Programming,中文,https://webap0.ncue.edu.tw/DEANV2/UploadDEAN/SUBJECT/1142/53017_1EIEL0161630.pdf,https://webapss.ncue.edu.tw/Teacher/Reports/OB020.aspx?yms_year=114&yms_sms=2&emp_id=0000873
554,53016,電子二,電磁學(一),,系必修,,否,3,何明華,教學二館,(二) 05-06 34201 (三) 03 34201,60,54,54,限本系,,Electromagnetics I,中文,https://webap0.ncue.edu.tw/DEANV2/UploadDEAN/SUBJECT/1142/53016_1EIEL0010830.pdf,https://webapss.ncue.edu.tw/Teacher/Reports/OB020.aspx?yms_year=114&yms_sms=2&emp_id=0000670
555,53015,電子二,訊號與系統,,系必修,,否,3,洪萬鑄,教學二館,(一) 02-04 34303,60,54,51,限本系,,Signals and Systems,中文,https://webap0.ncue.edu.tw/DEANV2/UploadDEAN/SUBJECT/1142/53015_1EIEL0155430.pdf,https://webapss.ncue.edu.tw/Teacher/Reports/OB020.aspx?yms_year=114&yms_sms=2&emp_id=0000785
556,53014,電子一,線性代數,,系選修,,否,3,陳棟洲,教學二館,(四) 06-08 34303,70,56,27,限本系,遠距課程,Linear Algebra,中文,https://webap0.ncue.edu.tw/DEANV2/UploadDEAN/SUBJECT/1142/53014_1EIEL0005630.pdf,https://webapss.ncue.edu.tw/Teacher/Reports/OB020.aspx?yms_year=114&yms_sms=2&emp_id=0000977
557,53013,電子一,數位邏輯,,系必修,,否,3,黃其泮,教學二館,(四) 06-08 34201,50,9,39,限本班,B,Digital Logic,中文,https://webap0.ncue.edu.tw/DEANV2/UploadDEAN/SUBJECT/1142/53013_1EIEL0022730.pdf,https://webapss.ncue.edu.tw/Teacher/Reports/OB020.aspx?yms_year=114&yms_sms=2&emp_id=9900332
558,53012,電子一,數位邏輯,,系必修,,否,3,黃其泮,教學二館,(四) 02-04 34303,60,76,53,限本系,A,Digital Logic,中文,https://webap0.ncue.edu.tw/DEANV2/UploadDEAN/SUBJECT/1142/53012_1EIEL0022730.pdf,https://webapss.ncue.edu.tw/Teacher/Reports/OB020.aspx?yms_year=114&yms_sms=2&emp_id=9900332
559,53011,電子一,工程數學(一),,系必修,,否,3,洪萬鑄,教學二館,(五) 05-07 34101,50,11,37,限本班,B,Engineering Mathematics I,中文,https://webap0.ncue.edu.tw/DEANV2/UploadDEAN/SUBJECT/1142/53011_1EIEL0005330.pdf,https://webapss.ncue.edu.tw/Teacher/Reports/OB020.aspx?yms_year=114&yms_sms=2&emp_id=0000785
560,53010,電子一,工程數學(一),,系必修,,否,3,洪萬鑄,教學二館,(三) 05-07 34204,50,71,50,限本班,A,Engineering Mathematics I,中文,https://webap0.ncue.edu.tw/DEANV2/UploadDEAN/SUBJECT/1142/53010_1EIEL0005330.pdf,https://webapss.ncue.edu.tw/Teacher/Reports/OB020.aspx?yms_year=114&yms_sms=2&emp_id=0000785
561,53009,電子一,電路學(一),,系必修,,否,3,林得裕,教學二館,(二) 02-04 34303,50,11,42,限本班,B,Circuit Theory I,中文,https://webap0.ncue.edu.tw/DEANV2/UploadDEAN/SUBJECT/1142/53009_1EIEL0014830.pdf,https://webapss.ncue.edu.tw/Teacher/Reports/OB020.aspx?yms_year=114&yms_sms=2&emp_id=0000717
562,53008,電子一,電路學(一),,系必修,,否,3,柯宗憲,教學二館,(三) 02-04 34303,60,73,53,限本班,A,Circuit Theory I,中文,https://webap0.ncue.edu.tw/DEANV2/UploadDEAN/SUBJECT/1142/53008_1EIEL0014830.pdf,https://webapss.ncue.edu.tw/Teacher/Reports/OB020.aspx?yms_year=114&yms_sms=2&emp_id=0001053
563,53007,電子一,普通物理(二),,系必修,,否,3,柯宗憲,教學二館,(二) 07-09 34204,50,2,25,限本班,B,General Physics II,中文,https://webap0.ncue.edu.tw/DEANV2/UploadDEAN/SUBJECT/1142/53007_1EIEL0003330.pdf,https://webapss.ncue.edu.tw/Teacher/Reports/OB020.aspx?yms_year=114&yms_sms=2&emp_id=0001053
564,53006,電子一,普通物理(二),,系必修,,否,3,柯宗憲,教學二館,(二) 02-04 34204,60,67,50,限本班,A,General Physics II,中文,https://webap0.ncue.edu.tw/DEANV2/UploadDEAN/SUBJECT/1142/53006_1EIEL0003330.pdf,https://webapss.ncue.edu.tw/Teacher/Reports/OB020.aspx?yms_year=114&yms_sms=2&emp_id=0001053
565,53005,電子一,微積分(二),,系必修,,否,3,陳偉立,教學二館,(一) 03-04 34204 (四) 05 34204,65,74,65,限本班,,Calculus II,中文,https://webap0.ncue.edu.tw/DEANV2/UploadDEAN/SUBJECT/1142/53005_1EIEL0007230.pdf,https://webapss.ncue.edu.tw/Teacher/Reports/OB020.aspx?yms_year=114&yms_sms=2&emp_id=0000747
566,53004,國際電子二,電子技術(二),,系必修,,否,2,陳勛祥,工學院,(三) 05-08 EB214,50,19,21,限本班,,Electronic Technology II,中文,https://webap0.ncue.edu.tw/DEANV2/UploadDEAN/SUBJECT/1142/53004_1EIEL0020420.pdf,https://webapss.ncue.edu.tw/Teacher/Reports/OB020.aspx?yms_year=114&yms_sms=2&emp_id=0000783
567,53003,電子二,電子技術(二),,系必修,,否,2,陳勛祥,工學院,(一) 05-08 EB214,50,50,54,限本系,,Electronic Technology II,中文,https://webap0.ncue.edu.tw/DEANV2/UploadDEAN/SUBJECT/1142/53003_1EIEL0020420.pdf,https://webapss.ncue.edu.tw/Teacher/Reports/OB020.aspx?yms_year=114&yms_sms=2&emp_id=0000783
568,53002,電子一,人工智慧及其應用,,校必(通識),,否,2,張孟洲,力行館,(二) 05-06 力行館31102,50,0,50,限本班,大二~大四生如要修習，以線上加簽方式,Artificial Intelligence and Its Application,中文,https://webap0.ncue.edu.tw/DEANV2/UploadDEAN/SUBJECT/1142/53002_0CCGE0181420.pdf,https://webapss.ncue.edu.tw/Teacher/Reports/OB020.aspx?yms_year=114&yms_sms=2&emp_id=0000873
569,52053,電機博三,高等電力電子學,,系選修,,否,3,陳財榮,工學院,(四) 05-07 E703,20,0,2,限本系,,Advanced Power Electronics,中文,https://webap0.ncue.edu.tw/DEANV2/UploadDEAN/SUBJECT/1142/52053_1EIEE3144830.pdf,https://webapss.ncue.edu.tw/Teacher/Reports/OB020.aspx?yms_year=114&yms_sms=2&emp_id=9901265
570,52052,電機夜碩二,實務專題研究,,系選修,,否,1,林昭志,工學院,(二) 10 E703,30,0,11,限本班,,Practical case study,中文,https://webap0.ncue.edu.tw/DEANV2/UploadDEAN/SUBJECT/1142/52052_1EIEEE150010.pdf,https://webapss.ncue.edu.tw/Teacher/Reports/OB020.aspx?yms_year=114&yms_sms=2&emp_id=0001019
571,52051,電機夜碩二,論文,,系必修,,否,0,論文,,,30,0,18,限本系,,Thesis,中文,https://webap0.ncue.edu.tw/DEANV2/UploadDEAN/SUBJECT/1142/52051_1EIEEE002100.pdf,
572,52050,電機夜碩二,論文指導,,系必修,,否,4,論文,,,30,0,13,限本班,,Thesis Supervision,中文,https://webap0.ncue.edu.tw/DEANV2/UploadDEAN/SUBJECT/1142/52050_1EIEEE022140.pdf,
573,52049,電機夜碩二,論文寫作(二),,系必修,,否,3,王朝興,工學院,(三) 10-12 E702,30,0,14,限本班,,Research Paper Writing(II),中文,https://webap0.ncue.edu.tw/DEANV2/UploadDEAN/SUBJECT/1142/52049_1EIEEE001330.pdf,https://webapss.ncue.edu.tw/Teacher/Reports/OB020.aspx?yms_year=114&yms_sms=2&emp_id=0000765
574,52048,電機夜碩一,高等電力網路分析,,系選修,,否,3,魏忠必,工學院,(四) 10-12 工學院EB211,30,0,22,限本班,,Advanced Power Network Analysis,中文,https://webap0.ncue.edu.tw/DEANV2/UploadDEAN/SUBJECT/1142/52048_1EIEEE154730.pdf,https://webapss.ncue.edu.tw/Teacher/Reports/OB020.aspx?yms_year=114&yms_sms=2&emp_id=0000152
575,52047,電機夜碩一,數位影像處理,,系選修,,否,3,黃駿賢,工學院,(一) 10-12 E504,30,0,20,限本班,,Digital Image Processing,中文,https://webap0.ncue.edu.tw/DEANV2/UploadDEAN/SUBJECT/1142/52047_1EIEEE130830.pdf,https://webapss.ncue.edu.tw/Teacher/Reports/OB020.aspx?yms_year=114&yms_sms=2&emp_id=0001199
576,52046,電機夜碩一,電機教學與管理專題研究(二),,組必修,,否,1,魏忠必張譽鐘,工學院,(二) 12 E504,30,0,11,限本班,,Project of Implementation (II),中文,https://webap0.ncue.edu.tw/DEANV2/UploadDEAN/SUBJECT/1142/52046_1EIEEE149210.pdf,https://webapss.ncue.edu.tw/Teacher/Reports/OB020.aspx?yms_year=114&yms_sms=2&emp_id=0000152
577,52045,電機夜碩一,電機工程專題研究(二),,組必修,,否,1,楊文然陳良瑞,工學院,(二) 12 E702,30,0,10,限本班,,Project Research of Electrical Engineering(II),中文,https://webap0.ncue.edu.tw/DEANV2/UploadDEAN/SUBJECT/1142/52045_1EIEEE149010.pdf,https://webapss.ncue.edu.tw/Teacher/Reports/OB020.aspx?yms_year=114&yms_sms=2&emp_id=0000894
578,52044,電機夜碩一,書報討論(下),,系必修,,否,2,魏忠必,工學院,(二) 10-11 E702,30,0,19,限本班,,Seminar(II),中文,https://webap0.ncue.edu.tw/DEANV2/UploadDEAN/SUBJECT/1142/52044_1EIEEE000320.pdf,https://webapss.ncue.edu.tw/Teacher/Reports/OB020.aspx?yms_year=114&yms_sms=2&emp_id=0000152
579,52042,電機三,系統實作專題(一),,系必修,,否,2,黃駿賢張譽鐘王朝興,工學院,(一) 08-09 E703 (三) 08-09 E703,50,15,18,限本班,,Special Topic for Systems I,中文,https://webap0.ncue.edu.tw/DEANV2/UploadDEAN/SUBJECT/1142/52042_1EIEE0011120.pdf,https://webapss.ncue.edu.tw/Teacher/Reports/OB020.aspx?yms_year=114&yms_sms=2&emp_id=0001199
580,52040,電機碩一,無線通訊專題,,系選修,,否,3,林昭志,工學院,(五) 02-04 E504,20,5,9,限本系,,Special Topics on Wireless Communications,中文,https://webap0.ncue.edu.tw/DEANV2/UploadDEAN/SUBJECT/1142/52040_1EIEE3153330.pdf,https://webapss.ncue.edu.tw/Teacher/Reports/OB020.aspx?yms_year=114&yms_sms=2&emp_id=0001019
581,52038,電機碩一,科技英文,,系選修,,否,3,楊文然,教學二館,(三) 02-04 34302,40,11,10,限本系,,Technical English,中文,https://webap0.ncue.edu.tw/DEANV2/UploadDEAN/SUBJECT/1142/52038_1EIEE2002930.pdf,https://webapss.ncue.edu.tw/Teacher/Reports/OB020.aspx?yms_year=114&yms_sms=2&emp_id=0000894
582,52037,電機碩一,電源與電池管理系統,,系選修,,否,3,陳良瑞,教學二館,(一) 05-07 34203,20,3,5,限本系,,Energy and Battery Management Systems,中文,https://webap0.ncue.edu.tw/DEANV2/UploadDEAN/SUBJECT/1142/52037_2EIEE2156530.pdf,https://webapss.ncue.edu.tw/Teacher/Reports/OB020.aspx?yms_year=114&yms_sms=2&emp_id=0000909
583,52036,電機碩一,模糊控制,,系選修,,否,3,王朝興,教學二館,(一) 05-07 34303,20,8,6,限本系,,Fuzzy Control,中文,https://webap0.ncue.edu.tw/DEANV2/UploadDEAN/SUBJECT/1142/52036_1EIEE2014630.pdf,https://webapss.ncue.edu.tw/Teacher/Reports/OB020.aspx?yms_year=114&yms_sms=2&emp_id=0000765
584,52035,電機碩二,論文,,系必修,,否,0,論文,,,40,12,27,限本系,,Thesis,無,,
585,52034,電機碩二,論文指導(二),,系必修,,否,3,論文,,,40,10,24,限本班,,Thesis Supervision II,無,,
586,52033,電機碩二,專題研討(二),,系必修,,是,2,張譽鐘,工學院,(五) 05-06 E703,40,9,23,限本系,,Literature Study II,中英,https://webap0.ncue.edu.tw/DEANV2/UploadDEAN/SUBJECT/1142/52033_1EIEE2158020.pdf,https://webapss.ncue.edu.tw/Teacher/Reports/OB020.aspx?yms_year=114&yms_sms=2&emp_id=0000967
587,52032,電機碩一,書報討論(二),,系必修,,是,2,林昭志,工學院,(五) 05-06 E702,40,21,28,限本班,,Seminar II,英文,https://webap0.ncue.edu.tw/DEANV2/UploadDEAN/SUBJECT/1142/52032_1EIEE2158220_EN.pdf,https://webapss.ncue.edu.tw/Teacher/Reports/OB020.aspx?yms_year=114&yms_sms=2&emp_id=0001019
588,52031,電機博一,數位控制,,系選修,,否,3,鍾翼能,工學院,(二) 02-04 E703,20,1,2,限本系,,Digital Control,中文,https://webap0.ncue.edu.tw/DEANV2/UploadDEAN/SUBJECT/1142/52031_1EIEE3144730.pdf,https://webapss.ncue.edu.tw/Teacher/Reports/OB020.aspx?yms_year=114&yms_sms=2&emp_id=9900354
589,52030,電機碩博,圖形監控系統,,系選修,,否,3,魏忠必,教學一館,(四) 05-07 教學一館33204,20,15,22,限本系,,Graphic Controller System,中文,https://webap0.ncue.edu.tw/DEANV2/UploadDEAN/SUBJECT/1142/52030_1EIEE3144330.pdf,https://webapss.ncue.edu.tw/Teacher/Reports/OB020.aspx?yms_year=114&yms_sms=2&emp_id=0000152
590,52029,電機碩博,數位影像處理,,系選修,,否,3,楊文然,教學二館,(三) 05-07 34302,20,14,13,限本系,,Digital Image Processing,中文,https://webap0.ncue.edu.tw/DEANV2/UploadDEAN/SUBJECT/1142/52029_1EIEE3143830.pdf,https://webapss.ncue.edu.tw/Teacher/Reports/OB020.aspx?yms_year=114&yms_sms=2&emp_id=0000894
591,52028,電機碩博,電力電子模擬與分析,,系選修,,否,3,陳冠炷,教學二館,(二) 02-04 34302,20,5,9,限本系,,Power Electronics Simulation and Analysis,中文,https://webap0.ncue.edu.tw/DEANV2/UploadDEAN/SUBJECT/1142/52028_1EIEE3144030.pdf,https://webapss.ncue.edu.tw/Teacher/Reports/OB020.aspx?yms_year=114&yms_sms=2&emp_id=0001197
592,52027,電機博二,論文,,系必修,,否,0,論文,,,40,0,9,限本系,,Thesis,無,,
593,52026,電機博二,論文指導(二),,系必修,,否,3,論文,,,20,0,1,限本班,,Thesis Supervision II,無,,
594,52025,電機博二,專題研討(下),,系必修,,否,2,魏忠必,工學院,(四) 03-04 E703,20,0,1,限本班,,Literature Study II,中文,https://webap0.ncue.edu.tw/DEANV2/UploadDEAN/SUBJECT/1142/52025_1EIEE1021920.pdf,https://webapss.ncue.edu.tw/Teacher/Reports/OB020.aspx?yms_year=114&yms_sms=2&emp_id=0000152
595,52024,電機博一,書報討論(下),,系必修,,否,2,阮昱霖林昭志,工學院,(四) 03-04 E702,20,1,4,限本班,,Seminar II,中文,https://webap0.ncue.edu.tw/DEANV2/UploadDEAN/SUBJECT/1142/52024_1EIEE1020320.pdf,https://webapss.ncue.edu.tw/Teacher/Reports/OB020.aspx?yms_year=114&yms_sms=2&emp_id=0000994
596,52023,電機四,電腦視覺,,系選修,,否,3,陳雍宗,教學一館,(一) 02-04 教學一館33204,50,10,13,可跨班系,,Computer Vision,中文,https://webap0.ncue.edu.tw/DEANV2/UploadDEAN/SUBJECT/1142/52023_1EIEE0153930.pdf,https://webapss.ncue.edu.tw/Teacher/Reports/OB020.aspx?yms_year=114&yms_sms=2&emp_id=9901297
597,52022,電機三,研發實作專題(一),,系必修,,否,2,林昭志陳冠炷魏忠必,工學院,(一) 08-09 E504 (三) 08-09 E504,50,17,17,限本班,,Special Topic for Research I,中文,https://webap0.ncue.edu.tw/DEANV2/UploadDEAN/SUBJECT/1142/52022_1EIEE0011720.pdf,https://webapss.ncue.edu.tw/Teacher/Reports/OB020.aspx?yms_year=114&yms_sms=2&emp_id=0001019
598,52020,電機三,產業實作專題(一),,系必修,,否,2,黃郁文楊文然阮昱霖陳良瑞,工學院,(一) 08-09 E702 (三) 08-09 E702,50,14,15,限本班,,Special Topic for Industry I,中文,https://webap0.ncue.edu.tw/DEANV2/UploadDEAN/SUBJECT/1142/52020_1EIEE0011420.pdf,https://webapss.ncue.edu.tw/Teacher/Reports/OB020.aspx?yms_year=114&yms_sms=2&emp_id=0001196
599,52019,電機三,智慧感測與資料探勘,,系選修,,否,3,魏忠必,工學院,(五) 02-04 工學院EB211,50,27,34,限本系,,Intelligence Sensing and Data Prospecting,中文,https://webap0.ncue.edu.tw/DEANV2/UploadDEAN/SUBJECT/1142/52019_1EIEE0017630.pdf,https://webapss.ncue.edu.tw/Teacher/Reports/OB020.aspx?yms_year=114&yms_sms=2&emp_id=0000152
600,52018,電機三,數位訊號處理,,系選修,,否,3,楊文然,教學二館,(四) 02-04 34302,50,35,47,限本系,,Digital Signal Processing,中文,https://webap0.ncue.edu.tw/DEANV2/UploadDEAN/SUBJECT/1142/52018_1EIEE0008230.pdf,https://webapss.ncue.edu.tw/Teacher/Reports/OB020.aspx?yms_year=114&yms_sms=2&emp_id=0000894
601,52017,電機三,智慧物聯網應用與實務,,系選修,,否,3,黃駿賢,工學院,(三) 02-04 E504,50,45,44,限本系,,Applications and Practices of Intelligent Internet of Things,中文,https://webap0.ncue.edu.tw/DEANV2/UploadDEAN/SUBJECT/1142/52017_1EIEE0160730.pdf,https://webapss.ncue.edu.tw/Teacher/Reports/OB020.aspx?yms_year=114&yms_sms=2&emp_id=0001199
602,52016,電機三,嵌入式作業系統,,系選修,,否,3,黃駿賢,工學院,(二) 05-07 E504,50,34,42,限本系,,Embedded Operating Systems,中文,https://webap0.ncue.edu.tw/DEANV2/UploadDEAN/SUBJECT/1142/52016_1EIEE0159630.pdf,https://webapss.ncue.edu.tw/Teacher/Reports/OB020.aspx?yms_year=114&yms_sms=2&emp_id=0001199
603,52015,電機三,數位通訊導論,,系選修,,否,3,黃郁文,教學二館,(二) 02-04 34301,50,15,9,限本系,,Introduction to Digital Communications,中文,https://webap0.ncue.edu.tw/DEANV2/UploadDEAN/SUBJECT/1142/52015_1EIEE0126730.pdf,https://webapss.ncue.edu.tw/Teacher/Reports/OB020.aspx?yms_year=114&yms_sms=2&emp_id=0001196
604,52014,電機三,電資產業概論與工程倫理,,系必修,,否,2,陳良瑞,教學二館,(一) 03-04 34302,50,42,44,限本班,,Introduction of Electrical Industry and Engineering Ethics,中文,https://webap0.ncue.edu.tw/DEANV2/UploadDEAN/SUBJECT/1142/52014_1EIEE0142720.pdf,https://webapss.ncue.edu.tw/Teacher/Reports/OB020.aspx?yms_year=114&yms_sms=2&emp_id=0000909
605,52013,電機二,電磁學(一),,系必修,,否,3,張譽鐘,教學一館,(四) 05-07 33404,70,47,76,限本系,,Electromagnetics I,中文,https://webap0.ncue.edu.tw/DEANV2/UploadDEAN/SUBJECT/1142/52013_1EIEE0004730.pdf,https://webapss.ncue.edu.tw/Teacher/Reports/OB020.aspx?yms_year=114&yms_sms=2&emp_id=0000967
606,52012,電機二,訊號與系統,,系必修,,否,3,黃郁文,教學二館,(三) 05-07 34303,50,49,60,限本班,,Signals and Systems,中文,https://webap0.ncue.edu.tw/DEANV2/UploadDEAN/SUBJECT/1142/52012_1EIEE0016230.pdf,https://webapss.ncue.edu.tw/Teacher/Reports/OB020.aspx?yms_year=114&yms_sms=2&emp_id=0001196
607,52011,電機二,電子學(二),,系必修,,否,3,陳冠炷,教學二館,(三) 02-04 34301,50,48,59,限本班,,Electronics II,中文,https://webap0.ncue.edu.tw/DEANV2/UploadDEAN/SUBJECT/1142/52011_1EIEE0006930.pdf,https://webapss.ncue.edu.tw/Teacher/Reports/OB020.aspx?yms_year=114&yms_sms=2&emp_id=0001197
608,52010,電機二,電子技術(二),,系必修,,否,2,林昭志,工學院,(二) 05-08 EB214,60,49,56,限本系,,Electronic Technology II,中文,https://webap0.ncue.edu.tw/DEANV2/UploadDEAN/SUBJECT/1142/52010_1EIEE0010220.pdf,https://webapss.ncue.edu.tw/Teacher/Reports/OB020.aspx?yms_year=114&yms_sms=2&emp_id=0001019
609,52009,電機二,機率與統計,,系選修,,否,3,鍾翼能,教學二館,(一) 05-07 34302,65,55,67,限本系,,Probability and Statistics,中文,https://webap0.ncue.edu.tw/DEANV2/UploadDEAN/SUBJECT/1142/52009_1EIEE0003430.pdf,https://webapss.ncue.edu.tw/Teacher/Reports/OB020.aspx?yms_year=114&yms_sms=2&emp_id=9900354
610,52008,電機二,微控制器基礎與應用,,系選修,,否,3,阮昱霖,工學院,(一) 02-04 E504,50,35,28,限本班,,Microcontroller Fundamentals and Applications,中文,https://webap0.ncue.edu.tw/DEANV2/UploadDEAN/SUBJECT/1142/52008_1EIEE0160530.pdf,https://webapss.ncue.edu.tw/Teacher/Reports/OB020.aspx?yms_year=114&yms_sms=2&emp_id=0000994
611,52007,電機一,工程數學(一),,系必修,,否,3,張譽鐘,教學一館,(四) 02-04 33403,70,46,64,限本系,,Engineering Mathematics I,中文,https://webap0.ncue.edu.tw/DEANV2/UploadDEAN/SUBJECT/1142/52007_1EIEE0003230.pdf,https://webapss.ncue.edu.tw/Teacher/Reports/OB020.aspx?yms_year=114&yms_sms=2&emp_id=0000967
612,52006,電機一,物件導向程式設計與應用,,系選修,,否,3,阮昱霖,工學院,(三) 05-07 E504,50,41,23,限本班,,Object-Oriented Programming and Applications,中文,https://webap0.ncue.edu.tw/DEANV2/UploadDEAN/SUBJECT/1142/52006_1EIEE0161930.pdf,https://webapss.ncue.edu.tw/Teacher/Reports/OB020.aspx?yms_year=114&yms_sms=2&emp_id=0000994
613,52005,電機一,電路技術,,系必修,,否,2,阮昱霖,工學院,(三) 01-04 EB214,50,45,46,限本班,,Circuit Theory Experiments,中文,https://webap0.ncue.edu.tw/DEANV2/UploadDEAN/SUBJECT/1142/52005_1EIEE0013020.pdf,https://webapss.ncue.edu.tw/Teacher/Reports/OB020.aspx?yms_year=114&yms_sms=2&emp_id=0000994
614,52004,電機一,電路學(一),,系必修,,否,3,王朝興,教學二館,(二) 05-07 34301,50,45,50,限本班,,Circuit Theory I,中文,https://webap0.ncue.edu.tw/DEANV2/UploadDEAN/SUBJECT/1142/52004_1EIEE0007030.pdf,https://webapss.ncue.edu.tw/Teacher/Reports/OB020.aspx?yms_year=114&yms_sms=2&emp_id=0000765
615,52003,電機一,微積分(二),,系必修,,否,3,黃郁文,教學一館,(一) 05-07 33401教室,50,46,53,限本班,,Calculus II,中文,https://webap0.ncue.edu.tw/DEANV2/UploadDEAN/SUBJECT/1142/52003_1EIEE0003930.pdf,https://webapss.ncue.edu.tw/Teacher/Reports/OB020.aspx?yms_year=114&yms_sms=2&emp_id=0001196
616,52002,電機一,線性代數,,系必修,,否,3,黃駿賢,教學二館,(一) 02-04 34301,50,46,60,限本班,,Linear Algebra,中文,https://webap0.ncue.edu.tw/DEANV2/UploadDEAN/SUBJECT/1142/52002_1EIEE0003630.pdf,https://webapss.ncue.edu.tw/Teacher/Reports/OB020.aspx?yms_year=114&yms_sms=2&emp_id=0001199
617,52001,電機一,人工智慧及其應用,,校必(通識),,否,2,楊文然,力行館,(四) 05-06 力行館31102,50,0,45,限本班,大二~大四生如要修習，以線上加簽方式,Artificial Intelligence and Its Application,中文,https://webap0.ncue.edu.tw/DEANV2/UploadDEAN/SUBJECT/1142/52001_0CCGE0181420.pdf,https://webapss.ncue.edu.tw/Teacher/Reports/OB020.aspx?yms_year=114&yms_sms=2&emp_id=0000894
618,51036,機電夜碩二,論文,,系必修,,否,0,論文,,,60,0,31,限本系,註冊未修課(延畢生)及本學期要提論文口試者必選,Thesis,中文,https://webap0.ncue.edu.tw/DEANV2/UploadDEAN/SUBJECT/1142/51036_1EIMEE023100.pdf,
619,51035,機電夜碩二,論文指導,,系必修,,否,4,論文,,,60,0,16,限本系,,Thesis Supervision,中文,https://webap0.ncue.edu.tw/DEANV2/UploadDEAN/SUBJECT/1142/51035_1EIMEE023040.pdf,
620,51034,機電夜碩二,論文寫作,,系必修,,否,2,曾立維,工學院,(二) 10-11 E205,54,0,16,限本系,,Thesis Writing,中文,https://webap0.ncue.edu.tw/DEANV2/UploadDEAN/SUBJECT/1142/51034_1EIMEE160820.pdf,https://webapss.ncue.edu.tw/Teacher/Reports/OB020.aspx?yms_year=114&yms_sms=2&emp_id=0001102
621,51033,機電夜碩一,研究專題(一),,系必修,,否,2,林俊佑謝秉澂陳淑容曾立維周咏蒨王可文沈志雄,工學院,(六) 10-11 E205,60,0,14,限本系,,Project of Research I,中文,https://webap0.ncue.edu.tw/DEANV2/UploadDEAN/SUBJECT/1142/51033_1EIMEE163520.pdf,https://webapss.ncue.edu.tw/Teacher/Reports/OB020.aspx?yms_year=114&yms_sms=2&emp_id=0000856
622,51032,機電夜碩一,書報討論(二),,系必修,,否,2,賴永齡,工學院,(五) 10-11 EB226,36,0,14,限本系,,Seminar II,中文,https://webap0.ncue.edu.tw/DEANV2/UploadDEAN/SUBJECT/1142/51032_1EIMEE019420.pdf,https://webapss.ncue.edu.tw/Teacher/Reports/OB020.aspx?yms_year=114&yms_sms=2&emp_id=0000687
623,51031,機電夜碩一,人工智慧感測與控制技術,,系選修,,否,3,沈志雄,工學院,(四) 10-12 E205,54,0,15,限本系,,Artificial Intelligence Sensing and Control,中文,https://webap0.ncue.edu.tw/DEANV2/UploadDEAN/SUBJECT/1142/51031_1EIMEE163130.pdf,https://webapss.ncue.edu.tw/Teacher/Reports/OB020.aspx?yms_year=114&yms_sms=2&emp_id=0000742
624,51030,機電夜碩一,人工智慧物聯網系統設計,,系選修,,否,3,鍾官榮,工學院,(一) 10-12 E205,54,0,19,限本系,,AIoT,中文,https://webap0.ncue.edu.tw/DEANV2/UploadDEAN/SUBJECT/1142/51030_1EIMEE160930.pdf,https://webapss.ncue.edu.tw/Teacher/Reports/OB020.aspx?yms_year=114&yms_sms=2&emp_id=0000903
625,51029,機電博二,論文,,系必修,,否,0,論文,,,60,1,10,限本系,註冊未修課(延畢生)及本學期要提論文口試者必選,Thesis,無,,
626,51028,機電碩二,論文,,系必修,,否,0,論文,,,60,5,24,限本系,註冊未修課(延畢生)及本學期要提論文口試者必選,Thesis,無,,
627,51027,機電碩博,論文指導(二),,系必修,,否,3,論文,,,60,5,15,限本系,,Thesis Supervision II,無,,
628,51026,機電碩博,薄膜製程與應用,,系選修,,否,3,林義成,工學院,(五) 02-04 E223會議室,60,15,16,限本系,,The flim processes and appilications,中文,https://webap0.ncue.edu.tw/DEANV2/UploadDEAN/SUBJECT/1142/51026_1EIME3149130.pdf,https://webapss.ncue.edu.tw/Teacher/Reports/OB020.aspx?yms_year=114&yms_sms=2&emp_id=0000414
629,51025,機電碩博,書報討論(二),,系必修,,否,1,林義成,工學院,(四) 06-07 EB226,36,19,24,限本系,,Seminar II,中文,https://webap0.ncue.edu.tw/DEANV2/UploadDEAN/SUBJECT/1142/51025_1EIME3146610.pdf,https://webapss.ncue.edu.tw/Teacher/Reports/OB020.aspx?yms_year=114&yms_sms=2&emp_id=0000414
630,51024,機電碩博,數位影像處理,,系選修,,否,3,謝秉澂,工學院,(四) 02-04 E205,54,16,25,限本系,,Digital Image Processing,中文,https://webap0.ncue.edu.tw/DEANV2/UploadDEAN/SUBJECT/1142/51024_1EIME3146830.pdf,https://webapss.ncue.edu.tw/Teacher/Reports/OB020.aspx?yms_year=114&yms_sms=2&emp_id=0001160
631,51023,機電碩博,有限元素分析,,系選修,,否,3,徐啟華曾立維,工學院,(三) 06-08 E205,54,16,20,限本系,,Finite Element Analysis,中文,https://webap0.ncue.edu.tw/DEANV2/UploadDEAN/SUBJECT/1142/51023_1EIME3147730.pdf,https://webapss.ncue.edu.tw/Teacher/Reports/OB020.aspx?yms_year=114&yms_sms=2&emp_id=0001176
632,51022,機電碩博,電子封裝,,系選修,,否,3,鍾官榮,工學院,(二) 02-04 E205,54,0,3,限本系,「本課程網路選課人數未達開課人數，請洽開課單位。」,Electronic Encapsulation,中文,https://webap0.ncue.edu.tw/DEANV2/UploadDEAN/SUBJECT/1142/51022_1EIME3147030.pdf,https://webapss.ncue.edu.tw/Teacher/Reports/OB020.aspx?yms_year=114&yms_sms=2&emp_id=0000903
633,51021,機電碩博,無人機飛行原理,,系選修,,是,3,李建興,教學一館,(一) 02-04 33402教室,70,12,16,限本系,,Principles of UAV Flight,英文,https://webap0.ncue.edu.tw/DEANV2/UploadDEAN/SUBJECT/1142/51021_1EIME3166330_EN.pdf,https://webapss.ncue.edu.tw/Teacher/Reports/OB020.aspx?yms_year=114&yms_sms=2&emp_id=0001187
634,51020,機電三,電腦與控制專題(一),,系必修,,否,3,李建興謝秉澂曾立維,工學院,(六) 01-06 E330會議室,50,14,15,限本系,,Specialized Topics of Computer and Control I,中文,https://webap0.ncue.edu.tw/DEANV2/UploadDEAN/SUBJECT/1142/51020_1EIME0011530.pdf,https://webapss.ncue.edu.tw/Teacher/Reports/OB020.aspx?yms_year=114&yms_sms=2&emp_id=0001187
635,51019,機電三,光電元件與系統專題(一),,系必修,,否,3,林俊佑陳淑容林義成沈志雄,工學院,(六) 01-06 E223會議室,50,13,13,限本系,,Specialized Topics of Photonic Element and System I,中文,https://webap0.ncue.edu.tw/DEANV2/UploadDEAN/SUBJECT/1142/51019_1EIME0011730.pdf,https://webapss.ncue.edu.tw/Teacher/Reports/OB020.aspx?yms_year=114&yms_sms=2&emp_id=0000856
636,51018,機電三,機電整合專題(一),,系必修,,否,3,鍾官榮周咏蒨徐啟華王可文,工學院,(六) 01-06 E205,50,17,17,限本系,,Specialized Topics of Mechatronics I,中文,https://webap0.ncue.edu.tw/DEANV2/UploadDEAN/SUBJECT/1142/51018_1EIME0011630.pdf,https://webapss.ncue.edu.tw/Teacher/Reports/OB020.aspx?yms_year=114&yms_sms=2&emp_id=0000903
637,51017,機電三,光學原理與應用,,系選修,,否,3,林俊佑,教學一館,(三) 02-04 33401教室,60,24,24,限本系,,Principles and Applications of Optics,中文,https://webap0.ncue.edu.tw/DEANV2/UploadDEAN/SUBJECT/1142/51017_1EIME0015230.pdf,https://webapss.ncue.edu.tw/Teacher/Reports/OB020.aspx?yms_year=114&yms_sms=2&emp_id=0000856
638,51016,機電三,微機電工程與應用,,系選修,,否,3,沈志雄,工學院,(二) 06-08 E205,54,44,50,限本系,,MEMS Engineering and Applications,中文,https://webap0.ncue.edu.tw/DEANV2/UploadDEAN/SUBJECT/1142/51016_1EIME0015130.pdf,https://webapss.ncue.edu.tw/Teacher/Reports/OB020.aspx?yms_year=114&yms_sms=2&emp_id=0000742
639,51015,機電三,光機電電腦輔助設計與分析,,系必修,,否,3,陳淑容,工學院,(二) 02-04 工學院EB211,61,45,49,限本系,,Opto-Mechatronics Computer Aided Design and Analysis,中文,https://webap0.ncue.edu.tw/DEANV2/UploadDEAN/SUBJECT/1142/51015_1EIME0123530.pdf,https://webapss.ncue.edu.tw/Teacher/Reports/OB020.aspx?yms_year=114&yms_sms=2&emp_id=0000243
640,51014,機電二,量子與半導體科技,,系選修,,否,3,沈志雄,教學一館,(五) 02-04 33402教室,54,48,47,限本系,此門課為112學年度以前入學之必修課-近代物理(一)，請112學年度以前入學已修過之學生勿重複選課(無法採計為選修畢業學分)，需重修的同學才需要選。,Quantum and Semiconductor Technology,中文,https://webap0.ncue.edu.tw/DEANV2/UploadDEAN/SUBJECT/1142/51014_1EIME0165430.pdf,https://webapss.ncue.edu.tw/Teacher/Reports/OB020.aspx?yms_year=114&yms_sms=2&emp_id=0000742
641,51013,機電二,線性代數,,系選修,,否,3,曾立維,教學一館,(四) 06-08 33402教室,70,48,73,限本系,,Linear Algebra,中文,https://webap0.ncue.edu.tw/DEANV2/UploadDEAN/SUBJECT/1142/51013_1EIME0001330.pdf,https://webapss.ncue.edu.tw/Teacher/Reports/OB020.aspx?yms_year=114&yms_sms=2&emp_id=0001102
642,51012,機電二,嵌入式系統,,系必修,,否,3,周咏蒨,工學院,(四) 02-04 工學院EB211,61,59,59,限本系,,Embedded System,中文,https://webap0.ncue.edu.tw/DEANV2/UploadDEAN/SUBJECT/1142/51012_1EIME0163930.pdf,https://webapss.ncue.edu.tw/Teacher/Reports/OB020.aspx?yms_year=114&yms_sms=2&emp_id=0001217
643,51011,機電二,數位邏輯,,系必修,,否,3,周咏蒨,工學院,(三) 06-08 工學院EB211,61,54,57,限本系,,Digital Logic,中文,https://webap0.ncue.edu.tw/DEANV2/UploadDEAN/SUBJECT/1142/51011_1EIME0009430.pdf,https://webapss.ncue.edu.tw/Teacher/Reports/OB020.aspx?yms_year=114&yms_sms=2&emp_id=0001217
644,51010,機電二,材料力學,,系選修,,否,3,曾立維,教學一館,(三) 02-04 33402教室,70,47,48,限本系,,Mechanics of Materials,中文,https://webap0.ncue.edu.tw/DEANV2/UploadDEAN/SUBJECT/1142/51010_1EIME0004630.pdf,https://webapss.ncue.edu.tw/Teacher/Reports/OB020.aspx?yms_year=114&yms_sms=2&emp_id=0001102
645,51009,機電二,製造學,,系選修,,否,3,鍾官榮,教學一館,(二) 06-08 33402教室,70,16,11,限本系,,Manufacturing Processess,中文,https://webap0.ncue.edu.tw/DEANV2/UploadDEAN/SUBJECT/1142/51009_1EIME0156430.pdf,https://webapss.ncue.edu.tw/Teacher/Reports/OB020.aspx?yms_year=114&yms_sms=2&emp_id=0000903
646,51008,機電二,機器人學,,系選修,,否,3,徐啟華,工學院,(一) 06-08 E205,54,27,29,限本系,,Robotics,中文,https://webap0.ncue.edu.tw/DEANV2/UploadDEAN/SUBJECT/1142/51008_1EIME0007530.pdf,https://webapss.ncue.edu.tw/Teacher/Reports/OB020.aspx?yms_year=114&yms_sms=2&emp_id=0001176
647,51007,機電二,工程數學(二),,系必修,,否,3,謝秉澂,工學院,(一) 02-04 工學院EB211,61,55,75,限本系,,Engineering Mathematics II,中文,https://webap0.ncue.edu.tw/DEANV2/UploadDEAN/SUBJECT/1142/51007_1EIME0001030.pdf,https://webapss.ncue.edu.tw/Teacher/Reports/OB020.aspx?yms_year=114&yms_sms=2&emp_id=0001160
648,51006,機電一,光機電系統概論,,系必修,,否,3,沈志雄陳淑容,工學院,(四) 06-08 工學院EB211,61,41,50,限本系,,Fundamentals of Optomechatronics System,中文,https://webap0.ncue.edu.tw/DEANV2/UploadDEAN/SUBJECT/1142/51006_1EIME0015930.pdf,https://webapss.ncue.edu.tw/Teacher/Reports/OB020.aspx?yms_year=114&yms_sms=2&emp_id=0000742
649,51005,機電一,靜力學,,系選修,,否,2,陳淑容,教學一館,(三) 06-07 33402教室,70,40,44,限本系,,Statics,中文,https://webap0.ncue.edu.tw/DEANV2/UploadDEAN/SUBJECT/1142/51005_1EIME0006420.pdf,https://webapss.ncue.edu.tw/Teacher/Reports/OB020.aspx?yms_year=114&yms_sms=2&emp_id=0000243
650,51004,機電一,可程式控制及應用,,系必修,,否,3,徐啟華,工學院,(三) 02-04 工學院EB211,61,41,53,限本系,,Application of Programmable Logic Controller,中文,https://webap0.ncue.edu.tw/DEANV2/UploadDEAN/SUBJECT/1142/51004_1EIME0163730.pdf,https://webapss.ncue.edu.tw/Teacher/Reports/OB020.aspx?yms_year=114&yms_sms=2&emp_id=0001176
651,51003,機電一,程式設計與應用,,系必修,,否,3,王可文,工學院,(二) 06-08 工學院EB211,61,42,48,限本系,,Programming,中文,https://webap0.ncue.edu.tw/DEANV2/UploadDEAN/SUBJECT/1142/51003_1EIME0017330.pdf,https://webapss.ncue.edu.tw/Teacher/Reports/OB020.aspx?yms_year=114&yms_sms=2&emp_id=0000923
652,51002,機電一,微積分(二),,系必修,,否,3,鍾官榮,教學一館,(一) 06-08 33402教室,70,42,59,限本系,,Calculus II,中文,https://webap0.ncue.edu.tw/DEANV2/UploadDEAN/SUBJECT/1142/51002_1EIME0001630.pdf,https://webapss.ncue.edu.tw/Teacher/Reports/OB020.aspx?yms_year=114&yms_sms=2&emp_id=0000903
653,51001,機電一,人工智慧及其應用,,校必(通識),,否,2,王可文,力行館,(二) 03-04 力行館31102,50,0,46,限本班,大二~大四生如要修習，以線上加簽方式,Artificial Intelligence and Its Application,中文,https://webap0.ncue.edu.tw/DEANV2/UploadDEAN/SUBJECT/1142/51001_0CCGE0181420.pdf,https://webapss.ncue.edu.tw/Teacher/Reports/OB020.aspx?yms_year=114&yms_sms=2&emp_id=0000923
654,4A022,歷碩二,日文史學名著選讀(二),,系選修,,否,2,葉漢鰲,白沙大樓,(一) 03-04 史研101,20,2,3,可跨班系,,Selective Readings of Works on Japanese History (II),中文,https://webap0.ncue.edu.tw/DEANV2/UploadDEAN/SUBJECT/1142/4A022_1ARHG2105920.pdf,https://webapss.ncue.edu.tw/Teacher/Reports/OB020.aspx?yms_year=114&yms_sms=2&emp_id=9900489
655,4A021,歷碩三,論文指導(二),,系必修,,否,3,論文,,,20,2,3,可跨班系,,Thesis Supervision II,無,,
656,4A020,歷碩三,論文指導(一),,系必修,,否,3,論文,,,20,1,1,可跨班系,,Thesis Supervision I,無,,
657,4A019,歷碩三,論文,,系必修,,否,0,論文,,,20,3,7,可跨班系,,Thesis,無,,
658,4A018,歷碩一,台灣海洋文化史專題研究,,系選修,,否,3,翁佳音,白沙大樓,(五) 06-08 立命書室,20,10,11,限本系,,The History of Taiwan’s Maritime Culture,中文,https://webap0.ncue.edu.tw/DEANV2/UploadDEAN/SUBJECT/1142/4A018_1ARHG2104530.pdf,https://webapss.ncue.edu.tw/Teacher/Reports/OB020.aspx?yms_year=114&yms_sms=2&emp_id=9901242
659,4A017,歷碩二,台灣移民開拓史專題研究,,系選修,,否,3,李華彥,白沙大樓,(二) 02-04 立命書室,20,6,6,限本系,,Topics in Immigration History of Taiwan,中文,https://webap0.ncue.edu.tw/DEANV2/UploadDEAN/SUBJECT/1142/4A017_1ARHG2105230.pdf,https://webapss.ncue.edu.tw/Teacher/Reports/OB020.aspx?yms_year=114&yms_sms=2&emp_id=0001191
660,4A016,歷碩二,中國現代史,,系選修,,否,2,胡其瑞,白沙大樓,(四) 03-04 立心書室,20,6,5,限本系,,History of Contemporary China,中文,https://webap0.ncue.edu.tw/DEANV2/UploadDEAN/SUBJECT/1142/4A016_1ARHG2113020.pdf,https://webapss.ncue.edu.tw/Teacher/Reports/OB020.aspx?yms_year=114&yms_sms=2&emp_id=0001165
661,4A015,歷碩二,社會領域課程概論,,系選修,,否,2,李華彥,白沙大樓,(四) 01-02 立心書室,20,4,4,限本系,,Itroduction to Social Studies Curriculum,中文,https://webap0.ncue.edu.tw/DEANV2/UploadDEAN/SUBJECT/1142/4A015_1ARHG2119820.pdf,https://webapss.ncue.edu.tw/Teacher/Reports/OB020.aspx?yms_year=114&yms_sms=2&emp_id=0001191
662,4A013,歷碩一,歷史地理資訊系統,,系選修,,否,3,李進億,白沙大樓,(四) 02-04 歷史地圖繪製室,20,4,4,限本系,,Historical GIS,中文,https://webap0.ncue.edu.tw/DEANV2/UploadDEAN/SUBJECT/1142/4A013_1ARHG2106330.pdf,https://webapss.ncue.edu.tw/Teacher/Reports/OB020.aspx?yms_year=114&yms_sms=2&emp_id=0001092
663,4A012,歷碩一,木質結構古蹟及歷史建築保存專題研究,,系選修,,否,3,莊世滋,白沙大樓,(三) 02-04 立命書室,20,8,10,限本系,,Special Research on the Preservation of Wooden Structure Monuments and Historical Buildings,中文,https://webap0.ncue.edu.tw/DEANV2/UploadDEAN/SUBJECT/1142/4A012_1ARHG2120430.pdf,https://webapss.ncue.edu.tw/Teacher/Reports/OB020.aspx?yms_year=114&yms_sms=2&emp_id=0000808
664,4A011,歷碩一,歷史社會網絡分析專題研究,,系選修,,否,3,李宗信,白沙大樓,(五) 02-04 立心書室,20,7,5,限本系,,Historical Social Network Analysis Special Topic Study,中文,https://webap0.ncue.edu.tw/DEANV2/UploadDEAN/SUBJECT/1142/4A011_1ARHG2120930.pdf,https://webapss.ncue.edu.tw/Teacher/Reports/OB020.aspx?yms_year=114&yms_sms=2&emp_id=0001007
665,4A010,歷史與文化產業學分學程,生活日語,,系選修,,否,2,賈志琳,教學大樓,(四) 07-08 T206,50,36,46,可跨班系,,Daily Japanese,中文,https://webap0.ncue.edu.tw/DEANV2/UploadDEAN/SUBJECT/1142/4A010_1ARHG0123520.pdf,https://webapss.ncue.edu.tw/Teacher/Reports/OB020.aspx?yms_year=114&yms_sms=2&emp_id=9901230
666,4A009,歷史與文化產業學分學程,日本語言及文化,,系選修,,否,2,賈志琳,教學大樓,(四) 05-06 T305,50,6,24,可跨班系,,Japanese Language and Culture,中文,https://webap0.ncue.edu.tw/DEANV2/UploadDEAN/SUBJECT/1142/4A009_1ARHG0123220.pdf,https://webapss.ncue.edu.tw/Teacher/Reports/OB020.aspx?yms_year=114&yms_sms=2&emp_id=9901230
667,4A008,歷史與文化產業學分學程,台灣歷史與文化,,系選修,,是,2,邱正畧,教學大樓,(五) 03-04 T304,50,12,23,可跨班系,,Taiwan History and Culture,中英,https://webap0.ncue.edu.tw/DEANV2/UploadDEAN/SUBJECT/1142/4A008_1ARHG0116620.pdf,https://webapss.ncue.edu.tw/Teacher/Reports/OB020.aspx?yms_year=114&yms_sms=2&emp_id=9901053
668,4A006,歷史與文化產業學分學程,秦漢史,,系選修,,否,2,陳文豪,教學大樓,(三) 05-06 T305,50,14,13,可跨班系,,The history of the Qin and Han Dynasties,中文,https://webap0.ncue.edu.tw/DEANV2/UploadDEAN/SUBJECT/1142/4A006_1ARHG0120120.pdf,https://webapss.ncue.edu.tw/Teacher/Reports/OB020.aspx?yms_year=114&yms_sms=2&emp_id=9901128
669,4A005,歷史與文化產業學分學程,文物與歷史,,系選修,,否,2,陳文豪,教學大樓,(二) 05-06 T202,50,6,13,可跨班系,,Cultural Artifacts in Chinese History,中文,https://webap0.ncue.edu.tw/DEANV2/UploadDEAN/SUBJECT/1142/4A005_1ARHG0113920.pdf,https://webapss.ncue.edu.tw/Teacher/Reports/OB020.aspx?yms_year=114&yms_sms=2&emp_id=9901128
670,4A004,歷史與文化產業學分學程,神話與歷史,,系選修,,否,2,胡其瑞,教學大樓,(二) 03-04 T104,50,5,22,可跨班系,,History and “Mythistory”,中文,https://webap0.ncue.edu.tw/DEANV2/UploadDEAN/SUBJECT/1142/4A004_1ARHG0120220.pdf,https://webapss.ncue.edu.tw/Teacher/Reports/OB020.aspx?yms_year=114&yms_sms=2&emp_id=0001165
671,4A003,歷史與文化產業學分學程,東亞近代史,,系選修,,否,2,李進億,教學大樓,(二) 07-08 T302,50,38,57,可跨班系,,Modem History of East Asia,中文,https://webap0.ncue.edu.tw/DEANV2/UploadDEAN/SUBJECT/1142/4A003_1ARHG0111920.pdf,https://webapss.ncue.edu.tw/Teacher/Reports/OB020.aspx?yms_year=114&yms_sms=2&emp_id=0001092
672,4A002,歷史與文化產業學分學程,歷史與文化資產,,系選修,,否,2,莊世滋,教學大樓,(五) 05-06 T205,50,4,10,可跨班系,,History and Cultural Heritage,中文,https://webap0.ncue.edu.tw/DEANV2/UploadDEAN/SUBJECT/1142/4A002_1ARHG0111220.pdf,https://webapss.ncue.edu.tw/Teacher/Reports/OB020.aspx?yms_year=114&yms_sms=2&emp_id=0000808
673,48009,台碩博,女性主義與台灣女性文學,,系選修,,否,3,黃儀冠,學思樓,(三) 05-07 學思樓2102教室,20,14,20,可跨班系,,Femimsim and Female Literatrue inTaiwan,中文,https://webap0.ncue.edu.tw/DEANV2/UploadDEAN/SUBJECT/1142/48009_1ARTW3125630.pdf,https://webapss.ncue.edu.tw/Teacher/Reports/OB020.aspx?yms_year=114&yms_sms=2&emp_id=0000900
674,48008,台文碩二,論文,,系必修,,否,0,論文,,,20,8,13,限本系,註冊未修課及提論文口試者必選,Thesis,無,,
675,48007,台文碩二,論文指導(二),,系必修,,否,3,論文,,,20,6,6,限本班,應屆碩二必選,Thesis Supervision II,無,,
676,48006,台文碩二,閩南語閱讀與書寫專題,,系選修,,否,3,陳彥君,學思樓,(一) 07-09 白沙書院(2202),20,4,4,限本系,閩南語師培必選修,Seminar in Reading and Writing of Min-nan Language,中文,https://webap0.ncue.edu.tw/DEANV2/UploadDEAN/SUBJECT/1142/48006_1ARTW2134530.pdf,https://webapss.ncue.edu.tw/Teacher/Reports/OB020.aspx?yms_year=114&yms_sms=2&emp_id=0001195
677,48005,台文碩二,閩南語文教學實習,,系選修,,否,2,陳彥君,弘道館,(三) 03-04 試教教室(國研B),20,3,6,限本系,閩南語師培必選修,Practicum of Southern Hokkien Language and Literature,中文,https://webap0.ncue.edu.tw/DEANV2/UploadDEAN/SUBJECT/1142/48005_1ARTW2135420.pdf,https://webapss.ncue.edu.tw/Teacher/Reports/OB020.aspx?yms_year=114&yms_sms=2&emp_id=0001195
678,48004,台碩博,台灣文學研究：理論與實踐,,系選修,,否,3,劉威廷,學思樓,(五) 05-07 白沙書院(2202),20,7,7,可跨班系,,Seminar in Taiwan Literary Studies:Theory and Practice,中文,https://webap0.ncue.edu.tw/DEANV2/UploadDEAN/SUBJECT/1142/48004_1ARTW3133930.pdf,https://webapss.ncue.edu.tw/Teacher/Reports/OB020.aspx?yms_year=114&yms_sms=2&emp_id=0001113
679,48003,台碩博,台灣縣市文學研究,,系選修,,否,3,葉連鵬,學思樓,(二) 02-04 白沙書院(2202),20,11,10,可跨班系,,Seminars on the Literature of Taiwan Counties and Cities,中文,https://webap0.ncue.edu.tw/DEANV2/UploadDEAN/SUBJECT/1142/48003_1ARTW3128130.pdf,https://webapss.ncue.edu.tw/Teacher/Reports/OB020.aspx?yms_year=114&yms_sms=2&emp_id=0000930
680,48002,台碩博,台灣語言研究,,系選修,,否,3,邱湘雲,學思樓,(二) 02-04 學思樓2102教室,20,5,9,可跨班系,,Study of Language inTaiwan,中文,https://webap0.ncue.edu.tw/DEANV2/UploadDEAN/SUBJECT/1142/48002_1ARTW3128230.pdf,https://webapss.ncue.edu.tw/Teacher/Reports/OB020.aspx?yms_year=114&yms_sms=2&emp_id=0000940
681,48001,台碩博,台灣傳統戲曲研究,,系選修,,否,3,吳明德,學思樓,(四) 06-08 白沙書院(2202),20,9,12,可跨班系,,Study of Taiwan Traditional Drama,中文,https://webap0.ncue.edu.tw/DEANV2/UploadDEAN/SUBJECT/1142/48001_1ARTW3132130.pdf,https://webapss.ncue.edu.tw/Teacher/Reports/OB020.aspx?yms_year=114&yms_sms=2&emp_id=0000901
682,47023,翻譯碩一,中英科技領域筆譯,,系選修,,否,2,曾文培,擷英館,(一) 07-08 口譯1,20,6,6,限本系,,Chinese-English Translation in Science and Technology,中文,https://webap0.ncue.edu.tw/DEANV2/UploadDEAN/SUBJECT/1142/47023_1ARTI2107720.pdf,https://webapss.ncue.edu.tw/Teacher/Reports/OB020.aspx?yms_year=114&yms_sms=2&emp_id=0000802
683,47022,翻譯碩一,公共衛生領域與翻譯,,系選修,,否,2,曾文培,擷英館,(一) 05-06 口譯1,20,5,5,限本系,,Public Health & Translation,中文,https://webap0.ncue.edu.tw/DEANV2/UploadDEAN/SUBJECT/1142/47022_1ARTI2112220.pdf,https://webapss.ncue.edu.tw/Teacher/Reports/OB020.aspx?yms_year=114&yms_sms=2&emp_id=0000802
684,47021,翻譯碩一,影視翻譯(二),,系選修,,否,2,姜金龍,擷英館,(二) 05-06 口譯2,20,4,7,限本系,,Audiovisual Translation (II),中文,https://webap0.ncue.edu.tw/DEANV2/UploadDEAN/SUBJECT/1142/47021_1ARTI2113020.pdf,https://webapss.ncue.edu.tw/Teacher/Reports/OB020.aspx?yms_year=114&yms_sms=2&emp_id=9900798
685,47020,翻譯碩二,論文指導(二),,系必修,,否,3,論文,,,20,9,10,限本系,,Thesis Supervision (II),無,,
686,47019,翻譯碩二,碩士論文,,系必修,,否,0,論文,,,20,11,23,限本系,,Thesis,無,,
687,47018,翻譯碩二,電腦輔助翻譯,,系選修,,否,2,温婷惠,圖書館,(三) 03-04 電四教室,20,8,8,限本系,,Computer-assisted Translation,中文,https://webap0.ncue.edu.tw/DEANV2/UploadDEAN/SUBJECT/1142/47018_1ARTI2112720.pdf,https://webapss.ncue.edu.tw/Teacher/Reports/OB020.aspx?yms_year=114&yms_sms=2&emp_id=0001032
688,47017,翻譯碩二,口譯技能與實務,,系選修,,否,2,李姿瑩,擷英館,(四) 07-08 口譯1,20,3,4,限本系,,Interpretation Skills & Practice,中文,https://webap0.ncue.edu.tw/DEANV2/UploadDEAN/SUBJECT/1142/47017_1ARTI2002420.pdf,https://webapss.ncue.edu.tw/Teacher/Reports/OB020.aspx?yms_year=114&yms_sms=2&emp_id=0001144
689,47016,翻譯碩二,研究方法(二),,系必修,,否,2,温婷惠,擷英館,(四) 03-04 口譯1,20,9,10,限本系,,Research Methods (II),中文,https://webap0.ncue.edu.tw/DEANV2/UploadDEAN/SUBJECT/1142/47016_1ARTI2110820.pdf,https://webapss.ncue.edu.tw/Teacher/Reports/OB020.aspx?yms_year=114&yms_sms=2&emp_id=0001032
690,47015,翻譯碩二,中英同步口譯(四),,組必修,,否,2,李姿瑩,擷英館,(五) 05-06 口譯2,20,2,5,限本系,,Simultaneous Interpreting (IV),中文,https://webap0.ncue.edu.tw/DEANV2/UploadDEAN/SUBJECT/1142/47015_1ARTI2110020.pdf,https://webapss.ncue.edu.tw/Teacher/Reports/OB020.aspx?yms_year=114&yms_sms=2&emp_id=0001144
691,47014,翻譯碩二,中進英口譯技巧解析(二),,系選修,,否,3,張鳳蘭,擷英館,(三) 07-09 口譯2,20,3,4,限本系,,Skills on Interpretation from Chinese-English (II),英文,https://webap0.ncue.edu.tw/DEANV2/UploadDEAN/SUBJECT/1142/47014_1ARTI2107430_EN.pdf,https://webapss.ncue.edu.tw/Teacher/Reports/OB020.aspx?yms_year=114&yms_sms=2&emp_id=0000926
692,47013,翻譯碩二,中英逐步口譯(四),,組必修,,否,2,張鳳蘭,擷英館,(三) 05-06 口譯2,20,5,6,限本系,,Consecutive Interpreting (IV),英文,https://webap0.ncue.edu.tw/DEANV2/UploadDEAN/SUBJECT/1142/47013_1ARTI2109820_EN.pdf,https://webapss.ncue.edu.tw/Teacher/Reports/OB020.aspx?yms_year=114&yms_sms=2&emp_id=0000926
693,47012,翻譯碩二,語言學與翻譯(二),,組必修,,否,2,蔡佩舒,擷英館,(二) 05-06 口譯1,20,6,7,限本系,,Linguistics & Translation (II),中文,https://webap0.ncue.edu.tw/DEANV2/UploadDEAN/SUBJECT/1142/47012_1ARTI2002620.pdf,https://webapss.ncue.edu.tw/Teacher/Reports/OB020.aspx?yms_year=114&yms_sms=2&emp_id=0001048
694,47011,翻譯碩二,社會科學領域與翻譯(二),,組必修,,否,2,温婷惠,圖書館,(二) 03-04 電五教室,20,6,7,限本系,,Social Science & Translation (II),中文,https://webap0.ncue.edu.tw/DEANV2/UploadDEAN/SUBJECT/1142/47011_1ARTI2111320.pdf,https://webapss.ncue.edu.tw/Teacher/Reports/OB020.aspx?yms_year=114&yms_sms=2&emp_id=0001032
695,47010,翻譯碩一,科普領域與翻譯(二),,組必修,,否,2,蔡佩舒,擷英館,(五) 03-04 口譯1,20,7,5,限本系,,Popular Science & Translation (II),中文,https://webap0.ncue.edu.tw/DEANV2/UploadDEAN/SUBJECT/1142/47010_1ARTI2108420.pdf,https://webapss.ncue.edu.tw/Teacher/Reports/OB020.aspx?yms_year=114&yms_sms=2&emp_id=0001048
696,47009,翻譯碩一,中進英口譯策略解析(二),,系選修,,否,2,張鳳蘭,擷英館,(四) 07-08 口譯2,20,8,6,限本系,,Chinese-English Interpreting Strategies (II),中英,https://webap0.ncue.edu.tw/DEANV2/UploadDEAN/SUBJECT/1142/47009_1ARTI2114920.pdf,https://webapss.ncue.edu.tw/Teacher/Reports/OB020.aspx?yms_year=114&yms_sms=2&emp_id=0000926
697,47008,翻譯碩一,中英同步口譯(二),,組必修,,否,2,張鳳蘭,擷英館,(四) 05-06 口譯2,20,9,7,限本系,,Simultaneous Interpreting (II),英文,https://webap0.ncue.edu.tw/DEANV2/UploadDEAN/SUBJECT/1142/47008_1ARTI2109620_EN.pdf,https://webapss.ncue.edu.tw/Teacher/Reports/OB020.aspx?yms_year=114&yms_sms=2&emp_id=0000926
698,47007,翻譯碩一,文化研究與翻譯,,組必修,,否,2,吳保霖,擷英館,(四) 05-06 英研1(1F),20,8,8,限本系,,Cultural Studies & Translation,英文,https://webap0.ncue.edu.tw/DEANV2/UploadDEAN/SUBJECT/1142/47007_1ARTI2111820_EN.pdf,https://webapss.ncue.edu.tw/Teacher/Reports/OB020.aspx?yms_year=114&yms_sms=2&emp_id=4000052
699,47006,翻譯碩一,中英逐步口譯(二),,組必修,,否,2,李姿瑩,擷英館,(四) 03-04 口譯2,20,8,8,限本系,,Consecutive Interpreting (II),中文,https://webap0.ncue.edu.tw/DEANV2/UploadDEAN/SUBJECT/1142/47006_1ARTI2109420.pdf,https://webapss.ncue.edu.tw/Teacher/Reports/OB020.aspx?yms_year=114&yms_sms=2&emp_id=0001144
700,47005,翻譯碩一,翻譯史與翻譯理論,,系必修,,否,2,賴秉彥,擷英館,(三) 07-08 口譯1,20,15,14,限本系,,History & Theory of Translation,中文,https://webap0.ncue.edu.tw/DEANV2/UploadDEAN/SUBJECT/1142/47005_1ARTI2000420.pdf,https://webapss.ncue.edu.tw/Teacher/Reports/OB020.aspx?yms_year=114&yms_sms=2&emp_id=0000855
701,47004,翻譯碩一,中英視譯練習(二),,組必修,,否,2,温婷惠,擷英館,(三) 05-06 口譯1,20,5,4,限本系,,Chinese-English Sight-translation (II),中文,https://webap0.ncue.edu.tw/DEANV2/UploadDEAN/SUBJECT/1142/47004_1ARTI2109220.pdf,https://webapss.ncue.edu.tw/Teacher/Reports/OB020.aspx?yms_year=114&yms_sms=2&emp_id=0001032
702,47003,翻譯碩一,人文藝術領域翻譯(二),,組必修,,否,2,李姿瑩,圖書館,(三) 03-04 電五教室,20,12,12,限本系,,Humanity and Arts & Translation (II),中文,https://webap0.ncue.edu.tw/DEANV2/UploadDEAN/SUBJECT/1142/47003_1ARTI2114720.pdf,https://webapss.ncue.edu.tw/Teacher/Reports/OB020.aspx?yms_year=114&yms_sms=2&emp_id=0001144
703,47002,翻譯碩一,中英財經商貿筆譯(二),,組必修,,否,2,賴秉彥,擷英館,(二) 07-08 口譯1,20,7,7,限本系,,Chinese-English Translation in Economical & Commercial Texts (II),中文,https://webap0.ncue.edu.tw/DEANV2/UploadDEAN/SUBJECT/1142/47002_1ARTI2001720.pdf,https://webapss.ncue.edu.tw/Teacher/Reports/OB020.aspx?yms_year=114&yms_sms=2&emp_id=0000855
704,47001,翻譯碩一,統計方法(二),,系必修,,是,2,蔡佩舒,圖書館,(二) 03-04 電三教室,20,14,13,限本系,,Statistical Methods (II),英文,https://webap0.ncue.edu.tw/DEANV2/UploadDEAN/SUBJECT/1142/47001_1ARTI2111620_EN.pdf,https://webapss.ncue.edu.tw/Teacher/Reports/OB020.aspx?yms_year=114&yms_sms=2&emp_id=0001048
705,46010,科英碩二,碩士論文,,系必修,,否,0,論文,,,20,2,8,限本系,,Thesis,無,,
706,46009,科英碩二,論文指導(二),,系必修,,否,3,論文,,,20,7,8,限本系,,Thesis Supervision II,無,,
707,46008,科英碩二,跨文化專題,,系必修,,是,2,陳謝鈞,擷英館,(四) 03-04 兒研1,20,8,9,限本系,,Special Topics in Cross-Cultural Studies,英文,https://webap0.ncue.edu.tw/DEANV2/UploadDEAN/SUBJECT/1142/46008_1ARCE2116620_EN.pdf,https://webapss.ncue.edu.tw/Teacher/Reports/OB020.aspx?yms_year=114&yms_sms=2&emp_id=0001163
708,46007,科英碩二,科普新知與英語學習(二),,組必修,,是,2,陳謝鈞,擷英館,(三) 05-06 兒研1,20,7,7,限本系,,Popular Science and English Learning II,英文,https://webap0.ncue.edu.tw/DEANV2/UploadDEAN/SUBJECT/1142/46007_1ARCE2116020_EN.pdf,https://webapss.ncue.edu.tw/Teacher/Reports/OB020.aspx?yms_year=114&yms_sms=2&emp_id=0001163
709,46006,科英碩一,科技輔助語言學習,,組必修,,是,3,陳謝鈞,擷英館,(三) 02-04 英研1(1F),20,7,12,限本系,,Technology-Enhanced Language Learning,英文,https://webap0.ncue.edu.tw/DEANV2/UploadDEAN/SUBJECT/1142/46006_1ARCE2115130_EN.pdf,https://webapss.ncue.edu.tw/Teacher/Reports/OB020.aspx?yms_year=114&yms_sms=2&emp_id=0001163
710,46005,科英碩一,兒童與青少年外語習得,,組必修,,是,3,阮家慶,擷英館,(二) 02-04 兒研2,20,6,8,限本系,,Foreign Language Acquisition for Children and Adolescents,中文,https://webap0.ncue.edu.tw/DEANV2/UploadDEAN/SUBJECT/1142/46005_1ARCE2116330.pdf,https://webapss.ncue.edu.tw/Teacher/Reports/OB020.aspx?yms_year=114&yms_sms=2&emp_id=4000045
711,46004,科英碩一,兒童與青少年英語教材教法,,組必修,,否,3,黃春騰,擷英館,(三) 05-07 兒研2,20,6,5,限本系,,Materials and Methods for Teaching Young Learners English,中文,https://webap0.ncue.edu.tw/DEANV2/UploadDEAN/SUBJECT/1142/46004_1ARCE2116230.pdf,https://webapss.ncue.edu.tw/Teacher/Reports/OB020.aspx?yms_year=114&yms_sms=2&emp_id=9900961
712,46003,科英碩一,英美兒童與青少年文學史研究,,組必修,,否,3,吳保霖,擷英館,(四) 02-04 兒研2,20,6,11,限本系,,Studies in Anglo-American Children and Young Adult Literature,英文,https://webap0.ncue.edu.tw/DEANV2/UploadDEAN/SUBJECT/1142/46003_1ARCE2109330_EN.pdf,https://webapss.ncue.edu.tw/Teacher/Reports/OB020.aspx?yms_year=114&yms_sms=2&emp_id=4000052
713,46002,科英碩一,科技與文學,,組必修,,否,2,蕭韻華,擷英館,(二) 05-06 兒研2,20,9,10,限本系,,Technology and Literature,英文,https://webap0.ncue.edu.tw/DEANV2/UploadDEAN/SUBJECT/1142/46002_1ARCE2118020_EN.pdf,https://webapss.ncue.edu.tw/Teacher/Reports/OB020.aspx?yms_year=114&yms_sms=2&emp_id=0000925
714,46001,科英碩一,創新教學設計,,組必修,,是,3,陳謝鈞,擷英館,(四) 05-07 兒研1,20,8,12,限本系,,Innovative Instructional Design,英文,https://webap0.ncue.edu.tw/DEANV2/UploadDEAN/SUBJECT/1142/46001_1ARCE2118130_EN.pdf,https://webapss.ncue.edu.tw/Teacher/Reports/OB020.aspx?yms_year=114&yms_sms=2&emp_id=0001163
715,44080,美藝碩二,博物館教育理論與實務,,組選修,,否,3,李靜芳,白沙大樓,(二) 07-09 藝教2,20,0,9,可跨班系,,Theories and Practices in Museum Education,中文,https://webap0.ncue.edu.tw/DEANV2/UploadDEAN/SUBJECT/1142/44080_1ARDA2142630.pdf,https://webapss.ncue.edu.tw/Teacher/Reports/OB020.aspx?yms_year=114&yms_sms=2&emp_id=0000752
716,44079,美一,藝術鑑賞,,組選修,,否,2,鍾政岳,聲洋館,(二) 09-10 16102小理論教室,50,33,35,可跨班系,,Art Appreciation,中文,https://webap0.ncue.edu.tw/DEANV2/UploadDEAN/SUBJECT/1142/44079_1ARDA0169820.pdf,https://webapss.ncue.edu.tw/Teacher/Reports/OB020.aspx?yms_year=114&yms_sms=2&emp_id=9901076
717,44078,美藝碩一,表達性藝術方案設計和實踐,,組選修,,否,3,王麗雁文苑,白沙大樓,(二) 05-07 藝教1,20,4,3,可跨班系,,Design and Implementation of Expressive Arts Programs,中文,https://webap0.ncue.edu.tw/DEANV2/UploadDEAN/SUBJECT/1142/44078_1ARDA2183430.pdf,https://webapss.ncue.edu.tw/Teacher/Reports/OB020.aspx?yms_year=114&yms_sms=2&emp_id=0000773
718,44077,美碩二,論文指導(二),,系必修,,否,3,論文,,,20,7,8,限本班,,Thesis Supervision II,無,,
719,44076,美碩二,碩士論文,,系必修,,否,0,論文,,,20,6,13,限本系,,Thesis,無,,
720,44075,美碩二,東方美學與當代藝術創作專題研究,,組選修,,否,3,黃柏維,聲洋館,(一) 04-05、14 16102小理論教室,20,1,4,可跨班系,「本課程網路選課人數未達開課人數，請洽開課單位。」,Special Topic on Chinese Thinking in the Contemporary,中英,https://webap0.ncue.edu.tw/DEANV2/UploadDEAN/SUBJECT/1142/44075_1ARDA2120430.pdf,https://webapss.ncue.edu.tw/Teacher/Reports/OB020.aspx?yms_year=114&yms_sms=2&emp_id=9901335
721,44074,美碩二,藝術創作專題研究(四),,組選修,,否,3,陳一凡,學生餐廳,(三) 02-04 美碩創作教室,20,8,11,可跨班系,,Special Topic in Art Creation IV,中文,https://webap0.ncue.edu.tw/DEANV2/UploadDEAN/SUBJECT/1142/44074_1ARDA2120730.pdf,https://webapss.ncue.edu.tw/Teacher/Reports/OB020.aspx?yms_year=114&yms_sms=2&emp_id=0000534
722,44073,美碩二,藝術理論導讀分析,,組必修,,否,3,吳介祥,學生餐廳,(二) 05-07 美碩創作教室,20,5,7,可跨班系,,Introduction to Contemporary art theory analysis,中文,https://webap0.ncue.edu.tw/DEANV2/UploadDEAN/SUBJECT/1142/44073_1ARDA2176730.pdf,https://webapss.ncue.edu.tw/Teacher/Reports/OB020.aspx?yms_year=114&yms_sms=2&emp_id=0000972
723,44072,美碩一,複合媒材創作研究(二),,組選修,,否,3,陳松志,藝薈館,(五) 05-07 15104 水墨教室,20,4,4,限本系,,Mixed media art studies II,中文,https://webap0.ncue.edu.tw/DEANV2/UploadDEAN/SUBJECT/1142/44072_1ARDA2122430.pdf,https://webapss.ncue.edu.tw/Teacher/Reports/OB020.aspx?yms_year=114&yms_sms=2&emp_id=0001186
724,44071,美碩一,東方媒材創作專題研究(二),,組選修,,否,3,魯漢平,藝薈館,(四) 02-04 15105 美術系會議室,20,3,3,限本系,,The Study of Eastern Media Creation Topics  ll,中文,https://webap0.ncue.edu.tw/DEANV2/UploadDEAN/SUBJECT/1142/44071_1ARDA2181130.pdf,https://webapss.ncue.edu.tw/Teacher/Reports/OB020.aspx?yms_year=114&yms_sms=2&emp_id=0000985
725,44070,美碩一,生態療育創作研究,,組選修,,否,3,王曼萍,教學大樓,(三) 05-07 T201,20,14,16,可跨班系,,Creative Research in Eco-Therapeutic Art,中文,https://webap0.ncue.edu.tw/DEANV2/UploadDEAN/SUBJECT/1142/44070_1ARDA2183230.pdf,https://webapss.ncue.edu.tw/Teacher/Reports/OB020.aspx?yms_year=114&yms_sms=2&emp_id=0001071
726,44069,美藝碩二,論文指導(二),,系必修,,否,3,論文,,,20,4,6,可跨班系,,Thesis Supervision II,無,,
727,44068,美藝碩二,碩士論文,,系必修,,否,0,論文,,,20,5,14,可跨班系,,Thesis,無,,
728,44067,美藝碩二,藝術教育論壇,,組選修,,否,3,王麗雁,白沙大樓,(三) 05-07 藝教1,20,5,5,限本班,,Art Education Forum,中文,https://webap0.ncue.edu.tw/DEANV2/UploadDEAN/SUBJECT/1142/44067_1ARDA2164330.pdf,https://webapss.ncue.edu.tw/Teacher/Reports/OB020.aspx?yms_year=114&yms_sms=2&emp_id=0000773
729,44066,美藝碩二,跨文化之藝術教育比較,,組選修,,否,3,王麗雁,白沙大樓,(二) 02-04 藝教1,20,9,5,限本系,,Cross-cultural Analysis of Art Education,中文,https://webap0.ncue.edu.tw/DEANV2/UploadDEAN/SUBJECT/1142/44066_1ARDA2146230.pdf,https://webapss.ncue.edu.tw/Teacher/Reports/OB020.aspx?yms_year=114&yms_sms=2&emp_id=0000773
730,44065,美碩一,繪畫創作專題研究(二),,組選修,,否,3,陳世強,學生餐廳,(二) 02-04 美碩創作教室,20,8,7,可跨班系,,Special Topic in Painting II,中文,https://webap0.ncue.edu.tw/DEANV2/UploadDEAN/SUBJECT/1142/44065_1ARDA2119930.pdf,https://webapss.ncue.edu.tw/Teacher/Reports/OB020.aspx?yms_year=114&yms_sms=2&emp_id=0000604
731,44064,美藝碩一,藝術教育課程理論,,組必修,,否,3,鄭明憲,白沙大樓,(四) 05-07 藝教1,20,4,5,可跨班系,,Art Education Curriculum,中英,https://webap0.ncue.edu.tw/DEANV2/UploadDEAN/SUBJECT/1142/44064_1ARDA2142230.pdf,https://webapss.ncue.edu.tw/Teacher/Reports/OB020.aspx?yms_year=114&yms_sms=2&emp_id=9900337
732,44063,美藝碩一,藝術治療,,組選修,,否,3,吳明富,明德館,(四) 02-04 B1多功能教室,20,9,12,可跨班系,,Art Therapy,中文,https://webap0.ncue.edu.tw/DEANV2/UploadDEAN/SUBJECT/1142/44063_1ARDA2151330.pdf,https://webapss.ncue.edu.tw/Teacher/Reports/OB020.aspx?yms_year=114&yms_sms=2&emp_id=0001164
733,44061,美藝碩一,論文寫作,,組選修,,否,3,李靜芳,白沙大樓,(一) 07-09 藝教1,20,6,6,可跨班系,,Thesis Writing,中文,https://webap0.ncue.edu.tw/DEANV2/UploadDEAN/SUBJECT/1142/44061_1ARDA2151730.pdf,https://webapss.ncue.edu.tw/Teacher/Reports/OB020.aspx?yms_year=114&yms_sms=2&emp_id=0000752
734,44060,美四,畢業專題(二),,系必修,,否,3,邱文正張皓甯陳一凡鍾政岳劉宗榮陳松志鄭明憲李靜芳歐慧宜王麗雁王振瑋魯漢平陳世強陳誼嘉,藝薈館,(六) 05-07 15102 大四工作室,50,44,47,限本班,,Graduation project II,無,,https://webapss.ncue.edu.tw/Teacher/Reports/OB020.aspx?yms_year=114&yms_sms=2&emp_id=0000689
735,44059,美三,作品與論文評鑑(二),,組必修,,否,1,陳松志,聲洋館,(六) 03 16205大三工作室,50,38,42,限本系,,Evaluation of Student Works II,中文,https://webap0.ncue.edu.tw/DEANV2/UploadDEAN/SUBJECT/1142/44059_1ARDA0177010.pdf,https://webapss.ncue.edu.tw/Teacher/Reports/OB020.aspx?yms_year=114&yms_sms=2&emp_id=0001186
736,44058,美三,展示空間設計,,組選修,,否,3,邱文正,聲洋館,(五) 02-04 16202電腦教室二,50,10,14,可跨班系,,Exhibition Space Design,中文,https://webap0.ncue.edu.tw/DEANV2/UploadDEAN/SUBJECT/1142/44058_1ARDA0167530.pdf,https://webapss.ncue.edu.tw/Teacher/Reports/OB020.aspx?yms_year=114&yms_sms=2&emp_id=0000689
737,44057,美三,美術科教學應用與實作,,系選修,,否,2,鍾政岳,聲洋館,(二) 11-12 16102小理論教室,50,12,11,可跨班系,"休習過美術科教學實習方可選修此門課,建議美四學生選課.",Art Teaching Applicatim and Practice,中文,https://webap0.ncue.edu.tw/DEANV2/UploadDEAN/SUBJECT/1142/44057_1ARDA0180920.pdf,https://webapss.ncue.edu.tw/Teacher/Reports/OB020.aspx?yms_year=114&yms_sms=2&emp_id=9901076
738,44056,美四,藝術創作專題(八),,組選修,,是,3,黃洺緯,聲洋館,(四) 02-04 16203大理論教室,50,11,20,可跨班系,新聘教師-黃洺緯,Special Topics in Stuido Art VIII,中英,https://webap0.ncue.edu.tw/DEANV2/UploadDEAN/SUBJECT/1142/44056_1ARDA0139130.pdf,https://webapss.ncue.edu.tw/Teacher/Reports/OB020.aspx?yms_year=114&yms_sms=2&emp_id=9901358
739,44055,美四,藝術與產業,,組選修,,否,3,吳介祥,聲洋館,(五) 07-09 16203大理論教室,50,37,47,可跨班系,,Arts Industry,無,,https://webapss.ncue.edu.tw/Teacher/Reports/OB020.aspx?yms_year=114&yms_sms=2&emp_id=0000972
740,44054,美四,藝術療育與陪伴,,組選修,,否,3,文苑,教學大樓,(二) 02-04 T201,50,13,11,可跨班系,,"Arts in Healing, Education, and Companionship",中文,https://webap0.ncue.edu.tw/DEANV2/UploadDEAN/SUBJECT/1142/44054_1ARDA0182830.pdf,https://webapss.ncue.edu.tw/Teacher/Reports/OB020.aspx?yms_year=114&yms_sms=2&emp_id=9901325
741,44052,美四,設計專題(四),,組選修,,否,3,邱文正,聲洋館,(一) 02-04 16202電腦教室二,30,5,10,可跨班系,,Special Topic in Design IV,中文,https://webap0.ncue.edu.tw/DEANV2/UploadDEAN/SUBJECT/1142/44052_1ARDA0138830.pdf,https://webapss.ncue.edu.tw/Teacher/Reports/OB020.aspx?yms_year=114&yms_sms=2&emp_id=0000689
742,44051,美三,藝術介入空間,,組選修,,否,3,陳松志,聲洋館,(五) 02-04 16102小理論教室,50,9,11,限本班,,The arts-in-Space,中文,https://webap0.ncue.edu.tw/DEANV2/UploadDEAN/SUBJECT/1142/44051_1ARDA0165430.pdf,https://webapss.ncue.edu.tw/Teacher/Reports/OB020.aspx?yms_year=114&yms_sms=2&emp_id=0001186
743,44050,美三,陶藝(四),,組選修,,否,3,林墡瑛,聲洋館,(五) 02-04 16106陶藝教室,20,14,26,限本系,,Ceramic IV,中文,https://webap0.ncue.edu.tw/DEANV2/UploadDEAN/SUBJECT/1142/44050_1ARDA0136830.pdf,https://webapss.ncue.edu.tw/Teacher/Reports/OB020.aspx?yms_year=114&yms_sms=2&emp_id=9900810
744,44048,美三,文創產品設計(二),,組選修,,否,3,歐慧宜,聲洋館,(四) 05-07 16102小理論教室,30,4,7,可跨班系,,Product Design of Cultural Creativity (II),中文,https://webap0.ncue.edu.tw/DEANV2/UploadDEAN/SUBJECT/1142/44048_1ARDA0168530.pdf,https://webapss.ncue.edu.tw/Teacher/Reports/OB020.aspx?yms_year=114&yms_sms=2&emp_id=0001070
745,44047,美三,雕塑(四),,組選修,,否,3,王振瑋,聲洋館,(四) 05-07 16105雕塑教室,25,7,15,限本系,,Sculpture IV,中文,https://webap0.ncue.edu.tw/DEANV2/UploadDEAN/SUBJECT/1142/44047_1ARDA0136730.pdf,https://webapss.ncue.edu.tw/Teacher/Reports/OB020.aspx?yms_year=114&yms_sms=2&emp_id=9900746
746,44046,美三,創作脈絡與表現專題(二),,組選修,,否,3,陳一凡,聲洋館,(三) 05-07 16205大三工作室,50,7,9,限本班,,Special Topic On The Representation And Sequence Of Ideas In Art Creations2,中文,https://webap0.ncue.edu.tw/DEANV2/UploadDEAN/SUBJECT/1142/44046_1ARDA0172530.pdf,https://webapss.ncue.edu.tw/Teacher/Reports/OB020.aspx?yms_year=114&yms_sms=2&emp_id=0000534
747,44045,美三,藝術課程發展與學習評量,,組必修,,否,3,鄭明憲,藝薈館,(三) 05-07 15104 水墨教室,50,23,24,可跨班系,,Curriculum development  and assessment of art education,中英,https://webap0.ncue.edu.tw/DEANV2/UploadDEAN/SUBJECT/1142/44045_1ARDA0177730.pdf,https://webapss.ncue.edu.tw/Teacher/Reports/OB020.aspx?yms_year=114&yms_sms=2&emp_id=9900337
748,44044,美一,藝術心理學,,組選修,,否,2,王曼萍,教學大樓,(三) 03-04 T001,50,37,44,可跨班系,,Psychology of Art,中文,https://webap0.ncue.edu.tw/DEANV2/UploadDEAN/SUBJECT/1142/44044_1ARDA0171020.pdf,https://webapss.ncue.edu.tw/Teacher/Reports/OB020.aspx?yms_year=114&yms_sms=2&emp_id=0001071
749,44043,美三,美術科教材教法專題,,系選修,,否,3,李靜芳,教學大樓,(三) 02-04 T201,50,18,18,可跨班系,,Teaching Methods and Materials,中文,https://webap0.ncue.edu.tw/DEANV2/UploadDEAN/SUBJECT/1142/44043_1ARDA0170430.pdf,https://webapss.ncue.edu.tw/Teacher/Reports/OB020.aspx?yms_year=114&yms_sms=2&emp_id=0000752
750,44042,美三,書法與篆刻創作(二),,組選修,,否,2,魯漢平,藝薈館,(一) 05-06 15105 美術系會議室,50,2,12,可跨班系,,Creation of Calligraphy and Seal Cutting (II),中文,https://webap0.ncue.edu.tw/DEANV2/UploadDEAN/SUBJECT/1142/44042_1ARDA0162320.pdf,https://webapss.ncue.edu.tw/Teacher/Reports/OB020.aspx?yms_year=114&yms_sms=2&emp_id=0000985
751,44041,美三,策展理論與實務,,組必修,,否,3,王曼萍,教學大樓,(二) 05-07 T201,50,44,55,可跨班系,,Curatorial Theory and Practice,中文,https://webap0.ncue.edu.tw/DEANV2/UploadDEAN/SUBJECT/1142/44041_1ARDA0133130.pdf,https://webapss.ncue.edu.tw/Teacher/Reports/OB020.aspx?yms_year=114&yms_sms=2&emp_id=0001071
752,44040,美三,攝影(四),,組選修,,否,3,謝明穎,學生餐廳,(一) 05-07 攝影教室,30,9,15,可跨班系,,Photography IV,中文,https://webap0.ncue.edu.tw/DEANV2/UploadDEAN/SUBJECT/1142/44040_1ARDA0172330.pdf,https://webapss.ncue.edu.tw/Teacher/Reports/OB020.aspx?yms_year=114&yms_sms=2&emp_id=9901149
753,44039,美三,媒體藝術,,組選修,,否,3,王曼萍張皓甯王可文,教學大樓,(一) 02-04 T201,50,15,15,可跨班系,,Media Art,中文,https://webap0.ncue.edu.tw/DEANV2/UploadDEAN/SUBJECT/1142/44039_1ARDA0168330.pdf,https://webapss.ncue.edu.tw/Teacher/Reports/OB020.aspx?yms_year=114&yms_sms=2&emp_id=0001071
754,44037,美二,現當代藝術,,系必修,,否,3,張敏琪,聲洋館,(五) 02-04 16203大理論教室,50,46,47,可跨班系,,Modern and Contemporary Art,中文,https://webap0.ncue.edu.tw/DEANV2/UploadDEAN/SUBJECT/1142/44037_1ARDA0181630.pdf,https://webapss.ncue.edu.tw/Teacher/Reports/OB020.aspx?yms_year=114&yms_sms=2&emp_id=0001203
755,44036,美二,藝術創作專題(四),,組選修,,否,3,陳松志,藝薈館,(四) 05-07 15104 水墨教室,50,13,21,可跨班系,,Special Topics in Stuido Art IV,中文,https://webap0.ncue.edu.tw/DEANV2/UploadDEAN/SUBJECT/1142/44036_1ARDA0134530.pdf,https://webapss.ncue.edu.tw/Teacher/Reports/OB020.aspx?yms_year=114&yms_sms=2&emp_id=0001186
756,44035,美二,影音剪輯(二),,組選修,,否,3,張皓甯,聲洋館,(四) 11-13 16202電腦教室二,25,24,33,限本系,,Media Clip2,中文,https://webap0.ncue.edu.tw/DEANV2/UploadDEAN/SUBJECT/1142/44035_1ARDA0171930.pdf,https://webapss.ncue.edu.tw/Teacher/Reports/OB020.aspx?yms_year=114&yms_sms=2&emp_id=9901165
757,44033,美二,雕塑(二),,組選修,,否,3,王振瑋,聲洋館,(四) 02-04 16105雕塑教室,25,18,22,限本系,,Sculpture II,中文,https://webap0.ncue.edu.tw/DEANV2/UploadDEAN/SUBJECT/1142/44033_1ARDA0131530.pdf,https://webapss.ncue.edu.tw/Teacher/Reports/OB020.aspx?yms_year=114&yms_sms=2&emp_id=9900746
758,44032,美二,視覺傳達與設計,,組選修,,否,3,歐慧宜,聲洋館,(三) 05-07 16102小理論教室,30,6,11,可跨班系,,Visual Communication Design,中文,https://webap0.ncue.edu.tw/DEANV2/UploadDEAN/SUBJECT/1142/44032_1ARDA0167930.pdf,https://webapss.ncue.edu.tw/Teacher/Reports/OB020.aspx?yms_year=114&yms_sms=2&emp_id=0001070
759,44031,美二,油畫(四),,組選修,,否,3,陳世強,聲洋館,(三) 02-04 16206大二工作室,30,20,22,可跨班系,,Oil Painting IV,中文,https://webap0.ncue.edu.tw/DEANV2/UploadDEAN/SUBJECT/1142/44031_1ARDA0136330.pdf,https://webapss.ncue.edu.tw/Teacher/Reports/OB020.aspx?yms_year=114&yms_sms=2&emp_id=0000604
760,44030,美二,藝術行政,,組選修,,否,3,吳介祥,聲洋館,(三) 05-07 16203大理論教室,50,18,22,可跨班系,,Arts Administration,中文,https://webap0.ncue.edu.tw/DEANV2/UploadDEAN/SUBJECT/1142/44030_1ARDA0056130.pdf,https://webapss.ncue.edu.tw/Teacher/Reports/OB020.aspx?yms_year=114&yms_sms=2&emp_id=0000972
761,44029,美二,藝術學研究方法,,組必修,,否,3,張敏琪,白沙大樓,(三) 02-04 藝教1,50,8,8,可跨班系,「本課程網路選課人數未達開課人數，請洽開課單位。」,Methodology of Art Studies,中文,https://webap0.ncue.edu.tw/DEANV2/UploadDEAN/SUBJECT/1142/44029_1ARDA0181830.pdf,https://webapss.ncue.edu.tw/Teacher/Reports/OB020.aspx?yms_year=114&yms_sms=2&emp_id=0001203
762,44028,美二,3D電腦動畫(二),,組選修,,否,3,陳冠君,聲洋館,(二) 05-07 16202電腦教室二,15,2,6,可跨班系,「本課程網路選課人數未達開課人數，請洽開課單位。」,3D Animation (II),中文,https://webap0.ncue.edu.tw/DEANV2/UploadDEAN/SUBJECT/1142/44028_1ARDA0167730.pdf,https://webapss.ncue.edu.tw/Teacher/Reports/OB020.aspx?yms_year=114&yms_sms=2&emp_id=0000521
763,44027,美二,陶藝(二),,組選修,,否,3,林墡瑛,聲洋館,(二) 03-04、14 16106陶藝教室,20,36,33,限本系,,Ceramic II,中文,https://webap0.ncue.edu.tw/DEANV2/UploadDEAN/SUBJECT/1142/44027_1ARDA0131630.pdf,https://webapss.ncue.edu.tw/Teacher/Reports/OB020.aspx?yms_year=114&yms_sms=2&emp_id=9900810
764,44026,美二,博物館敘事與教育實踐,,組必修,,否,3,陳育淳,教學大樓,(二) 09-11 T201,50,26,24,可跨班系,,Museum Narratives and Educational Practices,中文,https://webap0.ncue.edu.tw/DEANV2/UploadDEAN/SUBJECT/1142/44026_1ARDA0177630.pdf,https://webapss.ncue.edu.tw/Teacher/Reports/OB020.aspx?yms_year=114&yms_sms=2&emp_id=9901266
765,44025,美二,繪本設計(二),,組選修,,否,3,李懿倫,聲洋館,(二) 05-07 16102小理論教室,30,10,10,可跨班系,,Design Of The Picture Book(II),中文,https://webap0.ncue.edu.tw/DEANV2/UploadDEAN/SUBJECT/1142/44025_1ARDA0180630.pdf,https://webapss.ncue.edu.tw/Teacher/Reports/OB020.aspx?yms_year=114&yms_sms=2&emp_id=9901314
766,44024,美二,插畫創作(二),,組選修,,否,3,李懿倫,聲洋館,(二) 03-04、14 16102小理論教室,30,6,10,可跨班系,,Illustration Creation(II),中文,https://webap0.ncue.edu.tw/DEANV2/UploadDEAN/SUBJECT/1142/44024_1ARDA0180430.pdf,https://webapss.ncue.edu.tw/Teacher/Reports/OB020.aspx?yms_year=114&yms_sms=2&emp_id=9901314
767,44023,美二,影像美學,,組選修,,否,2,張皓甯,教學大樓,(一) 05-06 T201,50,18,22,限本系,,Aesthetics of Image,中文,https://webap0.ncue.edu.tw/DEANV2/UploadDEAN/SUBJECT/1142/44023_1ARDA0172020.pdf,https://webapss.ncue.edu.tw/Teacher/Reports/OB020.aspx?yms_year=114&yms_sms=2&emp_id=9901165
768,44022,美二,攝影(二),,組選修,,否,3,謝明穎,學生餐廳,(一) 02-04 攝影教室,30,24,29,可跨班系,,Photography II,中文,https://webap0.ncue.edu.tw/DEANV2/UploadDEAN/SUBJECT/1142/44022_1ARDA0170330.pdf,https://webapss.ncue.edu.tw/Teacher/Reports/OB020.aspx?yms_year=114&yms_sms=2&emp_id=9901149
769,44021,美二,膠彩(四),,組選修,,否,3,黃柏維,聲洋館,(一) 06-08 16102小理論教室,50,10,9,可跨班系,,Chinese Gouache Painting IV,中英,https://webap0.ncue.edu.tw/DEANV2/UploadDEAN/SUBJECT/1142/44021_1ARDA0136530.pdf,https://webapss.ncue.edu.tw/Teacher/Reports/OB020.aspx?yms_year=114&yms_sms=2&emp_id=9901335
770,44020,美二,水墨媒材與造型(二),,組選修,,否,3,魯漢平,藝薈館,(一) 02-04 15104 水墨教室,50,7,10,可跨班系,,Medium and Style of Chinese Ink Panting II,中文,https://webap0.ncue.edu.tw/DEANV2/UploadDEAN/SUBJECT/1142/44020_1ARDA0167630.pdf,https://webapss.ncue.edu.tw/Teacher/Reports/OB020.aspx?yms_year=114&yms_sms=2&emp_id=0000985
771,44018,美一,書法(二),,組選修,,否,2,魯漢平,藝薈館,(四) 08-09 15104 水墨教室,25,32,31,可跨班系,,Chinese Calligraphy II,中文,https://webap0.ncue.edu.tw/DEANV2/UploadDEAN/SUBJECT/1142/44018_1ARDA0129420.pdf,https://webapss.ncue.edu.tw/Teacher/Reports/OB020.aspx?yms_year=114&yms_sms=2&emp_id=0000985
772,44017,美一,油畫(二)A,,組選修,,否,3,劉宗榮,藝薈館,(四) 03-04、14 15104 水墨教室,30,23,24,可跨班系,,Oil Painting II (A),中文,https://webap0.ncue.edu.tw/DEANV2/UploadDEAN/SUBJECT/1142/44017_1ARDA0179430.pdf,https://webapss.ncue.edu.tw/Teacher/Reports/OB020.aspx?yms_year=114&yms_sms=2&emp_id=9901077
773,44015,美一,西方藝術史,,系必修,,否,3,張敏琪,教學大樓,(四) 05-07 T201,50,44,46,可跨班系,,Western Art History,中文,https://webap0.ncue.edu.tw/DEANV2/UploadDEAN/SUBJECT/1142/44015_1ARDA0181730.pdf,https://webapss.ncue.edu.tw/Teacher/Reports/OB020.aspx?yms_year=114&yms_sms=2&emp_id=0001203
774,44014,美一,工藝材料與設計,,組選修,,否,3,歐慧宜,聲洋館,(四) 02-04 16102小理論教室,20,7,9,可跨班系,,craft materials and design,中文,https://webap0.ncue.edu.tw/DEANV2/UploadDEAN/SUBJECT/1142/44014_1ARDA0177130.pdf,https://webapss.ncue.edu.tw/Teacher/Reports/OB020.aspx?yms_year=114&yms_sms=2&emp_id=0001070
775,44012,美一,3D電腦繪圖(一),,組選修,,否,3,陳冠君,聲洋館,(三) 05-07 16202電腦教室二,50,14,20,可跨班系,,3D Computer Graphics I,中文,https://webap0.ncue.edu.tw/DEANV2/UploadDEAN/SUBJECT/1142/44012_1ARDA0182230.pdf,https://webapss.ncue.edu.tw/Teacher/Reports/OB020.aspx?yms_year=114&yms_sms=2&emp_id=0000521
776,44011,美一,創意設計A,,組選修,,否,2,歐慧宜,聲洋館,(三) 03-04 16102小理論教室,50,9,12,可跨班系,,Creative design (A),中文,https://webap0.ncue.edu.tw/DEANV2/UploadDEAN/SUBJECT/1142/44011_1ARDA0181320.pdf,https://webapss.ncue.edu.tw/Teacher/Reports/OB020.aspx?yms_year=114&yms_sms=2&emp_id=0001070
777,44010,美一,油畫(二)B,,組選修,,否,3,陳世強,聲洋館,(三) 05-07 16101素描教室(大一工作室),30,9,12,可跨班系,,Oil Painting II (B),中文,https://webap0.ncue.edu.tw/DEANV2/UploadDEAN/SUBJECT/1142/44010_1ARDA0179530.pdf,https://webapss.ncue.edu.tw/Teacher/Reports/OB020.aspx?yms_year=114&yms_sms=2&emp_id=0000604
778,44009,美一,藝術教育,,組必修,,否,3,王麗雁,聲洋館,(三) 02-04 16203大理論教室,50,20,23,可跨班系,,Art Education,中英,https://webap0.ncue.edu.tw/DEANV2/UploadDEAN/SUBJECT/1142/44009_1ARDA0071630.pdf,https://webapss.ncue.edu.tw/Teacher/Reports/OB020.aspx?yms_year=114&yms_sms=2&emp_id=0000773
779,44008,美一,電腦繪圖概論B,,組必修,,否,3,陳冠君,聲洋館,(二) 02-04 16202電腦教室二,50,11,14,可跨班系,,Visual Computer Graphic Basic (B),中文,https://webap0.ncue.edu.tw/DEANV2/UploadDEAN/SUBJECT/1142/44008_1ARDA0184130.pdf,https://webapss.ncue.edu.tw/Teacher/Reports/OB020.aspx?yms_year=114&yms_sms=2&emp_id=0000521
780,44007,美一,水彩(二)A,,組選修,,否,3,陳世強,聲洋館,(二) 07-09 16101素描教室(大一工作室),30,8,15,可跨班系,,Water Color Painting II (A),中文,https://webap0.ncue.edu.tw/DEANV2/UploadDEAN/SUBJECT/1142/44007_1ARDA0129030.pdf,https://webapss.ncue.edu.tw/Teacher/Reports/OB020.aspx?yms_year=114&yms_sms=2&emp_id=0000604
781,44006,美一,素描(二)B,,組必修,,否,3,歐靜雲,聲洋館,(一) 07-09 16101素描教室(大一工作室),20,13,20,限本系,,Drawing II (B),中英,https://webap0.ncue.edu.tw/DEANV2/UploadDEAN/SUBJECT/1142/44006_1ARDA0128930.pdf,https://webapss.ncue.edu.tw/Teacher/Reports/OB020.aspx?yms_year=114&yms_sms=2&emp_id=9901290
782,44005,美一,素描(二)A,,組必修,,否,3,歐靜雲,聲洋館,(一) 05-06、14 16101素描教室(大一工作室),20,19,17,限本系,,Drawing II (A),中英,https://webap0.ncue.edu.tw/DEANV2/UploadDEAN/SUBJECT/1142/44005_1ARDA0128830.pdf,https://webapss.ncue.edu.tw/Teacher/Reports/OB020.aspx?yms_year=114&yms_sms=2&emp_id=9901290
783,44004,美一,水墨(二)A,,組選修,,否,3,朱忠勇,藝薈館,(一) 11-13 15104 水墨教室,20,18,20,可跨班系,,Chinese Ink Painting II (A),中文,https://webap0.ncue.edu.tw/DEANV2/UploadDEAN/SUBJECT/1142/44004_1ARDA0129230.pdf,https://webapss.ncue.edu.tw/Teacher/Reports/OB020.aspx?yms_year=114&yms_sms=2&emp_id=9900222
784,44002,美一,膠彩(二),,組選修,,否,3,陳誼嘉,藝薈館,(一) 05-06、14 15104 水墨教室,50,11,16,可跨班系,,Chinese Gouache Painting II,中文,https://webap0.ncue.edu.tw/DEANV2/UploadDEAN/SUBJECT/1142/44002_1ARDA0131330.pdf,https://webapss.ncue.edu.tw/Teacher/Reports/OB020.aspx?yms_year=114&yms_sms=2&emp_id=9900984
785,44001,美一,生命探索發展與實踐,,校必(通識),,否,2,李靜芳邱文正,王金平活動中心,(二) 05-06 A301,50,0,45,限本班,大二~大四生如要修習，以線上加簽方式,Life and Career Development and Practice,中文,https://webap0.ncue.edu.tw/DEANV2/UploadDEAN/SUBJECT/1142/44001_0CCGE0177920.pdf,https://webapss.ncue.edu.tw/Teacher/Reports/OB020.aspx?yms_year=114&yms_sms=2&emp_id=0000752
786,43037,地環博二,論文指導(二),,系必修,,否,3,論文,,,20,2,2,限本系,,Thesis Supervision II,無,,
787,43036,地碩二,論文指導(二),,系必修,,否,3,論文,,,20,4,7,限本系,,Thesis Supervision II,無,,
788,43035,地環博二,博士論文,,系必修,,否,0,論文,,,20,0,3,限本系,,Doctoral Dissertation,無,,
789,43033,地碩二,碩士論文,,系必修,,否,0,論文,,,20,5,11,限本系,,Master Thesis,無,,
790,43031,地碩一,專題討論(二),,系必修,,否,2,郭飛鷹,聲洋館,(四) 07-08 教學媒體研究室,20,10,10,限本系,,Seminar II,中文,https://webap0.ncue.edu.tw/DEANV2/UploadDEAN/SUBJECT/1142/43031_1ARGR2131620.pdf,https://webapss.ncue.edu.tw/Teacher/Reports/OB020.aspx?yms_year=114&yms_sms=2&emp_id=0001209
791,43030,地環博一,地理專題討論(二),,系必修,,否,2,遲恒昌,聲洋館,(四) 07-08 白宮A2,20,3,3,限本系,,Seminar in Geography II,中文,https://webap0.ncue.edu.tw/DEANV2/UploadDEAN/SUBJECT/1142/43030_1ARGR1012020.pdf,https://webapss.ncue.edu.tw/Teacher/Reports/OB020.aspx?yms_year=114&yms_sms=2&emp_id=0001126
792,43029,地碩博,遊憩資源調查與規劃專論,,系選修,,否,3,曾宇良,聲洋館,(五) 02-04 教學媒體研究室,20,11,10,可跨班系,,Special Topics on Recreation Resource Inventory and Planning,中文,https://webap0.ncue.edu.tw/DEANV2/UploadDEAN/SUBJECT/1142/43029_1ARGR3135130.pdf,https://webapss.ncue.edu.tw/Teacher/Reports/OB020.aspx?yms_year=114&yms_sms=2&emp_id=0000953
793,43028,地碩博,自然地理的人文閱讀,,系選修,,否,3,朱凌毅,聲洋館,(四) 02-04 教學媒體研究室,20,8,10,可跨班系,,Humanistic Readings of Physical Geography,中文,https://webap0.ncue.edu.tw/DEANV2/UploadDEAN/SUBJECT/1142/43028_1ARGR3144530.pdf,https://webapss.ncue.edu.tw/Teacher/Reports/OB020.aspx?yms_year=114&yms_sms=2&emp_id=0001206
794,43027,地碩博,質化研究,,系選修,,否,3,遲恒昌,聲洋館,(三) 06-08 教學媒體研究室,20,9,10,可跨班系,,Qualitative research,中文,https://webap0.ncue.edu.tw/DEANV2/UploadDEAN/SUBJECT/1142/43027_1ARGR3142830.pdf,https://webapss.ncue.edu.tw/Teacher/Reports/OB020.aspx?yms_year=114&yms_sms=2&emp_id=0001126
795,43026,地碩博,地形作用分析與模擬,,系選修,,否,3,陳毅青,聲洋館,(二) 06-08 教學媒體研究室,20,9,11,可跨班系,,Geomorphological Processes Analysis and Modelling,中文,https://webap0.ncue.edu.tw/DEANV2/UploadDEAN/SUBJECT/1142/43026_1ARGR3138730.pdf,https://webapss.ncue.edu.tw/Teacher/Reports/OB020.aspx?yms_year=114&yms_sms=2&emp_id=0001066
796,43024,地四,環境災害,,系選修,,否,3,邱彥瑜,聲洋館,(四) 02-04 人文地理教室,50,16,16,可跨班系,,Environmental Hazards,中文,https://webap0.ncue.edu.tw/DEANV2/UploadDEAN/SUBJECT/1142/43024_1ARGR0008630.pdf,https://webapss.ncue.edu.tw/Teacher/Reports/OB020.aspx?yms_year=114&yms_sms=2&emp_id=4000086
797,43023,地四,地理科教學實習,,組必修,,否,2,楊嵐雅陳毅青,聲洋館,(三) 10-13 人文地理教室,50,20,19,限本系,,Teaching Practice in Geography,中文,https://webap0.ncue.edu.tw/DEANV2/UploadDEAN/SUBJECT/1142/43023_1ARGR0011420.pdf,https://webapss.ncue.edu.tw/Teacher/Reports/OB020.aspx?yms_year=114&yms_sms=2&emp_id=9901116
798,43022,地四,台灣史,,組選修,,否,2,李進億,聲洋館,(三) 05-06 人文地理教室,50,13,16,可跨班系,,History of Taiwan,中文,https://webap0.ncue.edu.tw/DEANV2/UploadDEAN/SUBJECT/1142/43022_1ARGR0002220.pdf,https://webapss.ncue.edu.tw/Teacher/Reports/OB020.aspx?yms_year=114&yms_sms=2&emp_id=0001092
799,43021,地四,政治地理學,,系選修,,否,3,朱凌毅,聲洋館,(二) 02-04 人文地理教室,50,18,22,可跨班系,,Political Geography,中文,https://webap0.ncue.edu.tw/DEANV2/UploadDEAN/SUBJECT/1142/43021_1ARGR0008930.pdf,https://webapss.ncue.edu.tw/Teacher/Reports/OB020.aspx?yms_year=114&yms_sms=2&emp_id=0001206
800,43020,地三,社會領域課程概論,,組必修,,否,2,遲恒昌,聲洋館,(四) 03-04 自然地理教室,50,25,24,限本系,,Introduction to Social Studies Curriculum,中文,https://webap0.ncue.edu.tw/DEANV2/UploadDEAN/SUBJECT/1142/43020_1ARGR0140620.pdf,https://webapss.ncue.edu.tw/Teacher/Reports/OB020.aspx?yms_year=114&yms_sms=2&emp_id=0001126
801,43019,地三,國土規劃,,系選修,,否,3,盧沛文,聲洋館,(五) 06-08 自然地理教室,50,60,51,可跨班系,,National Planning,中文,https://webap0.ncue.edu.tw/DEANV2/UploadDEAN/SUBJECT/1142/43019_1ARGR0118230.pdf,https://webapss.ncue.edu.tw/Teacher/Reports/OB020.aspx?yms_year=114&yms_sms=2&emp_id=0001096
802,43018,地三,社會網絡分析與地理應用,,系選修,,否,3,郭飛鷹,圖書館,(三) 02-04 電三教室,50,16,13,可跨班系,,Social network analysis and geographic applications,中文,https://webap0.ncue.edu.tw/DEANV2/UploadDEAN/SUBJECT/1142/43018_1ARGR0144130.pdf,https://webapss.ncue.edu.tw/Teacher/Reports/OB020.aspx?yms_year=114&yms_sms=2&emp_id=0001209
803,43017,地三,臺灣氣候,,系選修,,否,3,涂建翊,聲洋館,(二) 06-08 自然地理教室,50,44,39,限本系,,Taiwan Climate,中文,https://webap0.ncue.edu.tw/DEANV2/UploadDEAN/SUBJECT/1142/43017_1ARGR0139930.pdf,https://webapss.ncue.edu.tw/Teacher/Reports/OB020.aspx?yms_year=114&yms_sms=2&emp_id=0001047
804,43016,地三,資料科學導論,,系選修,,否,3,陳清目,圖書館,(二) 02-04 電二教室,50,13,15,可跨班系,,Introduction to Data Science,中文,https://webap0.ncue.edu.tw/DEANV2/UploadDEAN/SUBJECT/1142/43016_1ARGR0142130.pdf,https://webapss.ncue.edu.tw/Teacher/Reports/OB020.aspx?yms_year=114&yms_sms=2&emp_id=0001145
805,43015,地三,應用地形學,,系選修,,否,3,陳毅青,圖書館,(一) 06-08 電二教室,50,51,50,可跨班系,,Applied Geomorphology,中文,https://webap0.ncue.edu.tw/DEANV2/UploadDEAN/SUBJECT/1142/43015_1ARGR0010930.pdf,https://webapss.ncue.edu.tw/Teacher/Reports/OB020.aspx?yms_year=114&yms_sms=2&emp_id=0001066
806,43014,地三,地理學研究專題,,系選修,,否,3,陳毅青郭飛鷹宋郁玲,聲洋館,(一) 14 自然地理教室 (二) 14 自然地理教室 (三) 14 自然地理教室,50,19,21,限本系,,Geography Research Topic,中文,https://webap0.ncue.edu.tw/DEANV2/UploadDEAN/SUBJECT/1142/43014_1ARGR0140430.pdf,https://webapss.ncue.edu.tw/Teacher/Reports/OB020.aspx?yms_year=114&yms_sms=2&emp_id=0001066
807,43013,地二,都市地理學,,組必修,,否,3,盧沛文,聲洋館,(五) 02-04 繪圖教室,50,45,43,限本系,,Urban Geography,中文,https://webap0.ncue.edu.tw/DEANV2/UploadDEAN/SUBJECT/1142/43013_1ARGR0006530.pdf,https://webapss.ncue.edu.tw/Teacher/Reports/OB020.aspx?yms_year=114&yms_sms=2&emp_id=0001096
808,43012,地二,史學導論,,組必修,,否,2,胡其瑞,聲洋館,(四) 07-08 繪圖教室,50,45,46,可跨班系,,Introduction to History,中文,https://webap0.ncue.edu.tw/DEANV2/UploadDEAN/SUBJECT/1142/43012_1ARGR0003620.pdf,https://webapss.ncue.edu.tw/Teacher/Reports/OB020.aspx?yms_year=114&yms_sms=2&emp_id=0001165
809,43011,地二,環境教育,,系選修,,否,3,曾宇良,聲洋館,(四) 02-04 繪圖教室,50,35,31,可跨班系,,Environmental Education,中文,https://webap0.ncue.edu.tw/DEANV2/UploadDEAN/SUBJECT/1142/43011_1ARGR0130530.pdf,https://webapss.ncue.edu.tw/Teacher/Reports/OB020.aspx?yms_year=114&yms_sms=2&emp_id=0000953
810,43010,地二,中國地理通論,,系必修,,否,3,朱凌毅,聲洋館,(三) 06-08 繪圖教室,50,50,48,限本系,,Introduction of China Geography,中文,https://webap0.ncue.edu.tw/DEANV2/UploadDEAN/SUBJECT/1142/43010_1ARGR0005330.pdf,https://webapss.ncue.edu.tw/Teacher/Reports/OB020.aspx?yms_year=114&yms_sms=2&emp_id=0001206
811,43009,地二,數位地球與全球環境變遷,,系選修,,否,3,陳清目,圖書館,(三) 02-04 電一教室,50,22,21,可跨班系,,Digital Earth and Global Environmental Change,中文,https://webap0.ncue.edu.tw/DEANV2/UploadDEAN/SUBJECT/1142/43009_1ARGR0142030.pdf,https://webapss.ncue.edu.tw/Teacher/Reports/OB020.aspx?yms_year=114&yms_sms=2&emp_id=0001145
812,43008,地二,計量地理學,,系必修,,否,3,郭飛鷹,圖書館,(二) 06-08 電三教室,50,45,44,限本系,,Quantitative Geography,中文,https://webap0.ncue.edu.tw/DEANV2/UploadDEAN/SUBJECT/1142/43008_1ARGR0006630.pdf,https://webapss.ncue.edu.tw/Teacher/Reports/OB020.aspx?yms_year=114&yms_sms=2&emp_id=0001209
813,43007,地二,人口地理學,,組必修,,否,3,宋郁玲,聲洋館,(一) 06-08 繪圖教室,50,32,36,限本系,,Geography of Population,中文,https://webap0.ncue.edu.tw/DEANV2/UploadDEAN/SUBJECT/1142/43007_1ARGR0006230.pdf,https://webapss.ncue.edu.tw/Teacher/Reports/OB020.aspx?yms_year=114&yms_sms=2&emp_id=0000939
814,43006,地二,水文學,,系選修,,否,3,邱彥瑜,聲洋館,(一) 02-04 繪圖教室,50,23,24,可跨班系,,Hydrology,中文,https://webap0.ncue.edu.tw/DEANV2/UploadDEAN/SUBJECT/1142/43006_1ARGR0009230.pdf,https://webapss.ncue.edu.tw/Teacher/Reports/OB020.aspx?yms_year=114&yms_sms=2&emp_id=4000086
815,43005,地一,地理資訊系統,,系必修,,否,3,陳清目,圖書館,(四) 02-04 電二教室,50,45,49,可跨班系,,Geographic Information Systems,中文,https://webap0.ncue.edu.tw/DEANV2/UploadDEAN/SUBJECT/1142/43005_1ARGR0142230.pdf,https://webapss.ncue.edu.tw/Teacher/Reports/OB020.aspx?yms_year=114&yms_sms=2&emp_id=0001145
816,43004,地一,氣象學,,系選修,,否,3,涂建翊,聲洋館,(三) 06-08 氣候水文研究室,50,46,47,可跨班系,,Meteorology,中文,https://webap0.ncue.edu.tw/DEANV2/UploadDEAN/SUBJECT/1142/43004_1ARGR0001430.pdf,https://webapss.ncue.edu.tw/Teacher/Reports/OB020.aspx?yms_year=114&yms_sms=2&emp_id=0001047
817,43003,地一,休閒遊憩概論,,系選修,,否,3,曾宇良,聲洋館,(三) 02-04 氣候水文研究室,50,59,57,可跨班系,,Introduction to Leisure and Recreation,中文,https://webap0.ncue.edu.tw/DEANV2/UploadDEAN/SUBJECT/1142/43003_1ARGR0014230.pdf,https://webapss.ncue.edu.tw/Teacher/Reports/OB020.aspx?yms_year=114&yms_sms=2&emp_id=0000953
818,43002,地一,經濟學,,系選修,,否,3,劉漢奎,聲洋館,(二) 02-04 氣候水文研究室,50,43,46,可跨班系,,Economics,中文,https://webap0.ncue.edu.tw/DEANV2/UploadDEAN/SUBJECT/1142/43002_1ARGR0001830.pdf,https://webapss.ncue.edu.tw/Teacher/Reports/OB020.aspx?yms_year=114&yms_sms=2&emp_id=9901079
819,43001,地一,生命探索發展與實踐,,校必(通識),,否,2,王素芬,聲洋館,(一) 07-08 氣候水文研究室,50,0,42,限本班,大二~大四生如要修習，以線上加簽方式,Life and Career Development and Practice,中文,https://webap0.ncue.edu.tw/DEANV2/UploadDEAN/SUBJECT/1142/43001_0CCGE0177920.pdf,https://webapss.ncue.edu.tw/Teacher/Reports/OB020.aspx?yms_year=114&yms_sms=2&emp_id=0000725
820,42053,國三乙,中國哲學史(二),,系必修,,否,3,張麗珠,弘道館,(五) 04-06 書法教室,50,20,35,限本班,,History of Chinese Philosophy II,中文,https://webap0.ncue.edu.tw/DEANV2/UploadDEAN/SUBJECT/1142/42053_1ARCH0021830.pdf,https://webapss.ncue.edu.tw/Teacher/Reports/OB020.aspx?yms_year=114&yms_sms=2&emp_id=9900833
821,42052,國三甲,聲韻學(二),,系必修,,否,2,陳彥君,學思樓,(一) 05-06 白沙書院(2202),50,33,38,限本班,,Historical Chinese Phonology (II),中文,https://webap0.ncue.edu.tw/DEANV2/UploadDEAN/SUBJECT/1142/42052_1ARCH0021420.pdf,https://webapss.ncue.edu.tw/Teacher/Reports/OB020.aspx?yms_year=114&yms_sms=2&emp_id=0001195
822,42051,國三甲,文史轉譯與數位方法,,系選修,,否,3,簡承禾胡其瑞,圖書館,(三) 05-07 電三教室,50,26,31,限本系,,Literary/Historical translation and digital methods,中文,https://webap0.ncue.edu.tw/DEANV2/UploadDEAN/SUBJECT/1142/42051_1ARCH0169130.pdf,https://webapss.ncue.edu.tw/Teacher/Reports/OB020.aspx?yms_year=114&yms_sms=2&emp_id=4000069
823,42050,國博二,論文指導(二),,系必修,,否,3,論文,,,30,3,3,限本系,國博二必修,Thesis Supervision II,無,,
824,42049,國碩二,論文指導(二),,系必修,,否,3,論文,,,50,4,5,限本系,碩二必修,Thesis Supervision II,無,,
825,42048,國碩二,碩士論文,,系必修,,否,0,論文,,,50,5,18,限本系,註冊未修課以及提論文口試者必選,Thesis,無,,
826,42047,國博二,博士論文,,系必修,,否,0,論文,,,30,5,13,限本系,註冊未修課以及提論文口試者必選,Doctoral Dissertation,無,,
827,42046,國四甲,語言表達與溝通,,系選修,,否,2,耿志堅,弘道館,(三) 05-06 明倫堂,50,18,19,限本系,,Verbal Expression and Communication,中文,https://webap0.ncue.edu.tw/DEANV2/UploadDEAN/SUBJECT/1142/42046_1ARCH0162320.pdf,https://webapss.ncue.edu.tw/Teacher/Reports/OB020.aspx?yms_year=114&yms_sms=2&emp_id=9901024
828,42045,國一甲,樂府詩,,系選修,,否,3,呂光華,弘道館,(三) 05-07 14201,50,49,44,可跨班系,,Yueh -fuu (Songs for Court),中文,https://webap0.ncue.edu.tw/DEANV2/UploadDEAN/SUBJECT/1142/42045_1ARCH0049730.pdf,https://webapss.ncue.edu.tw/Teacher/Reports/OB020.aspx?yms_year=114&yms_sms=2&emp_id=9901303
829,42044,國碩博,辭賦專題研究,,系選修,,否,3,蘇慧霜,弘道館,(三) 02-04 國研A,20,5,6,可跨班系,,Seminars Poetic Essay,中文,https://webap0.ncue.edu.tw/DEANV2/UploadDEAN/SUBJECT/1142/42044_1ARCH3167930.pdf,https://webapss.ncue.edu.tw/Teacher/Reports/OB020.aspx?yms_year=114&yms_sms=2&emp_id=0000943
830,42043,國二乙,詩選及習作(二) B組,,系必修,,否,2,蘇慧霜,弘道館,(二) 05-06 人文講堂,25,14,15,限本班,學號24號(含)以後選本組，非本組學生將於網路預選後取消選課。,Readings in Chinese Poetry & Writing Practice II,中文,https://webap0.ncue.edu.tw/DEANV2/UploadDEAN/SUBJECT/1142/42043_1ARCH0125920.pdf,https://webapss.ncue.edu.tw/Teacher/Reports/OB020.aspx?yms_year=114&yms_sms=2&emp_id=0000943
831,42042,國三甲,楚辭,,系選修,,否,3,蘇慧霜,弘道館,(一) 07-09 視聽教室(14403),50,27,34,限本系,,Chu Tsu,中文,https://webap0.ncue.edu.tw/DEANV2/UploadDEAN/SUBJECT/1142/42042_1ARCH0082030.pdf,https://webapss.ncue.edu.tw/Teacher/Reports/OB020.aspx?yms_year=114&yms_sms=2&emp_id=0000943
832,42041,國四甲,訓詁學(二),,系必修,,否,2,蘇建洲,弘道館,(四) 03-04 14401,50,40,41,限本班,,Semantics II,中文,https://webap0.ncue.edu.tw/DEANV2/UploadDEAN/SUBJECT/1142/42041_1ARCH0032920.pdf,https://webapss.ncue.edu.tw/Teacher/Reports/OB020.aspx?yms_year=114&yms_sms=2&emp_id=0000877
833,42040,國碩博,出土文獻專題研究,,系選修,,否,3,蘇建洲,弘道館,(三) 05-07 國研A,20,3,5,限本系,,The Study of Underground Texts,中文,https://webap0.ncue.edu.tw/DEANV2/UploadDEAN/SUBJECT/1142/42040_1ARCH3159830.pdf,https://webapss.ncue.edu.tw/Teacher/Reports/OB020.aspx?yms_year=114&yms_sms=2&emp_id=0000877
834,42039,國二乙,文字學(二),,系必修,,否,2,蘇建洲,弘道館,(三) 03-04 14401,50,34,36,限本班,,Chinese Etymology II,中文,https://webap0.ncue.edu.tw/DEANV2/UploadDEAN/SUBJECT/1142/42039_1ARCH0007220.pdf,https://webapss.ncue.edu.tw/Teacher/Reports/OB020.aspx?yms_year=114&yms_sms=2&emp_id=0000877
835,42038,國四乙,訓詁學(二),,系必修,,否,2,蘇建洲,弘道館,(二) 05-06 14401,50,30,35,限本班,,Semantics II,中文,https://webap0.ncue.edu.tw/DEANV2/UploadDEAN/SUBJECT/1142/42038_1ARCH0032920.pdf,https://webapss.ncue.edu.tw/Teacher/Reports/OB020.aspx?yms_year=114&yms_sms=2&emp_id=0000877
836,42037,國二甲,文字學(二),,系必修,,否,2,蘇建洲,弘道館,(二) 03-04 14401,50,36,44,限本班,,Chinese Etymology II,中文,https://webap0.ncue.edu.tw/DEANV2/UploadDEAN/SUBJECT/1142/42037_1ARCH0007220.pdf,https://webapss.ncue.edu.tw/Teacher/Reports/OB020.aspx?yms_year=114&yms_sms=2&emp_id=0000877
837,42036,國四甲,應用文及習作(二),,系必修,,否,2,簡承禾,弘道館,(四) 05-06 視聽教室(14403),50,42,43,限本班,,Practical Writing & Practice II,中文,https://webap0.ncue.edu.tw/DEANV2/UploadDEAN/SUBJECT/1142/42036_1ARCH0033120.pdf,https://webapss.ncue.edu.tw/Teacher/Reports/OB020.aspx?yms_year=114&yms_sms=2&emp_id=4000069
838,42035,國一乙,四書(二),,系必修,,否,2,簡承禾,弘道館,(三) 01-02 14401,50,40,42,限本班,,The Four Books II,中文,https://webap0.ncue.edu.tw/DEANV2/UploadDEAN/SUBJECT/1142/42035_1ARCH0012020.pdf,https://webapss.ncue.edu.tw/Teacher/Reports/OB020.aspx?yms_year=114&yms_sms=2&emp_id=4000069
839,42034,國二甲,古典小說選讀,,系選修,,否,3,盧世達王年双,弘道館,(四) 02-04 14402,50,31,37,限本系,,Classical Readings in Chinese Fictions & Novels,中文,https://webap0.ncue.edu.tw/DEANV2/UploadDEAN/SUBJECT/1142/42034_1ARCH0066830.pdf,https://webapss.ncue.edu.tw/Teacher/Reports/OB020.aspx?yms_year=114&yms_sms=2&emp_id=0001150
840,42033,國二甲,散文選及習作(二) A組,,系必修,,否,2,盧世達,弘道館,(二) 05-06 視聽教室(14403),50,36,33,限本班,,Selection of Prose & Practical Writing II,中文,https://webap0.ncue.edu.tw/DEANV2/UploadDEAN/SUBJECT/1142/42033_1ARCH0124920.pdf,https://webapss.ncue.edu.tw/Teacher/Reports/OB020.aspx?yms_year=114&yms_sms=2&emp_id=0001150
841,42032,國一甲,古籍導讀,,系必修,,否,2,盧世達,弘道館,(四) 05-06 人文講堂,50,41,45,限本班,,Introduction to Chinese Classics,中文,https://webap0.ncue.edu.tw/DEANV2/UploadDEAN/SUBJECT/1142/42032_1ARCH0121020.pdf,https://webapss.ncue.edu.tw/Teacher/Reports/OB020.aspx?yms_year=114&yms_sms=2&emp_id=0001150
842,42031,國一甲,現代詩選讀,,系選修,,否,2,蔣美華,弘道館,(四) 01-02 書法教室,50,83,58,限本系,,Modern Poetry Readings,中文,https://webap0.ncue.edu.tw/DEANV2/UploadDEAN/SUBJECT/1142/42031_1ARCH0111120.pdf,https://webapss.ncue.edu.tw/Teacher/Reports/OB020.aspx?yms_year=114&yms_sms=2&emp_id=0000512
843,42030,國一甲,新文藝及習作(二) A組,,系必修,,否,2,蔣美華,弘道館,(五) 01-02 14401,50,41,43,限本班,,Modern Chinese Literature and Writing II,中文,https://webap0.ncue.edu.tw/DEANV2/UploadDEAN/SUBJECT/1142/42030_1ARCH0124120.pdf,https://webapss.ncue.edu.tw/Teacher/Reports/OB020.aspx?yms_year=114&yms_sms=2&emp_id=0000512
844,42029,國四乙,文學批評,,系必修,,否,3,劉威廷,弘道館,(五) 02-04 14402,50,26,27,限本班,,Literary Criticism,中文,https://webap0.ncue.edu.tw/DEANV2/UploadDEAN/SUBJECT/1142/42029_1ARCH0029030.pdf,https://webapss.ncue.edu.tw/Teacher/Reports/OB020.aspx?yms_year=114&yms_sms=2&emp_id=0001113
845,42028,國三乙,聲韻學(二),,系必修,,否,2,趙詠寬,弘道館,(五) 02-03 人文講堂,50,29,32,限本班,,Historical Chinese Phonology (II),中文,https://webap0.ncue.edu.tw/DEANV2/UploadDEAN/SUBJECT/1142/42028_1ARCH0021420.pdf,https://webapss.ncue.edu.tw/Teacher/Reports/OB020.aspx?yms_year=114&yms_sms=2&emp_id=9900768
846,42027,國三甲,詞曲選及習作(二) A組,,系必修,,否,3,詹千慧,弘道館,(四) 02-04 人文講堂,50,33,38,限本班,,Selection of Tzu-Chu & Practical Writing II,中文,https://webap0.ncue.edu.tw/DEANV2/UploadDEAN/SUBJECT/1142/42027_1ARCH0125330.pdf,https://webapss.ncue.edu.tw/Teacher/Reports/OB020.aspx?yms_year=114&yms_sms=2&emp_id=0001205
847,42026,國三甲,台灣文學史,,系選修,,否,2,葉連鵬,弘道館,(三) 05-06 書法教室,50,44,47,限本系,,History of Taiwanese Literature,中文,https://webap0.ncue.edu.tw/DEANV2/UploadDEAN/SUBJECT/1142/42026_1ARCH0163720.pdf,https://webapss.ncue.edu.tw/Teacher/Reports/OB020.aspx?yms_year=114&yms_sms=2&emp_id=0000930
848,42025,國二甲,華語教學數位教材設計與應用,,系選修,,否,2,楊曉菁,弘道館,(四) 05-06 14402,50,43,50,可跨班系,,Digital Materials for Mandarin Teaching: Design and Application,中文,https://webap0.ncue.edu.tw/DEANV2/UploadDEAN/SUBJECT/1142/42025_1ARCH0168820.pdf,https://webapss.ncue.edu.tw/Teacher/Reports/OB020.aspx?yms_year=114&yms_sms=2&emp_id=0001119
849,42024,國三甲,修辭學(二),,系必修,,否,2,楊曉菁,弘道館,(二) 08-09 14402,50,33,40,限本班,,Chinese Rhetoric II,中文,https://webap0.ncue.edu.tw/DEANV2/UploadDEAN/SUBJECT/1142/42024_1ARCH0021620.pdf,https://webapss.ncue.edu.tw/Teacher/Reports/OB020.aspx?yms_year=114&yms_sms=2&emp_id=0001119
850,42023,國一甲,四書(二),,系必修,,否,2,楊菁,學思樓,(三) 03-04 白沙書院(2202),50,41,43,限本班,,The Four Books II,中文,https://webap0.ncue.edu.tw/DEANV2/UploadDEAN/SUBJECT/1142/42023_1ARCH0012020.pdf,https://webapss.ncue.edu.tw/Teacher/Reports/OB020.aspx?yms_year=114&yms_sms=2&emp_id=0000803
851,42022,國一乙,書法,,系選修,,否,3,楊菁,弘道館,(一) 06-08 書法教室,50,54,55,限本系,111學年度(含)之後入學本系師資培育生必選之選修課。110學年度（含）之前入學學生，應修系必修「書法(一)2學分」及「書法(二)2學分」，若重複選修本課，不列入畢業學分數。,Chinese Calligraphy,中文,https://webap0.ncue.edu.tw/DEANV2/UploadDEAN/SUBJECT/1142/42022_1ARCH0168630.pdf,https://webapss.ncue.edu.tw/Teacher/Reports/OB020.aspx?yms_year=114&yms_sms=2&emp_id=0000803
852,42021,國三甲,中國哲學史(二),,系必修,,否,3,楊菁,學思樓,(一) 02-04 白沙書院(2202),50,29,42,限本班,,History of Chinese Philosophy II,中文,https://webap0.ncue.edu.tw/DEANV2/UploadDEAN/SUBJECT/1142/42021_1ARCH0021830.pdf,https://webapss.ncue.edu.tw/Teacher/Reports/OB020.aspx?yms_year=114&yms_sms=2&emp_id=0000803
853,42020,國一乙,新文藝及習作(二) A組,,系必修,,否,2,黃儀冠,學思樓,(二) 05-06 白沙書院(2202),50,39,43,限本班,,Modern Chinese Literature and Writing II,中文,https://webap0.ncue.edu.tw/DEANV2/UploadDEAN/SUBJECT/1142/42020_1ARCH0124120.pdf,https://webapss.ncue.edu.tw/Teacher/Reports/OB020.aspx?yms_year=114&yms_sms=2&emp_id=0000900
854,42019,國一甲,電影與文學,,系選修,,否,2,黃儀冠,弘道館,(一) 05-06 視聽教室(14403),50,60,52,可跨班系,,Film & Literature,中文,https://webap0.ncue.edu.tw/DEANV2/UploadDEAN/SUBJECT/1142/42019_1ARCH0171020.pdf,https://webapss.ncue.edu.tw/Teacher/Reports/OB020.aspx?yms_year=114&yms_sms=2&emp_id=0000900
855,42018,國一甲,中國語文教育概論,,系選修,,否,2,彭維杰,弘道館,(四) 07-08 14401,50,61,46,限本系,,Introduction to Chinese Language Education,中文,https://webap0.ncue.edu.tw/DEANV2/UploadDEAN/SUBJECT/1142/42018_1ARCH0071120.pdf,https://webapss.ncue.edu.tw/Teacher/Reports/OB020.aspx?yms_year=114&yms_sms=2&emp_id=9900929
856,42017,國碩博,明清文學研究,,系選修,,否,3,盧世達許麗芳,學思樓,(三) 02-04 學思樓2102教室,20,4,6,限本系,,Seminars on Ming & Qing Literature,中文,https://webap0.ncue.edu.tw/DEANV2/UploadDEAN/SUBJECT/1142/42017_1ARCH3118430.pdf,https://webapss.ncue.edu.tw/Teacher/Reports/OB020.aspx?yms_year=114&yms_sms=2&emp_id=0001150
857,42016,國一甲,文學概論,,系必修,,否,3,許麗芳,弘道館,(二) 02-04 書法教室,50,38,36,限本班,,Introduction to Literature,中文,https://webap0.ncue.edu.tw/DEANV2/UploadDEAN/SUBJECT/1142/42016_1ARCH0018530.pdf,https://webapss.ncue.edu.tw/Teacher/Reports/OB020.aspx?yms_year=114&yms_sms=2&emp_id=0000629
858,42015,國二乙,散文選及習作(二) A組,,系必修,,否,2,許麗芳,弘道館,(一) 05-06 14402,50,32,37,限本班,,Selection of Prose & Practical Writing II,中文,https://webap0.ncue.edu.tw/DEANV2/UploadDEAN/SUBJECT/1142/42015_1ARCH0124920.pdf,https://webapss.ncue.edu.tw/Teacher/Reports/OB020.aspx?yms_year=114&yms_sms=2&emp_id=0000629
859,42014,國二乙,中國文學史(二),,系必修,,否,3,許麗芳,弘道館,(一) 02-04 書法教室,50,33,35,限本班,,History of Chinese Literature (II),中文,https://webap0.ncue.edu.tw/DEANV2/UploadDEAN/SUBJECT/1142/42014_1ARCH0021030.pdf,https://webapss.ncue.edu.tw/Teacher/Reports/OB020.aspx?yms_year=114&yms_sms=2&emp_id=0000629
860,42013,國二乙,國文文法,,系必修,,否,2,邱湘雲,弘道館,(三) 01-02 14402,50,34,42,限本班,,Chinese Grammar,中文,https://webap0.ncue.edu.tw/DEANV2/UploadDEAN/SUBJECT/1142/42013_1ARCH0004020.pdf,https://webapss.ncue.edu.tw/Teacher/Reports/OB020.aspx?yms_year=114&yms_sms=2&emp_id=0000940
861,42012,國一甲,漢語語言學,,系必修,,否,3,邱湘雲,弘道館,(一) 02-04 14402,50,41,49,限本班,,Chinese linguistics,中文,https://webap0.ncue.edu.tw/DEANV2/UploadDEAN/SUBJECT/1142/42012_1ARCH0166030.pdf,https://webapss.ncue.edu.tw/Teacher/Reports/OB020.aspx?yms_year=114&yms_sms=2&emp_id=0000940
862,42011,國二甲,詩選及習作(二) A組,,系必修,,否,2,邱怡瑄,弘道館,(二) 07-08 14201,25,17,19,限本班,學號23號(含)以前選本組，非本組學生將於網路預選後取消選課。,Readings in Chinese Poetry & Writing Practice II,中文,https://webap0.ncue.edu.tw/DEANV2/UploadDEAN/SUBJECT/1142/42011_1ARCH0125820.pdf,https://webapss.ncue.edu.tw/Teacher/Reports/OB020.aspx?yms_year=114&yms_sms=2&emp_id=0001140
863,42010,國二甲,中國文學史(二),,系必修,,否,3,吳明德,弘道館,(五) 02-04 視聽教室(14403),50,36,45,限本班,,History of Chinese Literature (II),中文,https://webap0.ncue.edu.tw/DEANV2/UploadDEAN/SUBJECT/1142/42010_1ARCH0021030.pdf,https://webapss.ncue.edu.tw/Teacher/Reports/OB020.aspx?yms_year=114&yms_sms=2&emp_id=0000901
864,42009,國四乙,應用文及習作(二),,系必修,,否,2,甘秉慧,弘道館,(三) 03-04 14402,50,29,37,限本班,,Practical Writing & Practice II,中文,https://webap0.ncue.edu.tw/DEANV2/UploadDEAN/SUBJECT/1142/42009_1ARCH0033120.pdf,https://webapss.ncue.edu.tw/Teacher/Reports/OB020.aspx?yms_year=114&yms_sms=2&emp_id=0000532
865,42008,國二乙,詩選及習作(二) A組,,系必修,,否,2,甘秉慧,弘道館,(二) 03-04 14402,25,21,20,限本班,學號23號(含)以前選本組，非本組學生將於網路預選後取消選課。,Readings in Chinese Poetry & Writing Practice II,中文,https://webap0.ncue.edu.tw/DEANV2/UploadDEAN/SUBJECT/1142/42008_1ARCH0125820.pdf,https://webapss.ncue.edu.tw/Teacher/Reports/OB020.aspx?yms_year=114&yms_sms=2&emp_id=0000532
866,42007,國三乙,修辭學(二),,系必修,,否,2,甘秉慧,弘道館,(一) 05-06 14401,50,28,31,限本班,,Chinese Rhetoric II,中文,https://webap0.ncue.edu.tw/DEANV2/UploadDEAN/SUBJECT/1142/42007_1ARCH0021620.pdf,https://webapss.ncue.edu.tw/Teacher/Reports/OB020.aspx?yms_year=114&yms_sms=2&emp_id=0000532
867,42006,國二甲,詩選及習作(二) B組,,系必修,,否,2,甘秉慧,弘道館,(一) 03-04 14401,25,20,21,限本班,學號24號(含)以後選本組，非本組學生將於網路預選後取消選課。,Readings in Chinese Poetry & Writing Practice II,中文,https://webap0.ncue.edu.tw/DEANV2/UploadDEAN/SUBJECT/1142/42006_1ARCH0125920.pdf,https://webapss.ncue.edu.tw/Teacher/Reports/OB020.aspx?yms_year=114&yms_sms=2&emp_id=0000532
868,42005,國碩博,詞學研究,,系選修,,否,3,詹千慧丘慧瑩,學思樓,(二) 05-07 學思樓2102教室,20,10,11,可跨班系,,Seminar on Chinese Tz'u,中文,https://webap0.ncue.edu.tw/DEANV2/UploadDEAN/SUBJECT/1142/42005_1ARCH3114730.pdf,https://webapss.ncue.edu.tw/Teacher/Reports/OB020.aspx?yms_year=114&yms_sms=2&emp_id=0001205
869,42004,國三乙,詞曲選及習作(二) A組,,系必修,,否,3,丘慧瑩,弘道館,(三) 02-04 書法教室,50,30,35,限本班,,Selection of Tzu-Chu & Practical Writing II,中文,https://webap0.ncue.edu.tw/DEANV2/UploadDEAN/SUBJECT/1142/42004_1ARCH0125330.pdf,https://webapss.ncue.edu.tw/Teacher/Reports/OB020.aspx?yms_year=114&yms_sms=2&emp_id=0001002
870,42003,國三乙,國文科教材教法,,組必修,,否,2,丘慧瑩,弘道館,(二) 03-04 人文講堂,50,22,33,限本班,,Methods & Materials for Chinese Teaching,中文,https://webap0.ncue.edu.tw/DEANV2/UploadDEAN/SUBJECT/1142/42003_1ARCH0048220.pdf,https://webapss.ncue.edu.tw/Teacher/Reports/OB020.aspx?yms_year=114&yms_sms=2&emp_id=0001002
871,42002,國一乙,生命探索發展與實踐,,校必(通識),,否,2,簡承禾,王金平活動中心,(二) 07-08 A301,50,0,40,限本班,大二~大四生如要修習，以線上加簽方式,Life and Career Development and Practice,中文,https://webap0.ncue.edu.tw/DEANV2/UploadDEAN/SUBJECT/1142/42002_0CCGE0177920.pdf,https://webapss.ncue.edu.tw/Teacher/Reports/OB020.aspx?yms_year=114&yms_sms=2&emp_id=4000069
872,42001,國一甲,生命探索發展與實踐,,校必(通識),,否,2,楊菁,學思樓,(四) 03-04 白沙書院(2202),50,0,44,限本班,大二~大四生如要修習，以線上加簽方式,Life and Career Development and Practice,中文,https://webap0.ncue.edu.tw/DEANV2/UploadDEAN/SUBJECT/1142/42001_0CCGE0177920.pdf,https://webapss.ncue.edu.tw/Teacher/Reports/OB020.aspx?yms_year=114&yms_sms=2&emp_id=0000803
873,41071,英碩三,論文指導(一),,系必修,,否,3,論文,,,30,0,1,限本系,論文指導(一)及論文指導(二)應於申請學位論文口試前修畢。*請注意勿重複修習。,Thesis Supervision (I),無,,
874,41070,英碩二,美國族裔文學,,組選修,,否,3,吳保霖,擷英館,(三) 02-04 英研2(1F),20,3,5,限本系,,American Ethnic Literature,英文,https://webap0.ncue.edu.tw/DEANV2/UploadDEAN/SUBJECT/1142/41070_1AREN2137130_EN.pdf,https://webapss.ncue.edu.tw/Teacher/Reports/OB020.aspx?yms_year=114&yms_sms=2&emp_id=4000052
875,41069,英碩三,獨立研究(二),,系選修,,否,1,吳保霖,,,20,1,1,限本班,限已送出指導教授申請表之研究生修習本課程，選課前請先告知系辦公室。「本課程網路選課人數未達開課人數，請洽開課單位。」,Independent Study (II),英文,https://webap0.ncue.edu.tw/DEANV2/UploadDEAN/SUBJECT/1142/41069_1AREN2164010_EN.pdf,https://webapss.ncue.edu.tw/Teacher/Reports/OB020.aspx?yms_year=114&yms_sms=2&emp_id=4000052
876,41067,英三,科技英文,,系選修,,否,2,阮家慶,圖書館,(四) 08-09 電二教室,50,18,10,限本系,1.111學年度(含)以前入學之非師培生組必修科目(應修至少四科)。2.師培高級中等學校外語群(加科)-英語專長[專業外語能力]類別科目。,Technical English,中文,https://webap0.ncue.edu.tw/DEANV2/UploadDEAN/SUBJECT/1142/41067_1AREN0176920.pdf,https://webapss.ncue.edu.tw/Teacher/Reports/OB020.aspx?yms_year=114&yms_sms=2&emp_id=4000045
877,41065,英博二,文學與教學核心專業課程(一),,組必修,,是,3,蓋傑富裴卓仕,擷英館,(三) 06-08 英研3(2F),20,1,2,限本系,乙組(文學組)必修。,Literature and English Teaching Professional Core Course (I),英文,https://webap0.ncue.edu.tw/DEANV2/UploadDEAN/SUBJECT/1142/41065_1AREN1182630_EN.pdf,https://webapss.ncue.edu.tw/Teacher/Reports/OB020.aspx?yms_year=114&yms_sms=2&emp_id=0001159
878,41064,英博四,博士論文,,系必修,,否,0,論文,,,20,0,5,限本系,本課程為登錄論文口試成績用，當學期申請博士學位論文口試者必選(每學期可重複修課)。,Doctoral Dissertation,無,,
879,41063,英博三,論文指導(二),,系必修,,否,3,論文,,,20,1,1,限本系,論文指導(一)及論文指導(二)應於申請博士候選人資格考試前修畢。,Thesis Supervision (II),無,,
880,41062,英博二,量性研究專題(1),,組選修,,否,3,張善貿,擷英館,(二) 05-07 英研4(新館2F),20,1,2,限本系,,Quantitative Research Methods (1),中文,https://webap0.ncue.edu.tw/DEANV2/UploadDEAN/SUBJECT/1142/41062_1AREN1190630.pdf,https://webapss.ncue.edu.tw/Teacher/Reports/OB020.aspx?yms_year=114&yms_sms=2&emp_id=0000794
881,41061,英博二,質性研究專題(1),,組選修,,否,3,黃聖慧,擷英館,(一) 05-06、14 英研2(1F),20,2,3,限本系,,Qualitative Research Methods (1),中文,https://webap0.ncue.edu.tw/DEANV2/UploadDEAN/SUBJECT/1142/41061_1AREN1190330.pdf,https://webapss.ncue.edu.tw/Teacher/Reports/OB020.aspx?yms_year=114&yms_sms=2&emp_id=0000618
882,41060,英博二,英美文學核心專業課程(一),,組必修,,否,3,蕭韻華,擷英館,(三) 02-04 英研3(2F),20,1,1,限本系,乙組(文學組)必修。,British and American Literature Professional Core Course (I),英文,https://webap0.ncue.edu.tw/DEANV2/UploadDEAN/SUBJECT/1142/41060_1AREN1182430_EN.pdf,https://webapss.ncue.edu.tw/Teacher/Reports/OB020.aspx?yms_year=114&yms_sms=2&emp_id=0000925
883,41059,英博一,語言學習專題,,組必修,,否,3,黃聖慧,擷英館,(一) 03-04、09 英研2(1F),20,2,2,限本系,甲組(語教組)必修。,Topics in Language Learning,中文,https://webap0.ncue.edu.tw/DEANV2/UploadDEAN/SUBJECT/1142/41059_1AREN1191930.pdf,https://webapss.ncue.edu.tw/Teacher/Reports/OB020.aspx?yms_year=114&yms_sms=2&emp_id=0000618
884,41058,英碩二,語音學研究,,組選修,,否,3,郭育賢,擷英館,(三) 02-04 兒研1,20,4,3,限本系,,Studies in Phonetics,英文,https://webap0.ncue.edu.tw/DEANV2/UploadDEAN/SUBJECT/1142/41058_1AREN2006930_EN.pdf,https://webapss.ncue.edu.tw/Teacher/Reports/OB020.aspx?yms_year=114&yms_sms=2&emp_id=0001194
885,41057,英碩二,碩士論文,,系必修,,否,0,論文,,,30,8,17,限本系,本課程為登錄論文口試成績用，當學期申請碩士學位論文口試者必選(每學期可重複修課)。,Thesis,無,,
886,41056,英碩二,論文指導(二),,系必修,,否,3,論文,,,30,10,14,限本系,論文指導(一)及論文指導(二)應於申請學位論文口試前修畢。,Thesis Supervision (II),無,,
887,41054,英碩一,英語教學專題:寫作教學研究,,組選修,,是,3,游毓玲,擷英館,(二) 05-07 英研1(1F),20,10,16,限本系,,Research in English Teaching: Writing Instruction,英文,https://webap0.ncue.edu.tw/DEANV2/UploadDEAN/SUBJECT/1142/41054_1AREN2007830_EN.pdf,https://webapss.ncue.edu.tw/Teacher/Reports/OB020.aspx?yms_year=114&yms_sms=2&emp_id=0000854
888,41052,英碩一,第二語言習得,,組必修,,是,3,龔慧懿,擷英館,(二) 02-04 英研1(1F),20,5,7,限本系,甲組(語教組)必修。,Second Language Acquisition,英文,https://webap0.ncue.edu.tw/DEANV2/UploadDEAN/SUBJECT/1142/41052_1AREN2004730_EN.pdf,https://webapss.ncue.edu.tw/Teacher/Reports/OB020.aspx?yms_year=114&yms_sms=2&emp_id=0000494
889,41051,英碩一,應用語言學專題,,組必修,,是,3,游毓玲,擷英館,(一) 02-04 英研1(1F),20,7,10,限本系,甲組(語教組)必修。,Topics on Applied Linguistics,英文,https://webap0.ncue.edu.tw/DEANV2/UploadDEAN/SUBJECT/1142/41051_1AREN2163730_EN.pdf,https://webapss.ncue.edu.tw/Teacher/Reports/OB020.aspx?yms_year=114&yms_sms=2&emp_id=0000854
890,41050,英三,英語語言史,,系選修,,是,3,郭育賢,擷英館,(二) 07-09 13102,50,24,40,限本系,師培專門課程：中等學校語文領域英語文專長[語言學]類別科目之一。,The History of the English Language,英文,https://webap0.ncue.edu.tw/DEANV2/UploadDEAN/SUBJECT/1142/41050_1AREN0191330_EN.pdf,https://webapss.ncue.edu.tw/Teacher/Reports/OB020.aspx?yms_year=114&yms_sms=2&emp_id=0001194
891,41049,英碩一,高級英文寫作(二)(語言組),,組必修,,是,1,游毓玲,擷英館,(一) 05-06 英研1(1F),20,7,6,限本系,甲組(語教組)必修。,Advanced English Writing (II),英文,https://webap0.ncue.edu.tw/DEANV2/UploadDEAN/SUBJECT/1142/41049_1AREN2169810_EN.pdf,https://webapss.ncue.edu.tw/Teacher/Reports/OB020.aspx?yms_year=114&yms_sms=2&emp_id=0000854
892,41047,英四,語言教學測驗與評量,,系選修,,否,3,張善貿,擷英館,(二) 02-04 13101(新館),50,32,43,限本班,※師培生必選：1.中等學校語文領域英語文專長[英語教學]類別科目。2.高級中等學校外語群-英語專長[外語評量能力]類別科目。,Testing & Evaluation in Language Education,中文,https://webap0.ncue.edu.tw/DEANV2/UploadDEAN/SUBJECT/1142/41047_1AREN0004230.pdf,https://webapss.ncue.edu.tw/Teacher/Reports/OB020.aspx?yms_year=114&yms_sms=2&emp_id=0000794
893,41046,英四,影視翻譯,,組必修,,否,2,姜金龍,擷英館,(二) 07-08 13103,50,17,27,限本系,1.111學年度(含)以前入學非師培生組必修科目(應修至少四科)。2.112學年度(含)以後入學為選修課程。,Audiovisual Translation,中文,https://webap0.ncue.edu.tw/DEANV2/UploadDEAN/SUBJECT/1142/41046_1AREN0179620.pdf,https://webapss.ncue.edu.tw/Teacher/Reports/OB020.aspx?yms_year=114&yms_sms=2&emp_id=9900798
894,41044,英四,英語科教學實習(二),,組必修,,是,2,趙玉芝,擷英館,(五) 01-04 13104,50,28,42,限本班,1.師培生組必修/非師培生選修科目。2.先修科目：英語科教材教法。,English Teaching Practicum (II),中文,https://webap0.ncue.edu.tw/DEANV2/UploadDEAN/SUBJECT/1142/41044_1AREN0024620.pdf,https://webapss.ncue.edu.tw/Teacher/Reports/OB020.aspx?yms_year=114&yms_sms=2&emp_id=0000613
895,41043,英四,中英口譯B組,,系必修,,否,2,廖佳慧,擷英館,(五) 05-06 13104,50,25,26,限本班,英四學號為雙號者限修習本班。,Chinese-English & English-Chinese Interpretating,中英,https://webap0.ncue.edu.tw/DEANV2/UploadDEAN/SUBJECT/1142/41043_1AREN0200820.pdf,https://webapss.ncue.edu.tw/Teacher/Reports/OB020.aspx?yms_year=114&yms_sms=2&emp_id=9900814
896,41042,英四,中英口譯A組,,系必修,,否,2,廖佳慧,擷英館,(五) 07-08 13104,50,29,29,限本班,英四學號為單號者限修習本班。,Chinese-English & English-Chinese Interpretating,中英,https://webap0.ncue.edu.tw/DEANV2/UploadDEAN/SUBJECT/1142/41042_1AREN0200720.pdf,https://webapss.ncue.edu.tw/Teacher/Reports/OB020.aspx?yms_year=114&yms_sms=2&emp_id=9900814
897,41041,英一,韓文(二),,系選修,,否,2,韓連善,教學大樓,(二) 07-08 T203,50,29,48,限本系,1.本系學生應於畢業前修畢第二外語(同一語言)課程兩學期4學分。2.需修習本課程之大一英文免修生，於徵得授課教師同意後，在加退選期間線上申請加簽。3.不可採認為校通識之「初級韓文」。,Korean (II),中英,https://webap0.ncue.edu.tw/DEANV2/UploadDEAN/SUBJECT/1142/41041_1AREN0203020.pdf,https://webapss.ncue.edu.tw/Teacher/Reports/OB020.aspx?yms_year=114&yms_sms=2&emp_id=9901062
898,41040,英三,日文(四),,系選修,,否,2,廖益卿,教學大樓,(四) 07-08 T203,50,11,12,可跨班系,1.先修科目：日文(三)。2.不可採認為校通識之「初級日文」。,Japanese IV,中文,https://webap0.ncue.edu.tw/DEANV2/UploadDEAN/SUBJECT/1142/41040_1AREN0168620.pdf,https://webapss.ncue.edu.tw/Teacher/Reports/OB020.aspx?yms_year=114&yms_sms=2&emp_id=9900249
899,41039,英三,職場倫理與職場精神,,系選修,,否,2,阮家慶,擷英館,(五) 07-08 13103,50,14,18,限本系,1.111學年度(含)以前入學非師培生組必修科目(應修至少四科)。2.師培高級中等學校外語群(加科)-英語專長[職業倫理與態度]類別必備科目。,Workplace Ethics and Workplace Spirit,中文,https://webap0.ncue.edu.tw/DEANV2/UploadDEAN/SUBJECT/1142/41039_1AREN0202820.pdf,https://webapss.ncue.edu.tw/Teacher/Reports/OB020.aspx?yms_year=114&yms_sms=2&emp_id=4000045
900,41038,英三,英語科教學應用與實作,,組必修,,否,2,龔慧懿,擷英館,(三) 03-04 13104,50,34,38,限本班,師培生組必修科目/非師培生選修。,English Teaching Application and Practice,英文,https://webap0.ncue.edu.tw/DEANV2/UploadDEAN/SUBJECT/1142/41038_1AREN0202320_EN.pdf,https://webapss.ncue.edu.tw/Teacher/Reports/OB020.aspx?yms_year=114&yms_sms=2&emp_id=0000494
901,41037,英三,戲劇製作與公演,,系必修,,是,2,裴卓仕,擷英館,(三) 09 英語小劇場(新館2F) (五) 09 英語小劇場(新館2F),65,51,52,限本班,1.大三戲劇公演課程。2.師培高級中等學校外語群-英語專長[專題製作能力]類別科目。,English Dramas Produces and Performances,英文,https://webap0.ncue.edu.tw/DEANV2/UploadDEAN/SUBJECT/1142/41037_1AREN0167720_EN.pdf,https://webapss.ncue.edu.tw/Teacher/Reports/OB020.aspx?yms_year=114&yms_sms=2&emp_id=0000962
902,41036,英三,英語教學(二),,系必修,,否,2,黃聖慧,擷英館,(一) 07-08 13101(新館),65,53,56,限本班,,Teaching English as a Second/Foreign Language (II),中文,https://webap0.ncue.edu.tw/DEANV2/UploadDEAN/SUBJECT/1142/41036_1AREN0013220.pdf,https://webapss.ncue.edu.tw/Teacher/Reports/OB020.aspx?yms_year=114&yms_sms=2&emp_id=0000618
903,41035,英三,美國文學(二),,系必修,,否,2,吳保霖,擷英館,(三) 07-08 英語小劇場(新館2F),65,52,59,限本班,,American Literature (II),英文,https://webap0.ncue.edu.tw/DEANV2/UploadDEAN/SUBJECT/1142/41035_1AREN0167220_EN.pdf,https://webapss.ncue.edu.tw/Teacher/Reports/OB020.aspx?yms_year=114&yms_sms=2&emp_id=4000052
904,41034,英三,英國文學史(四),,系必修,,否,2,蕭韻華,擷英館,(四) 05-06 13101(新館),65,53,57,限本班,,History of British Literature (IV),英文,https://webap0.ncue.edu.tw/DEANV2/UploadDEAN/SUBJECT/1142/41034_1AREN0005820_EN.pdf,https://webapss.ncue.edu.tw/Teacher/Reports/OB020.aspx?yms_year=114&yms_sms=2&emp_id=0000925
905,41033,英三,學術英文寫作B組,,系必修,,是,2,游毓玲,擷英館,(二) 03-04 13103,50,25,27,限本班,英三學號為雙號者限修習本班。,Academic English Writing,中英,https://webap0.ncue.edu.tw/DEANV2/UploadDEAN/SUBJECT/1142/41033_1AREN0191620.pdf,https://webapss.ncue.edu.tw/Teacher/Reports/OB020.aspx?yms_year=114&yms_sms=2&emp_id=0000854
906,41032,英三,學術英文寫作A組,,系必修,,是,2,裴卓仕,擷英館,(四) 03-04 13103,50,26,32,限本班,英三學號為雙號者限修習本班。,Academic English Writing,英文,https://webap0.ncue.edu.tw/DEANV2/UploadDEAN/SUBJECT/1142/41032_1AREN0191520_EN.pdf,https://webapss.ncue.edu.tw/Teacher/Reports/OB020.aspx?yms_year=114&yms_sms=2&emp_id=0000962
907,41031,英三,英語演說B組,,系必修,,是,2,蓋傑富,擷英館,(四) 01-02 語言實驗室3,50,23,29,限本班,英三學號為雙號者限修習本班。,English speech,英文,https://webap0.ncue.edu.tw/DEANV2/UploadDEAN/SUBJECT/1142/41031_1AREN0167520_EN.pdf,https://webapss.ncue.edu.tw/Teacher/Reports/OB020.aspx?yms_year=114&yms_sms=2&emp_id=0001159
908,41030,英三,英語演說A組,,系必修,,是,2,裴卓仕,擷英館,(五) 05-06 語言實驗室3,50,28,34,限本班,英三學號為單號者限修習本班。,English speech,英文,https://webap0.ncue.edu.tw/DEANV2/UploadDEAN/SUBJECT/1142/41030_1AREN0167420_EN.pdf,https://webapss.ncue.edu.tw/Teacher/Reports/OB020.aspx?yms_year=114&yms_sms=2&emp_id=0000962
909,41029,英二,法文(四),,系選修,,否,2,蔡明華,擷英館,(三) 05-06 13102,50,13,17,可跨班系,1.先修科目:法文(三)。2.不可採認為校通識之「初級法文」。,French (IV),中文,https://webap0.ncue.edu.tw/DEANV2/UploadDEAN/SUBJECT/1142/41029_1AREN0169420.pdf,https://webapss.ncue.edu.tw/Teacher/Reports/OB020.aspx?yms_year=114&yms_sms=2&emp_id=9900792
910,41028,英二,日文(二),,系選修,,否,2,方若評,教學大樓,(五) 01-02 T203,50,26,34,限本系,1.先修科目:日文(一)或初級日文。2.本系學生應於畢業前修畢第二外語(同一語言)課程二學期4學分。3.非本系學生(含大一英文免修生)欲修習本課程者，請先徵得授課教師同意後，於加退選期間自行線上申請加簽。4.不可採認為校通識之「初級日文」。,Japanese II,中文,https://webap0.ncue.edu.tw/DEANV2/UploadDEAN/SUBJECT/1142/41028_1AREN0168420.pdf,https://webapss.ncue.edu.tw/Teacher/Reports/OB020.aspx?yms_year=114&yms_sms=2&emp_id=9901103
911,41027,英二,觀光英文,,系選修,,是,2,趙玉芝,擷英館,(三) 03-04 13102,50,21,20,限本系,1.111學年度(含)以前入學非師培生組必修科目(應修至少四科)。2.師培高級中等學校外語群(加科)-英語專長[專業外語能力]類別科目。,Tourism English,中文,https://webap0.ncue.edu.tw/DEANV2/UploadDEAN/SUBJECT/1142/41027_1AREN0176720.pdf,https://webapss.ncue.edu.tw/Teacher/Reports/OB020.aspx?yms_year=114&yms_sms=2&emp_id=0000613
912,41026,英二,經貿英文,,系選修,,否,2,賴秉彥,擷英館,(三) 03-04 13101(新館),50,14,18,限本系,1.111學年度(含)以前入學非師培生組必修科目(應修至少四科)。2.師培高級中等學校外語群(加科)-英語專長[專業外語能力]類別科目。,English for Economy & Trade,中文,https://webap0.ncue.edu.tw/DEANV2/UploadDEAN/SUBJECT/1142/41026_1AREN0176820.pdf,https://webapss.ncue.edu.tw/Teacher/Reports/OB020.aspx?yms_year=114&yms_sms=2&emp_id=0000855
913,41025,英二,英國文學史(二),,系必修,,是,2,裴卓仕,擷英館,(四) 05-06 英語小劇場(新館2F),65,49,56,限本班,,History of British Literature (II),英文,https://webap0.ncue.edu.tw/DEANV2/UploadDEAN/SUBJECT/1142/41025_1AREN0003820_EN.pdf,https://webapss.ncue.edu.tw/Teacher/Reports/OB020.aspx?yms_year=114&yms_sms=2&emp_id=0000962
914,41024,英二,語言學概論(二),,系必修,,否,2,龔慧懿,擷英館,(一) 03-04 英語小劇場(新館2F),65,48,62,限本班,,Introduction to Linguistics (II),英文,https://webap0.ncue.edu.tw/DEANV2/UploadDEAN/SUBJECT/1142/41024_1AREN0150720_EN.pdf,https://webapss.ncue.edu.tw/Teacher/Reports/OB020.aspx?yms_year=114&yms_sms=2&emp_id=0000494
915,41023,英二,英語教學概論(二),,系必修,,否,2,張善貿,擷英館,(一) 05-06 英語小劇場(新館2F),65,50,78,限本班,,Introduction to English Teaching (II),中文,https://webap0.ncue.edu.tw/DEANV2/UploadDEAN/SUBJECT/1142/41023_1AREN0008620.pdf,https://webapss.ncue.edu.tw/Teacher/Reports/OB020.aspx?yms_year=114&yms_sms=2&emp_id=0000794
916,41022,英二,中級寫作(二)B組,,系必修,,否,2,蕭韻華,擷英館,(二) 03-04 13104,50,20,29,限本班,英二學號為雙號者限修習本班。,Intermediate Writing (II),英文,https://webap0.ncue.edu.tw/DEANV2/UploadDEAN/SUBJECT/1142/41022_1AREN0016620_EN.pdf,https://webapss.ncue.edu.tw/Teacher/Reports/OB020.aspx?yms_year=114&yms_sms=2&emp_id=0000925
917,41021,英二,中級寫作(二)A組,,系必修,,是,2,梅泰勒,擷英館,(二) 03-04 13102,50,30,33,限本班,英二學號為單號者限修習本班。,Intermediate Writing (II),英文,https://webap0.ncue.edu.tw/DEANV2/UploadDEAN/SUBJECT/1142/41021_1AREN0016520_EN.pdf,https://webapss.ncue.edu.tw/Teacher/Reports/OB020.aspx?yms_year=114&yms_sms=2&emp_id=0001219
918,41020,英二,中級聽講練習(二)B組,,系必修,,是,1,蓋傑富,擷英館,(二) 05-06 語言實驗室3,50,23,27,限本班,英二學號為雙號者限修習本班。,Intermediate Listening & Speaking Practice (II),英文,https://webap0.ncue.edu.tw/DEANV2/UploadDEAN/SUBJECT/1142/41020_1AREN0012110_EN.pdf,https://webapss.ncue.edu.tw/Teacher/Reports/OB020.aspx?yms_year=114&yms_sms=2&emp_id=0001159
919,41019,英二,中級聽講練習(二)A組,,系必修,,是,1,李鈞皓,擷英館,(一) 07-08 語言實驗室3,50,27,36,限本班,英二學號為單號者限修習本班。,Intermediate Listening & Speaking Practice (II),英文,https://webap0.ncue.edu.tw/DEANV2/UploadDEAN/SUBJECT/1142/41019_1AREN0012010_EN.pdf,https://webapss.ncue.edu.tw/Teacher/Reports/OB020.aspx?yms_year=114&yms_sms=2&emp_id=9901094
920,41018,英一,文法與修辭,,系選修,,是,2,梅泰勒,擷英館,(二) 05-06 英語小劇場(新館2F),50,55,69,限本系,1.本課程得採認為112學年度(含)以前入學學士班之「文法與修辭A組或B組」，詳細請洽系辦。2.師培高級中等學校外語群(加科)-英語專長[英語教學能力]類別科目。,Grammar and Rhetoric,英文,https://webap0.ncue.edu.tw/DEANV2/UploadDEAN/SUBJECT/1142/41018_1AREN0212320_EN.pdf,https://webapss.ncue.edu.tw/Teacher/Reports/OB020.aspx?yms_year=114&yms_sms=2&emp_id=0001219
921,41017,英一,文書處理,,系選修,,否,2,龔慧懿,圖書館,(一) 07-08 電一教室,50,18,30,限本系,1.111學年度(含)以前入學非師培生組必修科目(應修至少四科)。2.師培高級中等學校外語群(加科)-英語專長[資訊應用能力]類別科目。,Word Processing,英文,https://webap0.ncue.edu.tw/DEANV2/UploadDEAN/SUBJECT/1142/41017_1AREN0175720_EN.pdf,https://webapss.ncue.edu.tw/Teacher/Reports/OB020.aspx?yms_year=114&yms_sms=2&emp_id=0000494
922,41016,英一,法文(二),,系選修,,否,2,蔡明華,擷英館,(三) 03-04 語言實驗室3,50,27,28,限本系,1.先修科目:法文(一)或初級法文。2.本系學生應於畢業前修畢第二外語(同一語言)課程二學期4學分。3.非本系學生(含大一英文免修生)欲修習本課程者，請先徵得授課教師同意後，於加退選期間自行線上申請加簽。4.不可採認為校通識之「初級法文」。,French (II),中文,https://webap0.ncue.edu.tw/DEANV2/UploadDEAN/SUBJECT/1142/41016_1AREN0169220.pdf,https://webapss.ncue.edu.tw/Teacher/Reports/OB020.aspx?yms_year=114&yms_sms=2&emp_id=9900792
923,41014,英一,翻譯理論與實務,,系選修,,否,2,賴秉彥,擷英館,(三) 05-06 13101(新館),50,57,66,限本系,1.本課程得採認為112學年度(含)以前入學學士班必修之「翻譯理論與實務」，詳細請洽系辦。2.師培高級中等學校外語群(加科)-英語專長[翻譯能力]類別科目。,Translation Theory and Practice,中文,https://webap0.ncue.edu.tw/DEANV2/UploadDEAN/SUBJECT/1142/41014_1AREN0177820.pdf,https://webapss.ncue.edu.tw/Teacher/Reports/OB020.aspx?yms_year=114&yms_sms=2&emp_id=0000855
924,41013,英一,文學作品導讀(二),,系必修,,是,2,裴卓仕,擷英館,(四) 07-08 英語小劇場(新館2F),65,54,81,限本班,,Approach to Literature (II),英文,https://webap0.ncue.edu.tw/DEANV2/UploadDEAN/SUBJECT/1142/41013_1AREN0005220_EN.pdf,https://webapss.ncue.edu.tw/Teacher/Reports/OB020.aspx?yms_year=114&yms_sms=2&emp_id=0000962
925,41012,英一,西洋文學概論(二),,系必修,,否,2,施懿芹,教學大樓,(四) 05-06 T102,65,54,64,限本班,,Introduction to Western Literature (II),中英,https://webap0.ncue.edu.tw/DEANV2/UploadDEAN/SUBJECT/1142/41012_1AREN0008420.pdf,https://webapss.ncue.edu.tw/Teacher/Reports/OB020.aspx?yms_year=114&yms_sms=2&emp_id=0001151
926,41011,英一,基礎寫作(二)B組,,系必修,,是,2,李鈞皓,擷英館,(一) 05-06 13103,50,28,39,限本班,英一學號為雙號者限修習本班。,Basic Writing (II),英文,https://webap0.ncue.edu.tw/DEANV2/UploadDEAN/SUBJECT/1142/41011_1AREN0016220_EN.pdf,https://webapss.ncue.edu.tw/Teacher/Reports/OB020.aspx?yms_year=114&yms_sms=2&emp_id=9901094
927,41010,英一,基礎寫作(二)A組,,系必修,,是,2,黃瀞儀,擷英館,(三) 08-09 13102,50,26,30,限本班,英一學號為單號者限修習本班。,Basic Writing (II),英文,https://webap0.ncue.edu.tw/DEANV2/UploadDEAN/SUBJECT/1142/41010_1AREN0016120_EN.pdf,https://webapss.ncue.edu.tw/Teacher/Reports/OB020.aspx?yms_year=114&yms_sms=2&emp_id=0000225
928,41009,英一,基礎聽講練習B組,,系必修,,是,1,梅泰勒,擷英館,(三) 08-09 語言實驗室3,50,28,33,限本班,英一學號為雙號者限修習本班。,Basic Listening & Speaking Practice,英文,https://webap0.ncue.edu.tw/DEANV2/UploadDEAN/SUBJECT/1142/41009_1AREN0212210_EN.pdf,https://webapss.ncue.edu.tw/Teacher/Reports/OB020.aspx?yms_year=114&yms_sms=2&emp_id=0001219
929,41008,英一,基礎聽講練習A組,,系必修,,是,1,梅泰勒,擷英館,(一) 05-06 語言實驗室3,50,26,29,限本班,英一學號為單號者限修習本班。,Basic Listening & Speaking Practice,英文,https://webap0.ncue.edu.tw/DEANV2/UploadDEAN/SUBJECT/1142/41008_1AREN0212110_EN.pdf,https://webapss.ncue.edu.tw/Teacher/Reports/OB020.aspx?yms_year=114&yms_sms=2&emp_id=0001219
930,41007,英一,生命探索發展與實踐,,校必(通識),,否,2,黃聖慧龔慧懿,擷英館,(二) 03-04 英語小劇場(新館2F),50,0,55,限本班,大二~大四生如要修習，以線上加簽方式,Life and Career Development and Practice,中文,https://webap0.ncue.edu.tw/DEANV2/UploadDEAN/SUBJECT/1142/41007_0CCGE0177920.pdf,https://webapss.ncue.edu.tw/Teacher/Reports/OB020.aspx?yms_year=114&yms_sms=2&emp_id=0000618
931,41006,應用英語夜碩二,論文,,系必修,,否,0,論文,,,50,0,45,限本系,,Thesis,中文,https://webap0.ncue.edu.tw/DEANV2/UploadDEAN/SUBJECT/1142/41006_1ARENE033500.pdf,
932,41005,應用英語夜碩二,論文指導,,系必修,,否,4,論文,,,30,0,8,限本系,,Thesis Supervision,中文,https://webap0.ncue.edu.tw/DEANV2/UploadDEAN/SUBJECT/1142/41005_1ARENE033440.pdf,
933,41004,應用英語夜碩一,會議英文,,系選修,,否,3,蔡佩舒張鳳蘭,擷英館,(五) 10-12 13103,30,0,14,限本系,,Conference English,英文,https://webap0.ncue.edu.tw/DEANV2/UploadDEAN/SUBJECT/1142/41004_1ARENE208530_EN.pdf,https://webapss.ncue.edu.tw/Teacher/Reports/OB020.aspx?yms_year=114&yms_sms=2&emp_id=0001048
934,41003,應用英語夜碩一,科技輔助語言學習,,系選修,,是,3,陳謝鈞阮家慶,擷英館,(二) 10-12 13103,30,0,6,限本系,,Technology-Enhanced Language Learning,中文,https://webap0.ncue.edu.tw/DEANV2/UploadDEAN/SUBJECT/1142/41003_1ARENE209130.pdf,https://webapss.ncue.edu.tw/Teacher/Reports/OB020.aspx?yms_year=114&yms_sms=2&emp_id=0001163
935,41001,應用英語夜碩一,高級論文寫作,,系必修,,是,2,蓋傑富,擷英館,(四) 10-11 13103,30,0,12,限本系,,Advanced Essay Writing,中英,https://webap0.ncue.edu.tw/DEANV2/UploadDEAN/SUBJECT/1142/41001_1ARENE207720.pdf,https://webapss.ncue.edu.tw/Teacher/Reports/OB020.aspx?yms_year=114&yms_sms=2&emp_id=0001159
936,38009,技職碩一,論文,,系必修,,否,0,論文,,,20,4,3,限本系,,Thesis,無,,
937,38008,技職碩一,論文指導（二）,,系必修,,否,3,校際教師,,,20,4,3,限本班,,Thesis Supervision II,無,,
938,38007,技職碩一,論文指導（一）,,系必修,,否,3,論文,,,20,4,3,限本班,,Thesis Supervision I,無,,
939,38006,技職碩一,資料庫應用論文寫作,,系選修,,否,3,羅志成,力行館,(二) 07-09 31219研討室,20,4,4,限本班,,Academic Writing Application in Databases,中文,https://webap0.ncue.edu.tw/DEANV2/UploadDEAN/SUBJECT/1142/38006_1TCTP2102930.pdf,https://webapss.ncue.edu.tw/Teacher/Reports/OB020.aspx?yms_year=114&yms_sms=2&emp_id=0000945
940,38005,技職碩一,企業訓練理論與實務,,系選修,,否,3,羅志成,力行館,(四) 05-07 31219研討室,20,6,7,限本班,,Corporate Training Theory and Practice,中文,https://webap0.ncue.edu.tw/DEANV2/UploadDEAN/SUBJECT/1142/38005_1TCTP2101530.pdf,https://webapss.ncue.edu.tw/Teacher/Reports/OB020.aspx?yms_year=114&yms_sms=2&emp_id=0000945
941,38004,技職碩一,技職教育行政專題研究,,系選修,,否,3,廖興國,力行館,(一) 02-04 31219研討室,20,6,10,限本班,,Special Topics on Vocational Education Administration,中文,https://webap0.ncue.edu.tw/DEANV2/UploadDEAN/SUBJECT/1142/38004_1TCTP2101330.pdf,https://webapss.ncue.edu.tw/Teacher/Reports/OB020.aspx?yms_year=114&yms_sms=2&emp_id=0001120
942,38003,技職碩一,高等統計學,,系必修,,否,3,陳德發,教學一館,(五) 02-04 教學一館33204,20,5,5,限本班,,Advanced Statistics in Psychology & Guidance,中文,https://webap0.ncue.edu.tw/DEANV2/UploadDEAN/SUBJECT/1142/38003_1TCTP2100630.pdf,https://webapss.ncue.edu.tw/Teacher/Reports/OB020.aspx?yms_year=114&yms_sms=2&emp_id=0000739
943,38002,技職碩一,書報討論（二）,,系必修,,否,1,陳德發廖興國,力行館,(二) 05-06 31219研討室,20,8,8,限本班,,Seminar II,中文,https://webap0.ncue.edu.tw/DEANV2/UploadDEAN/SUBJECT/1142/38002_1TCTP2100410.pdf,https://webapss.ncue.edu.tw/Teacher/Reports/OB020.aspx?yms_year=114&yms_sms=2&emp_id=0000739
944,38001,技職碩一,研究法（二）,,系必修,,否,3,吳錦章廖錦文,力行館,(三) 02-04 31506,20,9,11,限本班,,Research Method II,中文,https://webap0.ncue.edu.tw/DEANV2/UploadDEAN/SUBJECT/1142/38001_1TCTP2100530.pdf,https://webapss.ncue.edu.tw/Teacher/Reports/OB020.aspx?yms_year=114&yms_sms=2&emp_id=9901138
945,37007,智車一,程式設計(二),,系必修,,否,3,吳佳軒,力行館,(四) 07-09 力行館31102,50,17,19,限本班,,Program Design II,中文,https://webap0.ncue.edu.tw/DEANV2/UploadDEAN/SUBJECT/1142/37007_1TCIV0101130.pdf,https://webapss.ncue.edu.tw/Teacher/Reports/OB020.aspx?yms_year=114&yms_sms=2&emp_id=4000073
946,37006,智車一,電動車系統技術,,系選修,,否,3,夏雲清,教學一館,(二) 05-07 33305教室,50,18,19,限本班,,Electric Vehicle Systems Technology,中文,https://webap0.ncue.edu.tw/DEANV2/UploadDEAN/SUBJECT/1142/37006_1TCIV0102430.pdf,https://webapss.ncue.edu.tw/Teacher/Reports/OB020.aspx?yms_year=114&yms_sms=2&emp_id=9901327
947,37005,智車一,電動車系統原理,,系必修,,否,3,廖興國,教學一館,(二) 02-04 33305教室,50,18,19,限本班,,Principles of Electric Vehicle Systems,中文,https://webap0.ncue.edu.tw/DEANV2/UploadDEAN/SUBJECT/1142/37005_1TCIV0101030.pdf,https://webapss.ncue.edu.tw/Teacher/Reports/OB020.aspx?yms_year=114&yms_sms=2&emp_id=0001120
948,37004,智車一,電子學,,系必修,,否,3,吳佳軒,教學一館,(三) 02-04 33305教室,50,18,21,限本班,,Electronics,中文,https://webap0.ncue.edu.tw/DEANV2/UploadDEAN/SUBJECT/1142/37004_1TCIV0100930.pdf,https://webapss.ncue.edu.tw/Teacher/Reports/OB020.aspx?yms_year=114&yms_sms=2&emp_id=4000073
949,37002,智車一,微積分(二),,系選修,,否,3,楊介仙,教學一館,(一) 02-04 33305教室,50,12,11,限本班,,Calculus II,中英,https://webap0.ncue.edu.tw/DEANV2/UploadDEAN/SUBJECT/1142/37002_1TCIV0101530.pdf,https://webapss.ncue.edu.tw/Teacher/Reports/OB020.aspx?yms_year=114&yms_sms=2&emp_id=0000817
950,37001,智車一,人工智慧及其應用,,校必(通識),,否,2,廖興國,力行館,(二) 08-09 機械工廠(三),50,0,20,限本班,大二~大四生如要修習，以線上加簽方式,Artificial Intelligence and Its Application,中文,https://webap0.ncue.edu.tw/DEANV2/UploadDEAN/SUBJECT/1142/37001_0CCGE0181420.pdf,https://webapss.ncue.edu.tw/Teacher/Reports/OB020.aspx?yms_year=114&yms_sms=2&emp_id=0001120
951,36008,AI碩士學程二,專題研究(二),,系必修,,否,1,方俊修林韋辰賴元隆黃維澤姚凱超,力行館,(二) 01-02 31218研討室,20,8,15,限本班,,Special Research II,中文,https://webap0.ncue.edu.tw/DEANV2/UploadDEAN/SUBJECT/1142/36008_1TCAI2102110.pdf,https://webapss.ncue.edu.tw/Teacher/Reports/OB020.aspx?yms_year=114&yms_sms=2&emp_id=0001188
952,36007,AI碩士學程二,論文指導(二),,系必修,,否,3,論文,,,20,8,15,限本班,,Thesis Supervision II,無,,
953,36006,AI碩士學程二,論文,,系必修,,否,0,論文,,,20,8,16,限本班,,Thesis,無,,
954,36005,AI碩士學程一,智慧影像技術與應用,,系選修,,否,3,蔡承翰,力行館,(五) 05-07 31219研討室,20,10,10,限本系,,Smart Imaging Technology and Application,中文,https://webap0.ncue.edu.tw/DEANV2/UploadDEAN/SUBJECT/1142/36005_1TCAI2102630.pdf,https://webapss.ncue.edu.tw/Teacher/Reports/OB020.aspx?yms_year=114&yms_sms=2&emp_id=9901364
955,36004,AI碩士學程一,智慧型控制,,系選修,,否,3,方俊修,力行館,(三) 05-07 31219研討室,20,7,12,限本系,,Smart Control,中文,https://webap0.ncue.edu.tw/DEANV2/UploadDEAN/SUBJECT/1142/36004_1TCAI2101530.pdf,https://webapss.ncue.edu.tw/Teacher/Reports/OB020.aspx?yms_year=114&yms_sms=2&emp_id=0001188
956,36003,AI碩士學程一,智慧電網,,系選修,,否,3,林韋辰,力行館,(一) 05-07 31219研討室,20,8,13,限本系,,Smart Grid,中文,https://webap0.ncue.edu.tw/DEANV2/UploadDEAN/SUBJECT/1142/36003_1TCAI2101230.pdf,https://webapss.ncue.edu.tw/Teacher/Reports/OB020.aspx?yms_year=114&yms_sms=2&emp_id=0001200
957,36002,AI碩士學程一,深度學習,,系選修,,否,3,林韋辰,力行館,(三) 02-04 31219研討室,20,10,12,限本系,,Deep Learning,中文,https://webap0.ncue.edu.tw/DEANV2/UploadDEAN/SUBJECT/1142/36002_1TCAI2103230.pdf,https://webapss.ncue.edu.tw/Teacher/Reports/OB020.aspx?yms_year=114&yms_sms=2&emp_id=0001200
958,36001,AI碩士學程一,書報討論（二）,,系必修,,否,2,方俊修林韋辰賴元隆黃維澤姚凱超,力行館,(五) 03-04 31220研討室,20,12,11,限本班,,Seminar II,中文,https://webap0.ncue.edu.tw/DEANV2/UploadDEAN/SUBJECT/1142/36001_1TCAI2100220.pdf,https://webapss.ncue.edu.tw/Teacher/Reports/OB020.aspx?yms_year=114&yms_sms=2&emp_id=0001188
959,34014,車輛碩二,論文,,系必修,,否,0,論文,,,20,11,13,限本系,,Thesis,無,,
960,34013,車輛碩二,論文指導(二),,系必修,,否,3,論文,,,20,10,13,限本系,,Thesis Supervision II,無,,
961,34012,車輛碩二,書報討論(四),,系選修,,否,1,林似霖,力行館,(四) 07-08 31220研討室,20,9,11,限本系,,Seminar IV,中英,https://webap0.ncue.edu.tw/DEANV2/UploadDEAN/SUBJECT/1142/34012_1TCVR2003510.pdf,https://webapss.ncue.edu.tw/Teacher/Reports/OB020.aspx?yms_year=114&yms_sms=2&emp_id=0001171
962,34011,車輛碩一,車輛信號處理與控制專題研究(二),,系選修,,否,3,曾文功,力行館,(五) 06-08 車輛所B,20,4,3,限本系,,Project study of vehicle signal processing and control Ⅱ,中英,https://webap0.ncue.edu.tw/DEANV2/UploadDEAN/SUBJECT/1142/34011_1TCVR2107130.pdf,https://webapss.ncue.edu.tw/Teacher/Reports/OB020.aspx?yms_year=114&yms_sms=2&emp_id=0000921
963,34010,車輛碩一,車輛振動、噪音控制專題研究(二),,系選修,,否,3,吳建達,力行館,(五) 06-08 車輛所A,20,3,3,限本系,,Special Topic in Vehicle Vibration and Noise Control (II),中英,https://webap0.ncue.edu.tw/DEANV2/UploadDEAN/SUBJECT/1142/34010_1TCVR2002230.pdf,https://webapss.ncue.edu.tw/Teacher/Reports/OB020.aspx?yms_year=114&yms_sms=2&emp_id=0000810
964,34009,車輛碩一,書報討論(二),,系必修,,否,1,林似霖董子嘉,力行館,(四) 05-06 31220研討室,20,14,16,限本系,,Seminar II,中英,https://webap0.ncue.edu.tw/DEANV2/UploadDEAN/SUBJECT/1142/34009_1TCVR2000210.pdf,https://webapss.ncue.edu.tw/Teacher/Reports/OB020.aspx?yms_year=114&yms_sms=2&emp_id=0001171
965,34008,車輛碩一,行車事故鑑定實務,,系選修,,否,3,曾文功,力行館,(四) 02-04 31219研討室,20,19,23,可跨班系,,Practice of Traffic Accident Appraisal,中英,https://webap0.ncue.edu.tw/DEANV2/UploadDEAN/SUBJECT/1142/34008_1TCVR2108230.pdf,https://webapss.ncue.edu.tw/Teacher/Reports/OB020.aspx?yms_year=114&yms_sms=2&emp_id=0000921
966,34007,車輛碩一,嵌入式系統程式設計,,系選修,,否,3,董子嘉,教學一館,(三) 06-08 教學一館33204,20,14,16,可跨班系,,Embedded System Programming,中文,https://webap0.ncue.edu.tw/DEANV2/UploadDEAN/SUBJECT/1142/34007_1TCVR2003030.pdf,https://webapss.ncue.edu.tw/Teacher/Reports/OB020.aspx?yms_year=114&yms_sms=2&emp_id=0001212
967,34005,車輛碩一,車輛動力系統專題研究(二),,系選修,,否,3,林似霖,力行館,(三) 02-04 車輛所A,20,3,4,限本系,,Special Topic in power system  (II),中英,https://webap0.ncue.edu.tw/DEANV2/UploadDEAN/SUBJECT/1142/34005_1TCVR2106930.pdf,https://webapss.ncue.edu.tw/Teacher/Reports/OB020.aspx?yms_year=114&yms_sms=2&emp_id=0001171
968,34004,車輛碩一,人工智慧與車輛科技,,系選修,,否,3,林似霖,教學一館,(二) 06-08 教學一館33204,25,12,10,可跨班系,,Artificial Intelligence and Vehicle Technology,中英,https://webap0.ncue.edu.tw/DEANV2/UploadDEAN/SUBJECT/1142/34004_1TCVR2109030.pdf,https://webapss.ncue.edu.tw/Teacher/Reports/OB020.aspx?yms_year=114&yms_sms=2&emp_id=0001171
969,34003,車輛碩一,車輛監控專題研究(二),,系選修,,否,3,楊介仙,力行館,(二) 02-04 車輛所A,20,3,3,限本系,,Special Topics on Vehicle Surveillance (II),中英,https://webap0.ncue.edu.tw/DEANV2/UploadDEAN/SUBJECT/1142/34003_1TCVR2000730.pdf,https://webapss.ncue.edu.tw/Teacher/Reports/OB020.aspx?yms_year=114&yms_sms=2&emp_id=0000817
970,34002,車輛碩一,機電整合實務,,系選修,,否,3,楊介仙,力行館,(一) 05-07 31218研討室,20,6,6,可跨班系,,Mechatronics Practice,中英,https://webap0.ncue.edu.tw/DEANV2/UploadDEAN/SUBJECT/1142/34002_1TCVR2105430.pdf,https://webapss.ncue.edu.tw/Teacher/Reports/OB020.aspx?yms_year=114&yms_sms=2&emp_id=0000817
971,34001,車輛碩一,車輛舒適性控制,,系選修,,否,3,吳建達,力行館,(一) 02-04 31218研討室,20,13,15,可跨班系,,Vehicle Comfort Control,中英,https://webap0.ncue.edu.tw/DEANV2/UploadDEAN/SUBJECT/1142/34001_1TCVR2000830.pdf,https://webapss.ncue.edu.tw/Teacher/Reports/OB020.aspx?yms_year=114&yms_sms=2&emp_id=0000810
972,32035,人管碩二,員工關係,,系選修,,否,3,蔡啟通,力行館,(五) 08-09、14 31219研討室,20,6,6,限本系,,Employment Relationship,中文,https://webap0.ncue.edu.tw/DEANV2/UploadDEAN/SUBJECT/1142/32035_1TCHR2108230.pdf,https://webapss.ncue.edu.tw/Teacher/Reports/OB020.aspx?yms_year=114&yms_sms=2&emp_id=0000946
973,32034,人管碩一,創新管理,,系選修,,否,3,蔡啟通,力行館,(三) 08-09、14 31219研討室,20,6,6,限本系,,Management of Innovation,中文,https://webap0.ncue.edu.tw/DEANV2/UploadDEAN/SUBJECT/1142/32034_1TCHR2001530.pdf,https://webapss.ncue.edu.tw/Teacher/Reports/OB020.aspx?yms_year=114&yms_sms=2&emp_id=0000946
974,32033,人管博三,綠色人力資源管理專題研究,,系選修,,否,3,許壹傑,力行館,(二) 05-07 31218研討室,20,3,3,限本系,,Research Seminar on Green Human Resource Management,中文,https://webap0.ncue.edu.tw/DEANV2/UploadDEAN/SUBJECT/1142/32033_1TCHR1120630.pdf,https://webapss.ncue.edu.tw/Teacher/Reports/OB020.aspx?yms_year=114&yms_sms=2&emp_id=0000704
975,32032,人管碩二,勞動法,,系選修,,否,3,黃敦群,力行館,(四) 02-04 31220研討室,30,23,28,限本系,,Labor Law,中文,https://webap0.ncue.edu.tw/DEANV2/UploadDEAN/SUBJECT/1142/32032_1TCHR2115330.pdf,https://webapss.ncue.edu.tw/Teacher/Reports/OB020.aspx?yms_year=114&yms_sms=2&emp_id=0000997
976,32031,人力資源管理夜碩二,論文,,系必修,,否,0,論文,,,50,0,43,限本系,,Thesis,中文,https://webap0.ncue.edu.tw/DEANV2/UploadDEAN/SUBJECT/1142/32031_1TCHRE114500.pdf,
977,32030,人力資源管理夜碩二,論文指導,,系必修,,否,4,論文,,,50,0,17,限本系,,Thesis Supervision,中文,https://webap0.ncue.edu.tw/DEANV2/UploadDEAN/SUBJECT/1142/32030_1TCHRE114940.pdf,
978,32029,人力資源管理夜碩一,綠色人力資源管理,,系選修,,否,3,許壹傑,力行館,(六) 02-04 31220研討室,30,0,30,限本系,,Green Human Resource Management,中文,https://webap0.ncue.edu.tw/DEANV2/UploadDEAN/SUBJECT/1142/32029_1TCHRE120930.pdf,https://webapss.ncue.edu.tw/Teacher/Reports/OB020.aspx?yms_year=114&yms_sms=2&emp_id=0000704
979,32028,人力資源管理夜碩一,組織行為,,系選修,,否,3,蔡啟通,力行館,(二) 10-12 31220研討室,30,0,21,限本系,,Organizational Behavior,中文,https://webap0.ncue.edu.tw/DEANV2/UploadDEAN/SUBJECT/1142/32028_1TCHRE113330.pdf,https://webapss.ncue.edu.tw/Teacher/Reports/OB020.aspx?yms_year=114&yms_sms=2&emp_id=0000946
980,32027,人力資源管理夜碩一,社會心理學,,系選修,,否,3,黃敦群,力行館,(五) 10-12 31220研討室,30,0,20,限本系,,Social Psychology,中文,https://webap0.ncue.edu.tw/DEANV2/UploadDEAN/SUBJECT/1142/32027_1TCHRE118630.pdf,https://webapss.ncue.edu.tw/Teacher/Reports/OB020.aspx?yms_year=114&yms_sms=2&emp_id=0000997
981,32026,人力資源管理夜碩一,職場健康心理學,,系選修,,否,3,周君倚,力行館,(三) 10-12 31220研討室,20,0,19,限本系,,Workplace Mental Health,中文,https://webap0.ncue.edu.tw/DEANV2/UploadDEAN/SUBJECT/1142/32026_1TCHRE121130.pdf,https://webapss.ncue.edu.tw/Teacher/Reports/OB020.aspx?yms_year=114&yms_sms=2&emp_id=0001204
982,32025,人力資源管理夜碩一,多變量分析,,系選修,,否,3,王議賢許清芳,力行館,(一) 10-12 31220研討室,30,0,22,限本系,,Multivariate Analysis,中文,https://webap0.ncue.edu.tw/DEANV2/UploadDEAN/SUBJECT/1142/32025_1TCHRE120330.pdf,https://webapss.ncue.edu.tw/Teacher/Reports/OB020.aspx?yms_year=114&yms_sms=2&emp_id=0001152
983,32024,人管碩一,薪酬管理,,系選修,,否,3,許壹傑,力行館,(四) 05-07 31203A研討室,30,5,3,可跨班系,,Compensation Management,中文,https://webap0.ncue.edu.tw/DEANV2/UploadDEAN/SUBJECT/1142/32024_1TCHR2002530.pdf,https://webapss.ncue.edu.tw/Teacher/Reports/OB020.aspx?yms_year=114&yms_sms=2&emp_id=0000704
984,32022,人管碩一,職場健康心理學,,系選修,,否,3,周君倚,力行館,(三) 05-07 31220研討室,30,23,20,可跨班系,,Workplace Mental Health,中文,https://webap0.ncue.edu.tw/DEANV2/UploadDEAN/SUBJECT/1142/32022_1TCHR3118930.pdf,https://webapss.ncue.edu.tw/Teacher/Reports/OB020.aspx?yms_year=114&yms_sms=2&emp_id=0001204
985,32021,人管碩一,行銷管理,,系選修,,否,3,鍾安宜,力行館,(三) 02-04 31204研討室,30,9,17,可跨班系,,Marketing Management,中文,https://webap0.ncue.edu.tw/DEANV2/UploadDEAN/SUBJECT/1142/32021_1TCHR2107830.pdf,https://webapss.ncue.edu.tw/Teacher/Reports/OB020.aspx?yms_year=114&yms_sms=2&emp_id=0001043
986,32020,人管碩一,任用管理,,系選修,,否,3,黃敦群,力行館,(三) 02-04 31220研討室,30,22,20,可跨班系,,Staffing Management,無,,https://webapss.ncue.edu.tw/Teacher/Reports/OB020.aspx?yms_year=114&yms_sms=2&emp_id=0000997
987,32019,人管碩一,組織行為,,系選修,,否,3,沈其泰,力行館,(二) 07-09 31220研討室,30,21,19,可跨班系,,Organizational Behavior,中文,https://webap0.ncue.edu.tw/DEANV2/UploadDEAN/SUBJECT/1142/32019_1TCHR2002230.pdf,https://webapss.ncue.edu.tw/Teacher/Reports/OB020.aspx?yms_year=114&yms_sms=2&emp_id=0001091
988,32018,人管碩一,多變量分析(B),,系必修,,否,3,王議賢,力行館,(一) 05-07 31204研討室,20,13,13,限本系,學號雙號上課,Multivariate Analysis (B),中文,https://webap0.ncue.edu.tw/DEANV2/UploadDEAN/SUBJECT/1142/32018_1TCHR2119630.pdf,https://webapss.ncue.edu.tw/Teacher/Reports/OB020.aspx?yms_year=114&yms_sms=2&emp_id=0001152
989,32017,人管碩一,多變量分析(A),,系必修,,否,3,洪贊凱,力行館,(一) 05-07 31220研討室,20,15,15,限本系,學號單號上課,Multivariate Analysis (A),中文,https://webap0.ncue.edu.tw/DEANV2/UploadDEAN/SUBJECT/1142/32017_1TCHR2119530.pdf,https://webapss.ncue.edu.tw/Teacher/Reports/OB020.aspx?yms_year=114&yms_sms=2&emp_id=0000780
990,32016,人管碩一,書報討論(二),,系必修,,否,1,黃敦群沈其泰,力行館,(二) 05-06 31204研討室,30,28,28,限本系,,Seminar II,中文,https://webap0.ncue.edu.tw/DEANV2/UploadDEAN/SUBJECT/1142/32016_1TCHR2001010.pdf,https://webapss.ncue.edu.tw/Teacher/Reports/OB020.aspx?yms_year=114&yms_sms=2&emp_id=0000997
991,32015,人管碩二,社會心理學,,系選修,,否,3,周君倚,力行館,(二) 07-09 31203A研討室,30,8,10,可跨班系,,Social Psychology,中文,https://webap0.ncue.edu.tw/DEANV2/UploadDEAN/SUBJECT/1142/32015_1TCHR3117830.pdf,https://webapss.ncue.edu.tw/Teacher/Reports/OB020.aspx?yms_year=114&yms_sms=2&emp_id=0001204
992,32014,人管碩二,商用英文(二),,系選修,,否,2,鍾安宜,力行館,(二) 07-08 31204研討室,30,3,3,可跨班系,,Business English II,中文,https://webap0.ncue.edu.tw/DEANV2/UploadDEAN/SUBJECT/1142/32014_1TCHR2111620.pdf,https://webapss.ncue.edu.tw/Teacher/Reports/OB020.aspx?yms_year=114&yms_sms=2&emp_id=0001043
993,32013,人管碩二,國際人力資源管理,,系選修,,否,3,鍾安宜,力行館,(四) 02-04 31204研討室,30,2,4,可跨班系,,International Human Resource Management,中文,https://webap0.ncue.edu.tw/DEANV2/UploadDEAN/SUBJECT/1142/32013_1TCHR2002330.pdf,https://webapss.ncue.edu.tw/Teacher/Reports/OB020.aspx?yms_year=114&yms_sms=2&emp_id=0001043
994,32012,人管碩二,談判學,,系選修,,否,3,沈其泰,力行館,(一) 02-04 31220研討室,30,5,6,可跨班系,,Negotiation Studies,中文,https://webap0.ncue.edu.tw/DEANV2/UploadDEAN/SUBJECT/1142/32012_1TCHR2109630.pdf,https://webapss.ncue.edu.tw/Teacher/Reports/OB020.aspx?yms_year=114&yms_sms=2&emp_id=0001091
995,32011,人管碩二,書報討論(四),,系必修,,否,1,周君倚,力行館,(二) 05-06 31220研討室,30,23,25,限本系,,Seminar IV,中文,https://webap0.ncue.edu.tw/DEANV2/UploadDEAN/SUBJECT/1142/32011_1TCHR2005710.pdf,https://webapss.ncue.edu.tw/Teacher/Reports/OB020.aspx?yms_year=114&yms_sms=2&emp_id=0001204
996,32010,人管碩二,論文指導(二),,系必修,,否,3,論文,,,99,21,24,限本系,,Thesis Supervision II,無,,
997,32009,人管碩二,論文,,系必修,,否,0,論文,,,99,22,36,限本系,,Thesis,無,,
998,32008,人管博三,決策心理學,,系選修,,否,3,王議賢,力行館,(三) 02-04 31203D研討室,20,1,1,限本系,,Decision Psychology,中文,https://webap0.ncue.edu.tw/DEANV2/UploadDEAN/SUBJECT/1142/32008_1TCHR3117930.pdf,https://webapss.ncue.edu.tw/Teacher/Reports/OB020.aspx?yms_year=114&yms_sms=2&emp_id=0001152
999,32007,人管博一,組織行為專題研究,,系必修,,否,3,蔡啟通,力行館,(二) 08-09、14 31203B研討室,20,3,3,限本系,,Research Seminar on Organizational Behavior,中英,https://webap0.ncue.edu.tw/DEANV2/UploadDEAN/SUBJECT/1142/32007_1TCHR1003130.pdf,https://webapss.ncue.edu.tw/Teacher/Reports/OB020.aspx?yms_year=114&yms_sms=2&emp_id=0000946
1000,32006,人管博一,多變量分析,,系必修,,否,3,王議賢,力行館,(二) 05-07 31203B研討室,20,2,2,限本系,,Multivariate Analysis,中文,https://webap0.ncue.edu.tw/DEANV2/UploadDEAN/SUBJECT/1142/32006_1TCHR1000530.pdf,https://webapss.ncue.edu.tw/Teacher/Reports/OB020.aspx?yms_year=114&yms_sms=2&emp_id=0001152
1001,32005,人管博一,書報討論(二),,系必修,,否,1,鍾安宜王議賢,力行館,(二) 03-04 31203B研討室,20,2,2,限本系,,Seminar II,中文,https://webap0.ncue.edu.tw/DEANV2/UploadDEAN/SUBJECT/1142/32005_1TCHR1000910.pdf,https://webapss.ncue.edu.tw/Teacher/Reports/OB020.aspx?yms_year=114&yms_sms=2&emp_id=0001043
1002,32004,人管博二,績效管理專題研究,,系選修,,否,3,洪贊凱,力行館,(二) 05-07 31211研討室,20,2,2,限本班,,Research Seminar on Performance Management,中文,https://webap0.ncue.edu.tw/DEANV2/UploadDEAN/SUBJECT/1142/32004_1TCHR1001830.pdf,https://webapss.ncue.edu.tw/Teacher/Reports/OB020.aspx?yms_year=114&yms_sms=2&emp_id=0000780
1003,32003,人管博二,書報討論(四),,系必修,,否,1,許壹傑洪贊凱,力行館,(二) 03-04 31211研討室,20,3,3,限本系,,Seminar IV,無,,https://webapss.ncue.edu.tw/Teacher/Reports/OB020.aspx?yms_year=114&yms_sms=2&emp_id=0000704
1004,32002,人管博二,論文指導(二),,系必修,,否,3,論文,,,99,5,5,限本系,,Thesis Supervision II,無,,
1005,32001,人管博二,論文,,系必修,,否,0,論文,,,99,4,14,限本系,,Thesis,無,,
1006,310B2,科技碩二,財務管理,,組選修,,否,3,張紹勳,力行館,(二) 07-09 31205研討室,20,0,12,限本系,,Marketing,中文,https://webap0.ncue.edu.tw/DEANV2/UploadDEAN/SUBJECT/1142/310B2_1TCIE2159530.pdf,https://webapss.ncue.edu.tw/Teacher/Reports/OB020.aspx?yms_year=114&yms_sms=2&emp_id=0000782
1007,310B1,科技碩一,電力系統故障分析,,組選修,,否,3,黃維澤,力行館,(四) 02-04 31221會議室,20,3,13,限本系,,Fault Analysis of Electric Power Ststem,中文,https://webap0.ncue.edu.tw/DEANV2/UploadDEAN/SUBJECT/1142/310B1_1TCIE2230530.pdf,https://webapss.ncue.edu.tw/Teacher/Reports/OB020.aspx?yms_year=114&yms_sms=2&emp_id=0001009
1008,310A9,科技碩一,高等統計學,,系選修,,否,3,張紹勳,力行館,(一) 07-09 31205研討室,20,9,14,限本系,,Advanced Statistics in Psychology & Guidance,中文,https://webap0.ncue.edu.tw/DEANV2/UploadDEAN/SUBJECT/1142/310A9_1TCIE2025130.pdf,https://webapss.ncue.edu.tw/Teacher/Reports/OB020.aspx?yms_year=114&yms_sms=2&emp_id=0000782
1009,310A8,科技碩一,智慧影像技術與深度學習應用,,組選修,,否,3,吳佳軒,教學一館,(五) 05-07 教學一館33204,20,4,10,限本系,,Applications of Intelligent Imaging Technology and Deep Learning,中文,https://webap0.ncue.edu.tw/DEANV2/UploadDEAN/SUBJECT/1142/310A8_1TCIE2230430.pdf,https://webapss.ncue.edu.tw/Teacher/Reports/OB020.aspx?yms_year=114&yms_sms=2&emp_id=4000073
1010,310A7,科技博二,統合分析專題研究,,組選修,,否,3,張紹勳,力行館,(三) 02-04 31205研討室,20,3,3,限本系,,Study of Meta Analysis,中文,https://webap0.ncue.edu.tw/DEANV2/UploadDEAN/SUBJECT/1142/310A7_1TCIE1201130.pdf,https://webapss.ncue.edu.tw/Teacher/Reports/OB020.aspx?yms_year=114&yms_sms=2&emp_id=0000782
1011,310A6,科技博一,大數據,,組選修,,否,3,張紹勳,力行館,(二) 02-04 31218研討室,20,2,5,限本系,,Big Data,中文,https://webap0.ncue.edu.tw/DEANV2/UploadDEAN/SUBJECT/1142/310A6_1TCIE1214130.pdf,https://webapss.ncue.edu.tw/Teacher/Reports/OB020.aspx?yms_year=114&yms_sms=2&emp_id=0000782
1012,310A5,科技三甲,資料庫,,系選修,,否,3,吳信德,教學一館,(三) 05-07 33403,50,24,25,限本系,,Data Base,中英,https://webap0.ncue.edu.tw/DEANV2/UploadDEAN/SUBJECT/1142/310A5_1TCIE0164630.pdf,https://webapss.ncue.edu.tw/Teacher/Reports/OB020.aspx?yms_year=114&yms_sms=2&emp_id=0001228
1013,310A4,科技博一,資料庫與資訊管理系統專題研究,,組選修,,否,3,張庭毅,湖濱館,(一) 02-04 數位學習研討室,20,4,1,限本系,605A張庭毅老師實驗室上課,Study of Database and  Information Management System,中文,https://webap0.ncue.edu.tw/DEANV2/UploadDEAN/SUBJECT/1142/310A4_1TCIE1196930.pdf,https://webapss.ncue.edu.tw/Teacher/Reports/OB020.aspx?yms_year=114&yms_sms=2&emp_id=0000932
1014,310A3,科技機電產攜專班一,機器學習應用,,系選修,,否,3,吳信德,力行館,(六) 05-07 力行館31102,50,12,19,限本班,擬由新聘專任老師吳信德老師授課,Machine Learning Application,中英,https://webap0.ncue.edu.tw/DEANV2/UploadDEAN/SUBJECT/1142/310A3_1TCIE0224930.pdf,https://webapss.ncue.edu.tw/Teacher/Reports/OB020.aspx?yms_year=114&yms_sms=2&emp_id=0001228
1015,310A2,科技三乙,生涯規劃,,系選修,,否,2,陳志清,教學一館,(五) 08-09 33304教室,50,2,12,限本系,,Career Planning,中文,https://webap0.ncue.edu.tw/DEANV2/UploadDEAN/SUBJECT/1142/310A2_1TCIE0203320.pdf,https://webapss.ncue.edu.tw/Teacher/Reports/OB020.aspx?yms_year=114&yms_sms=2&emp_id=9901021
1016,310A1,科技四乙,控制系統(二),,組選修,,否,3,黃淳德,教學一館,(三) 05-07 33302教室,50,6,16,限本系,,Control System II,中英,https://webap0.ncue.edu.tw/DEANV2/UploadDEAN/SUBJECT/1142/310A1_1TCIE0174530.pdf,https://webapss.ncue.edu.tw/Teacher/Reports/OB020.aspx?yms_year=114&yms_sms=2&emp_id=9901042
1017,31098,科技數位碩二,專題研究(二),,組必修,,否,1,程于芳,湖濱館,(三) 07-08 數位學習研討室,20,3,4,限本系,,Research II,中文,https://webap0.ncue.edu.tw/DEANV2/UploadDEAN/SUBJECT/1142/31098_1TCIE3201310.pdf,https://webapss.ncue.edu.tw/Teacher/Reports/OB020.aspx?yms_year=114&yms_sms=2&emp_id=0000884
1018,31097,科技博二,高等線性代數專題研究,,組選修,,否,3,盧建余,力行館,(四) 05-07 31213研討室,20,12,17,限本系,,Study of Advanced Linear Algebra,中文,https://webap0.ncue.edu.tw/DEANV2/UploadDEAN/SUBJECT/1142/31097_1TCIE1196730.pdf,https://webapss.ncue.edu.tw/Teacher/Reports/OB020.aspx?yms_year=114&yms_sms=2&emp_id=0000867
1019,31096,科技博二,實驗設計,,組選修,,否,3,鄭友超,力行館,(四) 02-04 31213研討室,20,2,2,限本系,,Experimental Design,中文,https://webap0.ncue.edu.tw/DEANV2/UploadDEAN/SUBJECT/1142/31096_1TCIE1024530.pdf,https://webapss.ncue.edu.tw/Teacher/Reports/OB020.aspx?yms_year=114&yms_sms=2&emp_id=9900784
1020,31095,科技博二,品質工程專題研究,,組選修,,否,3,黃川桂,力行館,(二) 02-04 31204研討室,20,0,6,限本系,,Study of Quality Engineering,中文,https://webap0.ncue.edu.tw/DEANV2/UploadDEAN/SUBJECT/1142/31095_1TCIE1199130.pdf,https://webapss.ncue.edu.tw/Teacher/Reports/OB020.aspx?yms_year=114&yms_sms=2&emp_id=9901328
1021,31094,科技博二,技職教育創造思考專題研究,,組選修,,否,3,張菽萱,力行館,(三) 05-07 31213研討室,20,2,1,限本系,,Case Study on Creative Thinking for Vocational Education,中文,https://webap0.ncue.edu.tw/DEANV2/UploadDEAN/SUBJECT/1142/31094_1TCIE3219730.pdf,https://webapss.ncue.edu.tw/Teacher/Reports/OB020.aspx?yms_year=114&yms_sms=2&emp_id=0000758
1022,31093,科技博二,高等傳動機構專題研究,,組選修,,否,3,賴元隆,力行館,(三) 02-04 31218研討室,20,3,3,限本系,,Study of Advanced Transmission Mechanism,中文,https://webap0.ncue.edu.tw/DEANV2/UploadDEAN/SUBJECT/1142/31093_1TCIE1195430.pdf,https://webapss.ncue.edu.tw/Teacher/Reports/OB020.aspx?yms_year=114&yms_sms=2&emp_id=0001037
1023,31092,科技博二,虛擬儀控專題研究,,組選修,,否,3,姚凱超,力行館,(三) 02-04 31221會議室,20,2,3,限本系,,Study of Virtual Instrumentation and Control,無,,https://webapss.ncue.edu.tw/Teacher/Reports/OB020.aspx?yms_year=114&yms_sms=2&emp_id=0000781
1024,31091,科技博二,運動控制應用專題研究,,組選修,,否,3,陳德發,力行館,(二) 07-09 31601,20,10,10,限本系,,Study of Motion Control  Application,中文,https://webap0.ncue.edu.tw/DEANV2/UploadDEAN/SUBJECT/1142/31091_1TCIE1195530.pdf,https://webapss.ncue.edu.tw/Teacher/Reports/OB020.aspx?yms_year=114&yms_sms=2&emp_id=0000739
1025,31090,科技博二,技職教育教學專題研究,,組選修,,否,3,廖錦文,力行館,(二) 02-04 31506,20,3,9,限本系,,Case Study of Vocational Education Instruction,中文,https://webap0.ncue.edu.tw/DEANV2/UploadDEAN/SUBJECT/1142/31090_1TCIE1155430.pdf,https://webapss.ncue.edu.tw/Teacher/Reports/OB020.aspx?yms_year=114&yms_sms=2&emp_id=0000861
1026,31089,科技博二,論文指導(二),,系必修,,否,3,論文,,,50,16,20,限本系,,Thesis Supervision II,無,,
1027,31088,科技博二,論文,,系必修,,否,0,論文,,,90,26,62,限本系,,Thesis,無,,
1028,31087,科技博一,勞資關係與人力資源之管理和發展,,組選修,,否,3,趙守博,力行館,(五) 05-07 31218研討室,20,3,4,限本系,,Management and development of labor relations and human resources,中文,https://webap0.ncue.edu.tw/DEANV2/UploadDEAN/SUBJECT/1142/31087_1TCIE1228230.pdf,https://webapss.ncue.edu.tw/Teacher/Reports/OB020.aspx?yms_year=114&yms_sms=2&emp_id=9900321
1029,31086,科技博一,高等研究法,,組選修,,否,3,張菽萱,力行館,(二) 07-09 31213研討室,20,5,7,限本系,,Advanced Research Method,中文,https://webap0.ncue.edu.tw/DEANV2/UploadDEAN/SUBJECT/1142/31086_1TCIE1063030.pdf,https://webapss.ncue.edu.tw/Teacher/Reports/OB020.aspx?yms_year=114&yms_sms=2&emp_id=0000758
1030,31085,科技博一,工程與技術教育專題研究,,系選修,,否,3,石文傑,力行館,(一) 08-09、14 31219研討室,20,6,11,限本系,,Thematic Studies Engineering and Technology Education,中文,https://webap0.ncue.edu.tw/DEANV2/UploadDEAN/SUBJECT/1142/31085_1TCIE1192430.pdf,https://webapss.ncue.edu.tw/Teacher/Reports/OB020.aspx?yms_year=114&yms_sms=2&emp_id=0000804
1031,31084,科技碩一,數位貨幣與區塊鏈,,組選修,,否,3,張庭毅,湖濱館,(二) 02-04 數位學習研討室,20,5,6,限本系,605A張庭毅老師實驗室上課,Cryptocurrency and Blockchain Technology,中文,https://webap0.ncue.edu.tw/DEANV2/UploadDEAN/SUBJECT/1142/31084_1TCIE2229230.pdf,https://webapss.ncue.edu.tw/Teacher/Reports/OB020.aspx?yms_year=114&yms_sms=2&emp_id=0000932
1032,31083,科技數位碩二,智慧型網路學習系統,,組選修,,否,3,張庭毅,湖濱館,(四) 02-04 數位學習研討室,20,7,6,限本系,605A張庭毅老師實驗室上課,Web-Based Intelligent Learning Systems,中文,https://webap0.ncue.edu.tw/DEANV2/UploadDEAN/SUBJECT/1142/31083_1TCIE2103130.pdf,https://webapss.ncue.edu.tw/Teacher/Reports/OB020.aspx?yms_year=114&yms_sms=2&emp_id=0000932
1033,31082,科技數位碩二,專家系統,,組選修,,否,3,張庭毅,湖濱館,(三) 02-04 數位學習研討室,20,3,4,限本系,605A張庭毅老師實驗室上課,Expert System,中文,https://webap0.ncue.edu.tw/DEANV2/UploadDEAN/SUBJECT/1142/31082_1TCIE2103830.pdf,https://webapss.ncue.edu.tw/Teacher/Reports/OB020.aspx?yms_year=114&yms_sms=2&emp_id=0000932
1034,31081,科技碩二,可靠度工程,,組選修,,否,3,劉晉嘉,力行館,(二) 07-09 31221會議室,20,6,6,限本系,,Reliability Engineering,中文,https://webap0.ncue.edu.tw/DEANV2/UploadDEAN/SUBJECT/1142/31081_1TCIE2192130.pdf,https://webapss.ncue.edu.tw/Teacher/Reports/OB020.aspx?yms_year=114&yms_sms=2&emp_id=0001010
1035,31080,科技碩二,科技論文寫作,,組選修,,否,3,楊學成,力行館,(三) 02-04 31213研討室,20,3,4,限本系,,Technical Thesis Writing,中文,https://webap0.ncue.edu.tw/DEANV2/UploadDEAN/SUBJECT/1142/31080_1TCIE2182130.pdf,https://webapss.ncue.edu.tw/Teacher/Reports/OB020.aspx?yms_year=114&yms_sms=2&emp_id=0000809
1036,31079,科技碩二,田口式品質設計方法,,組選修,,否,3,陳狄成,力行館,(二) 02-04 31213研討室,20,5,5,限本系,,Taguchi Methods for Quality Design,中文,https://webap0.ncue.edu.tw/DEANV2/UploadDEAN/SUBJECT/1142/31079_1TCIE2162030.pdf,https://webapss.ncue.edu.tw/Teacher/Reports/OB020.aspx?yms_year=114&yms_sms=2&emp_id=0000818
1037,31078,科技碩二,論文指導(二),,系必修,,否,3,論文,,,50,11,15,限本系,,Thesis Supervision II,無,,
1038,31077,科技碩二,論文,,系必修,,否,0,論文,,,50,21,36,限本系,,Thesis,無,,
1039,31076,科技碩一,組織理論與管理,,組選修,,否,3,羅志成,白沙大樓,(二) 02-04 合班教室1,20,0,1,限本系,此為碩博合開課程，請見博士班開課代碼31075。「本課程網路選課人數未達開課人數，請洽開課單位。」,Organization Theory & Management,中文,https://webap0.ncue.edu.tw/DEANV2/UploadDEAN/SUBJECT/1142/31076_1TCIE2066830.pdf,https://webapss.ncue.edu.tw/Teacher/Reports/OB020.aspx?yms_year=114&yms_sms=2&emp_id=0000945
1040,31075,科技博一,組織與管理專題研究,,組選修,,否,3,羅志成,力行館,(二) 02-04 31221會議室,20,12,10,限本系,此為碩博合開課程。,Seminar in Organization theory and management,中文,https://webap0.ncue.edu.tw/DEANV2/UploadDEAN/SUBJECT/1142/31075_1TCIE1213830.pdf,https://webapss.ncue.edu.tw/Teacher/Reports/OB020.aspx?yms_year=114&yms_sms=2&emp_id=0000945
1041,31074,科技碩一,資料探勘,,組選修,,否,3,劉泄嬉朱自信陳德發,力行館,(四) 05-07 31601,20,9,15,限本系,,Data Mining,中文,https://webap0.ncue.edu.tw/DEANV2/UploadDEAN/SUBJECT/1142/31074_1TCIE2218030.pdf,https://webapss.ncue.edu.tw/Teacher/Reports/OB020.aspx?yms_year=114&yms_sms=2&emp_id=9901126
1042,31073,科技碩博,論文指導(一),,系必修,,否,3,論文,,,20,4,10,限本系,,Thesis Supervision I,無,,
1043,31072,科技碩博,專題研究(二),,組必修,,否,1,盧建余賴元隆陳狄成黃維澤,力行館,(二) 05-06 31213研討室,50,21,28,限本系,,Research II,中文,https://webap0.ncue.edu.tw/DEANV2/UploadDEAN/SUBJECT/1142/31072_1TCIE3201310.pdf,https://webapss.ncue.edu.tw/Teacher/Reports/OB020.aspx?yms_year=114&yms_sms=2&emp_id=0000867
1044,31071,科技碩博,書報討論(二),,系必修,,否,1,羅志成陳德發劉晉嘉姚凱超廖錦文張庭毅,力行館,(二) 05-06 31221會議室,90,28,46,限本系,,Seminar II,中文,https://webap0.ncue.edu.tw/DEANV2/UploadDEAN/SUBJECT/1142/31071_1TCIE3187010.pdf,https://webapss.ncue.edu.tw/Teacher/Reports/OB020.aspx?yms_year=114&yms_sms=2&emp_id=0000945
1045,31070,科技四乙,職業倫理,,系選修,,否,3,羅志成,教學一館,(四) 02-04 33305教室,50,43,71,限本系,,Occupational Ethics,中文,https://webap0.ncue.edu.tw/DEANV2/UploadDEAN/SUBJECT/1142/31070_1TCIE0211830.pdf,https://webapss.ncue.edu.tw/Teacher/Reports/OB020.aspx?yms_year=114&yms_sms=2&emp_id=0000945
1046,31069,科技四甲,自動化機電整合技術應用,,組選修,,否,3,陳飛旭,力行館,(一) 07-09 31213研討室,50,7,13,限本系,,Application of Technology for Automatic Control of Mechatronic Systems,中文,https://webap0.ncue.edu.tw/DEANV2/UploadDEAN/SUBJECT/1142/31069_1TCIE0186130.pdf,https://webapss.ncue.edu.tw/Teacher/Reports/OB020.aspx?yms_year=114&yms_sms=2&emp_id=9901202
1047,31068,科技四甲,專業技術能力測驗方法研究,,組必修,,否,1,盧建余黃川桂,力行館,(六) 12 31101演講廳,50,34,42,限本系,,Skill Evaluation Methods,中文,https://webap0.ncue.edu.tw/DEANV2/UploadDEAN/SUBJECT/1142/31068_1TCIE0191010.pdf,https://webapss.ncue.edu.tw/Teacher/Reports/OB020.aspx?yms_year=114&yms_sms=2&emp_id=0000867
1048,31067,科技三甲,結構設計,,系選修,,否,3,陳定宏,力行館,(二) 10-12 31212研討室,50,28,38,限本系,,Structural Design,中文,https://webap0.ncue.edu.tw/DEANV2/UploadDEAN/SUBJECT/1142/31067_1TCIE0208430.pdf,https://webapss.ncue.edu.tw/Teacher/Reports/OB020.aspx?yms_year=114&yms_sms=2&emp_id=9901050
1049,31066,科技三乙,專題製作（一）,,系必修,,否,2,陳宗明賴元隆陳狄成劉晉嘉楊學成,力行館,(三) 09 31101演講廳 (五) 09 31101演講廳,50,37,41,限本班,,Senior Advanced Design Project I,中文,https://webap0.ncue.edu.tw/DEANV2/UploadDEAN/SUBJECT/1142/31066_1TCIE0224020.pdf,https://webapss.ncue.edu.tw/Teacher/Reports/OB020.aspx?yms_year=114&yms_sms=2&emp_id=0000998
1050,31065,科技三乙,機電整合製造實務,,組必修,,否,3,陳文中,力行館,(五) 05-07 31505,50,16,19,限本班,請學號23號之後同學選課,Manu Facturing Practice of Mechatronic Integration System,中文,https://webap0.ncue.edu.tw/DEANV2/UploadDEAN/SUBJECT/1142/31065_1TCIE0224430.pdf,https://webapss.ncue.edu.tw/Teacher/Reports/OB020.aspx?yms_year=114&yms_sms=2&emp_id=9900518
1051,31064,科技三乙,機電整合製造技術,,組必修,,否,3,陳文中,力行館,(五) 02-04 31505,50,19,22,限本班,請學號22號之前同學選課,Manu Facturing Technology of Mechatronic Integration System,中文,https://webap0.ncue.edu.tw/DEANV2/UploadDEAN/SUBJECT/1142/31064_1TCIE0180330.pdf,https://webapss.ncue.edu.tw/Teacher/Reports/OB020.aspx?yms_year=114&yms_sms=2&emp_id=9900518
1052,31063,科技三乙,3D動畫創作,,組選修,,否,3,程于芳,圖書館,(四) 05-07 電四教室,50,33,35,限本系,,3D animation design,中文,https://webap0.ncue.edu.tw/DEANV2/UploadDEAN/SUBJECT/1142/31063_1TCIE0207930.pdf,https://webapss.ncue.edu.tw/Teacher/Reports/OB020.aspx?yms_year=114&yms_sms=2&emp_id=0000884
1053,31062,科技三乙,機構學,,組選修,,否,3,陳狄成,教學一館,(四) 02-04 33304教室,50,38,42,限本系,,Mechanism,中文,https://webap0.ncue.edu.tw/DEANV2/UploadDEAN/SUBJECT/1142/31062_1TCIE0015130.pdf,https://webapss.ncue.edu.tw/Teacher/Reports/OB020.aspx?yms_year=114&yms_sms=2&emp_id=0000818
1054,31061,科技三乙,互動技術應用,,組選修,,否,3,楊學成,教學一館,(三) 05-07 33305教室,50,18,17,限本系,,Application of Interactive Technology using Arduino,中文,https://webap0.ncue.edu.tw/DEANV2/UploadDEAN/SUBJECT/1142/31061_1TCIE0216630.pdf,https://webapss.ncue.edu.tw/Teacher/Reports/OB020.aspx?yms_year=114&yms_sms=2&emp_id=0000809
1055,31060,科技三乙,流體力學(一),,組必修,,否,3,劉晉嘉,教學一館,(三) 02-04 33102,50,35,64,限本班,,Fluid Mechanics I,中文,https://webap0.ncue.edu.tw/DEANV2/UploadDEAN/SUBJECT/1142/31060_1TCIE0026930.pdf,https://webapss.ncue.edu.tw/Teacher/Reports/OB020.aspx?yms_year=114&yms_sms=2&emp_id=0001010
1056,31059,科技三乙,機械群教學實習,,系選修,,否,2,廖興國,教學一館,(一) 05-08 33305教室,50,19,21,限本系,需先修畢機械群教材教法。,Practicum in Mechnical Cluster,中文,https://webap0.ncue.edu.tw/DEANV2/UploadDEAN/SUBJECT/1142/31059_1TCIE0187620.pdf,https://webapss.ncue.edu.tw/Teacher/Reports/OB020.aspx?yms_year=114&yms_sms=2&emp_id=0001120
1057,31058,科技三甲,演算法,,系選修,,否,3,方俊修,教學一館,(三) 02-04 33304教室,50,27,23,限本系,,Computer Algorithms,中文,https://webap0.ncue.edu.tw/DEANV2/UploadDEAN/SUBJECT/1142/31058_1TCIE0188430.pdf,https://webapss.ncue.edu.tw/Teacher/Reports/OB020.aspx?yms_year=114&yms_sms=2&emp_id=0001188
1058,31057,科技三甲,專題製作（一）,,系必修,,否,2,吳信德吳佳軒方俊修王志中陳德發黃維澤姚凱超,力行館,(三) 09、14 31221會議室,50,39,44,限本班,,Senior Advanced Design Project I,中英,https://webap0.ncue.edu.tw/DEANV2/UploadDEAN/SUBJECT/1142/31057_1TCIE0224020.pdf,https://webapss.ncue.edu.tw/Teacher/Reports/OB020.aspx?yms_year=114&yms_sms=2&emp_id=0001228
1059,31056,科技三甲,能源與動力,,系選修,,否,3,賴柔雨,教學一館,(五) 02-04 33305教室,50,26,40,限本系,,Energy and Power,中英,https://webap0.ncue.edu.tw/DEANV2/UploadDEAN/SUBJECT/1142/31056_1TCIE0208530.pdf,https://webapss.ncue.edu.tw/Teacher/Reports/OB020.aspx?yms_year=114&yms_sms=2&emp_id=9901105
1060,31055,科技三甲,工業配電,,組選修,,否,3,黃維澤,教學一館,(四) 05-07 33305教室,50,40,47,限本系,,Electric  Power Distribution in Industry,中文,https://webap0.ncue.edu.tw/DEANV2/UploadDEAN/SUBJECT/1142/31055_1TCIE0016630.pdf,https://webapss.ncue.edu.tw/Teacher/Reports/OB020.aspx?yms_year=114&yms_sms=2&emp_id=0001009
1061,31054,科技三甲,電機與電子群教學實習,,系選修,,否,2,廖錦文,教學一館,(一) 14 33403 (二) 07-09 33403,50,22,23,限本系,需先修畢電機與電子群教材教法。,Practicum in Electrical Cluster,中文,https://webap0.ncue.edu.tw/DEANV2/UploadDEAN/SUBJECT/1142/31054_1TCIE0187520.pdf,https://webapss.ncue.edu.tw/Teacher/Reports/OB020.aspx?yms_year=114&yms_sms=2&emp_id=0000861
1062,31053,科技三甲,微處理機實務,,組必修,,否,3,王志中,力行館,(一) 05-07 31601,50,21,22,限本班,請學號25號之前學生選修,Microprocessor Practice,中文,https://webap0.ncue.edu.tw/DEANV2/UploadDEAN/SUBJECT/1142/31053_1TCIE0224230.pdf,https://webapss.ncue.edu.tw/Teacher/Reports/OB020.aspx?yms_year=114&yms_sms=2&emp_id=9900922
1063,31052,科技三甲,虛擬儀控實務,,組必修,,否,3,姚凱超,教學一館,(一) 05-07 教學一館33204,50,19,24,限本班,請學號26號之後學生選修,Virtual Instrumentation Practice,中文,https://webap0.ncue.edu.tw/DEANV2/UploadDEAN/SUBJECT/1142/31052_1TCIE0224130.pdf,https://webapss.ncue.edu.tw/Teacher/Reports/OB020.aspx?yms_year=114&yms_sms=2&emp_id=0000781
1064,31051,科技二乙,進階程式設計,,系必修,,否,3,陳宗明,力行館,(一) 02-04 力行館31102,50,40,40,限本班,,Advanced Programming Design,中文,https://webap0.ncue.edu.tw/DEANV2/UploadDEAN/SUBJECT/1142/31051_1TCIE0223530.pdf,https://webapss.ncue.edu.tw/Teacher/Reports/OB020.aspx?yms_year=114&yms_sms=2&emp_id=0000998
1065,31049,科技二乙,應用英語(一),,系必修,,否,2,羅志成,教學一館,(三) 05-06 33102,50,40,41,限本班,,Practical English I,中文,https://webap0.ncue.edu.tw/DEANV2/UploadDEAN/SUBJECT/1142/31049_1TCIE0030120.pdf,https://webapss.ncue.edu.tw/Teacher/Reports/OB020.aspx?yms_year=114&yms_sms=2&emp_id=0000945
1066,31048,科技二乙,電腦數值控制機械,,系選修,,否,3,柯銘源,力行館,(三) 07-09 31603,50,18,27,限本班,,Computer Numerical Control Machinery,中文,https://webap0.ncue.edu.tw/DEANV2/UploadDEAN/SUBJECT/1142/31048_1TCIE0167230.pdf,https://webapss.ncue.edu.tw/Teacher/Reports/OB020.aspx?yms_year=114&yms_sms=2&emp_id=9901106
1067,31047,科技二乙,模具設計與製造技術,,系選修,,否,3,陳狄成,教學一館,(三) 02-04 33403,50,36,39,限本班,,Mold Design and Manufacturing Technology,中文,https://webap0.ncue.edu.tw/DEANV2/UploadDEAN/SUBJECT/1142/31047_1TCIE0178130.pdf,https://webapss.ncue.edu.tw/Teacher/Reports/OB020.aspx?yms_year=114&yms_sms=2&emp_id=0000818
1068,31046,科技二乙,材料力學(一),,組必修,,否,3,賴元隆,教學一館,(一) 05-07 33304教室,50,40,51,限本班,,Mechanics of Materials I,中文,https://webap0.ncue.edu.tw/DEANV2/UploadDEAN/SUBJECT/1142/31046_1TCIE0027930.pdf,https://webapss.ncue.edu.tw/Teacher/Reports/OB020.aspx?yms_year=114&yms_sms=2&emp_id=0001037
1069,31045,科技二乙,熱力學(一),,組必修,,否,3,劉晉嘉,教學一館,(二) 02-04 33404,50,38,79,限本班,,Thermodynamics I,中文,https://webap0.ncue.edu.tw/DEANV2/UploadDEAN/SUBJECT/1142/31045_1TCIE0026330.pdf,https://webapss.ncue.edu.tw/Teacher/Reports/OB020.aspx?yms_year=114&yms_sms=2&emp_id=0001010
1070,31044,科技二乙,機械性質分析技術,,組必修,,否,3,陳宗明,教學一館,(四) 05-07 33303,50,40,22,限本班,,Mechanical properties analysis technology,中文,https://webap0.ncue.edu.tw/DEANV2/UploadDEAN/SUBJECT/1142/31044_1TCIE0227530.pdf,https://webapss.ncue.edu.tw/Teacher/Reports/OB020.aspx?yms_year=114&yms_sms=2&emp_id=0000998
1071,31043,科技二甲,進階程式設計,,系必修,,否,3,林韋辰,力行館,(五) 05-07 力行館31102,50,38,45,限本班,,Advanced Programming Design,中文,https://webap0.ncue.edu.tw/DEANV2/UploadDEAN/SUBJECT/1142/31043_1TCIE0223530.pdf,https://webapss.ncue.edu.tw/Teacher/Reports/OB020.aspx?yms_year=114&yms_sms=2&emp_id=0001200
1072,31042,科技二甲,電路學(二),,組必修,,否,3,盧建余,教學一館,(三) 05-07 33404,50,36,76,限本班,,Electric Circuits II,中文,https://webap0.ncue.edu.tw/DEANV2/UploadDEAN/SUBJECT/1142/31042_1TCIE0017030.pdf,https://webapss.ncue.edu.tw/Teacher/Reports/OB020.aspx?yms_year=114&yms_sms=2&emp_id=0000867
1073,31041,科技二甲,工程數學(二),,組必修,,否,3,盧建余,教學一館,(三) 02-04 33303,50,35,43,限本班,,Engineering Mathematics II,中文,https://webap0.ncue.edu.tw/DEANV2/UploadDEAN/SUBJECT/1142/31041_1TCIE0025230.pdf,https://webapss.ncue.edu.tw/Teacher/Reports/OB020.aspx?yms_year=114&yms_sms=2&emp_id=0000867
1074,31040,科技二甲,訊號與系統,,組選修,,否,3,方俊修,教學一館,(二) 05-07 33202,50,28,33,限本系,,Signals and Systems,中文,https://webap0.ncue.edu.tw/DEANV2/UploadDEAN/SUBJECT/1142/31040_1TCIE0044130.pdf,https://webapss.ncue.edu.tw/Teacher/Reports/OB020.aspx?yms_year=114&yms_sms=2&emp_id=0001188
1075,31039,科技二甲,人機介面,,系選修,,否,3,石文傑,力行館,(一) 05-07 31314研究室,20,32,22,限本班,,Human & Computer Interface,中文,https://webap0.ncue.edu.tw/DEANV2/UploadDEAN/SUBJECT/1142/31039_1TCIE0068430.pdf,https://webapss.ncue.edu.tw/Teacher/Reports/OB020.aspx?yms_year=114&yms_sms=2&emp_id=0000804
1076,31038,科技二甲,邏輯設計實務,,組必修,,否,3,陳德發,力行館,(二) 02-04 31601,50,21,21,限本班,請學號21號之後同學選修,Digital Logic Design Practice,中文,https://webap0.ncue.edu.tw/DEANV2/UploadDEAN/SUBJECT/1142/31038_1TCIE0223630.pdf,https://webapss.ncue.edu.tw/Teacher/Reports/OB020.aspx?yms_year=114&yms_sms=2&emp_id=0000739
1077,31037,科技二甲,邏輯設計技術,,組必修,,否,3,陳德發,力行館,(一) 02-04 31601,50,18,21,限本班,請學號20號(含)之前同學選修,Digital Logic Design Technology,中文,https://webap0.ncue.edu.tw/DEANV2/UploadDEAN/SUBJECT/1142/31037_1TCIE0179730.pdf,https://webapss.ncue.edu.tw/Teacher/Reports/OB020.aspx?yms_year=114&yms_sms=2&emp_id=0000739
1078,31036,科技一乙,靜力學,,組必修,,否,3,陳狄成,教學一館,(四) 05-07 33304教室,50,38,42,限本班,,Statics,中文,https://webap0.ncue.edu.tw/DEANV2/UploadDEAN/SUBJECT/1142/31036_1TCIE0215330.pdf,https://webapss.ncue.edu.tw/Teacher/Reports/OB020.aspx?yms_year=114&yms_sms=2&emp_id=0000818
1079,31035,科技一乙,機械材料,,組必修,,否,3,陳宗明,教學一館,(三) 05-07 33304教室,50,38,41,限本班,,Materials of Mechanical Engineering,中文,https://webap0.ncue.edu.tw/DEANV2/UploadDEAN/SUBJECT/1142/31035_1TCIE0164030.pdf,https://webapss.ncue.edu.tw/Teacher/Reports/OB020.aspx?yms_year=114&yms_sms=2&emp_id=0000998
1080,31034,科技一乙,微積分(二),,系必修,,否,3,楊學成,教學一館,(二) 05-07 33304教室,50,36,33,限本班,,Calculus II,中文,https://webap0.ncue.edu.tw/DEANV2/UploadDEAN/SUBJECT/1142/31034_1TCIE0025730.pdf,https://webapss.ncue.edu.tw/Teacher/Reports/OB020.aspx?yms_year=114&yms_sms=2&emp_id=0000809
1081,31033,科技一乙,工業4.0導論,,組選修,,否,3,張菽萱郭伯仁,教學一館,(一) 05-07 33303,50,36,40,限本班,,Introduction to Industry 4.0,中文,https://webap0.ncue.edu.tw/DEANV2/UploadDEAN/SUBJECT/1142/31033_1TCIE0224830.pdf,https://webapss.ncue.edu.tw/Teacher/Reports/OB020.aspx?yms_year=114&yms_sms=2&emp_id=0000758
1082,31032,科技一乙,程式設計,,系必修,,否,3,賴元隆,力行館,(二) 02-04 31603,50,38,40,限本班,,Program Design,中文,https://webap0.ncue.edu.tw/DEANV2/UploadDEAN/SUBJECT/1142/31032_1TCIE0050630.pdf,https://webapss.ncue.edu.tw/Teacher/Reports/OB020.aspx?yms_year=114&yms_sms=2&emp_id=0001037
1083,31031,科技一乙,電腦輔助製造技術,,系選修,,否,3,賴元隆,力行館,(一) 02-04 31205研討室,25,36,24,限本班,請至31202上課,Computer-Aided Manufacturing Technology,中文,https://webap0.ncue.edu.tw/DEANV2/UploadDEAN/SUBJECT/1142/31031_1TCIE0215430.pdf,https://webapss.ncue.edu.tw/Teacher/Reports/OB020.aspx?yms_year=114&yms_sms=2&emp_id=0001037
1084,31030,科技一甲,電機實務,,組必修,,否,3,廖錦文,力行館,(四) 05-07 31506,50,26,27,限本班,,Electrical Practice,中文,https://webap0.ncue.edu.tw/DEANV2/UploadDEAN/SUBJECT/1142/31030_1TCIE0223230.pdf,https://webapss.ncue.edu.tw/Teacher/Reports/OB020.aspx?yms_year=114&yms_sms=2&emp_id=0000861
1085,31029,科技一甲,電子實務,,組必修,,否,3,方俊修,力行館,(四) 05-07 31503電子電路實驗室,50,15,21,限本班,請學號20號之前同學選修,Electronic Practice,中文,https://webap0.ncue.edu.tw/DEANV2/UploadDEAN/SUBJECT/1142/31029_1TCIE0223130.pdf,https://webapss.ncue.edu.tw/Teacher/Reports/OB020.aspx?yms_year=114&yms_sms=2&emp_id=0001188
1086,31028,科技一甲,微積分(二),,系必修,,否,3,盧建余,教學一館,(二) 07-09 33404,50,37,119,限本班,,Calculus II,中文,https://webap0.ncue.edu.tw/DEANV2/UploadDEAN/SUBJECT/1142/31028_1TCIE0025730.pdf,https://webapss.ncue.edu.tw/Teacher/Reports/OB020.aspx?yms_year=114&yms_sms=2&emp_id=0000867
1087,31027,科技一甲,電子學(二),,組必修,,否,3,吳信德,教學二館,(二) 02-04 34103,50,41,89,限本班,,Electronics II,中英,https://webap0.ncue.edu.tw/DEANV2/UploadDEAN/SUBJECT/1142/31027_1TCIE0016830.pdf,https://webapss.ncue.edu.tw/Teacher/Reports/OB020.aspx?yms_year=114&yms_sms=2&emp_id=0001228
1088,31026,科技一甲,程式設計,,系必修,,否,3,黃維澤,工學院,(一) 05-07 工學院EB211,50,41,52,限本班,,Program Design,中文,https://webap0.ncue.edu.tw/DEANV2/UploadDEAN/SUBJECT/1142/31026_1TCIE0050630.pdf,https://webapss.ncue.edu.tw/Teacher/Reports/OB020.aspx?yms_year=114&yms_sms=2&emp_id=0001009
1089,31025,科技機電產攜專班二,工業安全與衛生,,系選修,,否,3,許麗秋,力行館,(六) 05-07 31212研討室,50,27,29,限本班,擬由新聘兼任老師許麗秋老師授課,Industrial Safety & Hygiene,中文,https://webap0.ncue.edu.tw/DEANV2/UploadDEAN/SUBJECT/1142/31025_1TCIE0027330.pdf,https://webapss.ncue.edu.tw/Teacher/Reports/OB020.aspx?yms_year=114&yms_sms=2&emp_id=9901349
1090,31024,科技鑄造產攜專班三,產業實務專題研討(六),,系必修,,否,2,陳狄成方俊修,力行館,(五) 08、10 31213研討室,50,9,9,限本班,「本課程網路選課人數未達開課人數，請洽開課單位。」,Seminar on Industry Internship VI,中文,https://webap0.ncue.edu.tw/DEANV2/UploadDEAN/SUBJECT/1142/31024_1TCIE0222120.pdf,https://webapss.ncue.edu.tw/Teacher/Reports/OB020.aspx?yms_year=114&yms_sms=2&emp_id=0000818
1091,31023,科技鑄造產攜專班三,產業實務(六),,系必修,,否,3,劉晉嘉羅志成,力行館,(六) 08-10 31213研討室,50,9,9,限本班,「本課程網路選課人數未達開課人數，請洽開課單位。」,Industry Internship VI,中文,https://webap0.ncue.edu.tw/DEANV2/UploadDEAN/SUBJECT/1142/31023_1TCIE0222030.pdf,https://webapss.ncue.edu.tw/Teacher/Reports/OB020.aspx?yms_year=114&yms_sms=2&emp_id=0001010
1092,31022,科技鑄造產攜專班三,熱力學,,系必修,,否,3,劉晉嘉,力行館,(五) 05-07 31213研討室,50,9,9,限本班,「本課程網路選課人數未達開課人數，請洽開課單位。」,Thermodynamics,中文,https://webap0.ncue.edu.tw/DEANV2/UploadDEAN/SUBJECT/1142/31022_1TCIE0026030.pdf,https://webapss.ncue.edu.tw/Teacher/Reports/OB020.aspx?yms_year=114&yms_sms=2&emp_id=0001010
1093,31021,科技鑄造產攜專班三,機械設計,,系必修,,否,3,楊學成,力行館,(六) 02-04 31213研討室,50,9,9,限本班,「本課程網路選課人數未達開課人數，請洽開課單位。」,Machinery Design,中文,https://webap0.ncue.edu.tw/DEANV2/UploadDEAN/SUBJECT/1142/31021_1TCIE0015030.pdf,https://webapss.ncue.edu.tw/Teacher/Reports/OB020.aspx?yms_year=114&yms_sms=2&emp_id=0000809
1094,31020,科技機電產攜專班二,實務專題研討(一),,系必修,,否,2,廖錦文吳佳軒陳德發,力行館,(五) 10-11 31212研討室,50,18,20,限本班,,Seminar on Industry Internship I,中文,https://webap0.ncue.edu.tw/DEANV2/UploadDEAN/SUBJECT/1142/31020_1TCIE0226320.pdf,https://webapss.ncue.edu.tw/Teacher/Reports/OB020.aspx?yms_year=114&yms_sms=2&emp_id=0000861
1095,31019,科技機電產攜專班二,產業實務(四),,系必修,,否,3,廖錦文吳佳軒陳德發,力行館,(六) 08-10 31204研討室,50,18,20,限本班,,Industry Internship IV,中文,https://webap0.ncue.edu.tw/DEANV2/UploadDEAN/SUBJECT/1142/31019_1TCIE0221630.pdf,https://webapss.ncue.edu.tw/Teacher/Reports/OB020.aspx?yms_year=114&yms_sms=2&emp_id=0000861
1096,31018,科技機電產攜專班二,資通訊技術應用,,系必修,,否,3,陳德發,力行館,(五) 07-09 31603,50,18,20,限本班,,Information and communication tech-nology,中文,https://webap0.ncue.edu.tw/DEANV2/UploadDEAN/SUBJECT/1142/31018_1TCIE0226230.pdf,https://webapss.ncue.edu.tw/Teacher/Reports/OB020.aspx?yms_year=114&yms_sms=2&emp_id=0000739
1097,31017,科技機電產攜專班二,應用力學,,系必修,,否,3,陳狄成,力行館,(六) 02-04 31212研討室,50,17,20,限本班,,Applied Mechanics,中文,https://webap0.ncue.edu.tw/DEANV2/UploadDEAN/SUBJECT/1142/31017_1TCIE0015230.pdf,https://webapss.ncue.edu.tw/Teacher/Reports/OB020.aspx?yms_year=114&yms_sms=2&emp_id=0000818
1098,31016,科技機電產攜專班一,產業實務(二),,系必修,,否,3,羅志成林韋辰石文傑,力行館,(六) 08-10 31212研討室,50,17,19,限本班,,Industry Internship II,中文,https://webap0.ncue.edu.tw/DEANV2/UploadDEAN/SUBJECT/1142/31016_1TCIE0221030.pdf,https://webapss.ncue.edu.tw/Teacher/Reports/OB020.aspx?yms_year=114&yms_sms=2&emp_id=0000945
1099,31015,科技機電產攜專班一,電腦繪圖,,系必修,,否,3,劉晉嘉,力行館,(五) 08-10 力行館31102,50,17,19,限本班,,Computer Graphics,中文,https://webap0.ncue.edu.tw/DEANV2/UploadDEAN/SUBJECT/1142/31015_1TCIE0163930.pdf,https://webapss.ncue.edu.tw/Teacher/Reports/OB020.aspx?yms_year=114&yms_sms=2&emp_id=0001010
1100,31014,科技機電產攜專班一,電子電路,,系必修,,否,3,廖錦文,力行館,(六) 03-04、14 31506,50,17,19,限本班,,Electronic Circuits,中文,https://webap0.ncue.edu.tw/DEANV2/UploadDEAN/SUBJECT/1142/31014_1TCIE0072330.pdf,https://webapss.ncue.edu.tw/Teacher/Reports/OB020.aspx?yms_year=114&yms_sms=2&emp_id=0000861
1101,31013,科技機電產攜專班一,人工智慧及其應用,,校必(通識),,否,2,廖錦文,力行館,(六) 01-02 力行館31102,50,0,19,限本班,大二~大四生如要修習，以線上加簽方式,Artificial Intelligence and Its Application,中文,https://webap0.ncue.edu.tw/DEANV2/UploadDEAN/SUBJECT/1142/31013_0CCGE0181420.pdf,https://webapss.ncue.edu.tw/Teacher/Reports/OB020.aspx?yms_year=114&yms_sms=2&emp_id=0000861
1102,31012,科技一乙,人工智慧及其應用,,校必(通識),,否,2,林韋辰,力行館,(一) 08-09 力行館31102,50,0,45,限本班,大二~大四生如要修習，以線上加簽方式,Artificial Intelligence and Its Application,中文,https://webap0.ncue.edu.tw/DEANV2/UploadDEAN/SUBJECT/1142/31012_0CCGE0181420.pdf,https://webapss.ncue.edu.tw/Teacher/Reports/OB020.aspx?yms_year=114&yms_sms=2&emp_id=0001200
1103,31011,科技一甲,人工智慧及其應用,,校必(通識),,否,2,吳佳軒,力行館,(三) 05-06 力行館31102,50,0,53,限本班,大二~大四生如要修習，以線上加簽方式,Artificial Intelligence and Its Application,中文,https://webap0.ncue.edu.tw/DEANV2/UploadDEAN/SUBJECT/1142/31011_0CCGE0181420.pdf,https://webapss.ncue.edu.tw/Teacher/Reports/OB020.aspx?yms_year=114&yms_sms=2&emp_id=4000073
1104,31010,技職行管夜碩二,技職教育專題研究,,系選修,,否,2,廖興國,力行館,(一) 10-13 31221會議室,30,0,17,限本系,雙週上課，第1次上課3/2,Special Topics on Technical Vocational Education,中文,https://webap0.ncue.edu.tw/DEANV2/UploadDEAN/SUBJECT/1142/31010_1TCIEE174020.pdf,https://webapss.ncue.edu.tw/Teacher/Reports/OB020.aspx?yms_year=114&yms_sms=2&emp_id=0001120
1105,31009,技職行管夜碩二,跨領域專題研究,,系選修,,否,2,姚凱超,力行館,(二) 10-13 31221會議室,30,0,17,限本系,雙週上課，第1次上課3/3,Special Topics in Interdisciplinary Research,中文,https://webap0.ncue.edu.tw/DEANV2/UploadDEAN/SUBJECT/1142/31009_1TCIEE220620.pdf,https://webapss.ncue.edu.tw/Teacher/Reports/OB020.aspx?yms_year=114&yms_sms=2&emp_id=0000781
1106,31008,技職行管夜碩二,論文,,系必修,,否,0,論文,,,30,0,28,限本系,,Thesis,中文,https://webap0.ncue.edu.tw/DEANV2/UploadDEAN/SUBJECT/1142/31008_1TCIEE023600.pdf,
1107,31007,技職行管夜碩二,論文指導,,系必修,,否,4,論文,,,30,0,17,限本系,,Thesis Supervision,中文,https://webap0.ncue.edu.tw/DEANV2/UploadDEAN/SUBJECT/1142/31007_1TCIEE200740.pdf,
1108,31006,技職行管夜碩二,書報討論(二),,系必修,,否,1,黃維澤,力行館,(二) 10-13 31221會議室,30,0,17,限本系,單週上課，第1次上課2/24,Seminar II,中文,https://webap0.ncue.edu.tw/DEANV2/UploadDEAN/SUBJECT/1142/31006_1TCIEE000710.pdf,https://webapss.ncue.edu.tw/Teacher/Reports/OB020.aspx?yms_year=114&yms_sms=2&emp_id=0001009
1109,31005,技職行管夜碩一,創新技術專題研究,,系選修,,否,2,賴元隆,力行館,(二) 10-13 31204研討室,30,0,19,限本系,雙週上課，第1次上課3/3,Special Topics on Innovative Technology,中文,https://webap0.ncue.edu.tw/DEANV2/UploadDEAN/SUBJECT/1142/31005_1TCIEB201620.pdf,https://webapss.ncue.edu.tw/Teacher/Reports/OB020.aspx?yms_year=114&yms_sms=2&emp_id=0001037
1110,31004,技職行管夜碩一,全面品質管理,,系選修,,否,2,劉晉嘉,力行館,(二) 10-13 31204研討室,30,0,17,限本系,單週上課，第1次上課2/24,Total Quality Management,中文,https://webap0.ncue.edu.tw/DEANV2/UploadDEAN/SUBJECT/1142/31004_1TCIEE019820.pdf,https://webapss.ncue.edu.tw/Teacher/Reports/OB020.aspx?yms_year=114&yms_sms=2&emp_id=0001010
1111,31003,技職行管夜碩一,創新管理,,系選修,,否,2,張菽萱,力行館,(一) 10-13 31204研討室,30,0,23,限本系,單週上課，第1次上課2/23,Innovation Management,中文,https://webap0.ncue.edu.tw/DEANV2/UploadDEAN/SUBJECT/1142/31003_1TCIEE020020.pdf,https://webapss.ncue.edu.tw/Teacher/Reports/OB020.aspx?yms_year=114&yms_sms=2&emp_id=0000758
1112,31002,技職行管夜碩一,組織理論與管理實務,,系必修,,否,2,羅志成,力行館,(三) 10-13 31221會議室,30,0,20,限本系,雙週上課，第1次上課3/4,Organization Theory and Management Practice,中文,https://webap0.ncue.edu.tw/DEANV2/UploadDEAN/SUBJECT/1142/31002_1TCIEE019620.pdf,https://webapss.ncue.edu.tw/Teacher/Reports/OB020.aspx?yms_year=114&yms_sms=2&emp_id=0000945
1113,31001,技職行管夜碩一,研究法(二),,系必修,,否,2,廖錦文,力行館,(三) 10-13 31506,30,0,22,限本系,單週上課，第1次上課2/25,Research Methods II,中文,https://webap0.ncue.edu.tw/DEANV2/UploadDEAN/SUBJECT/1142/31001_1TCIEE000420.pdf,https://webapss.ncue.edu.tw/Teacher/Reports/OB020.aspx?yms_year=114&yms_sms=2&emp_id=0000861
1114,29015,理學位碩一,材料分析方法,,系選修,,是,3,黃瑞賢,教學大樓,(三) 02-04 T301,20,5,7,可跨班系,,Physical Methods for Material Science,英文,https://webap0.ncue.edu.tw/DEANV2/UploadDEAN/SUBJECT/1142/29015_1SCMB2109830_EN.pdf,https://webapss.ncue.edu.tw/Teacher/Reports/OB020.aspx?yms_year=114&yms_sms=2&emp_id=0000638
1115,29014,理學位碩三,碩士論文,,系必修,,否,0,論文,,,20,0,2,限本班,,Thesis,無,,
1116,29011,理學位碩二,碩士論文,,系必修,,是,0,論文,,,20,2,6,限本班,,Thesis,無,,
1117,29010,理學位碩二,論文指導(二),,系必修,,否,3,論文,,,20,4,5,限本系,,Thesis Supervision II,無,,
1118,29009,理學位碩二,論文指導(一),,系必修,,是,3,論文,,,20,5,8,限本系,,Thesis Supervision I,無,,
1119,29008,理學位碩一,螢光光譜學,,系選修,,是,3,張智煒,教學大樓,(四) 06-08 T303,20,4,3,可跨班系,,Principle of Fluorescence Spectroscopy,英文,https://webap0.ncue.edu.tw/DEANV2/UploadDEAN/SUBJECT/1142/29008_1SCMB2103530_EN.pdf,https://webapss.ncue.edu.tw/Teacher/Reports/OB020.aspx?yms_year=114&yms_sms=2&emp_id=0001013
1120,29006,理學位碩一,藥物與健康科學,,系選修,,是,3,曾文培,教學大樓,(五) 02-04 T303,20,10,8,可跨班系,,Medicine and Health Sciences,英文,https://webap0.ncue.edu.tw/DEANV2/UploadDEAN/SUBJECT/1142/29006_1SCMB2109630_EN.pdf,https://webapss.ncue.edu.tw/Teacher/Reports/OB020.aspx?yms_year=114&yms_sms=2&emp_id=0000802
1121,29005,理學位碩一,科學教育專論,,系選修,,是,3,鄭夢慈,理學一館,(二) 02-04 BIO321研究生室,20,3,5,可跨班系,,Special Topics on Science Education,中英,https://webap0.ncue.edu.tw/DEANV2/UploadDEAN/SUBJECT/1142/29005_1SCMB2100830.pdf,https://webapss.ncue.edu.tw/Teacher/Reports/OB020.aspx?yms_year=114&yms_sms=2&emp_id=0000993
1122,29004,理學位碩一,資料分析,,系選修,,是,3,胡欽評,教學大樓,(二) 02-04 T301,20,3,6,可跨班系,,Data Analysis,中英,https://webap0.ncue.edu.tw/DEANV2/UploadDEAN/SUBJECT/1142/29004_1SCMB2105830.pdf,https://webapss.ncue.edu.tw/Teacher/Reports/OB020.aspx?yms_year=114&yms_sms=2&emp_id=0001122
1123,29003,理學位碩一,酵母菌學專論(二),,系選修,,是,2,周睿鈺,格致館,(五) 08-09 周睿鈺老師實驗室,20,1,3,可跨班系,,Special Topics in Yeast Biology II,中英,https://webap0.ncue.edu.tw/DEANV2/UploadDEAN/SUBJECT/1142/29003_1SCMB2104820.pdf,https://webapss.ncue.edu.tw/Teacher/Reports/OB020.aspx?yms_year=114&yms_sms=2&emp_id=0001036
1124,29002,理學位碩二,專題討論(四),,系必修,,是,2,周睿鈺,格致館,(一) 03-04 科教所圓環教室SE101,20,8,13,可跨班系,,Seminar IV,中英,https://webap0.ncue.edu.tw/DEANV2/UploadDEAN/SUBJECT/1142/29002_1SCMB2103220.pdf,https://webapss.ncue.edu.tw/Teacher/Reports/OB020.aspx?yms_year=114&yms_sms=2&emp_id=0001036
1125,29001,理學位碩一,專題討論(二),,系必修,,是,3,黃啓炎黃瑞賢,格致館,(一) 02-04 圓環教室(格致館一樓),20,11,13,可跨班系,,Seminar II,英文,https://webap0.ncue.edu.tw/DEANV2/UploadDEAN/SUBJECT/1142/29001_1SCMB2108130_EN.pdf,https://webapss.ncue.edu.tw/Teacher/Reports/OB020.aspx?yms_year=114&yms_sms=2&emp_id=0000729
1126,28005,統資碩二,碩士論文,,系必修,,否,0,論文,,,20,6,8,可跨班系,,Thesis,無,,
1127,28004,統資碩二,論文指導(二),,系必修,,否,3,論文,,,20,7,9,可跨班系,,Thesis Supervision II,無,,
1128,28003,統資碩一,數理統計(二),,組必修,,否,3,魏裕中,巧思館,(三) 02-04 數研A,20,14,13,可跨班系,,Mathematical Statistics II,中英,https://webap0.ncue.edu.tw/DEANV2/UploadDEAN/SUBJECT/1142/28003_1SCSI2102830.pdf,https://webapss.ncue.edu.tw/Teacher/Reports/OB020.aspx?yms_year=114&yms_sms=2&emp_id=0001110
1129,28002,統資碩一,統計計算,,系選修,,否,3,蔡秒玉,巧思館,(三) 06-08 數研C,20,9,6,可跨班系,,Statistical Computing,中文,https://webap0.ncue.edu.tw/DEANV2/UploadDEAN/SUBJECT/1142/28002_1SCSI2000530.pdf,https://webapss.ncue.edu.tw/Teacher/Reports/OB020.aspx?yms_year=114&yms_sms=2&emp_id=0000880
1130,28001,統資碩一,資料分析(二),,組必修,,否,3,連怡斌,巧思館,(二) 02-04 數研C,20,12,10,可跨班系,,Data Analysis II,中文,https://webap0.ncue.edu.tw/DEANV2/UploadDEAN/SUBJECT/1142/28001_1SCSI2000430.pdf,https://webapss.ncue.edu.tw/Teacher/Reports/OB020.aspx?yms_year=114&yms_sms=2&emp_id=0000474
1131,26026,光電碩博,光學系統設計,,系選修,,否,3,葉天守,格致館,(五) 02-04 22411四樓會議室,20,2,3,可跨班系,,Optical System Design,中文,https://webap0.ncue.edu.tw/DEANV2/UploadDEAN/SUBJECT/1142/26026_1SCPO3110430.pdf,https://webapss.ncue.edu.tw/Teacher/Reports/OB020.aspx?yms_year=114&yms_sms=2&emp_id=9901276
1132,26024,光電碩博,半導體製程,,系選修,,否,3,黃滿芳,格致館,(四) 05-07 22110一樓會議室,20,9,9,可跨班系,,Semiconductor Process,中英,https://webap0.ncue.edu.tw/DEANV2/UploadDEAN/SUBJECT/1142/26024_1SCPO3127930.pdf,https://webapss.ncue.edu.tw/Teacher/Reports/OB020.aspx?yms_year=114&yms_sms=2&emp_id=0000738
1133,26023,光電碩博,半導體產業實習(二),,系選修,,否,3,蕭輔力,格致館,(五) 06-08 22411四樓會議室,20,13,14,可跨班系,,Practice in semiconductor industry II,中文,https://webap0.ncue.edu.tw/DEANV2/UploadDEAN/SUBJECT/1142/26023_1SCPO3138030.pdf,https://webapss.ncue.edu.tw/Teacher/Reports/OB020.aspx?yms_year=114&yms_sms=2&emp_id=0000979
1134,26022,光電碩博,光子晶體專題研究(二),,系選修,,否,3,蕭輔力,格致館,(一) 02-04 光研2,20,2,9,可跨班系,,Special Topics in Photonic Crystal II,中文,https://webap0.ncue.edu.tw/DEANV2/UploadDEAN/SUBJECT/1142/26022_1SCPO3132130.pdf,https://webapss.ncue.edu.tw/Teacher/Reports/OB020.aspx?yms_year=114&yms_sms=2&emp_id=0000979
1135,26021,光電碩博,雷射原理與應用,,系選修,,否,3,蕭輔力,格致館,(四) 02-04 22411四樓會議室,30,8,17,可跨班系,,Principle and application of Lasers,中文,https://webap0.ncue.edu.tw/DEANV2/UploadDEAN/SUBJECT/1142/26021_1SCPO3126330.pdf,https://webapss.ncue.edu.tw/Teacher/Reports/OB020.aspx?yms_year=114&yms_sms=2&emp_id=0000979
1136,26020,光電碩博,晶體光學,,系選修,,否,3,蕭輔力,格致館,(二) 02-04 22411四樓會議室,30,18,27,可跨班系,,Optical Waves in Crystals,中文,https://webap0.ncue.edu.tw/DEANV2/UploadDEAN/SUBJECT/1142/26020_1SCPO3127530.pdf,https://webapss.ncue.edu.tw/Teacher/Reports/OB020.aspx?yms_year=114&yms_sms=2&emp_id=0000979
1137,26019,光電碩博,傅氏光學,,系選修,,否,3,蘇威佳,格致館,(一) 06-08 22411四樓會議室,20,4,3,可跨班系,,Fourier Optics,中文,https://webap0.ncue.edu.tw/DEANV2/UploadDEAN/SUBJECT/1142/26019_1SCPO3126230.pdf,https://webapss.ncue.edu.tw/Teacher/Reports/OB020.aspx?yms_year=114&yms_sms=2&emp_id=0000832
1138,26018,光電碩博,半導體表面與界面特論,,系選修,,否,3,林祐仲,格致館,(二) 06-08 光研1,20,1,1,可跨班系,,Advances Made in Semiconductor Surface and Interface Science,中文,https://webap0.ncue.edu.tw/DEANV2/UploadDEAN/SUBJECT/1142/26018_1SCPO3129030.pdf,https://webapss.ncue.edu.tw/Teacher/Reports/OB020.aspx?yms_year=114&yms_sms=2&emp_id=0000831
1139,26017,光電碩博,半導體表面與界面專題(一),,系選修,,否,3,林祐仲,格致館,(一) 06-08 光研1,20,1,1,可跨班系,,Semiconductor Surfaces and Interfaces Seminar I,中文,https://webap0.ncue.edu.tw/DEANV2/UploadDEAN/SUBJECT/1142/26017_1SCPO3128730.pdf,https://webapss.ncue.edu.tw/Teacher/Reports/OB020.aspx?yms_year=114&yms_sms=2&emp_id=0000831
1140,26016,光電碩博,綠能光電專題研究(一),,系選修,,否,3,林祐仲,格致館,(一) 02-04 光研1,20,1,1,可跨班系,,Special Topics in Green Photonics I,中文,https://webap0.ncue.edu.tw/DEANV2/UploadDEAN/SUBJECT/1142/26016_1SCPO3133330.pdf,https://webapss.ncue.edu.tw/Teacher/Reports/OB020.aspx?yms_year=114&yms_sms=2&emp_id=0000831
1141,26015,光電碩博,液晶光學專題研究(二),,系選修,,是,3,黃啓炎,格致館,(一) 06-08 光研2,20,5,6,可跨班系,,Special Topics in Liquid Crystal Displays II,英文,https://webap0.ncue.edu.tw/DEANV2/UploadDEAN/SUBJECT/1142/26015_1SCPO3127230_EN.pdf,https://webapss.ncue.edu.tw/Teacher/Reports/OB020.aspx?yms_year=114&yms_sms=2&emp_id=0000729
1142,26014,光電碩博,光電子學,,系必修,,否,3,黃滿芳,格致館,(三) 07-09 22110一樓會議室,20,16,17,可跨班系,,Optoelectronics,中文,https://webap0.ncue.edu.tw/DEANV2/UploadDEAN/SUBJECT/1142/26014_1SCPO3126130.pdf,https://webapss.ncue.edu.tw/Teacher/Reports/OB020.aspx?yms_year=114&yms_sms=2&emp_id=0000738
1143,26013,光電碩博,光資訊專題討論,,系必修,,否,2,蕭輔力,格致館,(五) 05、14 光研1,20,8,19,限本系,,Seminar in optical information,中文,https://webap0.ncue.edu.tw/DEANV2/UploadDEAN/SUBJECT/1142/26013_1SCPO3136720.pdf,https://webapss.ncue.edu.tw/Teacher/Reports/OB020.aspx?yms_year=114&yms_sms=2&emp_id=0000979
1144,26012,光電碩博,顯示技術專題討論,,系必修,,否,2,蘇威佳,格致館,(四) 05、14 光研1,20,2,6,限本系,,Seminar in display technology,中文,https://webap0.ncue.edu.tw/DEANV2/UploadDEAN/SUBJECT/1142/26012_1SCPO3136620.pdf,https://webapss.ncue.edu.tw/Teacher/Reports/OB020.aspx?yms_year=114&yms_sms=2&emp_id=0000832
1145,26011,光電碩博,奈米光電專題討論,,系必修,,否,2,王右武,格致館,(三) 05-06 光研1,20,4,4,限本系,,Seminar in Nano-optical electronics,中文,https://webap0.ncue.edu.tw/DEANV2/UploadDEAN/SUBJECT/1142/26011_1SCPO3136820.pdf,https://webapss.ncue.edu.tw/Teacher/Reports/OB020.aspx?yms_year=114&yms_sms=2&emp_id=0000899
1146,26010,光電碩博,半導體材料暨元件專題討論,,系必修,,否,2,林祐仲,格致館,(一) 05、14 光研1,20,3,6,限本系,,Seminar in material and device of semiconductor,中文,https://webap0.ncue.edu.tw/DEANV2/UploadDEAN/SUBJECT/1142/26010_1SCPO3136920.pdf,https://webapss.ncue.edu.tw/Teacher/Reports/OB020.aspx?yms_year=114&yms_sms=2&emp_id=0000831
1147,26009,光電碩博,論文指導(二),,系必修,,否,3,論文,,,50,4,11,限本系,,Thesis Supervision II,無,,
1148,26008,光電碩博,論文指導(一),,系必修,,否,3,論文,,,50,0,14,限本系,,Thesis Supervision I,無,,
1149,26007,光電碩博,論文,,系必修,,否,0,論文,,,50,1,23,限本系,1. 本課程為登錄論文口試成績用，當學期申請碩博士學位論文口試者必選。　2. 當學期未選其他課程者必選。　3. 每學期可重複修課。,Thesis,無,,
1150,26006,科技應用與管理夜碩一,商業統計軟體研討,,系選修,,否,3,邱垂昌,教學大樓,(三) 10-12 T102,50,0,20,限本班,,Seminar on Business and Statistics Software,中文,https://webap0.ncue.edu.tw/DEANV2/UploadDEAN/SUBJECT/1142/26006_1SCPOE136230.pdf,https://webapss.ncue.edu.tw/Teacher/Reports/OB020.aspx?yms_year=114&yms_sms=2&emp_id=0000724
1151,26005,科技應用與管理夜碩一,商業智慧與專利分析策略,,系選修,,否,3,王信文,教學大樓,(二) 10-12 T102,50,0,20,限本班,,Business Intelligence and Patent Analysis Strategy,中文,https://webap0.ncue.edu.tw/DEANV2/UploadDEAN/SUBJECT/1142/26005_1SCPOE136530.pdf,https://webapss.ncue.edu.tw/Teacher/Reports/OB020.aspx?yms_year=114&yms_sms=2&emp_id=0000764
1152,26004,科技應用與管理夜碩一,企業電子化與競爭優勢,,系選修,,否,3,柯錫卿,教學大樓,(六) 02-04 T102,50,0,35,限本班,,Electronic Business and Competitive Advantage,中英,https://webap0.ncue.edu.tw/DEANV2/UploadDEAN/SUBJECT/1142/26004_1SCPOE136030.pdf,https://webapss.ncue.edu.tw/Teacher/Reports/OB020.aspx?yms_year=114&yms_sms=2&emp_id=9901216
1153,26003,科技應用與管理夜碩一,專題研究(一),,系必修,,否,2,蕭輔力劉少勲張木生蔡其明程立民葉天守洪志明巫梓綺黃炳文,教學大樓,(六) 05-06 T102,50,0,21,限本班,,Special Topics on Photonics I,中文,https://webap0.ncue.edu.tw/DEANV2/UploadDEAN/SUBJECT/1142/26003_1SCPOE000220.pdf,https://webapss.ncue.edu.tw/Teacher/Reports/OB020.aspx?yms_year=114&yms_sms=2&emp_id=0000979
1154,26002,科技應用與管理夜碩二,論文指導,,系必修,,否,4,論文,,,50,0,25,限本班,,Thesis Supervision,中文,https://webap0.ncue.edu.tw/DEANV2/UploadDEAN/SUBJECT/1142/26002_1SCPOE001740.pdf,
1155,26001,科技應用與管理夜碩二,論文,,系必修,,否,0,論文,,,50,0,28,限本系,1. 本課程為登錄論文口試成績用，當學期申請碩士學位論文口試者必選。　2. 當學期未選其他課程者必選。　3. 每學期可重複修課。,Thesis,中文,https://webap0.ncue.edu.tw/DEANV2/UploadDEAN/SUBJECT/1142/26001_1SCPOE001800.pdf,
1156,25036,化三,生物化學(一),,系選修,,否,3,洪義盛,教學大樓,(三) 02-04 T205,50,30,48,可跨班系,,Biochemistry I,中文,https://webap0.ncue.edu.tw/DEANV2/UploadDEAN/SUBJECT/1142/25036_1SCCH0016130.pdf,https://webapss.ncue.edu.tw/Teacher/Reports/OB020.aspx?yms_year=114&yms_sms=2&emp_id=0000864
1157,25035,化碩二,論文,,系必修,,否,0,論文,理學一館,(六) 05-06 化學系會議室,40,19,25,限本系,,Thesis,無,,
1158,25034,化碩二,論文指導(二),,系必修,,否,3,論文,理學一館,(二) 05-07 化學系會議室,30,15,18,限本系,,Thesis Supervision II,無,,
1159,25033,化碩一,有機合成,,系選修,,否,3,吳安台,理學一館,(五) 02-04 化學系會議室,20,6,8,可跨班系,,Organic Synthesis,中文,https://webap0.ncue.edu.tw/DEANV2/UploadDEAN/SUBJECT/1142/25033_1SCCH2005130.pdf,https://webapss.ncue.edu.tw/Teacher/Reports/OB020.aspx?yms_year=114&yms_sms=2&emp_id=0000879
1160,25032,化碩一,無機光譜化學,,系選修,,否,3,黃瑞賢,教學大樓,(四) 02-04 T203,20,14,20,可跨班系,,Inorganic Spectroscopic Chemistry,英文,https://webap0.ncue.edu.tw/DEANV2/UploadDEAN/SUBJECT/1142/25032_1SCCH2015230_EN.pdf,https://webapss.ncue.edu.tw/Teacher/Reports/OB020.aspx?yms_year=114&yms_sms=2&emp_id=0000638
1161,25030,化碩一,天然物化學,,系選修,,否,3,許銘華,教學大樓,(二) 02-04 T101,20,22,26,可跨班系,,Natural Product Chemistry,中文,https://webap0.ncue.edu.tw/DEANV2/UploadDEAN/SUBJECT/1142/25030_1SCCH2015430.pdf,https://webapss.ncue.edu.tw/Teacher/Reports/OB020.aspx?yms_year=114&yms_sms=2&emp_id=0001088
1162,25029,化碩一,專題研究(二),,系必修,,否,3,黃瑞賢林泱蔚,教學大樓,(二) 05-07 T006,30,24,32,限本系,,Research II,無,,https://webapss.ncue.edu.tw/Teacher/Reports/OB020.aspx?yms_year=114&yms_sms=2&emp_id=0000638
1163,25028,化碩一,化學書報討論(二),,系必修,,否,2,高琨哲,教學大樓,(一) 03-04 T205,30,26,33,限本系,,Seminar II,中文,https://webap0.ncue.edu.tw/DEANV2/UploadDEAN/SUBJECT/1142/25028_1SCCH2002920.pdf,https://webapss.ncue.edu.tw/Teacher/Reports/OB020.aspx?yms_year=114&yms_sms=2&emp_id=0001121
1164,25026,化四,有機合成,,系選修,,否,3,吳安台,教學大樓,(一) 05-07 T102,50,30,22,可跨班系,,Organic Synthesis,中文,https://webap0.ncue.edu.tw/DEANV2/UploadDEAN/SUBJECT/1142/25026_1SCCH0005030.pdf,https://webapss.ncue.edu.tw/Teacher/Reports/OB020.aspx?yms_year=114&yms_sms=2&emp_id=0000879
1165,25025,化四,材料分析,,系選修,,否,3,高琨哲,教學大樓,(五) 05-07 T201,50,42,39,可跨班系,,Material Analysis,中文,https://webap0.ncue.edu.tw/DEANV2/UploadDEAN/SUBJECT/1142/25025_1SCCH0141230.pdf,https://webapss.ncue.edu.tw/Teacher/Reports/OB020.aspx?yms_year=114&yms_sms=2&emp_id=0001121
1166,25024,化四,藥物化學,,系選修,,否,3,許銘華,教學大樓,(一) 02-04 T302,50,43,49,可跨班系,,Medicine Chemistry,中文,https://webap0.ncue.edu.tw/DEANV2/UploadDEAN/SUBJECT/1142/25024_1SCCH0127830.pdf,https://webapss.ncue.edu.tw/Teacher/Reports/OB020.aspx?yms_year=114&yms_sms=2&emp_id=0001088
1167,25023,化四,專題討論有機無機組(二),,系必修,,否,2,吳安台,理學一館,(四) 08-09 化學系會議室,20,20,16,限本系,,Seminar in Organic and Inorganic Chemistry II,中文,https://webap0.ncue.edu.tw/DEANV2/UploadDEAN/SUBJECT/1142/25023_1SCCH0120820.pdf,https://webapss.ncue.edu.tw/Teacher/Reports/OB020.aspx?yms_year=114&yms_sms=2&emp_id=0000879
1168,25022,化四,專題討論化教組(二),,系必修,,否,2,洪義盛,教學大樓,(四) 08-09 T301,20,13,16,限本系,,Seminar in Chemical Education II,中文,https://webap0.ncue.edu.tw/DEANV2/UploadDEAN/SUBJECT/1142/25022_1SCCH0121120.pdf,https://webapss.ncue.edu.tw/Teacher/Reports/OB020.aspx?yms_year=114&yms_sms=2&emp_id=0000864
1169,25021,化四,專題討論物化分析組(二),,系必修,,否,2,胡景瀚,教學大樓,(四) 08-09 T205,20,20,20,限本系,,Seminar in Physical and Analytical Chemistry II,中文,https://webap0.ncue.edu.tw/DEANV2/UploadDEAN/SUBJECT/1142/25021_1SCCH0121020.pdf,https://webapss.ncue.edu.tw/Teacher/Reports/OB020.aspx?yms_year=114&yms_sms=2&emp_id=0000633
1170,25020,化三,化學科教材教法,,系選修,,否,2,洪義盛,教學大樓,(四) 03-04 T205,50,9,10,限本系,,Instructional Materials & Teaching Methods in Chemistry,中文,https://webap0.ncue.edu.tw/DEANV2/UploadDEAN/SUBJECT/1142/25020_1SCCH0136020.pdf,https://webapss.ncue.edu.tw/Teacher/Reports/OB020.aspx?yms_year=114&yms_sms=2&emp_id=0000864
1171,25018,化三,專題研究無機分析組(二),,系選修,,否,2,江昌嶽,理學一館,(五) 08-09 B1普通化學實驗室,50,16,20,可跨班系,,Research in Inorganic and Analytical Chemistry II,中文,https://webap0.ncue.edu.tw/DEANV2/UploadDEAN/SUBJECT/1142/25018_1SCCH0140620.pdf,https://webapss.ncue.edu.tw/Teacher/Reports/OB020.aspx?yms_year=114&yms_sms=2&emp_id=0001202
1172,25017,化三,物理化學實驗(二),,系必修,,否,1,高琨哲,理學一館,(五) 02-04 B1普通化學實驗室,55,56,56,限本系,,Physical Chemistry Laboratory II,中文,https://webap0.ncue.edu.tw/DEANV2/UploadDEAN/SUBJECT/1142/25017_1SCCH0015610.pdf,https://webapss.ncue.edu.tw/Teacher/Reports/OB020.aspx?yms_year=114&yms_sms=2&emp_id=0001121
1173,25016,化三,物理化學(三),,系必修,,否,3,胡景瀚,教學大樓,(三) 05-07 T202,70,66,64,限本系,,Physical Chemistry III,中文,https://webap0.ncue.edu.tw/DEANV2/UploadDEAN/SUBJECT/1142/25016_1SCCH0140930.pdf,https://webapss.ncue.edu.tw/Teacher/Reports/OB020.aspx?yms_year=114&yms_sms=2&emp_id=0000633
1174,25015,化三,無機化學(二),,系必修,,否,3,李漢文,教學大樓,(一) 05-07 T105,60,61,61,限本系,,Inorganic Chemistry II,中文,https://webap0.ncue.edu.tw/DEANV2/UploadDEAN/SUBJECT/1142/25015_1SCCH0015830.pdf,https://webapss.ncue.edu.tw/Teacher/Reports/OB020.aspx?yms_year=114&yms_sms=2&emp_id=0000741
1175,25014,化二,化學數學,,系選修,,否,2,胡景瀚,教學大樓,(五) 03-04 T202,60,56,49,可跨班系,,Mathematics in Chemistry,中文,https://webap0.ncue.edu.tw/DEANV2/UploadDEAN/SUBJECT/1142/25014_1SCCH0012320.pdf,https://webapss.ncue.edu.tw/Teacher/Reports/OB020.aspx?yms_year=114&yms_sms=2&emp_id=0000633
1176,25013,化二,物理化學(一),,系必修,,否,3,張智煒,教學大樓,(三) 02-04 T002,65,63,66,限本系,,Physical Chemistry I,中文,https://webap0.ncue.edu.tw/DEANV2/UploadDEAN/SUBJECT/1142/25013_1SCCH0140830.pdf,https://webapss.ncue.edu.tw/Teacher/Reports/OB020.aspx?yms_year=114&yms_sms=2&emp_id=0001013
1177,25012,化二,群論,,系選修,,否,2,黃瑞賢,教學大樓,(四) 08-09 T002,50,58,61,可跨班系,,Group Theory,中文,https://webap0.ncue.edu.tw/DEANV2/UploadDEAN/SUBJECT/1142/25012_1SCCH0012120.pdf,https://webapss.ncue.edu.tw/Teacher/Reports/OB020.aspx?yms_year=114&yms_sms=2&emp_id=0000638
1178,25011,化二,分析化學實驗(二),,系必修,,否,1,江昌嶽,理學一館,(三) 05-07 B1普通化學實驗室,55,51,55,限本系,,Analytical Chemistry Laboratory II,中文,https://webap0.ncue.edu.tw/DEANV2/UploadDEAN/SUBJECT/1142/25011_1SCCH0014010.pdf,https://webapss.ncue.edu.tw/Teacher/Reports/OB020.aspx?yms_year=114&yms_sms=2&emp_id=0001202
1179,25010,化二,分析化學(二),,系必修,,否,3,江昌嶽,教學大樓,(四) 05-07 T002,60,55,59,限本系,,Analytical Chemistry II,中文,https://webap0.ncue.edu.tw/DEANV2/UploadDEAN/SUBJECT/1142/25010_1SCCH0013930.pdf,https://webapss.ncue.edu.tw/Teacher/Reports/OB020.aspx?yms_year=114&yms_sms=2&emp_id=0001202
1180,25009,化二,有機化學實驗(二),,系必修,,否,1,曹峯溢,格致館,(一) 05-07 三樓有機實驗室,55,50,53,限本系,,Organic Chemistry Laboratory II,中文,https://webap0.ncue.edu.tw/DEANV2/UploadDEAN/SUBJECT/1142/25009_1SCCH0014410.pdf,https://webapss.ncue.edu.tw/Teacher/Reports/OB020.aspx?yms_year=114&yms_sms=2&emp_id=0001166
1181,25008,化二,有機化學(二),,系必修,,否,4,曹峯溢,教學大樓,(一) 03-04 T103 (四) 03-04 T105,60,70,72,限本系,,Organic Chemistry II,中文,https://webap0.ncue.edu.tw/DEANV2/UploadDEAN/SUBJECT/1142/25008_1SCCH0014240.pdf,https://webapss.ncue.edu.tw/Teacher/Reports/OB020.aspx?yms_year=114&yms_sms=2&emp_id=0001166
1182,25007,化一,普通生物學(二),,系選修,,否,2,蕭乃文,教學大樓,(三) 05-06 T102,50,46,52,限本班,,Biology II,中文,https://webap0.ncue.edu.tw/DEANV2/UploadDEAN/SUBJECT/1142/25007_1SCCH0001520.pdf,https://webapss.ncue.edu.tw/Teacher/Reports/OB020.aspx?yms_year=114&yms_sms=2&emp_id=0000882
1183,25006,化一,微積分(二),,系必修,,否,2,蘇宣文,教學大樓,(二) 03-04 T002,60,48,63,限本班,,Calculus II,中文,https://webap0.ncue.edu.tw/DEANV2/UploadDEAN/SUBJECT/1142/25006_1SCCH0000220.pdf,https://webapss.ncue.edu.tw/Teacher/Reports/OB020.aspx?yms_year=114&yms_sms=2&emp_id=0000727
1184,25005,化一,普通物理實驗(二),,系選修,,否,1,胡欽評,學生餐廳,(四) 07-09 普物實驗室,50,12,9,限本班,,General Physics Lab. II,中文,https://webap0.ncue.edu.tw/DEANV2/UploadDEAN/SUBJECT/1142/25005_1SCCH0001010.pdf,https://webapss.ncue.edu.tw/Teacher/Reports/OB020.aspx?yms_year=114&yms_sms=2&emp_id=0001122
1185,25004,化一,普通物理(二),,系必修,,否,3,石豫臺,教學大樓,(二) 02、07-08 T002,60,48,56,限本班,,General Physics II,中文,https://webap0.ncue.edu.tw/DEANV2/UploadDEAN/SUBJECT/1142/25004_1SCCH0000630.pdf,https://webapss.ncue.edu.tw/Teacher/Reports/OB020.aspx?yms_year=114&yms_sms=2&emp_id=0000719
1186,25003,化一,普通化學實驗(二),,系必修,,否,1,林泱蔚,理學一館,(四) 02-04 B1普通化學實驗室,55,49,51,限本班,,General Chemistry Laboratory II,中文,https://webap0.ncue.edu.tw/DEANV2/UploadDEAN/SUBJECT/1142/25003_1SCCH0013610.pdf,https://webapss.ncue.edu.tw/Teacher/Reports/OB020.aspx?yms_year=114&yms_sms=2&emp_id=0000995
1187,25002,化一,普通化學(二),,系必修,,否,3,林泱蔚,教學大樓,(五) 02-04 T002,60,49,54,限本班,,General Chemistry II,中文,https://webap0.ncue.edu.tw/DEANV2/UploadDEAN/SUBJECT/1142/25002_1SCCH0013530.pdf,https://webapss.ncue.edu.tw/Teacher/Reports/OB020.aspx?yms_year=114&yms_sms=2&emp_id=0000995
1188,25001,化一,人工智慧及其應用,,校必(通識),,否,2,高琨哲,圖書館,(一) 05-06 電一教室,50,0,47,限本班,大二~大四生如要修習，以線上加簽方式,Artificial Intelligence and Its Application,中文,https://webap0.ncue.edu.tw/DEANV2/UploadDEAN/SUBJECT/1142/25001_0CCGE0181420.pdf,https://webapss.ncue.edu.tw/Teacher/Reports/OB020.aspx?yms_year=114&yms_sms=2&emp_id=0001121
1189,24052,生碩二,碩士論文,,系必修,,否,0,論文,,,20,2,13,限本系,,Thesis,無,,
1190,24051,生碩一,昆蟲學專論(一),,組選修,,否,2,林宗岐,理學一館,(三) 05-06 林老師實驗室,20,2,4,限本系,,Entomology I,中文,https://webap0.ncue.edu.tw/DEANV2/UploadDEAN/SUBJECT/1142/24051_1SCBI2051620.pdf,https://webapss.ncue.edu.tw/Teacher/Reports/OB020.aspx?yms_year=114&yms_sms=2&emp_id=0000849
1191,24050,生一,人工智慧生物學概論,,系選修,,否,2,劉儼毅,教學大樓,(一) 03-04 T102,50,25,30,可跨班系,,Introduction to Artificial Intelligence in Biology,中文,https://webap0.ncue.edu.tw/DEANV2/UploadDEAN/SUBJECT/1142/24050_1SCBI0224320.pdf,https://webapss.ncue.edu.tw/Teacher/Reports/OB020.aspx?yms_year=114&yms_sms=2&emp_id=0001174
1192,24049,生二,無脊椎動物學實驗,,系選修,,否,1,姜鈴,格致館,(四) 07-09 23302,50,17,15,可跨班系,,Invertebrates Laboratory,中英,https://webap0.ncue.edu.tw/DEANV2/UploadDEAN/SUBJECT/1142/24049_1SCBI0040610.pdf,https://webapss.ncue.edu.tw/Teacher/Reports/OB020.aspx?yms_year=114&yms_sms=2&emp_id=0000634
1193,24048,生技碩二,生物技術專題討論,,組必修,,否,2,劉儼毅,理學一館,(五) 03-04 老師實驗室1,20,2,3,限本系,,Seminar in Biotechnology,中文,https://webap0.ncue.edu.tw/DEANV2/UploadDEAN/SUBJECT/1142/24048_1SCBI2217120.pdf,https://webapss.ncue.edu.tw/Teacher/Reports/OB020.aspx?yms_year=114&yms_sms=2&emp_id=0001174
1194,24047,生碩二,論文指導(二),,系必修,,否,3,論文,,,20,4,5,限本系,,Thesis Supervision II,無,,
1195,24046,生碩二,論文指導(一),,系必修,,否,3,論文,,,20,2,2,限本系,提早入學學生選課,Thesis Supervision I,無,,
1196,24045,生碩二,生物教育專題研究(下),,組必修,,否,2,周文己,理學一館,(一) 05-06 BIO108圓桌教室,20,2,3,限本系,,Research in Biology Education II,中文,https://webap0.ncue.edu.tw/DEANV2/UploadDEAN/SUBJECT/1142/24045_1SCBI2186720.pdf,https://webapss.ncue.edu.tw/Teacher/Reports/OB020.aspx?yms_year=114&yms_sms=2&emp_id=0001085
1197,24044,生碩二,生物多樣性專題討論,,組必修,,否,2,林宗岐,理學一館,(五) 03-04 林老師實驗室,20,4,5,限本系,,Seminar in Biodiversity,中文,https://webap0.ncue.edu.tw/DEANV2/UploadDEAN/SUBJECT/1142/24044_1SCBI2185620.pdf,https://webapss.ncue.edu.tw/Teacher/Reports/OB020.aspx?yms_year=114&yms_sms=2&emp_id=0000849
1198,24043,生碩一,都市昆蟲學,,組選修,,否,2,林宗岐,理學一館,(二) 03-04 BIO108圓桌教室,20,3,6,可跨班系,,Urban Entomology,中文,https://webap0.ncue.edu.tw/DEANV2/UploadDEAN/SUBJECT/1142/24043_1SCBI2051420.pdf,https://webapss.ncue.edu.tw/Teacher/Reports/OB020.aspx?yms_year=114&yms_sms=2&emp_id=0000849
1199,24042,生碩一,認知科學實驗(二),,組選修,,否,2,周文己,理學一館,(三) 05-06 BIO108圓桌教室,20,2,3,限本系,,Cognitive Science Experiments (2),中文,https://webap0.ncue.edu.tw/DEANV2/UploadDEAN/SUBJECT/1142/24042_1SCBI2219520.pdf,https://webapss.ncue.edu.tw/Teacher/Reports/OB020.aspx?yms_year=114&yms_sms=2&emp_id=0001085
1200,24041,生碩一,教育統計,,組選修,,否,2,鄭夢慈,理學一館,(二) 05-06 BIO321研究生室,20,0,4,可跨班系,,Educational Statistics,中文,https://webap0.ncue.edu.tw/DEANV2/UploadDEAN/SUBJECT/1142/24041_1SCBI2224820.pdf,https://webapss.ncue.edu.tw/Teacher/Reports/OB020.aspx?yms_year=114&yms_sms=2&emp_id=0000993
1201,24040,生碩一,分子病毒學,,組選修,,是,2,賴吉永,格致館,(四) 03-04 23302,20,2,3,可跨班系,,Molecular Virology,英文,https://webap0.ncue.edu.tw/DEANV2/UploadDEAN/SUBJECT/1142/24040_1SCBI2163720_EN.pdf,https://webapss.ncue.edu.tw/Teacher/Reports/OB020.aspx?yms_year=114&yms_sms=2&emp_id=0000657
1202,24039,生碩一,微生物多樣性,,組選修,,否,3,賴吉永,理學一館,(三) 02-04 BIO108圓桌教室,20,4,5,可跨班系,,Microbial Diversity,中文,https://webap0.ncue.edu.tw/DEANV2/UploadDEAN/SUBJECT/1142/24039_1SCBI2227330.pdf,https://webapss.ncue.edu.tw/Teacher/Reports/OB020.aspx?yms_year=114&yms_sms=2&emp_id=0000657
1203,24038,生碩一,水產養殖產品檢測與環境管理,,組選修,,是,3,姜鈴,格致館,(三) 05-07 23302,20,3,6,可跨班系,,Clinical diagnosis and environmental management of aquaculture,中英,https://webap0.ncue.edu.tw/DEANV2/UploadDEAN/SUBJECT/1142/24038_1SCBI2222430.pdf,https://webapss.ncue.edu.tw/Teacher/Reports/OB020.aspx?yms_year=114&yms_sms=2&emp_id=0000634
1204,24036,生碩一,生物多樣性專題討論,,組必修,,否,2,姜鈴,理學一館,(五) 03-04 BIO108圓桌教室,20,3,4,限本系,,Seminar in Biodiversity,中英,https://webap0.ncue.edu.tw/DEANV2/UploadDEAN/SUBJECT/1142/24036_1SCBI2185620.pdf,https://webapss.ncue.edu.tw/Teacher/Reports/OB020.aspx?yms_year=114&yms_sms=2&emp_id=0000634
1205,24035,生技碩二,細胞分子專題討論,,組必修,,否,2,蕭乃文,格致館,(五) 03-04 老師實驗室,20,2,3,限本系,,Seminar in Cellular and Molecular Biology,中文,https://webap0.ncue.edu.tw/DEANV2/UploadDEAN/SUBJECT/1142/24035_1SCBI2185520.pdf,https://webapss.ncue.edu.tw/Teacher/Reports/OB020.aspx?yms_year=114&yms_sms=2&emp_id=0000882
1206,24033,生技碩二,碩士論文,,系必修,,否,0,論文,,,40,6,7,限本系,,Thesis,無,,
1207,24032,生技碩二,論文指導(二),,系必修,,否,3,論文,,,40,3,3,限本系,,Thesis Supervision II,無,,
1208,24031,生技碩一,生物資訊學專論(一),,組選修,,否,2,蕭乃文劉儼毅,理學一館,(四) 08-09 BIO423專題討論室,20,2,3,可跨班系,,Special Topics in Bioinformatics I,中文,https://webap0.ncue.edu.tw/DEANV2/UploadDEAN/SUBJECT/1142/24031_1SCBI2162120.pdf,https://webapss.ncue.edu.tw/Teacher/Reports/OB020.aspx?yms_year=114&yms_sms=2&emp_id=0000882
1209,24030,生技碩一,保健劑導論,,組選修,,否,3,謝秋蘭,理學一館,(五) 05-07 BIO423專題討論室,20,5,6,限本系,,Introduction to Nutraceutics,中文,https://webap0.ncue.edu.tw/DEANV2/UploadDEAN/SUBJECT/1142/24030_1SCBI2200230.pdf,https://webapss.ncue.edu.tw/Teacher/Reports/OB020.aspx?yms_year=114&yms_sms=2&emp_id=0000980
1210,24029,生技碩一,自由基生物學,,組選修,,否,3,耿全福,理學一館,(二) 05-07 BIO423專題討論室,20,0,4,限本系,,Free Radical Biology,中文,https://webap0.ncue.edu.tw/DEANV2/UploadDEAN/SUBJECT/1142/24029_1SCBI2193930.pdf,https://webapss.ncue.edu.tw/Teacher/Reports/OB020.aspx?yms_year=114&yms_sms=2&emp_id=0000825
1211,24028,生技碩一,抗氧化酵素專論(二),,組選修,,否,2,耿全福,理學一館,(五) 01-02 BIO423專題討論室,20,0,4,限本系,,Special Topic in Anti-oxidative Enzymes II,中文,https://webap0.ncue.edu.tw/DEANV2/UploadDEAN/SUBJECT/1142/24028_1SCBI2217420.pdf,https://webapss.ncue.edu.tw/Teacher/Reports/OB020.aspx?yms_year=114&yms_sms=2&emp_id=0000825
1212,24027,生技碩一,人工智慧生物應用實作,,組選修,,否,3,劉儼毅,理學一館,(一) 05-07 BIO423專題討論室,20,1,3,限本班,不開放旁聽,Hands-on Practice of Artificial Intelligence in Biology,中文,https://webap0.ncue.edu.tw/DEANV2/UploadDEAN/SUBJECT/1142/24027_1SCBI2226030.pdf,https://webapss.ncue.edu.tw/Teacher/Reports/OB020.aspx?yms_year=114&yms_sms=2&emp_id=0001174
1213,24026,生技碩一,生物技術專題討論,,組必修,,否,2,謝秋蘭,理學一館,(五) 03-04 謝老師實驗室,20,4,4,可跨班系,,Seminar in Biotechnology,中文,https://webap0.ncue.edu.tw/DEANV2/UploadDEAN/SUBJECT/1142/24026_1SCBI2217120.pdf,https://webapss.ncue.edu.tw/Teacher/Reports/OB020.aspx?yms_year=114&yms_sms=2&emp_id=0000980
1214,24025,生技碩一,細胞分子專題討論,,組必修,,否,2,王妙媛,理學一館,(五) 03-04 BIO103會議室,20,1,3,限本系,,Seminar in Cellular and Molecular Biology,中英,https://webap0.ncue.edu.tw/DEANV2/UploadDEAN/SUBJECT/1142/24025_1SCBI2185520.pdf,https://webapss.ncue.edu.tw/Teacher/Reports/OB020.aspx?yms_year=114&yms_sms=2&emp_id=0000805
1215,24024,生四,脊椎動物學,,系選修,,否,2,陳德治,教學大樓,(五) 07-08 T206,50,44,52,可跨班系,,Vertebrate Zoology,中英,https://webap0.ncue.edu.tw/DEANV2/UploadDEAN/SUBJECT/1142/24024_1SCBI0029020.pdf,https://webapss.ncue.edu.tw/Teacher/Reports/OB020.aspx?yms_year=114&yms_sms=2&emp_id=9901135
1216,24023,生四,內分泌學,,系選修,,否,2,陳香吟,理學一館,(三) 05-06 BIO103會議室,50,9,16,可跨班系,,Endocrinology,中英,https://webap0.ncue.edu.tw/DEANV2/UploadDEAN/SUBJECT/1142/24023_1SCBI0224920.pdf,https://webapss.ncue.edu.tw/Teacher/Reports/OB020.aspx?yms_year=114&yms_sms=2&emp_id=9901198
1217,24022,生四,生物科教學實習,,系選修,,否,2,周文己鄭夢慈,教學大樓,(一) 01-04 T101,50,23,29,限本班,,Biology Teaching Practice,中文,https://webap0.ncue.edu.tw/DEANV2/UploadDEAN/SUBJECT/1142/24022_1SCBI0156920.pdf,https://webapss.ncue.edu.tw/Teacher/Reports/OB020.aspx?yms_year=114&yms_sms=2&emp_id=0001085
1218,24021,生四,免疫學,,系選修,,否,2,王妙媛,理學一館,(二) 03-04 BIO103會議室,50,15,19,限本班,,Immunology,中英,https://webap0.ncue.edu.tw/DEANV2/UploadDEAN/SUBJECT/1142/24021_1SCBI0157420.pdf,https://webapss.ncue.edu.tw/Teacher/Reports/OB020.aspx?yms_year=114&yms_sms=2&emp_id=0000805
1219,24020,生四,保育生物學,,系選修,,否,3,周睿鈺林宗岐,教學大樓,(二) 07-09 T206,50,36,43,可跨班系,,Conservation Biology,中文,https://webap0.ncue.edu.tw/DEANV2/UploadDEAN/SUBJECT/1142/24020_1SCBI0021630.pdf,https://webapss.ncue.edu.tw/Teacher/Reports/OB020.aspx?yms_year=114&yms_sms=2&emp_id=0001036
1220,24019,生三,生物科教學應用與實作,,系選修,,否,2,龔雍任,理學一館,(三) 08-09 BIO103會議室,50,18,29,限本班,,Teaching Application and Practice of Biology,中文,https://webap0.ncue.edu.tw/DEANV2/UploadDEAN/SUBJECT/1142/24019_1SCBI0222720.pdf,https://webapss.ncue.edu.tw/Teacher/Reports/OB020.aspx?yms_year=114&yms_sms=2&emp_id=9901239
1221,24018,生三,病毒學,,系選修,,否,2,賴吉永,理學一館,(五) 05-06 BIO103會議室,50,48,52,可跨班系,,Virology,中文,https://webap0.ncue.edu.tw/DEANV2/UploadDEAN/SUBJECT/1142/24018_1SCBI0157520.pdf,https://webapss.ncue.edu.tw/Teacher/Reports/OB020.aspx?yms_year=114&yms_sms=2&emp_id=0000657
1222,24017,生三,自然科學領域探究與實作專題,,系選修,,否,2,林宗岐,理學一館,(一) 07-08 BIO103會議室,50,21,26,可跨班系,,Special Topic of Inquiry and Implementation in Natural Sciences,中文,https://webap0.ncue.edu.tw/DEANV2/UploadDEAN/SUBJECT/1142/24017_1SCBI0223020.pdf,https://webapss.ncue.edu.tw/Teacher/Reports/OB020.aspx?yms_year=114&yms_sms=2&emp_id=0000849
1223,24016,生三,植物生理學(二),,系必修,,否,2,傅士峯,理學一館,(四) 08-09 BIO103會議室,50,32,35,限本班,,Plant Physiology II,英文,https://webap0.ncue.edu.tw/DEANV2/UploadDEAN/SUBJECT/1142/24016_1SCBI0039920_EN.pdf,https://webapss.ncue.edu.tw/Teacher/Reports/OB020.aspx?yms_year=114&yms_sms=2&emp_id=0001008
1224,24015,生三,專題討論(一),,系必修,,否,3,周睿鈺,理學一館,(三) 02-04 BIO103會議室,50,35,37,限本系,,Seminar I,中文,https://webap0.ncue.edu.tw/DEANV2/UploadDEAN/SUBJECT/1142/24015_1SCBI0156130.pdf,https://webapss.ncue.edu.tw/Teacher/Reports/OB020.aspx?yms_year=114&yms_sms=2&emp_id=0001036
1225,24014,生三,分類學原理,,系必修,,否,2,姜鈴,理學一館,(二) 05-06 BIO103會議室,50,37,41,限本系,,Principle of Taxonomy,中英,https://webap0.ncue.edu.tw/DEANV2/UploadDEAN/SUBJECT/1142/24014_1SCBI0052020.pdf,https://webapss.ncue.edu.tw/Teacher/Reports/OB020.aspx?yms_year=114&yms_sms=2&emp_id=0000634
1226,24012,生二,植物解剖學實驗,,系選修,,否,1,傅士峯,格致館,(一) 05-06、14 23202,50,33,36,可跨班系,,Plant Anatomy Laboratory,英文,https://webap0.ncue.edu.tw/DEANV2/UploadDEAN/SUBJECT/1142/24012_1SCBI0225110_EN.pdf,https://webapss.ncue.edu.tw/Teacher/Reports/OB020.aspx?yms_year=114&yms_sms=2&emp_id=0001008
1227,24011,生二,植物解剖學,,系選修,,否,3,傅士峯,理學一館,(一) 02-04 BIO103會議室,50,33,39,可跨班系,,Plant Anatomy,中英,https://webap0.ncue.edu.tw/DEANV2/UploadDEAN/SUBJECT/1142/24011_1SCBI0040430.pdf,https://webapss.ncue.edu.tw/Teacher/Reports/OB020.aspx?yms_year=114&yms_sms=2&emp_id=0001008
1228,24010,生二,微生物生物科技,,系選修,,否,3,賴吉永,格致館,(二) 05-07 23302,50,45,47,可跨班系,,Microbial Biotechnology,中文,https://webap0.ncue.edu.tw/DEANV2/UploadDEAN/SUBJECT/1142/24010_1SCBI0029630.pdf,https://webapss.ncue.edu.tw/Teacher/Reports/OB020.aspx?yms_year=114&yms_sms=2&emp_id=0000657
1229,24009,生二,分子生物學,,系必修,,否,3,耿全福劉儼毅,教學大樓,(四) 02-04 T206,50,37,38,可跨班系,,Molecular Biology,中文,https://webap0.ncue.edu.tw/DEANV2/UploadDEAN/SUBJECT/1142/24009_1SCBI0055130.pdf,https://webapss.ncue.edu.tw/Teacher/Reports/OB020.aspx?yms_year=114&yms_sms=2&emp_id=0000825
1230,24008,生二,生物統計學,,系必修,,否,3,林宗岐,教學大樓,(三) 02-04 T206,50,31,37,限本班,,Biostatistics,中文,https://webap0.ncue.edu.tw/DEANV2/UploadDEAN/SUBJECT/1142/24008_1SCBI0023730.pdf,https://webapss.ncue.edu.tw/Teacher/Reports/OB020.aspx?yms_year=114&yms_sms=2&emp_id=0000849
1231,24007,生一,普通物理(二),,系選修,,否,3,石豫臺,教學大樓,(一) 05 T206 (三) 05-06 T206,50,21,21,可跨班系,,General Physics II,中文,https://webap0.ncue.edu.tw/DEANV2/UploadDEAN/SUBJECT/1142/24007_1SCBI0020130.pdf,https://webapss.ncue.edu.tw/Teacher/Reports/OB020.aspx?yms_year=114&yms_sms=2&emp_id=0000719
1232,24006,生一,普通化學(二),,系選修,,否,2,曹峯溢,教學大樓,(四) 05-06 T206,50,43,42,可跨班系,,General Chemistry II,中文,https://webap0.ncue.edu.tw/DEANV2/UploadDEAN/SUBJECT/1142/24006_1SCBI0159120.pdf,https://webapss.ncue.edu.tw/Teacher/Reports/OB020.aspx?yms_year=114&yms_sms=2&emp_id=0001166
1233,24005,生一,植物繁殖學,,系選修,,否,2,何偉真,理學一館,(二) 07-08 BIO103會議室,50,18,16,可跨班系,,Plant Propagation,中英,https://webap0.ncue.edu.tw/DEANV2/UploadDEAN/SUBJECT/1142/24005_1SCBI0155720.pdf,https://webapss.ncue.edu.tw/Teacher/Reports/OB020.aspx?yms_year=114&yms_sms=2&emp_id=9900078
1234,24003,生一,普通生物學實驗(二),,系必修,,否,1,周睿鈺蕭乃文,格致館,(一) 07-09 23302,50,39,39,可跨班系,,Biology Laboratory II,中文,https://webap0.ncue.edu.tw/DEANV2/UploadDEAN/SUBJECT/1142/24003_1SCBI0155510.pdf,https://webapss.ncue.edu.tw/Teacher/Reports/OB020.aspx?yms_year=114&yms_sms=2&emp_id=0001036
1235,24002,生一,普通生物學(二),,系必修,,否,3,周睿鈺蕭乃文,理學一館,(四) 02-04 BIO103會議室,50,33,40,限本班,,Biology II,中英,https://webap0.ncue.edu.tw/DEANV2/UploadDEAN/SUBJECT/1142/24002_1SCBI0155430.pdf,https://webapss.ncue.edu.tw/Teacher/Reports/OB020.aspx?yms_year=114&yms_sms=2&emp_id=0001036
1236,24001,生一,人工智慧及其應用,,校必(通識),,否,2,蕭乃文,圖書館,(五) 07-08 電一教室,50,0,37,限本班,大二~大四生如要修習，以線上加簽方式,Artificial Intelligence and Its Application,中文,https://webap0.ncue.edu.tw/DEANV2/UploadDEAN/SUBJECT/1142/24001_0CCGE0181420.pdf,https://webapss.ncue.edu.tw/Teacher/Reports/OB020.aspx?yms_year=114&yms_sms=2&emp_id=0000882
1237,23064,物三乙,光學(一),,組必修,,否,3,林晉緯,格致館,(三) 08-09 22101教室 (四) 02 T102,50,28,34,限本班,,Optics I,中文,https://webap0.ncue.edu.tw/DEANV2/UploadDEAN/SUBJECT/1142/23064_1SCPH0142730.pdf,https://webapss.ncue.edu.tw/Teacher/Reports/OB020.aspx?yms_year=114&yms_sms=2&emp_id=0001222
1238,23064,物三乙,光學(一),,組必修,,否,3,林晉緯,教學大樓,(三) 08-09 22101教室 (四) 02 T102,50,28,34,限本班,,Optics I,中文,https://webap0.ncue.edu.tw/DEANV2/UploadDEAN/SUBJECT/1142/23064_1SCPH0142730.pdf,https://webapss.ncue.edu.tw/Teacher/Reports/OB020.aspx?yms_year=114&yms_sms=2&emp_id=0001222
1239,23063,物二甲,電子學(二),,組必修,,否,3,劉懿德,教學大樓,(一) 05-06 T001 (四) 04 T001,50,34,38,限本班,劉懿德(114-2新聘老師),Electronics II,中英,https://webap0.ncue.edu.tw/DEANV2/UploadDEAN/SUBJECT/1142/23063_1SCPH0002730.pdf,https://webapss.ncue.edu.tw/Teacher/Reports/OB020.aspx?yms_year=114&yms_sms=2&emp_id=0001226
1240,23062,物碩博,物理教育論文寫作(二),,系選修,,否,3,林建隆,格致館,(二) 02-04 22403教學實驗室,20,0,1,可跨班系,,Physics Education Academic Writing II,中文,https://webap0.ncue.edu.tw/DEANV2/UploadDEAN/SUBJECT/1142/23062_1SCPH3164830.pdf,https://webapss.ncue.edu.tw/Teacher/Reports/OB020.aspx?yms_year=114&yms_sms=2&emp_id=9901329
1241,23061,物三乙,趣味科學活動設計,,系選修,,否,2,林建隆洪連輝,格致館,(五) 05-06 22403教學實驗室,50,2,13,限本系,,Design of Fun Science Experiments,中文,https://webap0.ncue.edu.tw/DEANV2/UploadDEAN/SUBJECT/1142/23061_1SCPH0170020.pdf,https://webapss.ncue.edu.tw/Teacher/Reports/OB020.aspx?yms_year=114&yms_sms=2&emp_id=9901329
1242,23060,物四甲,普通生物學(一),,系選修,,否,2,周文己,教學大樓,(二) 05-06 T207,50,19,23,限本系,,Biology I,中文,https://webap0.ncue.edu.tw/DEANV2/UploadDEAN/SUBJECT/1142/23060_1SCPH0183620.pdf,https://webapss.ncue.edu.tw/Teacher/Reports/OB020.aspx?yms_year=114&yms_sms=2&emp_id=0001085
1243,23059,物碩博,科學學習心理學,,系選修,,否,3,鄭孟斐,格致館,(五) 02-04 22403教學實驗室,20,2,4,可跨班系,,Psychology of Science Learning,中文,https://webap0.ncue.edu.tw/DEANV2/UploadDEAN/SUBJECT/1142/23059_1SCPH3172530.pdf,https://webapss.ncue.edu.tw/Teacher/Reports/OB020.aspx?yms_year=114&yms_sms=2&emp_id=0001029
1244,23058,物碩博,物理光學,,系選修,,是,3,蕭輔力,格致館,(三) 02-04 22411四樓會議室,20,8,12,可跨班系,,Physical  Optics,中英,https://webap0.ncue.edu.tw/DEANV2/UploadDEAN/SUBJECT/1142/23058_1SCPH3172030.pdf,https://webapss.ncue.edu.tw/Teacher/Reports/OB020.aspx?yms_year=114&yms_sms=2&emp_id=0000979
1245,23057,物碩博,物理專題(四),,系選修,,否,3,鄭智豪,格致館,(二) 06-08 22110一樓會議室,20,4,3,可跨班系,,Individual Studies in Physics IV,中文,https://webap0.ncue.edu.tw/DEANV2/UploadDEAN/SUBJECT/1142/23057_1SCPH3169730.pdf,https://webapss.ncue.edu.tw/Teacher/Reports/OB020.aspx?yms_year=114&yms_sms=2&emp_id=0000934
1246,23056,物碩博,物理教學活動設計(一),,系選修,,否,3,林詩茵,格致館,(二) 09 22411四樓會議室 (三) 09 22411四樓會議室 (五) 09 22411四樓會議室,20,0,2,可跨班系,,Activity Design in Physics Education I,中文,https://webap0.ncue.edu.tw/DEANV2/UploadDEAN/SUBJECT/1142/23056_1SCPH3162830.pdf,https://webapss.ncue.edu.tw/Teacher/Reports/OB020.aspx?yms_year=114&yms_sms=2&emp_id=0001065
1247,23055,物碩博,物理教材教法研究,,系選修,,否,3,林詩茵,格致館,(三) 02-04 22403教學實驗室,20,3,4,可跨班系,,Seminar in Methods and Materials for Teaching the Physics,中文,https://webap0.ncue.edu.tw/DEANV2/UploadDEAN/SUBJECT/1142/23055_1SCPH3161630.pdf,https://webapss.ncue.edu.tw/Teacher/Reports/OB020.aspx?yms_year=114&yms_sms=2&emp_id=0001065
1248,23054,物碩博,物理教育研究法,,系選修,,否,3,林詩茵,格致館,(一) 05-07 22403教學實驗室,20,0,3,可跨班系,,Research Methods in Physics Education,中文,https://webap0.ncue.edu.tw/DEANV2/UploadDEAN/SUBJECT/1142/23054_1SCPH3128730.pdf,https://webapss.ncue.edu.tw/Teacher/Reports/OB020.aspx?yms_year=114&yms_sms=2&emp_id=0001065
1249,23053,物碩博,物理教育專題(一),,系選修,,否,3,鄭孟斐,格致館,(三) 07-09 22403教學實驗室,20,4,5,可跨班系,,Project in Physics Education I,中文,https://webap0.ncue.edu.tw/DEANV2/UploadDEAN/SUBJECT/1142/23053_1SCPH3164230.pdf,https://webapss.ncue.edu.tw/Teacher/Reports/OB020.aspx?yms_year=114&yms_sms=2&emp_id=0001029
1250,23052,物碩博,固態物理(二),,系選修,,是,3,洪連輝,格致館,(四) 02-04 22110一樓會議室,20,4,5,可跨班系,,Solid State Physics II,中英,https://webap0.ncue.edu.tw/DEANV2/UploadDEAN/SUBJECT/1142/23052_1SCPH3158730.pdf,https://webapss.ncue.edu.tw/Teacher/Reports/OB020.aspx?yms_year=114&yms_sms=2&emp_id=0000503
1251,23051,物碩博,專題討論(二),,系必修,,否,1,林杰林晉緯黄士羽,格致館,(三) 05-06 22101教室,50,10,14,可跨班系,,Seminar II,中文,https://webap0.ncue.edu.tw/DEANV2/UploadDEAN/SUBJECT/1142/23051_1SCPH3164310.pdf,https://webapss.ncue.edu.tw/Teacher/Reports/OB020.aspx?yms_year=114&yms_sms=2&emp_id=0001201
1252,23050,物碩博,論文指導(二),,系必修,,否,3,論文,,,50,7,10,限本系,,Thesis Supervision II,無,,
1253,23049,物碩博,論文指導(一),,系必修,,否,3,論文,,,50,0,2,限本系,,Thesis Supervision I,無,,
1254,23048,物碩博,論文,,系必修,,否,0,論文,,,50,10,27,限本系,1. 本課程為登錄論文口試成績用，當學期申請碩博士學位論文口試者必選。　2. 當學期未選其他課程者必選。　3. 每學期可重複修課。,Thesis,無,,
1255,23047,物二甲,近代物理學導論,,系選修,,否,3,劉懿德,教學大樓,(二) 08 T001 (五) 03-04 T001,50,49,46,限本系,,Introduction to Modern Physics,中英,https://webap0.ncue.edu.tw/DEANV2/UploadDEAN/SUBJECT/1142/23047_1SCPH0022230.pdf,https://webapss.ncue.edu.tw/Teacher/Reports/OB020.aspx?yms_year=114&yms_sms=2&emp_id=0001226
1256,23045,物三甲,奈米電子專題研究(下),,系選修,,否,3,吳憲昌黄士羽,格致館,(一) 14 22110一樓會議室 (二) 14 22110一樓會議室 (三) 14 22110一樓會議室,50,11,13,限本系,請先取得老師同意...再以授權方式加選。,Special Topics on Nano-electronics II,中文,https://webap0.ncue.edu.tw/DEANV2/UploadDEAN/SUBJECT/1142/23045_1SCPH0016930.pdf,https://webapss.ncue.edu.tw/Teacher/Reports/OB020.aspx?yms_year=114&yms_sms=2&emp_id=0000933
1257,23044,物三甲,低維度磁性物理專題研究（下）,,系選修,,否,3,王柏堯,格致館,(二) 14 物研A (三) 01 物研C (四) 14 物研A,50,6,10,限本系,請先取得老師同意...再以授權方式加選。,Special Topics on Physics of Low Dimensional Magnetism II,中文,https://webap0.ncue.edu.tw/DEANV2/UploadDEAN/SUBJECT/1142/23044_1SCPH0169930.pdf,https://webapss.ncue.edu.tw/Teacher/Reports/OB020.aspx?yms_year=114&yms_sms=2&emp_id=0001046
1258,23043,物三甲,高能物理專題研究(下),,系選修,,否,3,胡欽評林杰,格致館,(二) 14 二樓會議室 (三) 14 二樓會議室 (四) 14 二樓會議室,50,6,9,限本系,請先取得老師同意...再以授權方式加選。,Special topics on high energy physics II,中文,https://webap0.ncue.edu.tw/DEANV2/UploadDEAN/SUBJECT/1142/23043_1SCPH0183430.pdf,https://webapss.ncue.edu.tw/Teacher/Reports/OB020.aspx?yms_year=114&yms_sms=2&emp_id=0001122
1259,23042,物三甲,兆赫科技專題研究(下),,系選修,,否,3,游博文,格致館,(一) 14 物研B (二) 14 物研B (三) 14 物研B,50,16,15,限本系,請先取得老師同意...再以授權方式加選。,Special Topics on Terahertz Technology (II),中文,https://webap0.ncue.edu.tw/DEANV2/UploadDEAN/SUBJECT/1142/23042_1SCPH0181630.pdf,https://webapss.ncue.edu.tw/Teacher/Reports/OB020.aspx?yms_year=114&yms_sms=2&emp_id=0001148
1260,23041,物三甲,理論物理專題研究(下),,系選修,,否,3,鄭智豪鄭孟斐林詩茵,格致館,(二) 01 物研A (三) 01 物研A (四) 01 物研A,50,6,11,限本系,請先取得老師同意...再以授權方式加選。,Special Topics in Theoretical Physics II,中文,https://webap0.ncue.edu.tw/DEANV2/UploadDEAN/SUBJECT/1142/23041_1SCPH0023430.pdf,https://webapss.ncue.edu.tw/Teacher/Reports/OB020.aspx?yms_year=114&yms_sms=2&emp_id=0000934
1261,23040,物三甲,光電元件專題研究(下),,系選修,,否,3,王右武,格致館,(二) 14 光研2 (三) 14 光研2 (四) 14 光研2,50,9,11,限本系,請先取得老師同意...再以授權方式加選。,Special Topics on photonic devices II,中文,https://webap0.ncue.edu.tw/DEANV2/UploadDEAN/SUBJECT/1142/23040_1SCPH0013730.pdf,https://webapss.ncue.edu.tw/Teacher/Reports/OB020.aspx?yms_year=114&yms_sms=2&emp_id=0000899
1262,23039,物四甲,理論物理(二),,系選修,,否,3,栗育力,教學大樓,(四) 06-07 T207 (五) 03 T207,50,12,13,限本系,,Theoretical Physics II,中文,https://webap0.ncue.edu.tw/DEANV2/UploadDEAN/SUBJECT/1142/23039_1SCPH0017930.pdf,https://webapss.ncue.edu.tw/Teacher/Reports/OB020.aspx?yms_year=114&yms_sms=2&emp_id=0000740
1263,23038,物四甲,物理科教學實習,,系選修,,否,2,鄭孟斐,格致館,(一) 14 22403教學實驗室 (三) 05-06、14 22403教學實驗室,50,13,13,限本系,,Teaching Practicum of Physics,中文,https://webap0.ncue.edu.tw/DEANV2/UploadDEAN/SUBJECT/1142/23038_1SCPH0181420.pdf,https://webapss.ncue.edu.tw/Teacher/Reports/OB020.aspx?yms_year=114&yms_sms=2&emp_id=0001029
1264,23037,物四甲,電磁波系統與元件技術(下),,系選修,,否,3,游博文,格致館,(四) 09 物研A (五) 01-02 物研A,50,9,20,限本系,請先取得老師同意...再以授權方式加選。,Techniques of Systems and Components for Electromagnetic Waves (II),中文,https://webap0.ncue.edu.tw/DEANV2/UploadDEAN/SUBJECT/1142/23037_1SCPH0182630.pdf,https://webapss.ncue.edu.tw/Teacher/Reports/OB020.aspx?yms_year=114&yms_sms=2&emp_id=0001148
1265,23035,物四甲,固態物理導論(二),,系選修,,否,3,林晉緯,教學大樓,(三) 03-04 T207 (四) 08 T207,50,19,17,限本系,,Introduction to Solid State Physics II,中英,https://webap0.ncue.edu.tw/DEANV2/UploadDEAN/SUBJECT/1142/23035_1SCPH0000130.pdf,https://webapss.ncue.edu.tw/Teacher/Reports/OB020.aspx?yms_year=114&yms_sms=2&emp_id=0001222
1266,23033,物三乙,電子學(二),,系選修,,否,3,王右武,教學大樓,(五) 05-07 T102,50,26,32,限本班,,Electronics II,中文,https://webap0.ncue.edu.tw/DEANV2/UploadDEAN/SUBJECT/1142/23033_1SCPH0002730.pdf,https://webapss.ncue.edu.tw/Teacher/Reports/OB020.aspx?yms_year=114&yms_sms=2&emp_id=0000899
1267,23032,物三乙,量子物理(二),,系必修,,否,3,鄭智豪,教學大樓,(二) 04 T207 (四) 03-04 T207,50,31,32,限本班,,Quantum Physics II,中文,https://webap0.ncue.edu.tw/DEANV2/UploadDEAN/SUBJECT/1142/23032_1SCPH0012130.pdf,https://webapss.ncue.edu.tw/Teacher/Reports/OB020.aspx?yms_year=114&yms_sms=2&emp_id=0000934
1268,23031,物三乙,實驗物理(三),,系必修,,否,3,黃滿芳,湖濱館,(二) 05-07 近物實驗室,50,31,31,限本班,,Basic Experimental Physics III,中文,https://webap0.ncue.edu.tw/DEANV2/UploadDEAN/SUBJECT/1142/23031_1SCPH0009930.pdf,https://webapss.ncue.edu.tw/Teacher/Reports/OB020.aspx?yms_year=114&yms_sms=2&emp_id=0000738
1269,23030,物三甲,量子物理(二),,系必修,,否,3,栗育力,教學大樓,(三) 07 T207 (五) 05-06 T207,50,35,43,限本班,,Quantum Physics II,中文,https://webap0.ncue.edu.tw/DEANV2/UploadDEAN/SUBJECT/1142/23030_1SCPH0012130.pdf,https://webapss.ncue.edu.tw/Teacher/Reports/OB020.aspx?yms_year=114&yms_sms=2&emp_id=0000740
1270,23029,物三甲,實驗物理技術,,系選修,,否,3,洪連輝,格致館,(四) 05-07 22411四樓會議室,50,8,12,限本系,,Experimental Technique in Physics,中文,https://webap0.ncue.edu.tw/DEANV2/UploadDEAN/SUBJECT/1142/23029_1SCPH0181230.pdf,https://webapss.ncue.edu.tw/Teacher/Reports/OB020.aspx?yms_year=114&yms_sms=2&emp_id=0000503
1271,23028,物三甲,光學(二),,組必修,,否,3,林晉緯,格致館,(四) 03 22101教室 (五) 03-04 22101教室,50,35,41,限本班,,Optics II,中英,https://webap0.ncue.edu.tw/DEANV2/UploadDEAN/SUBJECT/1142/23028_1SCPH0142830.pdf,https://webapss.ncue.edu.tw/Teacher/Reports/OB020.aspx?yms_year=114&yms_sms=2&emp_id=0001222
1272,23027,物三甲,光電子學導論,,組必修,,否,3,石豫臺,教學大樓,(二) 03-04 T206 (三) 02 T103,50,35,42,限本班,,Introduction to optoelectronics,中文,https://webap0.ncue.edu.tw/DEANV2/UploadDEAN/SUBJECT/1142/23027_1SCPH0168530.pdf,https://webapss.ncue.edu.tw/Teacher/Reports/OB020.aspx?yms_year=114&yms_sms=2&emp_id=0000719
1273,23026,物三甲,數值分析,,系選修,,否,3,鄭智豪,圖書館,(一) 05-07 電四教室,50,36,41,限本系,,Numerical Analysis,中文,https://webap0.ncue.edu.tw/DEANV2/UploadDEAN/SUBJECT/1142/23026_1SCPH0005530.pdf,https://webapss.ncue.edu.tw/Teacher/Reports/OB020.aspx?yms_year=114&yms_sms=2&emp_id=0000934
1274,23025,物二乙,實驗物理(二),,系必修,,否,3,吳憲昌,湖濱館,(四) 06-08 近物實驗室,50,32,34,限本班,,Basic Experimental Physics II,中文,https://webap0.ncue.edu.tw/DEANV2/UploadDEAN/SUBJECT/1142/23025_1SCPH0142230.pdf,https://webapss.ncue.edu.tw/Teacher/Reports/OB020.aspx?yms_year=114&yms_sms=2&emp_id=0000933
1275,23024,物二乙,物理數學演習(二),,系選修,,否,1,林琳,教學大樓,(三) 03 T102,50,25,27,限本班,,Mathematical Physics Tutorial II,中文,https://webap0.ncue.edu.tw/DEANV2/UploadDEAN/SUBJECT/1142/23024_1SCPH0180910.pdf,https://webapss.ncue.edu.tw/Teacher/Reports/OB020.aspx?yms_year=114&yms_sms=2&emp_id=0000685
1276,23023,物二乙,物理數學(二),,系必修,,否,3,林琳,教學大樓,(二) 03 T207 (三) 05-06 T207,50,30,38,限本班,,Mathematical Methods  for Physicists II,中文,https://webap0.ncue.edu.tw/DEANV2/UploadDEAN/SUBJECT/1142/23023_1SCPH0005930.pdf,https://webapss.ncue.edu.tw/Teacher/Reports/OB020.aspx?yms_year=114&yms_sms=2&emp_id=0000685
1277,23022,物二乙,力學(二),,組必修,,否,3,胡欽評,格致館,(二) 05-06 22101教室 (四) 04 22101教室,50,31,38,限本班,,Mechanics II,中文,https://webap0.ncue.edu.tw/DEANV2/UploadDEAN/SUBJECT/1142/23022_1SCPH0015930.pdf,https://webapss.ncue.edu.tw/Teacher/Reports/OB020.aspx?yms_year=114&yms_sms=2&emp_id=0001122
1278,23021,物二乙,電磁學(二),,系必修,,否,3,柯宜謀,格致館,(一) 05-07 22101教室,50,32,65,限本班,,Electromagnetics II,中文,https://webap0.ncue.edu.tw/DEANV2/UploadDEAN/SUBJECT/1142/23021_1SCPH0017730.pdf,https://webapss.ncue.edu.tw/Teacher/Reports/OB020.aspx?yms_year=114&yms_sms=2&emp_id=0000893
1279,23020,物二甲,電磁學(二),,系必修,,否,3,游博文,格致館,(四) 06-08 22101教室,50,35,50,限本班,,Electromagnetics II,中文,https://webap0.ncue.edu.tw/DEANV2/UploadDEAN/SUBJECT/1142/23020_1SCPH0017730.pdf,https://webapss.ncue.edu.tw/Teacher/Reports/OB020.aspx?yms_year=114&yms_sms=2&emp_id=0001148
1280,23019,物二甲,力學(二),,系選修,,否,3,柯宜謀,教學大樓,(二) 05-07 T103,50,18,22,限本班,,Mechanics II,中文,https://webap0.ncue.edu.tw/DEANV2/UploadDEAN/SUBJECT/1142/23019_1SCPH0015930.pdf,https://webapss.ncue.edu.tw/Teacher/Reports/OB020.aspx?yms_year=114&yms_sms=2&emp_id=0000893
1281,23018,物二甲,實驗物理(二),,系必修,,否,3,吳憲昌,湖濱館,(三) 02-04 近物實驗室,50,35,39,限本班,,Basic Experimental Physics II,中文,https://webap0.ncue.edu.tw/DEANV2/UploadDEAN/SUBJECT/1142/23018_1SCPH0142230.pdf,https://webapss.ncue.edu.tw/Teacher/Reports/OB020.aspx?yms_year=114&yms_sms=2&emp_id=0000933
1282,23017,物二甲,物理數學演習(二),,系選修,,否,1,林杰,教學大樓,(三) 08 T103,50,35,45,限本班,,Mathematical Physics Tutorial II,中文,https://webap0.ncue.edu.tw/DEANV2/UploadDEAN/SUBJECT/1142/23017_1SCPH0180910.pdf,https://webapss.ncue.edu.tw/Teacher/Reports/OB020.aspx?yms_year=114&yms_sms=2&emp_id=0001201
1283,23016,物二甲,物理數學(二),,系必修,,否,3,林杰,教學大樓,(二) 03-04 T105 (三) 07 T103,50,35,64,限本班,,Mathematical Methods  for Physicists II,中文,https://webap0.ncue.edu.tw/DEANV2/UploadDEAN/SUBJECT/1142/23016_1SCPH0005930.pdf,https://webapss.ncue.edu.tw/Teacher/Reports/OB020.aspx?yms_year=114&yms_sms=2&emp_id=0001201
1284,23015,物二甲,材料科學導論(二),,系選修,,否,3,王柏堯,教學大樓,(一) 02-04 T207,50,33,33,限本系,,Introduction to Material Science II,中文,https://webap0.ncue.edu.tw/DEANV2/UploadDEAN/SUBJECT/1142/23015_1SCPH0014730.pdf,https://webapss.ncue.edu.tw/Teacher/Reports/OB020.aspx?yms_year=114&yms_sms=2&emp_id=0001046
1285,23014,物一乙,普通物理演習(二),,系選修,,否,1,黄士羽,教學大樓,(二) 09 T105,50,35,53,限本班,,Practice in General Physics II,中文,https://webap0.ncue.edu.tw/DEANV2/UploadDEAN/SUBJECT/1142/23014_1SCPH0176910.pdf,https://webapss.ncue.edu.tw/Teacher/Reports/OB020.aspx?yms_year=114&yms_sms=2&emp_id=0001211
1286,23013,物一乙,微積分(二),,系必修,,否,4,栗育力,教學大樓,(三) 05-06 T103 (四) 03-04 T102,50,36,60,限本班,,Calculus II,中文,https://webap0.ncue.edu.tw/DEANV2/UploadDEAN/SUBJECT/1142/23013_1SCPH0168440.pdf,https://webapss.ncue.edu.tw/Teacher/Reports/OB020.aspx?yms_year=114&yms_sms=2&emp_id=0000740
1287,23012,物一乙,普通物理(二),,系必修,,否,4,黄士羽,教學大樓,(一) 08-09 T004 (二) 07-08 T105,50,37,79,限本班,,General Physics II,中文,https://webap0.ncue.edu.tw/DEANV2/UploadDEAN/SUBJECT/1142/23012_1SCPH0016340.pdf,https://webapss.ncue.edu.tw/Teacher/Reports/OB020.aspx?yms_year=114&yms_sms=2&emp_id=0001211
1288,23011,物一乙,普通物理實驗(二),,系必修,,否,1,王柏堯,學生餐廳,(二) 02-04 普物實驗室,50,35,40,限本班,,General Physics Lab. II,中文,https://webap0.ncue.edu.tw/DEANV2/UploadDEAN/SUBJECT/1142/23011_1SCPH0017110.pdf,https://webapss.ncue.edu.tw/Teacher/Reports/OB020.aspx?yms_year=114&yms_sms=2&emp_id=0001046
1289,23010,物一乙,普通化學(二),,系選修,,否,3,許銘華,教學大樓,(一) 05-07 T205,50,31,39,限本班,,General Chemistry II,中文,https://webap0.ncue.edu.tw/DEANV2/UploadDEAN/SUBJECT/1142/23010_1SCPH0002430.pdf,https://webapss.ncue.edu.tw/Teacher/Reports/OB020.aspx?yms_year=114&yms_sms=2&emp_id=0001088
1290,23009,物一甲,普通化學實驗(二),,系選修,,否,1,曹峯溢,理學一館,(四) 07-09 B1普通化學實驗室,50,17,17,限本系,,General Chemistry Laboratory II,中文,https://webap0.ncue.edu.tw/DEANV2/UploadDEAN/SUBJECT/1142/23009_1SCPH0002510.pdf,https://webapss.ncue.edu.tw/Teacher/Reports/OB020.aspx?yms_year=114&yms_sms=2&emp_id=0001166
1291,23008,物一甲,普通物理實驗(二),,系必修,,否,1,黄士羽,學生餐廳,(四) 02-04 普物實驗室,50,33,40,限本班,,General Physics Lab. II,中文,https://webap0.ncue.edu.tw/DEANV2/UploadDEAN/SUBJECT/1142/23008_1SCPH0017110.pdf,https://webapss.ncue.edu.tw/Teacher/Reports/OB020.aspx?yms_year=114&yms_sms=2&emp_id=0001211
1292,23007,物一甲,普通物理(二),,系必修,,否,4,柯宜謀,格致館,(二) 03-04 22101教室 (三) 03-04 22101教室,50,36,44,限本班,,General Physics II,中文,https://webap0.ncue.edu.tw/DEANV2/UploadDEAN/SUBJECT/1142/23007_1SCPH0016340.pdf,https://webapss.ncue.edu.tw/Teacher/Reports/OB020.aspx?yms_year=114&yms_sms=2&emp_id=0000893
1293,23006,物一甲,基礎微積分(二),,系選修,,否,1,林琳,教學大樓,(二) 09 T102,50,30,41,限本班,,Fundamental Calculus II,中文,https://webap0.ncue.edu.tw/DEANV2/UploadDEAN/SUBJECT/1142/23006_1SCPH0176510.pdf,https://webapss.ncue.edu.tw/Teacher/Reports/OB020.aspx?yms_year=114&yms_sms=2&emp_id=0000685
1294,23005,物一甲,微積分(二),,系必修,,否,4,林琳,教學大樓,(一) 08-09 T202 (二) 07-08 T102,50,36,61,限本班,,Calculus II,中文,https://webap0.ncue.edu.tw/DEANV2/UploadDEAN/SUBJECT/1142/23005_1SCPH0168440.pdf,https://webapss.ncue.edu.tw/Teacher/Reports/OB020.aspx?yms_year=114&yms_sms=2&emp_id=0000685
1295,23004,物一甲,普通化學(二),,系選修,,否,3,張智煒,教學大樓,(一) 05-07 T207,50,14,16,限本班,,General Chemistry II,中文,https://webap0.ncue.edu.tw/DEANV2/UploadDEAN/SUBJECT/1142/23004_1SCPH0002430.pdf,https://webapss.ncue.edu.tw/Teacher/Reports/OB020.aspx?yms_year=114&yms_sms=2&emp_id=0001013
1296,23003,物一甲,普通物理演習(二),,系選修,,否,1,柯宜謀,格致館,(一) 04 22101教室,50,33,35,限本班,,Practice in General Physics II,中文,https://webap0.ncue.edu.tw/DEANV2/UploadDEAN/SUBJECT/1142/23003_1SCPH0176910.pdf,https://webapss.ncue.edu.tw/Teacher/Reports/OB020.aspx?yms_year=114&yms_sms=2&emp_id=0000893
1297,23002,物一乙,人工智慧及其應用,,校必(通識),,否,2,林杰,圖書館,(一) 03-04 電一教室,50,0,46,限本班,大二~大四生如要修習，以線上加簽方式,Artificial Intelligence and Its Application,中文,https://webap0.ncue.edu.tw/DEANV2/UploadDEAN/SUBJECT/1142/23002_0CCGE0181420.pdf,https://webapss.ncue.edu.tw/Teacher/Reports/OB020.aspx?yms_year=114&yms_sms=2&emp_id=0001201
1298,23001,物一甲,人工智慧及其應用,,校必(通識),,否,2,胡欽評,圖書館,(三) 07-08 電一教室,50,0,37,限本班,大二~大四生如要修習，以線上加簽方式,Artificial Intelligence and Its Application,中文,https://webap0.ncue.edu.tw/DEANV2/UploadDEAN/SUBJECT/1142/23001_0CCGE0181420.pdf,https://webapss.ncue.edu.tw/Teacher/Reports/OB020.aspx?yms_year=114&yms_sms=2&emp_id=0001122
1299,22061,數碩二,泛函分析(一),,系選修,,否,3,曾旭堯,巧思館,(一) 02-04 數研A,20,0,3,可跨班系,,Functional Analysis I,中文,https://webap0.ncue.edu.tw/DEANV2/UploadDEAN/SUBJECT/1142/22061_1SCMA3169230.pdf,https://webapss.ncue.edu.tw/Teacher/Reports/OB020.aspx?yms_year=114&yms_sms=2&emp_id=0000462
1300,22060,數博二,隨機過程(一),,系選修,,否,3,蕭守仁,巧思館,(四) 02-04 數研F,20,0,1,可跨班系,,Stochastic Process I,中文,https://webap0.ncue.edu.tw/DEANV2/UploadDEAN/SUBJECT/1142/22060_1SCMA3175230.pdf,https://webapss.ncue.edu.tw/Teacher/Reports/OB020.aspx?yms_year=114&yms_sms=2&emp_id=0000501
1301,22059,數碩博,時間序列(一),,系選修,,否,3,楊洪鼎,巧思館,(一) 05-07 數研B,20,0,8,可跨班系,,Time Series Analysis(一),中文,https://webap0.ncue.edu.tw/DEANV2/UploadDEAN/SUBJECT/1142/22059_1SCMA3181330.pdf,https://webapss.ncue.edu.tw/Teacher/Reports/OB020.aspx?yms_year=114&yms_sms=2&emp_id=0001225
1302,22058,數碩博,資訊安全專題(一),,系選修,,否,3,曾育民,巧思館,(一) 06-08 數學系21206,20,2,2,可跨班系,,Topics in Information Security I,中文,https://webap0.ncue.edu.tw/DEANV2/UploadDEAN/SUBJECT/1142/22058_1SCMA3174630.pdf,https://webapss.ncue.edu.tw/Teacher/Reports/OB020.aspx?yms_year=114&yms_sms=2&emp_id=0000751
1303,22057,數博二,常微分方程(二),,系選修,,否,3,曾旭堯,巧思館,(三) 07-09 數研B,20,2,2,可跨班系,,Ordinary Differential Equations II,中文,https://webap0.ncue.edu.tw/DEANV2/UploadDEAN/SUBJECT/1142/22057_1SCMA3175130.pdf,https://webapss.ncue.edu.tw/Teacher/Reports/OB020.aspx?yms_year=114&yms_sms=2&emp_id=0000462
1304,22056,數博三,數學結構(二),,系選修,,否,3,曾旭堯,巧思館,(四) 06-08 數研A,20,2,2,可跨班系,,Mathematical Structures I I,中文,https://webap0.ncue.edu.tw/DEANV2/UploadDEAN/SUBJECT/1142/22056_1SCMA3173330.pdf,https://webapss.ncue.edu.tw/Teacher/Reports/OB020.aspx?yms_year=114&yms_sms=2&emp_id=0000462
1305,22054,數二甲,資料結構,,組必修,,否,3,冷輝世,巧思館,(五) 05-07 數研C,50,23,38,限本系,,Data Structure,中文,https://webap0.ncue.edu.tw/DEANV2/UploadDEAN/SUBJECT/1142/22054_1SCMA0041330.pdf,https://webapss.ncue.edu.tw/Teacher/Reports/OB020.aspx?yms_year=114&yms_sms=2&emp_id=0000132
1306,22053,數碩博,高等資料探勘,,自由選修,,否,3,蔡政容,巧思館,(一) 07-09 數研A,20,1,3,可跨班系,,Advanced data mining,中文,https://webap0.ncue.edu.tw/DEANV2/UploadDEAN/SUBJECT/1142/22053_1SCMA3190230.pdf,https://webapss.ncue.edu.tw/Teacher/Reports/OB020.aspx?yms_year=114&yms_sms=2&emp_id=0000969
1307,22052,數博四,論文指導(二),,系必修,,否,3,論文,,,20,2,4,可跨班系,,Thesis Supervision II,無,,
1308,22051,數博四,博士論文,,系必修,,否,0,論文,,,20,2,7,可跨班系,,Doctoral Dissertation,無,,
1309,22050,數碩二,論文指導(二),,系必修,,否,3,論文,,,20,10,10,可跨班系,,Thesis Supervision II,無,,
1310,22049,數碩二,碩士論文,,系必修,,否,0,論文,,,20,10,13,可跨班系,,Thesis,無,,
1311,22048,數三乙,數學科教學應用與實作,,系選修,,否,2,鄭章華,巧思館,(一) 03-04 數學系21402,50,12,15,限本班,,Teaching Application and Practice of Mathematics,中文,https://webap0.ncue.edu.tw/DEANV2/UploadDEAN/SUBJECT/1142/22048_1SCMA0190920.pdf,https://webapss.ncue.edu.tw/Teacher/Reports/OB020.aspx?yms_year=114&yms_sms=2&emp_id=0001139
1312,22047,數三乙,資料庫,,組選修,,否,3,陳星琳,巧思館,(一) 02-04 數學系21205電腦教室,50,15,21,限本班,,Databases,中文,https://webap0.ncue.edu.tw/DEANV2/UploadDEAN/SUBJECT/1142/22047_1SCMA0041230.pdf,https://webapss.ncue.edu.tw/Teacher/Reports/OB020.aspx?yms_year=114&yms_sms=2&emp_id=9901090
1313,22046,數三乙,物件導向程式設計,,組選修,,否,3,陳巧旻,巧思館,(四) 02-04 數研C,50,13,16,限本班,,Object Oriented Program Design,中文,https://webap0.ncue.edu.tw/DEANV2/UploadDEAN/SUBJECT/1142/22046_1SCMA0041830.pdf,https://webapss.ncue.edu.tw/Teacher/Reports/OB020.aspx?yms_year=114&yms_sms=2&emp_id=0001218
1314,22045,數四乙,人工智慧,,組選修,,否,3,陳巧旻,巧思館,(五) 05-07 數學系21205電腦教室,50,31,62,限本班,,Introduction to Artificial Intelligence,中文,https://webap0.ncue.edu.tw/DEANV2/UploadDEAN/SUBJECT/1142/22045_1SCMA0185230.pdf,https://webapss.ncue.edu.tw/Teacher/Reports/OB020.aspx?yms_year=114&yms_sms=2&emp_id=0001218
1315,22044,數三乙,演算法設計,,組選修,,否,3,冷輝世,巧思館,(四) 06-08 數學系21402,50,28,56,限本系,,Design of Algorithm,中文,https://webap0.ncue.edu.tw/DEANV2/UploadDEAN/SUBJECT/1142/22044_1SCMA0023730.pdf,https://webapss.ncue.edu.tw/Teacher/Reports/OB020.aspx?yms_year=114&yms_sms=2&emp_id=0000132
1316,22043,數一甲,程式設計,,系必修,,否,3,冷輝世,巧思館,(五) 02-04 數學系21205電腦教室,50,37,51,限本系,,Program Design,中文,https://webap0.ncue.edu.tw/DEANV2/UploadDEAN/SUBJECT/1142/22043_1SCMA0040930.pdf,https://webapss.ncue.edu.tw/Teacher/Reports/OB020.aspx?yms_year=114&yms_sms=2&emp_id=0000132
1317,22042,數一乙,程式設計,,系必修,,否,3,蔡政容,巧思館,(四) 06-08 數學系21205電腦教室,65,37,53,限本班,,Program Design,中文,https://webap0.ncue.edu.tw/DEANV2/UploadDEAN/SUBJECT/1142/22042_1SCMA0040930.pdf,https://webapss.ncue.edu.tw/Teacher/Reports/OB020.aspx?yms_year=114&yms_sms=2&emp_id=0000969
1318,22040,數碩博,存活分析,,自由選修,,否,3,許秋婷,巧思館,(四) 05-06、14 數研B,20,10,11,可跨班系,,Survival analysis,中文,https://webap0.ncue.edu.tw/DEANV2/UploadDEAN/SUBJECT/1142/22040_1SCMA3184330.pdf,https://webapss.ncue.edu.tw/Teacher/Reports/OB020.aspx?yms_year=114&yms_sms=2&emp_id=9900999
1319,22039,數碩博,可解釋性人工智慧專題,,自由選修,,否,3,魏裕中,巧思館,(二) 05-07 數研A,20,3,3,可跨班系,,Topic of Explainable Artificial Intelligence,中英,https://webap0.ncue.edu.tw/DEANV2/UploadDEAN/SUBJECT/1142/22039_1SCMA3192830.pdf,https://webapss.ncue.edu.tw/Teacher/Reports/OB020.aspx?yms_year=114&yms_sms=2&emp_id=0001110
1320,22038,數三乙,應用統計(一),,組必修,,否,3,蔡秒玉,巧思館,(三) 05 數學系21210 (四) 03-04 數學系21210,50,22,31,限本班,,Applied Statistics I,中文,https://webap0.ncue.edu.tw/DEANV2/UploadDEAN/SUBJECT/1142/22038_1SCMA0024030.pdf,https://webapss.ncue.edu.tw/Teacher/Reports/OB020.aspx?yms_year=114&yms_sms=2&emp_id=0000880
1321,22037,數三乙,數理統計導論,,組必修,,否,3,李信宏,巧思館,(二) 07-08 數學系21108 (三) 02 數學系21108,50,22,25,限本班,,Introduction to Mathematical Statistics,中文,https://webap0.ncue.edu.tw/DEANV2/UploadDEAN/SUBJECT/1142/22037_1SCMA0025330.pdf,https://webapss.ncue.edu.tw/Teacher/Reports/OB020.aspx?yms_year=114&yms_sms=2&emp_id=0000550
1322,22036,數二甲,機率論,,系必修,,否,3,李信宏,巧思館,(一) 07-08 數學系21210 (二) 02 數學系21210,50,38,47,限本班,,Probability Theory,中文,https://webap0.ncue.edu.tw/DEANV2/UploadDEAN/SUBJECT/1142/22036_1SCMA0032430.pdf,https://webapss.ncue.edu.tw/Teacher/Reports/OB020.aspx?yms_year=114&yms_sms=2&emp_id=0000550
1323,22035,數一乙,線性代數(二),,系必修,,否,3,楊洪鼎,巧思館,(二) 02 數學系21109 (四) 02-03 數學系21109,50,37,47,限本班,,Linear Algebra II,中文,https://webap0.ncue.edu.tw/DEANV2/UploadDEAN/SUBJECT/1142/22035_1SCMA0040030.pdf,https://webapss.ncue.edu.tw/Teacher/Reports/OB020.aspx?yms_year=114&yms_sms=2&emp_id=0001225
1324,22034,數三甲,幾何學(一),,系選修,,否,3,蕭守仁,巧思館,(一) 06-08 數學系21110,50,25,22,限本班,,Geometry I,中文,https://webap0.ncue.edu.tw/DEANV2/UploadDEAN/SUBJECT/1142/22034_1SCMA0181130.pdf,https://webapss.ncue.edu.tw/Teacher/Reports/OB020.aspx?yms_year=114&yms_sms=2&emp_id=0000501
1325,22033,數三乙,應用機率,,組必修,,否,3,蕭守仁,巧思館,(二) 03-04 數學系21109 (四) 06 數學系21109,50,13,19,限本班,,Applied Probability,中文,https://webap0.ncue.edu.tw/DEANV2/UploadDEAN/SUBJECT/1142/22033_1SCMA0027030.pdf,https://webapss.ncue.edu.tw/Teacher/Reports/OB020.aspx?yms_year=114&yms_sms=2&emp_id=0000501
1326,22032,數二乙,機率論,,系必修,,否,3,蕭守仁,巧思館,(二) 07-08 數學系21110 (四) 07 數學系21110,50,31,41,可跨班系,,Probability Theory,中文,https://webap0.ncue.edu.tw/DEANV2/UploadDEAN/SUBJECT/1142/22032_1SCMA0032430.pdf,https://webapss.ncue.edu.tw/Teacher/Reports/OB020.aspx?yms_year=114&yms_sms=2&emp_id=0000501
1327,22031,數碩博,生物資訊專題(一),,自由選修,,否,3,連怡斌陳彥中黃靜惠,巧思館,(二) 06-08 數研C,20,2,3,可跨班系,,Topics in Bioinformatics I,中英,https://webap0.ncue.edu.tw/DEANV2/UploadDEAN/SUBJECT/1142/22031_1SCMA3153930.pdf,https://webapss.ncue.edu.tw/Teacher/Reports/OB020.aspx?yms_year=114&yms_sms=2&emp_id=0000474
1328,22030,數碩博,矩陣理論(二),,自由選修,,否,3,劉承楷,巧思館,(二) 06-08 數研B,20,1,5,可跨班系,,Matrix Theory II,中文,https://webap0.ncue.edu.tw/DEANV2/UploadDEAN/SUBJECT/1142/22030_1SCMA3179230.pdf,https://webapss.ncue.edu.tw/Teacher/Reports/OB020.aspx?yms_year=114&yms_sms=2&emp_id=0000881
1329,22029,數二乙,代數學(二),,系必修,,否,3,劉承楷,巧思館,(二) 03-04 數學系21110 (四) 04 數學系21110,50,31,41,限本班,,Algebra II,中文,https://webap0.ncue.edu.tw/DEANV2/UploadDEAN/SUBJECT/1142/22029_1SCMA0015530.pdf,https://webapss.ncue.edu.tw/Teacher/Reports/OB020.aspx?yms_year=114&yms_sms=2&emp_id=0000881
1330,22028,數一乙,數論,,組選修,,否,3,林政輝,巧思館,(三) 07-09 數學系21109,50,36,54,限本班,,Number Theory,中文,https://webap0.ncue.edu.tw/DEANV2/UploadDEAN/SUBJECT/1142/22028_1SCMA0035930.pdf,https://webapss.ncue.edu.tw/Teacher/Reports/OB020.aspx?yms_year=114&yms_sms=2&emp_id=0001208
1331,22027,數碩一,代數通論(二),,組必修,,否,3,林政輝,巧思館,(二) 02-04 數研B,20,3,4,可跨班系,,Algebra II,中文,https://webap0.ncue.edu.tw/DEANV2/UploadDEAN/SUBJECT/1142/22027_1SCMA2020730.pdf,https://webapss.ncue.edu.tw/Teacher/Reports/OB020.aspx?yms_year=114&yms_sms=2&emp_id=0001208
1332,22026,數三乙,組合學,,組必修,,否,3,陳國傑,巧思館,(一) 06-08 數學系21108,50,22,28,限本班,,Combinatorics,中文,https://webap0.ncue.edu.tw/DEANV2/UploadDEAN/SUBJECT/1142/22026_1SCMA0023130.pdf,https://webapss.ncue.edu.tw/Teacher/Reports/OB020.aspx?yms_year=114&yms_sms=2&emp_id=0000425
1333,22025,數二甲,代數學(二),,系必修,,否,3,陳國傑,巧思館,(二) 03-04 數學系21108 (四) 04 數學系21108,50,38,34,限本班,,Algebra II,中文,https://webap0.ncue.edu.tw/DEANV2/UploadDEAN/SUBJECT/1142/22025_1SCMA0015530.pdf,https://webapss.ncue.edu.tw/Teacher/Reports/OB020.aspx?yms_year=114&yms_sms=2&emp_id=0000425
1334,22024,數一甲,線性代數(二),,系必修,,否,3,陳國傑,巧思館,(二) 02 數學系21108 (四) 02-03 數學系21108,50,36,47,限本班,,Linear Algebra II,中文,https://webap0.ncue.edu.tw/DEANV2/UploadDEAN/SUBJECT/1142/22024_1SCMA0040030.pdf,https://webapss.ncue.edu.tw/Teacher/Reports/OB020.aspx?yms_year=114&yms_sms=2&emp_id=0000425
1335,22023,數四甲,數學科教學實習(二),,系選修,,否,2,黃森山,巧思館,(一) 06-09 數研D,50,0,13,限本班,,Teaching Practicurn in Mathemtics(II),中文,https://webap0.ncue.edu.tw/DEANV2/UploadDEAN/SUBJECT/1142/22023_1SCMA0168120.pdf,https://webapss.ncue.edu.tw/Teacher/Reports/OB020.aspx?yms_year=114&yms_sms=2&emp_id=0000615
1336,22022,數四乙,中學數學課程(二),,系選修,,否,3,黃森山,巧思館,(三) 07-09 數研D,50,9,14,限本班,,Topics in Secondary Mathematics Curriculum II,中文,https://webap0.ncue.edu.tw/DEANV2/UploadDEAN/SUBJECT/1142/22022_1SCMA0188830.pdf,https://webapss.ncue.edu.tw/Teacher/Reports/OB020.aspx?yms_year=114&yms_sms=2&emp_id=0000615
1337,22021,數四甲,中學數學課程(二),,系選修,,否,3,黃森山,巧思館,(三) 02-04 數研D,50,10,16,限本班,,Topics in Secondary Mathematics Curriculum II,中文,https://webap0.ncue.edu.tw/DEANV2/UploadDEAN/SUBJECT/1142/22021_1SCMA0188830.pdf,https://webapss.ncue.edu.tw/Teacher/Reports/OB020.aspx?yms_year=114&yms_sms=2&emp_id=0000615
1338,22020,數一甲,數論,,組選修,,否,3,黃森山,巧思館,(二) 07-09 數研D,50,37,32,限本班,,Number Theory,中文,https://webap0.ncue.edu.tw/DEANV2/UploadDEAN/SUBJECT/1142/22020_1SCMA0035930.pdf,https://webapss.ncue.edu.tw/Teacher/Reports/OB020.aspx?yms_year=114&yms_sms=2&emp_id=0000615
1339,22019,數一甲,微積分(二),,系必修,,否,4,陳佑威,巧思館,(一) 03-04 數學系21108 (三) 03-04 數學系21108,50,37,57,限本班,,Calculus II,中文,https://webap0.ncue.edu.tw/DEANV2/UploadDEAN/SUBJECT/1142/22019_1SCMA0039840.pdf,https://webapss.ncue.edu.tw/Teacher/Reports/OB020.aspx?yms_year=114&yms_sms=2&emp_id=0001220
1340,22018,數二乙,高等微積分探究(二),,系選修,,否,1,陳俞碩,巧思館,(二) 06 數學系21210,50,23,26,限本班,,Exploration of Advanced Calculus II,中文,https://webap0.ncue.edu.tw/DEANV2/UploadDEAN/SUBJECT/1142/22018_1SCMA0186410.pdf,https://webapss.ncue.edu.tw/Teacher/Reports/OB020.aspx?yms_year=114&yms_sms=2&emp_id=0001189
1341,22017,數二乙,高等微積分(二),,系必修,,否,4,陳俞碩,巧思館,(一) 03-04 數學系21210 (二) 05 數學系21210 (三) 03-04 數學系21210,50,26,41,限本班,,Advanced Calculus II,中文,https://webap0.ncue.edu.tw/DEANV2/UploadDEAN/SUBJECT/1142/22017_1SCMA0014940.pdf,https://webapss.ncue.edu.tw/Teacher/Reports/OB020.aspx?yms_year=114&yms_sms=2&emp_id=0001189
1342,22016,數四乙,數學史,,組選修,,否,3,周忠強,巧思館,(二) 06-08 數學系21402,50,24,36,限本班,,History of Mathematics,中文,https://webap0.ncue.edu.tw/DEANV2/UploadDEAN/SUBJECT/1142/22016_1SCMA0184830.pdf,https://webapss.ncue.edu.tw/Teacher/Reports/OB020.aspx?yms_year=114&yms_sms=2&emp_id=0000595
1343,22015,數二乙,離散數學,,組必修,,否,3,周忠強,巧思館,(五) 02-04 數學系21109,50,23,33,限本班,,Discrete Mathematics,中文,https://webap0.ncue.edu.tw/DEANV2/UploadDEAN/SUBJECT/1142/22015_1SCMA0033830.pdf,https://webapss.ncue.edu.tw/Teacher/Reports/OB020.aspx?yms_year=114&yms_sms=2&emp_id=0000595
1344,22014,數三乙,拓樸學(一),,組必修,,否,3,李國瑋,巧思館,(三) 06-08 數學系21110,50,39,42,限本班,,Topology I,中文,https://webap0.ncue.edu.tw/DEANV2/UploadDEAN/SUBJECT/1142/22014_1SCMA0023830.pdf,https://webapss.ncue.edu.tw/Teacher/Reports/OB020.aspx?yms_year=114&yms_sms=2&emp_id=0001137
1345,22013,數三乙,複變數函數論(二),,組選修,,否,3,李國瑋,巧思館,(二) 05-06 數學系21109 (四) 05 數學系21109,50,27,32,限本班,,Complex Variables II,中文,https://webap0.ncue.edu.tw/DEANV2/UploadDEAN/SUBJECT/1142/22013_1SCMA0157330.pdf,https://webapss.ncue.edu.tw/Teacher/Reports/OB020.aspx?yms_year=114&yms_sms=2&emp_id=0001137
1346,22012,數三乙,微分幾何(一),,組必修,,否,3,李國瑋,巧思館,(一) 05 數學系21402 (三) 03-04 數學系21402,50,29,35,限本班,,Differential Geometry I,中文,https://webap0.ncue.edu.tw/DEANV2/UploadDEAN/SUBJECT/1142/22012_1SCMA0019530.pdf,https://webapss.ncue.edu.tw/Teacher/Reports/OB020.aspx?yms_year=114&yms_sms=2&emp_id=0001137
1347,22011,數博二,偏微分方程論文選讀(二),,系選修,,否,3,陳志有,巧思館,(三) 05-06 數研A (四) 02 數研A,20,0,1,可跨班系,,Reading in Partial Differential Equations II,中文,https://webap0.ncue.edu.tw/DEANV2/UploadDEAN/SUBJECT/1142/22011_1SCMA1156330.pdf,https://webapss.ncue.edu.tw/Teacher/Reports/OB020.aspx?yms_year=114&yms_sms=2&emp_id=0001072
1348,22010,數碩一,分析通論(二),,組必修,,否,3,陳志有,巧思館,(三) 07 數研A (四) 03-04 數研A,20,4,6,可跨班系,,Analysis II,中文,https://webap0.ncue.edu.tw/DEANV2/UploadDEAN/SUBJECT/1142/22010_1SCMA2020630.pdf,https://webapss.ncue.edu.tw/Teacher/Reports/OB020.aspx?yms_year=114&yms_sms=2&emp_id=0001072
1349,22009,數二乙,微分方程(二),,組選修,,否,3,蘇宣文,巧思館,(三) 08 數學系21108 (四) 05-06 數學系21108,50,37,33,限本班,,Differential Equations II,中文,https://webap0.ncue.edu.tw/DEANV2/UploadDEAN/SUBJECT/1142/22009_1SCMA0023230.pdf,https://webapss.ncue.edu.tw/Teacher/Reports/OB020.aspx?yms_year=114&yms_sms=2&emp_id=0000727
1350,22008,數二甲,高等微積分探究(二),,系選修,,否,1,蘇宣文,巧思館,(二) 06 數學系21110,50,36,40,限本班,,Exploration of Advanced Calculus II,中文,https://webap0.ncue.edu.tw/DEANV2/UploadDEAN/SUBJECT/1142/22008_1SCMA0186410.pdf,https://webapss.ncue.edu.tw/Teacher/Reports/OB020.aspx?yms_year=114&yms_sms=2&emp_id=0000727
1351,22007,數二甲,高等微積分(二),,系必修,,否,4,蘇宣文,巧思館,(一) 03-04 數學系21110 (二) 05 數學系21110 (三) 03-04 數學系21110,50,37,62,限本班,,Advanced Calculus II,中文,https://webap0.ncue.edu.tw/DEANV2/UploadDEAN/SUBJECT/1142/22007_1SCMA0014940.pdf,https://webapss.ncue.edu.tw/Teacher/Reports/OB020.aspx?yms_year=114&yms_sms=2&emp_id=0000727
1352,22006,數四乙,數學科教學實習(二),,系選修,,否,2,蔡宗龍,巧思館,(四) 01-04 數研D,50,0,14,限本班,,Teaching Practicurn in Mathemtics(II),中文,https://webap0.ncue.edu.tw/DEANV2/UploadDEAN/SUBJECT/1142/22006_1SCMA0168120.pdf,https://webapss.ncue.edu.tw/Teacher/Reports/OB020.aspx?yms_year=114&yms_sms=2&emp_id=0000984
1353,22005,數三甲,數學科教學應用與實作,,系選修,,否,2,蔡宗龍,巧思館,(二) 03-04 數研D,50,19,26,限本班,,Teaching Application and Practice of Mathematics,中文,https://webap0.ncue.edu.tw/DEANV2/UploadDEAN/SUBJECT/1142/22005_1SCMA0190920.pdf,https://webapss.ncue.edu.tw/Teacher/Reports/OB020.aspx?yms_year=114&yms_sms=2&emp_id=0000984
1354,22004,數一乙,微積分探究(二),,系選修,,否,1,蔡宗龍,巧思館,(三) 06 數學系21109,50,33,38,限本班,,Exploration of Calculus II,中文,https://webap0.ncue.edu.tw/DEANV2/UploadDEAN/SUBJECT/1142/22004_1SCMA0185610.pdf,https://webapss.ncue.edu.tw/Teacher/Reports/OB020.aspx?yms_year=114&yms_sms=2&emp_id=0000984
1355,22003,數一乙,微積分(二),,系必修,,否,4,蔡宗龍,巧思館,(一) 03-04 數學系21109 (三) 03-04 數學系21109,50,36,39,限本班,,Calculus II,中文,https://webap0.ncue.edu.tw/DEANV2/UploadDEAN/SUBJECT/1142/22003_1SCMA0039840.pdf,https://webapss.ncue.edu.tw/Teacher/Reports/OB020.aspx?yms_year=114&yms_sms=2&emp_id=0000984
1356,22002,數一乙,人工智慧及其應用,,校必(通識),,否,2,陳巧旻,圖書館,(二) 07-08 電一教室,50,0,46,限本班,大二~大四生如要修習，以線上加簽方式,Artificial Intelligence and Its Application,中文,https://webap0.ncue.edu.tw/DEANV2/UploadDEAN/SUBJECT/1142/22002_0CCGE0181420.pdf,https://webapss.ncue.edu.tw/Teacher/Reports/OB020.aspx?yms_year=114&yms_sms=2&emp_id=0001218
1357,22001,數一甲,人工智慧及其應用,,校必(通識),,否,2,陳巧旻,圖書館,(二) 03-04 電一教室,50,0,41,限本班,大二~大四生如要修習，以線上加簽方式,Artificial Intelligence and Its Application,中文,https://webap0.ncue.edu.tw/DEANV2/UploadDEAN/SUBJECT/1142/22001_0CCGE0181420.pdf,https://webapss.ncue.edu.tw/Teacher/Reports/OB020.aspx?yms_year=114&yms_sms=2&emp_id=0001218
1358,21028,科碩博,數理認知心理專題研究(二),,系選修,,否,1,温媺純,理學一館,(四) 06 教室二,20,0,1,限本系,,Topics in Cognitive Psychology of Science/Mathematics (II),中文,https://webap0.ncue.edu.tw/DEANV2/UploadDEAN/SUBJECT/1142/21028_1SCSE3151410.pdf,https://webapss.ncue.edu.tw/Teacher/Reports/OB020.aspx?yms_year=114&yms_sms=2&emp_id=0000774
1359,21027,數理創意教學境外一,數理創意教學設計,,系選修,,否,2,温媺純,,,30,0,23,限本班,2026/5/25至2026/5/29至馬來西亞上課,Creative Design for Science/Mathematics Teaching,中文,https://webap0.ncue.edu.tw/DEANV2/UploadDEAN/SUBJECT/1142/21027_1SCSEG160220.pdf,https://webapss.ncue.edu.tw/Teacher/Reports/OB020.aspx?yms_year=114&yms_sms=2&emp_id=0000774
1360,21026,數理創意教學境外一,科學教育研究法,,系選修,,否,2,簡頌沛黃莉郁,,,30,0,23,限本班,2026/3/23至2026/3/27至馬來西亞上課,Research Methods in Science Education,中文,https://webap0.ncue.edu.tw/DEANV2/UploadDEAN/SUBJECT/1142/21026_1SCSEG153520.pdf,https://webapss.ncue.edu.tw/Teacher/Reports/OB020.aspx?yms_year=114&yms_sms=2&emp_id=0001111
1361,21025,數理創意教學境外一,科學/數學遊戲設計,,系選修,,否,2,簡頌沛,,,30,0,23,限本班,2026/3/23至2026/3/27至馬來西亞上課,Design of Science/Mathemaitcs Games,中文,https://webap0.ncue.edu.tw/DEANV2/UploadDEAN/SUBJECT/1142/21025_1SCSEA156720.pdf,https://webapss.ncue.edu.tw/Teacher/Reports/OB020.aspx?yms_year=114&yms_sms=2&emp_id=0001111
1362,21024,科碩博,數理教學專題研究(一),,系選修,,否,1,鄭章華,理學一館,(一) 06  鄭章華老師研究室,20,4,5,可跨班系,,Topics in Science/Mathematics Teaching (I),中文,https://webap0.ncue.edu.tw/DEANV2/UploadDEAN/SUBJECT/1142/21024_1SCSE3150210.pdf,https://webapss.ncue.edu.tw/Teacher/Reports/OB020.aspx?yms_year=114&yms_sms=2&emp_id=0001139
1363,21023,科博二,數學建模教學理論與實務,,系選修,,否,3,秦爾聰,理學一館,(二) 07-09 秦爾聰老師研究室,20,1,2,限本系,,Theories and Practice of Mathematics Modeling Teaching,中文,https://webap0.ncue.edu.tw/DEANV2/UploadDEAN/SUBJECT/1142/21023_1SCSE3137230.pdf,https://webapss.ncue.edu.tw/Teacher/Reports/OB020.aspx?yms_year=114&yms_sms=2&emp_id=0000762
1364,21022,科碩博,認知神經科學與數理學習,,系選修,,否,3,黃莉郁,理學一館,(二) 02-04 教室一,20,6,8,限本系,,Cognitive Neuroscience and Mathematics/Science Learning,中文,https://webap0.ncue.edu.tw/DEANV2/UploadDEAN/SUBJECT/1142/21022_1SCSE3157330.pdf,https://webapss.ncue.edu.tw/Teacher/Reports/OB020.aspx?yms_year=114&yms_sms=2&emp_id=0001131
1365,21021,科博一,高等科學教育專題討論(二),,系必修,,否,2,鄭章華,理學一館,(二) 05-06 科教所會議室,20,1,1,限本系,,Advanced Research Seminar on Science Education (II),中文,https://webap0.ncue.edu.tw/DEANV2/UploadDEAN/SUBJECT/1142/21021_1SCSE1012920.pdf,https://webapss.ncue.edu.tw/Teacher/Reports/OB020.aspx?yms_year=114&yms_sms=2&emp_id=0001139
1366,21020,科碩一,科學教育專題討論(一),,系必修,,否,2,秦爾聰段曉林,理學一館,(二) 05-06 教室一,20,9,7,限本系,,Research Seminar on Science Education (I),中文,https://webap0.ncue.edu.tw/DEANV2/UploadDEAN/SUBJECT/1142/21020_1SCSE2012220.pdf,https://webapss.ncue.edu.tw/Teacher/Reports/OB020.aspx?yms_year=114&yms_sms=2&emp_id=0000762
1367,21019,科碩博,科展活動設計與研究,,系選修,,否,3,林淑梤,理學一館,(三) 05-07 教室一,20,5,10,限本系,,Science Fair Activity Design and Research,中文,https://webap0.ncue.edu.tw/DEANV2/UploadDEAN/SUBJECT/1142/21019_1SCSE3115830.pdf,https://webapss.ncue.edu.tw/Teacher/Reports/OB020.aspx?yms_year=114&yms_sms=2&emp_id=0001030
1368,21018,科碩博,數理探究教學理論與實務導論,,系選修,,否,3,段曉林,理學一館,(二) 07-09 科教所會議室,20,1,1,限本系,,Introduction to Theories and Practice of Science/Mathematics  Inquiry-based Teaching,中文,https://webap0.ncue.edu.tw/DEANV2/UploadDEAN/SUBJECT/1142/21018_1SCSE3145530.pdf,https://webapss.ncue.edu.tw/Teacher/Reports/OB020.aspx?yms_year=114&yms_sms=2&emp_id=0000242
1369,21017,科碩博,數理認知心理學,,系選修,,否,3,秦爾聰,理學一館,(一) 02-04 教室二,20,3,3,限本系,,Cognitive Psychology in Science/Mathematics Education,中文,https://webap0.ncue.edu.tw/DEANV2/UploadDEAN/SUBJECT/1142/21017_1SCSE3139430.pdf,https://webapss.ncue.edu.tw/Teacher/Reports/OB020.aspx?yms_year=114&yms_sms=2&emp_id=0000762
1370,21013,科碩博,數理教育心理學,,系選修,,否,3,温媺純,理學一館,(一) 06-08 教室一,20,2,7,可跨班系,,Psychology of Science/Mathematics Education,中文,https://webap0.ncue.edu.tw/DEANV2/UploadDEAN/SUBJECT/1142/21013_1SCSE3143230.pdf,https://webapss.ncue.edu.tw/Teacher/Reports/OB020.aspx?yms_year=114&yms_sms=2&emp_id=0000774
1371,21012,科碩博,批判思考,,系選修,,否,3,秦爾聰,理學一館,(五) 03-04、14 教室二,20,3,6,限本系,,Critical Thinking,中文,https://webap0.ncue.edu.tw/DEANV2/UploadDEAN/SUBJECT/1142/21012_1SCSE3140030.pdf,https://webapss.ncue.edu.tw/Teacher/Reports/OB020.aspx?yms_year=114&yms_sms=2&emp_id=0000762
1372,21011,科博二,高等數學探究學習與教學專題研究(二),,系選修,,否,1,秦爾聰,理學一館,(二) 01 秦爾聰老師研究室,20,1,1,限本系,,Advanced Topics in Mathematics Inquriy-based Learning and Teaching (II),中文,https://webap0.ncue.edu.tw/DEANV2/UploadDEAN/SUBJECT/1142/21011_1SCSE1152010.pdf,https://webapss.ncue.edu.tw/Teacher/Reports/OB020.aspx?yms_year=114&yms_sms=2&emp_id=0000762
1373,21010,科碩博,數理教育統計,,系選修,,否,3,黃莉郁,理學一館,(二) 07-09 教室二,20,5,8,可跨班系,,Science/Mathematics Educational Statistics,中文,https://webap0.ncue.edu.tw/DEANV2/UploadDEAN/SUBJECT/1142/21010_1SCSE3136030.pdf,https://webapss.ncue.edu.tw/Teacher/Reports/OB020.aspx?yms_year=114&yms_sms=2&emp_id=0001131
1374,21009,科碩博,數理教育論文閱讀與寫作(一),,系選修,,否,3,林淑梤,理學一館,(二) 02-04 科教所會議室,20,0,2,限本系,,Academic Reading and Writing for Science/Mathematics Education (I),中文,https://webap0.ncue.edu.tw/DEANV2/UploadDEAN/SUBJECT/1142/21009_1SCSE3147830.pdf,https://webapss.ncue.edu.tw/Teacher/Reports/OB020.aspx?yms_year=114&yms_sms=2&emp_id=0001030
1375,21008,科碩博,高等教育統計,,系選修,,否,3,簡頌沛,理學一館,(二) 07-09 教室一,20,6,4,限本系,,Advanced Educational Statistics,中文,https://webap0.ncue.edu.tw/DEANV2/UploadDEAN/SUBJECT/1142/21008_1SCSE3114630.pdf,https://webapss.ncue.edu.tw/Teacher/Reports/OB020.aspx?yms_year=114&yms_sms=2&emp_id=0001111
1376,21007,科碩二,論文指導(二),,系必修,,否,3,論文,,,20,2,4,限本系,,Thesis Supervision (II),無,,
1377,21006,科碩二,論文指導(一),,系必修,,否,3,論文,,,20,3,3,限本系,,Thesis Supervision (I),無,,
1378,21005,科碩二,碩士論文,,系必修,,否,0,論文,,,20,3,7,限本系,,Master Thesis,無,,
1379,21004,科博四,論文指導(二),,系必修,,否,3,論文,,,20,2,3,限本系,,Thesis Supervision (II),無,,
1380,21003,科博四,論文指導(一),,系必修,,否,3,論文,,,20,0,0,限本系,「本課程網路選課人數未達開課人數，請洽開課單位。」,Thesis Supervision (I),無,,
1381,21002,科博四,博士論文,,系必修,,否,0,論文,,,20,3,5,限本系,,Doctoral Dissertation,無,,
1382,21001,科碩博,質的研究法,,系選修,,否,3,段曉林,理學一館,(三) 02-04 教室一,20,9,10,限本系,,Qualitative Research,中文,https://webap0.ncue.edu.tw/DEANV2/UploadDEAN/SUBJECT/1142/21001_1SCSE3136530.pdf,https://webapss.ncue.edu.tw/Teacher/Reports/OB020.aspx?yms_year=114&yms_sms=2&emp_id=0000242
1383,20105,理學院,自然科學領域探究與實作專題,,系選修,,否,2,林泱蔚,教學大樓,(一) 08-09 T206,50,10,9,可跨班系,,Inquiry and practice in science:Special topic,中文,https://webap0.ncue.edu.tw/DEANV2/UploadDEAN/SUBJECT/1142/20105_1SCSC0100620.pdf,https://webapss.ncue.edu.tw/Teacher/Reports/OB020.aspx?yms_year=114&yms_sms=2&emp_id=0000995
1384,20104,理學院,自然科學領域探究與實作專題,,系選修,,否,2,曹峯溢,教學大樓,(一) 08-09 T102,50,9,9,可跨班系,,Inquiry and practice in science:Special topic,中文,https://webap0.ncue.edu.tw/DEANV2/UploadDEAN/SUBJECT/1142/20104_1SCSC0100620.pdf,https://webapss.ncue.edu.tw/Teacher/Reports/OB020.aspx?yms_year=114&yms_sms=2&emp_id=0001166
1385,20103,理學院,自然科學領域探究與實作專題,,系選修,,否,2,柯宜謀,教學大樓,(一) 08-09 T205,50,11,12,可跨班系,,Inquiry and practice in science:Special topic,中文,https://webap0.ncue.edu.tw/DEANV2/UploadDEAN/SUBJECT/1142/20103_1SCSC0100620.pdf,https://webapss.ncue.edu.tw/Teacher/Reports/OB020.aspx?yms_year=114&yms_sms=2&emp_id=0000893
1386,20102,理學院,科學大數據專題(二),,系選修,,否,3,胡欽評林杰蕭乃文,教學大樓,(一) 09 T203 (二) 09 T203 (三) 09 T203,50,6,10,可跨班系,本課程為專題課程，選課前請先連絡授課教師並討論專題細節。,Special Topics on Big Data Science (II),中文,https://webap0.ncue.edu.tw/DEANV2/UploadDEAN/SUBJECT/1142/20102_1SCSC0102030.pdf,https://webapss.ncue.edu.tw/Teacher/Reports/OB020.aspx?yms_year=114&yms_sms=2&emp_id=0001122
1387,20101,理學院,地球科學(二),,系選修,,否,2,孫立中,教學大樓,(五) 01-02 T103,80,58,73,可跨班系,,Earth Science II,中文,https://webap0.ncue.edu.tw/DEANV2/UploadDEAN/SUBJECT/1142/20101_1SCSC0100420.pdf,https://webapss.ncue.edu.tw/Teacher/Reports/OB020.aspx?yms_year=114&yms_sms=2&emp_id=9900225
1388,19016,高照原民專班三,當代原住民族社會議題,,系選修,,否,3,瑪芽·芭拉拉菲,教學大樓,(三) 05-07 T301,50,25,25,限本班,課程大綱請點我下載；系選修，待聘教師,Contemporary Social Issues in Indigenous People,中文,https://webap0.ncue.edu.tw/DEANV2/UploadDEAN/SUBJECT/1142/19016_1EDIP0104230.pdf,https://webapss.ncue.edu.tw/Teacher/Reports/OB020.aspx?yms_year=114&yms_sms=2&emp_id=4000090
1389,19015,高照原民專班三,生死學與臨終關懷,,系選修,,否,3,徐祖選,教學大樓,(二) 05-07 T205,50,24,24,限本班,系選修,Life and Death Studies and Hospice Care,中文,https://webap0.ncue.edu.tw/DEANV2/UploadDEAN/SUBJECT/1142/19015_1EDIP0101330.pdf,https://webapss.ncue.edu.tw/Teacher/Reports/OB020.aspx?yms_year=114&yms_sms=2&emp_id=0001143
1390,19014,高照原民專班三,老人健康促進活動設計與實務,,系必修,,否,3,徐賀筠,教學大樓,(二) 02-04 T304,50,25,26,限本班,系必修,Design and Practice of Health Promotion Activities for the Elderly,中文,https://webap0.ncue.edu.tw/DEANV2/UploadDEAN/SUBJECT/1142/19014_1EDIP0107130.pdf,https://webapss.ncue.edu.tw/Teacher/Reports/OB020.aspx?yms_year=114&yms_sms=2&emp_id=9901260
1391,19013,高照原民專班二,原住民族語(二),,系選修,,否,3,邱孟玲,教學大樓,(二) 02-04 T306,50,20,22,限本班,系選修,Indigenous Languages(2),中英,https://webap0.ncue.edu.tw/DEANV2/UploadDEAN/SUBJECT/1142/19013_1EDIP0106230.pdf,https://webapss.ncue.edu.tw/Teacher/Reports/OB020.aspx?yms_year=114&yms_sms=2&emp_id=9901292
1392,19012,高照原民專班二,高齡健康促進專題,,系選修,,否,3,徐祖選,教學大樓,(三) 02-04 T306,50,21,22,限本班,系選修,Special Topics on Health Promotion for Older Adults,中文,https://webap0.ncue.edu.tw/DEANV2/UploadDEAN/SUBJECT/1142/19012_1EDIP0107630.pdf,https://webapss.ncue.edu.tw/Teacher/Reports/OB020.aspx?yms_year=114&yms_sms=2&emp_id=0001143
1393,19011,高照原民專班二,健康體適能,,系選修,,否,3,江勁彥,教學大樓,(四) 05-07 T306,50,21,22,限本班,系選修,Health Related Physical Fitness,中文,https://webap0.ncue.edu.tw/DEANV2/UploadDEAN/SUBJECT/1142/19011_1EDIP0102930.pdf,https://webapss.ncue.edu.tw/Teacher/Reports/OB020.aspx?yms_year=114&yms_sms=2&emp_id=0000690
1394,19010,高照原民專班二,原住民族文化安全導論,,系選修,,否,3,黃筱晶,教學大樓,(三) 05-07 T306,50,21,22,限本班,系選修,Introduction of Cultural Safety of Indigenous People,中文,https://webap0.ncue.edu.tw/DEANV2/UploadDEAN/SUBJECT/1142/19010_1EDIP0106130.pdf,https://webapss.ncue.edu.tw/Teacher/Reports/OB020.aspx?yms_year=114&yms_sms=2&emp_id=9901342
1395,19009,高照原民專班二,高齡照顧活動設計,,系必修,,否,3,施芊卉,教學大樓,(二) 05-07 T306,50,21,23,限本系,系必修,Care Activity Designs for Older Adults,中文,https://webap0.ncue.edu.tw/DEANV2/UploadDEAN/SUBJECT/1142/19009_1EDIP0104930.pdf,https://webapss.ncue.edu.tw/Teacher/Reports/OB020.aspx?yms_year=114&yms_sms=2&emp_id=9901343
1396,19008,高照原民專班二,照顧服務實務,,系必修,,否,3,林淑卿,教學大樓,(一) 05-07 T306,50,21,24,限本系,系必修,Care Service Practice,中文,https://webap0.ncue.edu.tw/DEANV2/UploadDEAN/SUBJECT/1142/19008_1EDIP0106630.pdf,https://webapss.ncue.edu.tw/Teacher/Reports/OB020.aspx?yms_year=114&yms_sms=2&emp_id=9901338
1397,19007,高照原民專班二,照顧服務理論,,系必修,,否,3,怡懋．蘇米瑪芽·芭拉拉菲,教學大樓,(一) 02-04 T306,50,21,23,限本系,"系必修 ,怡懋．蘇米副教授*2/3；新聘教師*1/3",Care Service Theory,中文,https://webap0.ncue.edu.tw/DEANV2/UploadDEAN/SUBJECT/1142/19007_1EDIP0106530.pdf,https://webapss.ncue.edu.tw/Teacher/Reports/OB020.aspx?yms_year=114&yms_sms=2&emp_id=0001193
1398,19006,高照原民專班一,原住民族社區服務設計,,系選修,,否,3,瑪芽·芭拉拉菲,教學大樓,(三) 02-04 T305,50,33,31,限本班,"課程大綱請點我下載；選修,待聘教師",Service Designs for Indigenous Communities,中文,https://webap0.ncue.edu.tw/DEANV2/UploadDEAN/SUBJECT/1142/19006_1EDIP0103330.pdf,https://webapss.ncue.edu.tw/Teacher/Reports/OB020.aspx?yms_year=114&yms_sms=2&emp_id=4000090
1399,19005,高照原民專班一,照顧機構管理與產業趨勢,,系選修,,否,3,林秀英,教學大樓,(二) 02-04 T305,50,32,30,限本班,選修,Management and Industrial Trend of Care Institutions,中文,https://webap0.ncue.edu.tw/DEANV2/UploadDEAN/SUBJECT/1142/19005_1EDIP0105430.pdf,https://webapss.ncue.edu.tw/Teacher/Reports/OB020.aspx?yms_year=114&yms_sms=2&emp_id=9901263
1400,19004,高照原民專班一,高齡照顧與倫理,,系必修,,否,3,徐祖選,教學大樓,(四) 02-04 T305,50,33,31,限本班,系必修,Ethics in the Care for Older Adults,中文,https://webap0.ncue.edu.tw/DEANV2/UploadDEAN/SUBJECT/1142/19004_1EDIP0106430.pdf,https://webapss.ncue.edu.tw/Teacher/Reports/OB020.aspx?yms_year=114&yms_sms=2&emp_id=0001143
1401,19003,高照原民專班一,照顧服務實務,,系必修,,否,3,瑪芽·芭拉拉菲,教學大樓,(四) 07-09 T305,50,33,31,限本班,課程大綱請點我下載；系必修，待聘教師,Care Service Practice,中文,https://webap0.ncue.edu.tw/DEANV2/UploadDEAN/SUBJECT/1142/19003_1EDIP0106630.pdf,https://webapss.ncue.edu.tw/Teacher/Reports/OB020.aspx?yms_year=114&yms_sms=2&emp_id=4000090
1402,19002,高照原民專班一,照顧服務理論,,系必修,,否,3,怡懋．蘇米,教學大樓,(二) 05-07 T305,50,33,31,限本班,必修,Care Service Theory,中文,https://webap0.ncue.edu.tw/DEANV2/UploadDEAN/SUBJECT/1142/19002_1EDIP0106530.pdf,https://webapss.ncue.edu.tw/Teacher/Reports/OB020.aspx?yms_year=114&yms_sms=2&emp_id=0001193
1403,19001,高照原民專班一,生命探索發展與實踐,,校必(通識),,否,2,謝秋蘭,教學大樓,(三) 07-08 T305,50,0,34,限本班,大二~大四生如要修習，以線上加簽方式,Life and Career Development and Practice,中文,https://webap0.ncue.edu.tw/DEANV2/UploadDEAN/SUBJECT/1142/19001_0CCGE0177920.pdf,https://webapss.ncue.edu.tw/Teacher/Reports/OB020.aspx?yms_year=114&yms_sms=2&emp_id=0000980
1404,14015,復碩三,論文指導(二),,系必修,,否,3,論文,,,20,5,10,限本系,,Thesis Supervision II,無,,
1405,14014,復碩三,論文指導(一),,系必修,,否,3,論文,,,20,0,0,限本系,,Thesis Supervision I,無,,
1406,14013,復碩三,碩士論文,,系必修,,否,0,論文,,,20,7,25,限本系,,Master Thesis,無,,
1407,14012,復碩三,駐地實習(B),,系選修,,否,3,鄭鈴諭,至善館,(五) 05-07 12120教材教法與實習室,20,9,11,限本班,,Intership (B),中文,https://webap0.ncue.edu.tw/DEANV2/UploadDEAN/SUBJECT/1142/14012_1EDRC2125830.pdf,https://webapss.ncue.edu.tw/Teacher/Reports/OB020.aspx?yms_year=114&yms_sms=2&emp_id=9901175
1408,14011,復碩博,單一受試研究法,,系選修,,否,3,鳳華,至善館,(四) 02-04 12120教材教法與實習室,20,18,10,限本系,,Single-Subject Research Design,中文,https://webap0.ncue.edu.tw/DEANV2/UploadDEAN/SUBJECT/1142/14011_1EDRC3134030.pdf,https://webapss.ncue.edu.tw/Teacher/Reports/OB020.aspx?yms_year=114&yms_sms=2&emp_id=0000543
1409,14010,復碩二,自閉症者復健諮商專題研究,,系選修,,否,3,鳳華,至善館,(三) 02-04 12120教材教法與實習室,20,6,9,限本班,,Seminar in Rehabilitation Counseling of Individuals with Austism,中文,https://webap0.ncue.edu.tw/DEANV2/UploadDEAN/SUBJECT/1142/14010_1EDRC2030630.pdf,https://webapss.ncue.edu.tw/Teacher/Reports/OB020.aspx?yms_year=114&yms_sms=2&emp_id=0000543
1410,14009,復碩一,復健諮商實習(一),,系必修,,否,2,王敏行鳳華,湖濱館,(五) 01-02 湖濱3樓討論室,20,9,9,限本班,,Field Experience/Practicum in Rehabilitation Counseling I,中文,https://webap0.ncue.edu.tw/DEANV2/UploadDEAN/SUBJECT/1142/14009_1EDRC2126520.pdf,https://webapss.ncue.edu.tw/Teacher/Reports/OB020.aspx?yms_year=114&yms_sms=2&emp_id=0000936
1411,14008,復碩一,身心障礙者生涯諮商與工作安置,,系選修,,否,3,王敏行,湖濱館,(四) 05-07 湖濱3樓討論室,20,7,9,限本班,,Career Counseling and Job Placement for Individuals with Disability,中文,https://webap0.ncue.edu.tw/DEANV2/UploadDEAN/SUBJECT/1142/14008_1EDRC2128330.pdf,https://webapss.ncue.edu.tw/Teacher/Reports/OB020.aspx?yms_year=114&yms_sms=2&emp_id=0000936
1412,14007,復碩一,諮商與心理治療理論,,系選修,,否,3,李華璋,至善館,(三) 05-07 12120教材教法與實習室,20,8,8,限本班,,Theories of Counseling and Psychotherapy,中文,https://webap0.ncue.edu.tw/DEANV2/UploadDEAN/SUBJECT/1142/14007_1EDRC2016830.pdf,https://webapss.ncue.edu.tw/Teacher/Reports/OB020.aspx?yms_year=114&yms_sms=2&emp_id=9900800
1413,14006,復碩一,職業輔導評量實務研究,,系選修,,否,2,王敏行,至善館,(二) 08-09 12120教材教法與實習室,20,9,11,限本班,,Seminar in Practice of Vocational Evaluation,中文,https://webap0.ncue.edu.tw/DEANV2/UploadDEAN/SUBJECT/1142/14006_1EDRC2014720.pdf,https://webapss.ncue.edu.tw/Teacher/Reports/OB020.aspx?yms_year=114&yms_sms=2&emp_id=0000936
1414,14005,復碩一,職業輔導評量的理論與應用,,系選修,,否,3,王敏行,至善館,(二) 05-07 12120教材教法與實習室,20,9,11,限本班,,Theory and application of Vocational Evaluation,中文,https://webap0.ncue.edu.tw/DEANV2/UploadDEAN/SUBJECT/1142/14005_1EDRC2014030.pdf,https://webapss.ncue.edu.tw/Teacher/Reports/OB020.aspx?yms_year=114&yms_sms=2&emp_id=0000936
1415,14004,復碩一,團體諮商,,系選修,,否,3,陳嘉雯,至善館,(一) 05-07 12120教材教法與實習室,20,8,7,限本班,,Group Counseling,中文,https://webap0.ncue.edu.tw/DEANV2/UploadDEAN/SUBJECT/1142/14004_1EDRC2129030.pdf,https://webapss.ncue.edu.tw/Teacher/Reports/OB020.aspx?yms_year=114&yms_sms=2&emp_id=9901317
1416,14003,復碩二,變態心理學研究,,系選修,,否,3,王作仁,教學大樓,(六) 02-04 T103,20,11,15,限本系,,Seminar in Abnormal Psychology,中文,https://webap0.ncue.edu.tw/DEANV2/UploadDEAN/SUBJECT/1142/14003_1EDRC2024430.pdf,https://webapss.ncue.edu.tw/Teacher/Reports/OB020.aspx?yms_year=114&yms_sms=2&emp_id=9900710
1417,14002,復大學,諮商理論與技術,,系選修,,否,3,江玉靖,教學大樓,(三) 10-12 T202,50,9,14,可跨班系,,Theories & Techniques of Counseling,中文,https://webap0.ncue.edu.tw/DEANV2/UploadDEAN/SUBJECT/1142/14002_1EDRC0130530.pdf,https://webapss.ncue.edu.tw/Teacher/Reports/OB020.aspx?yms_year=114&yms_sms=2&emp_id=9900918
1418,14001,復大學,復健諮商導論,,系選修,,否,3,陳淑美陳綺昀,教學大樓,(二) 10-12 T202,50,8,14,可跨班系,,Introduction to Rehabilitation Counseling,中文,https://webap0.ncue.edu.tw/DEANV2/UploadDEAN/SUBJECT/1142/14001_1EDRC0127130.pdf,https://webapss.ncue.edu.tw/Teacher/Reports/OB020.aspx?yms_year=114&yms_sms=2&emp_id=9900991
1419,13030,教育學暨學校行政境碩三,論文,,系必修,,否,0,論文,,,30,0,17,限本班,,Thesis,中文,https://webap0.ncue.edu.tw/DEANV2/UploadDEAN/SUBJECT/1142/13030_1EDEDG124300.pdf,
1420,13029,教育學暨學校行政境碩三,移地研究,,系選修,,否,2,林國楨彭進財龔心怡,,,30,0,17,限本班,,Travel Study,中文,https://webap0.ncue.edu.tw/DEANV2/UploadDEAN/SUBJECT/1142/13029_1EDEDG168820.pdf,https://webapss.ncue.edu.tw/Teacher/Reports/OB020.aspx?yms_year=114&yms_sms=2&emp_id=0000775
1421,13028,教育創新與人力發展二,論文指導,,系必修,,否,4,論文,,,40,0,28,限本系,,Thesis Supervision,中文,https://webap0.ncue.edu.tw/DEANV2/UploadDEAN/SUBJECT/1142/13028_1EDEDE160340.pdf,
1422,13027,教育創新與人力發展二,論文,,系必修,,否,0,論文,,,60,0,54,限本系,,Masters' Thesis,中文,https://webap0.ncue.edu.tw/DEANV2/UploadDEAN/SUBJECT/1142/13027_1EDEDE157300.pdf,
1423,13026,教育創新與人力發展二,老年學研究,,系選修,,否,2,徐祖選,明德館,(二) 10-13 11401,30,0,25,限本班,"單週上課,第1次上課時間2/24",Gerontology,中文,https://webap0.ncue.edu.tw/DEANV2/UploadDEAN/SUBJECT/1142/13026_1EDEDE158520.pdf,https://webapss.ncue.edu.tw/Teacher/Reports/OB020.aspx?yms_year=114&yms_sms=2&emp_id=0001143
1424,13025,教育創新與人力發展二,健康促進與管理研究,,系選修,,否,2,邱俊杰,明德館,(二) 10-13 11401,30,0,28,限本班,"雙週上課,第1次上課時間3/3",Studies in Health Promotion and Management,中文,https://webap0.ncue.edu.tw/DEANV2/UploadDEAN/SUBJECT/1142/13025_1EDEDE165820.pdf,https://webapss.ncue.edu.tw/Teacher/Reports/OB020.aspx?yms_year=114&yms_sms=2&emp_id=9901361
1425,13024,教育創新與人力發展一,移地研究,,系選修,,否,2,林素卿林國楨,明德館,(一) 10-11 視聽教室,30,0,19,限本班,,Travel Study,中文,https://webap0.ncue.edu.tw/DEANV2/UploadDEAN/SUBJECT/1142/13024_1EDEDE158220.pdf,https://webapss.ncue.edu.tw/Teacher/Reports/OB020.aspx?yms_year=114&yms_sms=2&emp_id=0000761
1426,13023,教育創新與人力發展一,繪本與創意教學研究,,系選修,,否,2,徐德成,明德館,(四) 10-13 視聽教室,30,0,31,限本班,"單週上課,第1次上課時間2/26",Studies on Picture Books and Creative Teaching,中英,https://webap0.ncue.edu.tw/DEANV2/UploadDEAN/SUBJECT/1142/13023_1EDEDE167020.pdf,https://webapss.ncue.edu.tw/Teacher/Reports/OB020.aspx?yms_year=114&yms_sms=2&emp_id=6000266
1427,13022,教育創新與人力發展一,教育與哲學創新研究,,系選修,,否,2,楊忠斌,明德館,(三) 12-13 視聽教室,30,0,28,限本班,,Studies in Education and philosophy Innovation,中文,https://webap0.ncue.edu.tw/DEANV2/UploadDEAN/SUBJECT/1142/13022_1EDEDE162020.pdf,https://webapss.ncue.edu.tw/Teacher/Reports/OB020.aspx?yms_year=114&yms_sms=2&emp_id=0000760
1428,13021,教育創新與人力發展一,動機與激勵研究,,系選修,,是,2,王智弘,明德館,(三) 10-11 視聽教室,30,0,29,限本班,,Studies in Motive and Motivation,中英,https://webap0.ncue.edu.tw/DEANV2/UploadDEAN/SUBJECT/1142/13021_1EDEDE158420.pdf,https://webapss.ncue.edu.tw/Teacher/Reports/OB020.aspx?yms_year=114&yms_sms=2&emp_id=0000814
1429,13020,教育創新與人力發展一,社會心理學研究,,系選修,,否,2,龔心怡,明德館,(二) 10-13 視聽教室,30,0,28,限本班,"雙週上課,第1次上課時間3/3",Studies in Social Psychology,中文,https://webap0.ncue.edu.tw/DEANV2/UploadDEAN/SUBJECT/1142/13020_1EDEDE156020.pdf,https://webapss.ncue.edu.tw/Teacher/Reports/OB020.aspx?yms_year=114&yms_sms=2&emp_id=0000801
1430,13019,教博二,論文指導(二),,系必修,,否,3,論文,,,20,2,2,限本系,,Thesis Supervision II,無,,
1431,13018,教碩二,論文指導(二),,系必修,,否,3,論文,,,20,11,16,限本系,,Thesis Supervision II,無,,
1432,13017,教碩二,論文,,系必修,,否,0,論文,,,40,17,33,限本系,,Thesis,無,,
1433,13016,教博二,論文,,系必修,,否,0,論文,,,20,8,18,限本系,,Thesis,無,,
1434,13015,教博一,教育心理學專題研究,,系選修,,否,3,龔心怡,明德館,(三) 08-10 教研Ａ,20,5,9,限本系,,Seminar on Educational Psychology,中文,https://webap0.ncue.edu.tw/DEANV2/UploadDEAN/SUBJECT/1142/13015_1EDED1008030.pdf,https://webapss.ncue.edu.tw/Teacher/Reports/OB020.aspx?yms_year=114&yms_sms=2&emp_id=0000801
1435,13014,教碩博,創造力與問題解決專題研究,,系選修,,是,3,王智弘,明德館,(三) 02-04 視聽教室,20,10,12,可跨班系,,Seminar on Creativity and Problem Solving,中英,https://webap0.ncue.edu.tw/DEANV2/UploadDEAN/SUBJECT/1142/13014_1EDED3112530.pdf,https://webapss.ncue.edu.tw/Teacher/Reports/OB020.aspx?yms_year=114&yms_sms=2&emp_id=0000814
1436,13012,教博一,移地專題研究,,系選修,,否,3,林國楨楊忠斌,明德館,(四) 05-07 教研B,20,11,13,限本系,,Field Study,中文,https://webap0.ncue.edu.tw/DEANV2/UploadDEAN/SUBJECT/1142/13012_1EDED1165430.pdf,https://webapss.ncue.edu.tw/Teacher/Reports/OB020.aspx?yms_year=114&yms_sms=2&emp_id=0000775
1437,13011,教碩博,教育領導自主學習專題研究,,系選修,,否,3,林國楨,明德館,(五) 05-07 視聽教室,20,20,21,限本系,,Self-Directed Research on Educational Leadership,中文,https://webap0.ncue.edu.tw/DEANV2/UploadDEAN/SUBJECT/1142/13011_1EDED3166330.pdf,https://webapss.ncue.edu.tw/Teacher/Reports/OB020.aspx?yms_year=114&yms_sms=2&emp_id=0000775
1438,13010,教博二,教育與學校行政實習專題研究,,系選修,,否,3,林國楨,明德館,(五) 08-10 視聽教室,20,11,14,限本系,,Education and Practicum of  School Administration,中文,https://webap0.ncue.edu.tw/DEANV2/UploadDEAN/SUBJECT/1142/13010_1EDED1107630.pdf,https://webapss.ncue.edu.tw/Teacher/Reports/OB020.aspx?yms_year=114&yms_sms=2&emp_id=0000775
1439,13009,教碩博,教學心理學專題研究,,系選修,,否,3,龔心怡,明德館,(三) 05-07 教研Ａ,20,7,10,限本系,,Seminar on Instructional Psychology,中文,https://webap0.ncue.edu.tw/DEANV2/UploadDEAN/SUBJECT/1142/13009_1EDED3112730.pdf,https://webapss.ncue.edu.tw/Teacher/Reports/OB020.aspx?yms_year=114&yms_sms=2&emp_id=0000801
1440,13008,教博一,教育哲學專題研究,,系選修,,否,3,楊忠斌,明德館,(三) 08-10 教研B,20,5,7,限本系,,Seminar in Educational Philosophy,中文,https://webap0.ncue.edu.tw/DEANV2/UploadDEAN/SUBJECT/1142/13008_1EDED1009230.pdf,https://webapss.ncue.edu.tw/Teacher/Reports/OB020.aspx?yms_year=114&yms_sms=2&emp_id=0000760
1441,13007,教碩一,動機心理學專題研究,,系選修,,否,3,王智弘,明德館,(三) 05-07 視聽教室,20,9,8,可跨班系,,Psychology of Motivation,英文,https://webap0.ncue.edu.tw/DEANV2/UploadDEAN/SUBJECT/1142/13007_1EDED3161830_EN.pdf,https://webapss.ncue.edu.tw/Teacher/Reports/OB020.aspx?yms_year=114&yms_sms=2&emp_id=0000814
1442,13006,教碩一,教育社會學研究,,系選修,,否,3,楊忠斌,明德館,(二) 05-07 視聽教室,20,17,18,限本系,,Seminar on Sociology of Education,中文,https://webap0.ncue.edu.tw/DEANV2/UploadDEAN/SUBJECT/1142/13006_1EDED2113430.pdf,https://webapss.ncue.edu.tw/Teacher/Reports/OB020.aspx?yms_year=114&yms_sms=2&emp_id=0000760
1443,13005,教博二,質性研究資料分析,,系選修,,否,3,吳璧如,明德館,(二) 08-10 教研B,20,5,7,可跨班系,,Qualitative research data analysis,中文,https://webap0.ncue.edu.tw/DEANV2/UploadDEAN/SUBJECT/1142/13005_1EDED3102330.pdf,https://webapss.ncue.edu.tw/Teacher/Reports/OB020.aspx?yms_year=114&yms_sms=2&emp_id=0000575
1444,13004,教博二,課程決策與領導專題研究,,系選修,,否,3,林素卿,明德館,(二) 05-07 教研Ａ,20,2,3,限本系,,Seminar on Curriculum Decision-Making and Leadership,中文,https://webap0.ncue.edu.tw/DEANV2/UploadDEAN/SUBJECT/1142/13004_1EDED1109430.pdf,https://webapss.ncue.edu.tw/Teacher/Reports/OB020.aspx?yms_year=114&yms_sms=2&emp_id=0000761
1445,13003,教碩一,質的研究法,,系選修,,否,3,吳璧如,明德館,(二) 02-04 教研B,20,14,13,可跨班系,,Qualitative Research Methods,中文,https://webap0.ncue.edu.tw/DEANV2/UploadDEAN/SUBJECT/1142/13003_1EDED2006230.pdf,https://webapss.ncue.edu.tw/Teacher/Reports/OB020.aspx?yms_year=114&yms_sms=2&emp_id=0000575
1446,13002,教碩一,高等教育統計學與統計軟體應用(二),,系必修,,否,2,王智弘,明德館,(一) 06-07 視聽教室,20,21,22,限本系,,Advanced Educational Statistics & the Application of Statistics Software II,中文,https://webap0.ncue.edu.tw/DEANV2/UploadDEAN/SUBJECT/1142/13002_1EDED3150820.pdf,https://webapss.ncue.edu.tw/Teacher/Reports/OB020.aspx?yms_year=114&yms_sms=2&emp_id=0000814
1447,13001,教育創新與人力發展一,行動研究,,系選修,,否,2,林素卿,明德館,(二) 10-13 視聽教室,30,0,28,限本班,"單週上課,第1次上課時間2/24",Action Research,中文,https://webap0.ncue.edu.tw/DEANV2/UploadDEAN/SUBJECT/1142/13001_1EDEDC024120.pdf,https://webapss.ncue.edu.tw/Teacher/Reports/OB020.aspx?yms_year=114&yms_sms=2&emp_id=0000761
1448,12063,特碩二,論文指導(一),,系必修,,否,3,論文,,,20,0,1,限本系,,Thesis Supervision I,無,,
1449,12062,特三乙,特殊教育教學實習(一),,組必修,,否,2,洪雅惠熊怡淇,至善館,(三) 01-04 12303,50,29,37,限本班,1.此為特教學程(身障組)教學實習，須先修畢學習功能輕微缺損學生教材教法2.特教學程(身障)教育實踐必修3.洪雅惠老師2小時，熊怡淇老師2小時,Practicum in Special Education I,中文,https://webap0.ncue.edu.tw/DEANV2/UploadDEAN/SUBJECT/1142/12062_1EDSE0013920.pdf,https://webapss.ncue.edu.tw/Teacher/Reports/OB020.aspx?yms_year=114&yms_sms=2&emp_id=0000862
1450,12061,特三甲,特殊教育教學實習(一),,組必修,,否,2,田凱倩,至善館,(三) 05-08 12302,50,30,43,限本班,1.此為特教學程(身障組)教學實習，須先修畢學習功能輕微缺損學生教材教法2.特教學程(身障)教育實踐必修,Practicum in Special Education I,中文,https://webap0.ncue.edu.tw/DEANV2/UploadDEAN/SUBJECT/1142/12061_1EDSE0013920.pdf,https://webapss.ncue.edu.tw/Teacher/Reports/OB020.aspx?yms_year=114&yms_sms=2&emp_id=0000989
1451,12060,特三甲,特殊教育教學實習(二),,組必修,,否,2,張靖卿,至善館,(一) 05-08 12302,50,5,3,限本班,此為特教學程(資優組)教學實習，須先修畢資賊優異學生教材教法(二),Practicum in Special Education II,中文,https://webap0.ncue.edu.tw/DEANV2/UploadDEAN/SUBJECT/1142/12060_1EDSE0014020.pdf,https://webapss.ncue.edu.tw/Teacher/Reports/OB020.aspx?yms_year=114&yms_sms=2&emp_id=0000913
1452,12059,特三甲,特殊教育教學實習(一),,組必修,,否,2,張靖卿,至善館,(一) 01-04 12302,50,5,3,限本班,此為特教學程(資優組)教學實習，須先修畢資賊優異學生教材教法(一),Practicum in Special Education I,中文,https://webap0.ncue.edu.tw/DEANV2/UploadDEAN/SUBJECT/1142/12059_1EDSE0013920.pdf,https://webapss.ncue.edu.tw/Teacher/Reports/OB020.aspx?yms_year=114&yms_sms=2&emp_id=0000913
1453,12058,特碩二,碩士論文,,系必修,,否,0,論文,,,20,8,23,可跨班系,,Thesis,無,,
1454,12057,特碩二,論文指導(二),,系必修,,否,3,論文,,,20,9,13,可跨班系,,Thesis Supervision II,無,,
1455,12056,特碩二,特殊教育實習,,系必修,,否,2,楊雅惠,至善館,(一) 01-04 特研a,20,10,10,可跨班系,,Practicum in Special Education,中文,https://webap0.ncue.edu.tw/DEANV2/UploadDEAN/SUBJECT/1142/12056_1EDSE2010320.pdf,https://webapss.ncue.edu.tw/Teacher/Reports/OB020.aspx?yms_year=114&yms_sms=2&emp_id=0000850
1456,12055,特碩一,身心障礙學生學業性課程與教材研究,,組必修,,否,3,洪雅惠,至善館,(五) 05-07 12303,20,11,11,可跨班系,,Curriculum for Teaching Students with Special Needs,中文,https://webap0.ncue.edu.tw/DEANV2/UploadDEAN/SUBJECT/1142/12055_1EDSE2175030.pdf,https://webapss.ncue.edu.tw/Teacher/Reports/OB020.aspx?yms_year=114&yms_sms=2&emp_id=0000862
1457,12054,特碩一,身心障礙學生之學習策略,,組必修,,否,3,陳怡慧,至善館,(五) 02-04 特研a,20,14,13,可跨班系,,Learning Strategies for Students with Disabilities,中文,https://webap0.ncue.edu.tw/DEANV2/UploadDEAN/SUBJECT/1142/12054_1EDSE2174930.pdf,https://webapss.ncue.edu.tw/Teacher/Reports/OB020.aspx?yms_year=114&yms_sms=2&emp_id=0000898
1458,12053,特碩一,社會情緒之發展與輔導,,系選修,,否,2,林翠英,至善館,(四) 05-06 特研e,20,1,2,可跨班系,,Social & Emotional Development and Guidance,中文,https://webap0.ncue.edu.tw/DEANV2/UploadDEAN/SUBJECT/1142/12053_1EDSE2151720.pdf,https://webapss.ncue.edu.tw/Teacher/Reports/OB020.aspx?yms_year=114&yms_sms=2&emp_id=9901356
1459,12052,特碩一,學習障礙專題研究,,系選修,,否,3,周台傑,至善館,(三) 02-04 特研b,20,5,6,可跨班系,,Seminar in Learning Disabilities,中文,https://webap0.ncue.edu.tw/DEANV2/UploadDEAN/SUBJECT/1142/12052_1EDSE2018930.pdf,https://webapss.ncue.edu.tw/Teacher/Reports/OB020.aspx?yms_year=114&yms_sms=2&emp_id=9901218
1460,12051,特碩一,身心障礙學生功能性課程與教材研究,,組必修,,否,3,林千惠,至善館,(二) 06-08 特研a,20,10,8,可跨班系,,Seminar in Functional Curriculum for Students with Special Needs,中文,https://webap0.ncue.edu.tw/DEANV2/UploadDEAN/SUBJECT/1142/12051_1EDSE2175130.pdf,https://webapss.ncue.edu.tw/Teacher/Reports/OB020.aspx?yms_year=114&yms_sms=2&emp_id=0000423
1461,12050,特碩一,社會及行為科學研究法,,系必修,,否,3,陳怡慧,至善館,(二) 02-04 12301,20,20,19,可跨班系,,Research Methods of Social & Behavioral Science,中文,https://webap0.ncue.edu.tw/DEANV2/UploadDEAN/SUBJECT/1142/12050_1EDSE2006830.pdf,https://webapss.ncue.edu.tw/Teacher/Reports/OB020.aspx?yms_year=114&yms_sms=2&emp_id=0000898
1462,12049,特碩一,資賦優異教育專題研究,,組必修,,否,3,賴翠媛,至善館,(一) 05-07 特研c,20,5,3,可跨班系,,Seminar on Gifted Education,中文,https://webap0.ncue.edu.tw/DEANV2/UploadDEAN/SUBJECT/1142/12049_1EDSE2161630.pdf,https://webapss.ncue.edu.tw/Teacher/Reports/OB020.aspx?yms_year=114&yms_sms=2&emp_id=0000918
1463,12048,特碩博,質性研究,,系選修,,否,3,賴翠媛,至善館,(一) 02-04 12110第五會議室,20,13,18,可跨班系,,Qualitative Research,中文,https://webap0.ncue.edu.tw/DEANV2/UploadDEAN/SUBJECT/1142/12048_1EDSE3188030.pdf,https://webapss.ncue.edu.tw/Teacher/Reports/OB020.aspx?yms_year=114&yms_sms=2&emp_id=0000918
1464,12047,特博二,博士論文,,系必修,,否,0,論文,,,20,3,7,可跨班系,,Doctoral Dissertation,無,,
1465,12046,特博二,論文指導(二),,系必修,,否,3,論文,,,20,3,4,可跨班系,,Thesis Supervision II,無,,
1466,12045,特博一,特殊教育資源整合,,系必修,,否,3,洪雅惠,至善館,(二) 06-08 特研d,20,6,6,可跨班系,,"Consultation, Collaboation, & Teamwork in Special Education",中文,https://webap0.ncue.edu.tw/DEANV2/UploadDEAN/SUBJECT/1142/12045_1EDSE1128030.pdf,https://webapss.ncue.edu.tw/Teacher/Reports/OB020.aspx?yms_year=114&yms_sms=2&emp_id=0000862
1467,12044,特博二,特殊教育教學與行政實習,,系必修,,否,2,林千惠,至善館,(一) 05-08 特研d,20,2,2,可跨班系,,Practicum of Special Education in Instruction & Administration,中文,https://webap0.ncue.edu.tw/DEANV2/UploadDEAN/SUBJECT/1142/12044_1EDSE1011320.pdf,https://webapss.ncue.edu.tw/Teacher/Reports/OB020.aspx?yms_year=114&yms_sms=2&emp_id=0000423
1468,12043,特博一,資賦優異課程與教學專題研究,,組選修,,否,3,賴翠媛,至善館,(二) 02-04 特研c,20,3,2,可跨班系,,Seminar on Curriculum and Instruction of the Gifted,中文,https://webap0.ncue.edu.tw/DEANV2/UploadDEAN/SUBJECT/1142/12043_1EDSE1189230.pdf,https://webapss.ncue.edu.tw/Teacher/Reports/OB020.aspx?yms_year=114&yms_sms=2&emp_id=0000918
1469,12041,特四甲,資優學生心理輔導與情意教育,,組必修,,否,2,張靖卿,至善館,(三) 03-04 12402,50,28,32,限本班,,Guidance and Affective Education for Gifted Students,中文,https://webap0.ncue.edu.tw/DEANV2/UploadDEAN/SUBJECT/1142/12041_1EDSE0167820.pdf,https://webapss.ncue.edu.tw/Teacher/Reports/OB020.aspx?yms_year=114&yms_sms=2&emp_id=0000913
1470,12040,特四甲,特殊教育行政與法規,,系選修,,否,2,王敬儒,至善館,(三) 01-02 12402,50,32,34,限本班,特教學程教育基礎2選1課程(112年版本必修)。,Administration & Legislation of Special Education,中文,https://webap0.ncue.edu.tw/DEANV2/UploadDEAN/SUBJECT/1142/12040_1EDSE0010220.pdf,https://webapss.ncue.edu.tw/Teacher/Reports/OB020.aspx?yms_year=114&yms_sms=2&emp_id=9901309
1471,12039,特四甲,特殊教育學生之性別教育,,組選修,,否,2,林千惠,至善館,(一) 03-04 12301,50,30,12,限本班,,Gender Education for Exceptional Students,中文,https://webap0.ncue.edu.tw/DEANV2/UploadDEAN/SUBJECT/1142/12039_1EDSE0184820.pdf,https://webapss.ncue.edu.tw/Teacher/Reports/OB020.aspx?yms_year=114&yms_sms=2&emp_id=0000423
1472,12037,特三乙,重度障礙教育,,組必修,,否,2,周玫君,至善館,(四) 05-06 12303,50,33,45,限本班,本課程將聘任兼任教師周玫君老師授課,Teaching Students with Severe Disabilities,中文,https://webap0.ncue.edu.tw/DEANV2/UploadDEAN/SUBJECT/1142/12037_1EDSE0183320.pdf,https://webapss.ncue.edu.tw/Teacher/Reports/OB020.aspx?yms_year=114&yms_sms=2&emp_id=9901352
1473,12036,特三乙,視覺障礙學生教學實務,,組選修,,否,2,張家瑞,至善館,(四) 01-02 12303,50,23,21,限本班,為視覺障礙需求次專長課程，須先修畢視覺障礙,Practicum for Students with Visual Impairments,中文,https://webap0.ncue.edu.tw/DEANV2/UploadDEAN/SUBJECT/1142/12036_1EDSE0186120.pdf,https://webapss.ncue.edu.tw/Teacher/Reports/OB020.aspx?yms_year=114&yms_sms=2&emp_id=0001127
1474,12035,特三乙,學習功能嚴重缺損學生教材教法,,組必修,,否,2,詹孟琦,至善館,(三) 05-06 12303,50,31,31,限本班,須先修畢生活管理及特殊教育課程調整與教學設計；特三乙同學如改修特三甲時段者，或，研究所下修的同學請先MAIL給老師，同意後再進行線上加簽申請。,Teaching Materials & Pedagogy  for Students with Moderate and Severe Disabilities,中文,https://webap0.ncue.edu.tw/DEANV2/UploadDEAN/SUBJECT/1142/12035_1EDSE0184220.pdf,https://webapss.ncue.edu.tw/Teacher/Reports/OB020.aspx?yms_year=114&yms_sms=2&emp_id=0000914
1475,12034,特三乙,行為功能評量,,組選修,,否,2,田凱倩,至善館,(二) 06-07 12303,50,29,28,限本班,為情緒與行為需求次專長課程，須先修畢自閉症及情緒行為障礙。,Functional Behavioral Assessment,中文,https://webap0.ncue.edu.tw/DEANV2/UploadDEAN/SUBJECT/1142/12034_1EDSE0177420.pdf,https://webapss.ncue.edu.tw/Teacher/Reports/OB020.aspx?yms_year=114&yms_sms=2&emp_id=0000989
1476,12033,特三甲,資優學生獨立研究指導,,組必修,,否,2,顏富明,至善館,(五) 03-04 12210視聽教室,50,15,28,限本班,,Independent Study for the Gifted,中文,https://webap0.ncue.edu.tw/DEANV2/UploadDEAN/SUBJECT/1142/12033_1EDSE0015220.pdf,https://webapss.ncue.edu.tw/Teacher/Reports/OB020.aspx?yms_year=114&yms_sms=2&emp_id=9901086
1477,12032,特三甲,重度障礙教育,,組必修,,否,2,周玫君,至善館,(四) 07-08 12302,50,31,33,限本班,本課程將聘任兼任教師周玫君老師授課,Teaching Students with Severe Disabilities,中文,https://webap0.ncue.edu.tw/DEANV2/UploadDEAN/SUBJECT/1142/12032_1EDSE0183320.pdf,https://webapss.ncue.edu.tw/Teacher/Reports/OB020.aspx?yms_year=114&yms_sms=2&emp_id=9901352
1478,12031,特三甲,視覺障礙學生教學實務,,組選修,,否,2,張家瑞,至善館,(四) 03-04 12303,50,21,23,限本班,為視覺障礙需求次專長課程，須先修畢視覺障礙,Practicum for Students with Visual Impairments,中文,https://webap0.ncue.edu.tw/DEANV2/UploadDEAN/SUBJECT/1142/12031_1EDSE0186120.pdf,https://webapss.ncue.edu.tw/Teacher/Reports/OB020.aspx?yms_year=114&yms_sms=2&emp_id=0001127
1479,12030,特三甲,行為功能評量,,組選修,,否,2,田凱倩,至善館,(三) 03-04 12302,50,27,33,限本班,為情緒與行為需求次專長課程，須先修畢自閉症及情緒行為障礙。,Functional Behavioral Assessment,中文,https://webap0.ncue.edu.tw/DEANV2/UploadDEAN/SUBJECT/1142/12030_1EDSE0177420.pdf,https://webapss.ncue.edu.tw/Teacher/Reports/OB020.aspx?yms_year=114&yms_sms=2&emp_id=0000989
1480,12029,特三甲,學習功能嚴重缺損學生教材教法,,組必修,,否,2,詹孟琦,至善館,(二) 06-07 12302,50,29,41,限本班,須先修畢生活管理及特殊教育課程調整與教學設計；特三甲同學如改修特三乙時段者，或研究所下修的同學，請先MAIL給老師，同意後再進行線上加簽申請。,Teaching Materials & Pedagogy  for Students with Moderate and Severe Disabilities,中文,https://webap0.ncue.edu.tw/DEANV2/UploadDEAN/SUBJECT/1142/12029_1EDSE0184220.pdf,https://webapss.ncue.edu.tw/Teacher/Reports/OB020.aspx?yms_year=114&yms_sms=2&emp_id=0000914
1481,12028,特三甲,身心障礙學生生涯轉銜與輔導,,組選修,,否,2,詹孟琦,至善館,(二) 03-04 12210視聽教室,50,58,70,限本班,特教學程教育方法2選1,Career Transition and Guidance for Students with Disabilities,中文,https://webap0.ncue.edu.tw/DEANV2/UploadDEAN/SUBJECT/1142/12028_1EDSE0184620.pdf,https://webapss.ncue.edu.tw/Teacher/Reports/OB020.aspx?yms_year=114&yms_sms=2&emp_id=0000914
1482,12027,特三甲,多元智能理論與應用,,組選修,,否,2,張靖卿,至善館,(二) 01-02 12302,50,24,29,限本班,,Multiple Intelligence Theory and Application,中文,https://webap0.ncue.edu.tw/DEANV2/UploadDEAN/SUBJECT/1142/12027_1EDSE0018620.pdf,https://webapss.ncue.edu.tw/Teacher/Reports/OB020.aspx?yms_year=114&yms_sms=2&emp_id=0000913
1483,12026,特教二,心理與教育測驗,,系必修,,否,2,林清文鳳華,至善館,(五) 03-04 12403,50,22,39,限本班,,Measurement in Psychology & Education,中文,https://webap0.ncue.edu.tw/DEANV2/UploadDEAN/SUBJECT/1142/12026_1EDSE0006320.pdf,https://webapss.ncue.edu.tw/Teacher/Reports/OB020.aspx?yms_year=114&yms_sms=2&emp_id=9901232
1484,12025,特教二,資優教育課程發展與調整,,組必修,,否,2,陳奐妤,至善館,(四) 03-04 12403,50,11,21,限本班,,Curriculum Development and Modification in Gifted and Talented Education,中文,https://webap0.ncue.edu.tw/DEANV2/UploadDEAN/SUBJECT/1142/12025_1EDSE0183020.pdf,https://webapss.ncue.edu.tw/Teacher/Reports/OB020.aspx?yms_year=114&yms_sms=2&emp_id=9901184
1485,12024,特教二,資優教育課程模式,,組必修,,否,2,陳奐妤,至善館,(四) 01-02 12403,50,7,18,限本班,特教學程資優組擋修課程，修習本課程前須先修畢資賦優異教育概論,Models of Curriculum for Gifted Education,中文,https://webap0.ncue.edu.tw/DEANV2/UploadDEAN/SUBJECT/1142/12024_1EDSE0183620.pdf,https://webapss.ncue.edu.tw/Teacher/Reports/OB020.aspx?yms_year=114&yms_sms=2&emp_id=9901184
1486,12023,特教二,特殊教育課程調整與教學設計,,組必修,,否,2,詹孟琦,至善館,(三) 07-08 12403,50,39,50,限本班,,Curriculum Adaptation and Instructional Design in Special Education,中文,https://webap0.ncue.edu.tw/DEANV2/UploadDEAN/SUBJECT/1142/12023_1EDSE0167520.pdf,https://webapss.ncue.edu.tw/Teacher/Reports/OB020.aspx?yms_year=114&yms_sms=2&emp_id=0000914
1487,12022,特教二,視覺障礙輔助科技,,組選修,,否,2,張家瑞,至善館,(三) 03-04 12403,50,37,39,限本班,為視覺障礙需求次專長課程，須先修畢視覺障礙,Assistive Technology for People with Visual Impairments,中文,https://webap0.ncue.edu.tw/DEANV2/UploadDEAN/SUBJECT/1142/12022_1EDSE0185920.pdf,https://webapss.ncue.edu.tw/Teacher/Reports/OB020.aspx?yms_year=114&yms_sms=2&emp_id=0001127
1488,12021,特教二,學習策略,,組必修,,否,2,張家瑞,至善館,(二) 06-07 12403,50,39,40,限本班,學習功能輕微缺損學生教材教法先修課程,Learning Strategies,中文,https://webap0.ncue.edu.tw/DEANV2/UploadDEAN/SUBJECT/1142/12021_1EDSE0179520.pdf,https://webapss.ncue.edu.tw/Teacher/Reports/OB020.aspx?yms_year=114&yms_sms=2&emp_id=0001127
1489,12020,特教二,應用行為分析,,組必修,,否,2,田凱倩,至善館,(二) 03-04 12403,50,38,65,限本班,,Applied Behavior Analysis,中文,https://webap0.ncue.edu.tw/DEANV2/UploadDEAN/SUBJECT/1142/12020_1EDSE0167420.pdf,https://webapss.ncue.edu.tw/Teacher/Reports/OB020.aspx?yms_year=114&yms_sms=2&emp_id=0000989
1490,12019,特教二,點字,,組選修,,否,2,陳慧芬,至善館,(一) 01-02 12403,50,32,35,限本班,為視覺障礙需求次專長課程，須先修畢視覺障礙。,Braille,中文,https://webap0.ncue.edu.tw/DEANV2/UploadDEAN/SUBJECT/1142/12019_1EDSE0179020.pdf,https://webapss.ncue.edu.tw/Teacher/Reports/OB020.aspx?yms_year=114&yms_sms=2&emp_id=9900990
1491,12018,特教二,特殊教育學生評量,,系必修,,否,3,吳訓生,至善館,(一) 06-08 12403,50,39,62,限本班,,Assessment for Exceptional Students,中文,https://webap0.ncue.edu.tw/DEANV2/UploadDEAN/SUBJECT/1142/12018_1EDSE0156730.pdf,https://webapss.ncue.edu.tw/Teacher/Reports/OB020.aspx?yms_year=114&yms_sms=2&emp_id=9901357
1492,12017,特教二,社會情緒技能訓練,,組選修,,否,2,田凱倩,至善館,(一) 03-04 12403,50,38,52,限本班,為情緒與行為需求次專長課程，須先修畢自閉症及情緒行為障礙。,Social-Emotional Skills Training for Students with Disabilities,中文,https://webap0.ncue.edu.tw/DEANV2/UploadDEAN/SUBJECT/1142/12017_1EDSE0185220.pdf,https://webapss.ncue.edu.tw/Teacher/Reports/OB020.aspx?yms_year=114&yms_sms=2&emp_id=0000989
1493,12015,特教一,輕度障礙教育,,組必修,,否,2,洪雅惠,至善館,(五) 03-04 12401,50,24,35,限本班,特教學程(身障)教育基礎必修,Teaching Students with Mild Disabilities,中文,https://webap0.ncue.edu.tw/DEANV2/UploadDEAN/SUBJECT/1142/12015_1EDSE0183420.pdf,https://webapss.ncue.edu.tw/Teacher/Reports/OB020.aspx?yms_year=114&yms_sms=2&emp_id=0000862
1494,12014,特教一,自閉症,,組選修,,否,2,林翠英,至善館,(四) 07-08 12401,50,32,34,限本班,情緒與行為需求次專長先修課程,Autism,中文,https://webap0.ncue.edu.tw/DEANV2/UploadDEAN/SUBJECT/1142/12014_1EDSE0185020.pdf,https://webapss.ncue.edu.tw/Teacher/Reports/OB020.aspx?yms_year=114&yms_sms=2&emp_id=9901356
1495,12013,特教一,聽力學,,組選修,,否,2,楊雅惠,至善館,(四) 05-06 12401,50,33,33,限本班,為聽力與語言需求次專長課程，須先修畢聽覺障礙,Audiology,中文,https://webap0.ncue.edu.tw/DEANV2/UploadDEAN/SUBJECT/1142/12013_1EDSE0019820.pdf,https://webapss.ncue.edu.tw/Teacher/Reports/OB020.aspx?yms_year=114&yms_sms=2&emp_id=0000850
1496,12012,特教一,人體生理學,,系選修,,否,2,蔡忠昌,至善館,(四) 03-04 12401,50,29,38,限本班,,Human Physiology,中文,https://webap0.ncue.edu.tw/DEANV2/UploadDEAN/SUBJECT/1142/12012_1EDSE0019720.pdf,https://webapss.ncue.edu.tw/Teacher/Reports/OB020.aspx?yms_year=114&yms_sms=2&emp_id=0000688
1497,12011,特教一,智能障礙,,組選修,,否,2,張家瑞,至善館,(三) 07-08 12401,50,35,48,限本班,認知與學習需求次專長先修課程,Intellectual Disabilities,中文,https://webap0.ncue.edu.tw/DEANV2/UploadDEAN/SUBJECT/1142/12011_1EDSE0018520.pdf,https://webapss.ncue.edu.tw/Teacher/Reports/OB020.aspx?yms_year=114&yms_sms=2&emp_id=0001127
1498,12010,特教一,心理與教育統計,,系必修,,否,2,李華璋郭國禎,圖書館,(二) 05-06 電二教室,50,35,36,限本班,,Basic Statistics in Psychology & Education,中文,https://webap0.ncue.edu.tw/DEANV2/UploadDEAN/SUBJECT/1142/12010_1EDSE0006920.pdf,https://webapss.ncue.edu.tw/Teacher/Reports/OB020.aspx?yms_year=114&yms_sms=2&emp_id=9900800
1499,12009,特教一,學習障礙,,組選修,,否,2,洪雅惠,至善館,(二) 03-04 12401,50,32,38,限本班,認知與學習需求次專長先修課程,Learning Disabilities,中文,https://webap0.ncue.edu.tw/DEANV2/UploadDEAN/SUBJECT/1142/12009_1EDSE0016120.pdf,https://webapss.ncue.edu.tw/Teacher/Reports/OB020.aspx?yms_year=114&yms_sms=2&emp_id=0000862
1500,12008,特教一,眼科學,,組選修,,否,2,陳慧芬,至善館,(一) 03-04 12401,50,25,29,限本班,為視覺障礙需求次專長課程，須先修畢視覺障礙,Ophthalmology,中文,https://webap0.ncue.edu.tw/DEANV2/UploadDEAN/SUBJECT/1142/12008_1EDSE0020020.pdf,https://webapss.ncue.edu.tw/Teacher/Reports/OB020.aspx?yms_year=114&yms_sms=2&emp_id=9900990
1501,12007,特教一,生命探索發展與實踐,,校必(通識),,否,2,楊雅惠,至善館,(二) 07-08 12401,50,0,37,限本班,大二~大四生如要修習，以線上加簽方式,Life and Career Development and Practice,中文,https://webap0.ncue.edu.tw/DEANV2/UploadDEAN/SUBJECT/1142/12007_0CCGE0177920.pdf,https://webapss.ncue.edu.tw/Teacher/Reports/OB020.aspx?yms_year=114&yms_sms=2&emp_id=0000850
1502,12006,特殊教育碩士在職專班二,論文指導,,系必修,,否,4,論文,,,30,0,6,限本班,,Thesis Supervision,中文,https://webap0.ncue.edu.tw/DEANV2/UploadDEAN/SUBJECT/1142/12006_1EDSEE170940.pdf,
1503,12005,特殊教育碩士在職專班二,論文,,系必修,,否,0,論文,,,45,0,35,限本系,,Thesis,中文,https://webap0.ncue.edu.tw/DEANV2/UploadDEAN/SUBJECT/1142/12005_1EDSEE171000.pdf,
1504,12004,特殊教育碩士在職專班二,個別化教育計畫與實務,,系必修,,否,3,林千惠,至善館,(二) 10-12 12302,30,0,13,限本班,,Individualized-Education Design and Practice,中文,https://webap0.ncue.edu.tw/DEANV2/UploadDEAN/SUBJECT/1142/12004_1EDSEE189930.pdf,https://webapss.ncue.edu.tw/Teacher/Reports/OB020.aspx?yms_year=114&yms_sms=2&emp_id=0000423
1505,12003,特殊教育碩士在職專班一,應用行為分析,,系選修,,否,3,洪雅惠,至善館,(四) 10-12 12302,30,0,25,限本班,,Applied Behavior Analysis,中文,https://webap0.ncue.edu.tw/DEANV2/UploadDEAN/SUBJECT/1142/12003_1EDSEE182930.pdf,https://webapss.ncue.edu.tw/Teacher/Reports/OB020.aspx?yms_year=114&yms_sms=2&emp_id=0000862
1506,12002,特殊教育碩士在職專班一,特殊教育相關專業團隊合作,,系必修,,否,3,張家瑞,至善館,(二) 10-12 12301,30,0,11,限本班,,Collaboration Among Special Education Professionals,中文,https://webap0.ncue.edu.tw/DEANV2/UploadDEAN/SUBJECT/1142/12002_1EDSEE193530.pdf,https://webapss.ncue.edu.tw/Teacher/Reports/OB020.aspx?yms_year=114&yms_sms=2&emp_id=0001127
1507,12001,特殊教育碩士在職專班一,特殊教育理論基礎,,系必修,,否,3,楊雅惠,至善館,(一) 10-12 12301,30,0,12,限本班,,Theoretical Foundations of Special Education,中文,https://webap0.ncue.edu.tw/DEANV2/UploadDEAN/SUBJECT/1142/12001_1EDSEE175830.pdf,https://webapss.ncue.edu.tw/Teacher/Reports/OB020.aspx?yms_year=114&yms_sms=2&emp_id=0000850
1508,11091,輔博三,論文指導(一),,系必修,,否,3,論文,,,20,0,1,限本系,此課程為與指導教授meeting；未請定指導教授完成者，勿選此門課程；誤選者，若無法取得成績，學費與成績責任請自負。,Thesis Supervision I,無,,
1509,11090,心理健康與諮詢夜碩二B,企業心理諮詢研究,,系選修,,否,2,鍾燕宜,明德館,(六) 05-08 碩士班教室一,30,0,17,限本系,單數週上課，每次4小時。第一堂課為3月14日。開放選課時間:115/1/13上午9時。,Seminar in Enterprise Psychological Counseling,中英,https://webap0.ncue.edu.tw/DEANV2/UploadDEAN/SUBJECT/1142/11090_1EDGCE167120.pdf,https://webapss.ncue.edu.tw/Teacher/Reports/OB020.aspx?yms_year=114&yms_sms=2&emp_id=9900466
1510,11089,心理健康與諮詢夜碩二A,表達性治療研究,,系選修,,否,2,吳明富,明德館,(三) 10-13 B1多功能教室,25,0,25,限本系,單數週上課，每次4小時。第一堂課為2月25日，開放選課時間:115/1/13上午9時。,Expressive Therapy,中文,https://webap0.ncue.edu.tw/DEANV2/UploadDEAN/SUBJECT/1142/11089_1EDGCE147120.pdf,https://webapss.ncue.edu.tw/Teacher/Reports/OB020.aspx?yms_year=114&yms_sms=2&emp_id=0001164
1511,11088,心理健康與諮詢夜碩二A,論文,,系必修,,否,0,論文,,,90,0,65,限本系,延修生維持學籍及本學期欲畢業者(提學位考)必選。,Thesis,中文,https://webap0.ncue.edu.tw/DEANV2/UploadDEAN/SUBJECT/1142/11088_1EDGCE145500.pdf,
1512,11087,心理健康與諮詢夜碩二A,論文指導,,系必修,,否,4,論文,,,50,0,20,限本系,此課程為與指導教授meeting；未請定指導教授者，請於開學週盡速遞交申請辦理。,Thesis Supervision,中文,https://webap0.ncue.edu.tw/DEANV2/UploadDEAN/SUBJECT/1142/11087_1EDGCE155740.pdf,
1513,11086,心理健康與諮詢夜碩二B,人力資源管理研究,,系選修,,否,2,鍾燕宜,明德館,(六) 05-08 碩士班教室一,30,0,12,限本系,雙數週上課，每次4小時。第一堂課為3月7日。,Seminar in Institute of Human Resource Management,中英,https://webap0.ncue.edu.tw/DEANV2/UploadDEAN/SUBJECT/1142/11086_1EDGCE143420.pdf,https://webapss.ncue.edu.tw/Teacher/Reports/OB020.aspx?yms_year=114&yms_sms=2&emp_id=9900466
1514,11085,心理健康與諮詢夜碩二A,專題論文寫作,,系選修,,否,2,林清文郭國禎,明德館,(五) 10-11 碩士班教室一,25,0,21,限本系,每週上課2小時。第一堂課為3月6日。林清文老師及郭國禎老師合開。,Feature Thesis Writing,中文,https://webap0.ncue.edu.tw/DEANV2/UploadDEAN/SUBJECT/1142/11085_1EDGCE163020.pdf,https://webapss.ncue.edu.tw/Teacher/Reports/OB020.aspx?yms_year=114&yms_sms=2&emp_id=9901232
1515,11084,心理健康與諮詢夜碩一B,人際關係訓練研究,,系選修,,否,2,羅家玲,明德館,(四) 10-13 團體諮商室,20,0,25,限本系,雙數週上課，每次4小時。第一堂課為3月5日。★★請查看上課大綱確認上課方式有意者再選課。且本課程有學習知識與體驗學習(分組團體)二部分，故有人數限制請包涵。,Seminar in Interpersonal Relationship Training,中文,https://webap0.ncue.edu.tw/DEANV2/UploadDEAN/SUBJECT/1142/11084_1EDGCE166420.pdf,https://webapss.ncue.edu.tw/Teacher/Reports/OB020.aspx?yms_year=114&yms_sms=2&emp_id=0000434
1516,11083,心理健康與諮詢夜碩二B,失落與哀傷諮商研究,,系選修,,否,2,梁翠梅,明德館,(四) 10-13 11201,30,0,30,限本系,單數週上課，每次4小時。第一堂課為2月26日。,Seminar in Lost and Ｇrief Counseling,中文,https://webap0.ncue.edu.tw/DEANV2/UploadDEAN/SUBJECT/1142/11083_1EDGCE160120.pdf,https://webapss.ncue.edu.tw/Teacher/Reports/OB020.aspx?yms_year=114&yms_sms=2&emp_id=9900293
1517,11082,心理健康與諮詢夜碩二A,組織行為研究,,系選修,,否,2,白倩如,明德館,(三) 10-13 11202,25,0,21,限本系,雙數週上課，每次4小時。第一堂課為3月4日。,Seminar in Organization Behavior,中文,https://webap0.ncue.edu.tw/DEANV2/UploadDEAN/SUBJECT/1142/11082_1EDGCE143020.pdf,https://webapss.ncue.edu.tw/Teacher/Reports/OB020.aspx?yms_year=114&yms_sms=2&emp_id=0001027
1518,11081,心理健康與諮詢夜碩一A,諮商倫理研究,,系選修,,否,2,程婉若,明德館,(三) 10-13 博士班教室一,25,0,7,限本系,單數週上課，每次4小時。第一堂課為2月25日。,Seminar in Counseling Ethics,中文,https://webap0.ncue.edu.tw/DEANV2/UploadDEAN/SUBJECT/1142/11081_1EDGCE146120.pdf,https://webapss.ncue.edu.tw/Teacher/Reports/OB020.aspx?yms_year=114&yms_sms=2&emp_id=0001020
1519,11080,心理健康與諮詢夜碩二B,心理健康方案設計與實施,,系必修,,否,2,陳尚綾,明德館,(二) 10-13 團體諮商室,25,0,19,限本班,雙數週上課，每次4小時。第一堂課為3月3日。,Design and Implementation of Mental Health Program,中文,https://webap0.ncue.edu.tw/DEANV2/UploadDEAN/SUBJECT/1142/11080_1EDGCE142720.pdf,https://webapss.ncue.edu.tw/Teacher/Reports/OB020.aspx?yms_year=114&yms_sms=2&emp_id=0000433
1520,11079,心理健康與諮詢夜碩二A,心理健康方案設計與實施,,系必修,,否,2,陳尚綾,明德館,(二) 10-13 團體諮商室,25,0,19,限本班,單數週上課，每次4小時。第一堂課為2月24日。,Design and Implementation of Mental Health Program,中文,https://webap0.ncue.edu.tw/DEANV2/UploadDEAN/SUBJECT/1142/11079_1EDGCE142720.pdf,https://webapss.ncue.edu.tw/Teacher/Reports/OB020.aspx?yms_year=114&yms_sms=2&emp_id=0000433
1521,11078,心理健康與諮詢夜碩一A,健康心理學研究,,系必修,,否,2,孫繼光,明德館,(二) 10-13 11402,40,0,37,限本班,雙數週上課，每次4小時。第一堂課為3月3日。,Seminar in Health Psychology,中文,https://webap0.ncue.edu.tw/DEANV2/UploadDEAN/SUBJECT/1142/11078_1EDGCE145020.pdf,https://webapss.ncue.edu.tw/Teacher/Reports/OB020.aspx?yms_year=114&yms_sms=2&emp_id=0001178
1522,11077,心理健康與諮詢夜碩一B,應用統計學,,系選修,,否,2,黃景逸,明德館,(一) 12-13 測驗實務教室,30,0,25,限本系,每週上課2小時。第一堂課為2月23日。,Applied Statistics,中文,https://webap0.ncue.edu.tw/DEANV2/UploadDEAN/SUBJECT/1142/11077_1EDGCE162920.pdf,https://webapss.ncue.edu.tw/Teacher/Reports/OB020.aspx?yms_year=114&yms_sms=2&emp_id=0001221
1523,11076,心理健康與諮詢夜碩一A,心理諮詢研究,,系必修,,否,2,陳雪均,明德館,(一) 10-11 測驗實務教室,20,0,20,限本班,每週上課2小時。第一堂課為2月23日。,Seminar in Psychological Consultation,中文,https://webap0.ncue.edu.tw/DEANV2/UploadDEAN/SUBJECT/1142/11076_1EDGCE167020.pdf,https://webapss.ncue.edu.tw/Teacher/Reports/OB020.aspx?yms_year=114&yms_sms=2&emp_id=0001130
1524,11075,輔婚家碩三,駐地實習B,,組選修,,否,3,林淑君,明德館,(五) 03-05 碩士班教室一,20,9,11,限本系,此為碩三學年課程，前學年通過全職實習申請者，方得選修；採分組督導修習，114-1選修本組者，記得加選。,Internship B,中文,https://webap0.ncue.edu.tw/DEANV2/UploadDEAN/SUBJECT/1142/11075_1EDGC2149730.pdf,https://webapss.ncue.edu.tw/Teacher/Reports/OB020.aspx?yms_year=114&yms_sms=2&emp_id=0001079
1525,11074,輔碩三,駐地實習B 甲組,,系選修,,否,3,賀孝銘,明德館,(五) 06-08 博士班教室二,20,12,12,限本系,此為碩三學年課程，前學年通過全職實習申請者，方得選修；採分組督導修習，114-1選修本組者，記得加選。,Internship B,中文,https://webap0.ncue.edu.tw/DEANV2/UploadDEAN/SUBJECT/1142/11074_1EDGC2081630.pdf,https://webapss.ncue.edu.tw/Teacher/Reports/OB020.aspx?yms_year=114&yms_sms=2&emp_id=0000307
1526,11073,輔碩三,駐地實習B 乙組,,系選修,,否,3,羅家玲,明德館,(五) 03-05 團體諮商室,20,10,11,限本系,此為碩三學年課程，前學年通過全職實習申請者，方得選修；採分組督導修習，114-1選修本組者，記得加選。,Internship B,中文,https://webap0.ncue.edu.tw/DEANV2/UploadDEAN/SUBJECT/1142/11073_1EDGC2081530.pdf,https://webapss.ncue.edu.tw/Teacher/Reports/OB020.aspx?yms_year=114&yms_sms=2&emp_id=0000434
1527,11072,輔碩三,駐地實習B丙組,,系選修,,否,3,賀孝銘,明德館,(一) 06-08 博士班教室二,20,10,12,限本系,此為碩三學年課程，前學期通過全職實習申請者，方得選修；採分組督導修習，請對應督導老師選擇組別。本組13人以內修習為宜。,Internship B,中文,https://webap0.ncue.edu.tw/DEANV2/UploadDEAN/SUBJECT/1142/11072_1EDGC2148730.pdf,https://webapss.ncue.edu.tw/Teacher/Reports/OB020.aspx?yms_year=114&yms_sms=2&emp_id=0000307
1528,11071,輔婚家碩二,諮商倫理與法規研究,,組選修,,否,3,韓楷檉,明德館,(四) 02-04 碩士班教室一,30,21,21,限本系,,Seminar on Ethical and Legal Issues in Counseling,中文,https://webap0.ncue.edu.tw/DEANV2/UploadDEAN/SUBJECT/1142/11071_1EDGC2155630.pdf,https://webapss.ncue.edu.tw/Teacher/Reports/OB020.aspx?yms_year=114&yms_sms=2&emp_id=9900201
1529,11070,輔婚家碩二,婚姻與家族治療實習,,組必修,,否,3,陳雪均,明德館,(一) 06-08 個別諮商室,20,9,10,限本班,請依本系相關實習(實作)辦法於前一期申請實習成功，方能選修。此課程有擋修，請於加退選期間再進行加選。,Marital and Family Counseling internship,中文,https://webap0.ncue.edu.tw/DEANV2/UploadDEAN/SUBJECT/1142/11070_1EDGC2154830.pdf,https://webapss.ncue.edu.tw/Teacher/Reports/OB020.aspx?yms_year=114&yms_sms=2&emp_id=0001130
1530,11069,輔碩二,正念心理治療研究,,系選修,,否,3,陳尚綾,明德館,(五) 06-08 測驗實務教室,20,21,12,限本系,,Mindfulness and Psychotherapy,中文,https://webap0.ncue.edu.tw/DEANV2/UploadDEAN/SUBJECT/1142/11069_1EDGC2163830.pdf,https://webapss.ncue.edu.tw/Teacher/Reports/OB020.aspx?yms_year=114&yms_sms=2&emp_id=0000433
1531,11068,輔碩二,表創性藝術治療臨床實務,,系選修,,否,3,吳明富,明德館,(四) 06-08 B1多功能教室,20,2,3,限本系,請依本系表創相關實作辦法於前一期申請實作成功，方能選修。,Clinical Practice on Expressive-Creative Arts Therapies,中文,https://webap0.ncue.edu.tw/DEANV2/UploadDEAN/SUBJECT/1142/11068_1EDGC2163530.pdf,https://webapss.ncue.edu.tw/Teacher/Reports/OB020.aspx?yms_year=114&yms_sms=2&emp_id=0001164
1532,11067,輔碩二,質性研究,,系選修,,否,3,程婉若,明德館,(一) 06-08 碩士班教室一,20,6,6,限本系,,Qualitative Research,中文,https://webap0.ncue.edu.tw/DEANV2/UploadDEAN/SUBJECT/1142/11067_1EDGC3163330.pdf,https://webapss.ncue.edu.tw/Teacher/Reports/OB020.aspx?yms_year=114&yms_sms=2&emp_id=0001020
1533,11066,輔婚家碩一,家庭諮商研究,,組必修,,否,3,董智慧,明德館,(三) 02-04 碩士班教室一,20,16,17,限本系,,Family Counseling,中英,https://webap0.ncue.edu.tw/DEANV2/UploadDEAN/SUBJECT/1142/11066_1EDGC2164630.pdf,https://webapss.ncue.edu.tw/Teacher/Reports/OB020.aspx?yms_year=114&yms_sms=2&emp_id=9900916
1534,11065,輔婚家碩一,多元文化與家庭諮商研究,,組選修,,否,3,王翊涵,明德館,(二) 06-08 博士班教室二,20,11,10,限本系,婚家碩班之特色專長領域選備課程(八選二),Diversity and Family Therapy,中文,https://webap0.ncue.edu.tw/DEANV2/UploadDEAN/SUBJECT/1142/11065_1EDGC2164830.pdf,https://webapss.ncue.edu.tw/Teacher/Reports/OB020.aspx?yms_year=114&yms_sms=2&emp_id=0001045
1535,11064,輔婚家碩一,創造性家族藝術治療,,組選修,,否,3,吳明富,明德館,(二) 02-04 B1多功能教室,20,18,18,限本系,,Creative Family Arts Therapy,中文,https://webap0.ncue.edu.tw/DEANV2/UploadDEAN/SUBJECT/1142/11064_1EDGC2163730.pdf,https://webapss.ncue.edu.tw/Teacher/Reports/OB020.aspx?yms_year=114&yms_sms=2&emp_id=0001164
1536,11063,輔婚家碩一,團體諮商研究,,組選修,,否,3,陳尚綾,明德館,(一) 07-09 團體諮商室,20,21,21,限本系,另開輔碩一團諮，兩班團諮研究課程選修人數請盡量均衡。,Group Counseling,中文,https://webap0.ncue.edu.tw/DEANV2/UploadDEAN/SUBJECT/1142/11063_1EDGC2149330.pdf,https://webapss.ncue.edu.tw/Teacher/Reports/OB020.aspx?yms_year=114&yms_sms=2&emp_id=0000433
1537,11062,輔婚家碩一,高級統計學,,系必修,,否,3,張泰銓,明德館,(一) 03-04、14 測驗實務教室,20,8,11,限本系,需具大學基礎統計程度；另開一班輔碩高統，兩班課程選修人數請盡量均衡。,Advanced Statistics,中文,https://webap0.ncue.edu.tw/DEANV2/UploadDEAN/SUBJECT/1142/11062_1EDGC2064430.pdf,https://webapss.ncue.edu.tw/Teacher/Reports/OB020.aspx?yms_year=114&yms_sms=2&emp_id=0001175
1538,11061,輔碩一,團體諮商研究,,系必修,,否,3,羅家玲,明德館,(四) 02-04 團體諮商室,20,27,24,限本系,另開婚碩一團諮，兩班團諮研究課程選修人數盡量均衡。,Group Counseling,中文,https://webap0.ncue.edu.tw/DEANV2/UploadDEAN/SUBJECT/1142/11061_1EDGC2064530.pdf,https://webapss.ncue.edu.tw/Teacher/Reports/OB020.aspx?yms_year=114&yms_sms=2&emp_id=0000434
1539,11060,輔碩一,諮商實務A,,系必修,,否,3,陳尚綾,明德館,(五) 02-04 個別諮商室,20,0,14,限本班,AB兩班實務課程之選修人數，請盡量均衡。此課程有擋修(先修：諮商理論研究),Counseling Pre-practicum A,中文,https://webap0.ncue.edu.tw/DEANV2/UploadDEAN/SUBJECT/1142/11060_1EDGC2113230.pdf,https://webapss.ncue.edu.tw/Teacher/Reports/OB020.aspx?yms_year=114&yms_sms=2&emp_id=0000433
1540,11059,輔碩一,諮商實務B,,系必修,,否,3,林淑華,明德館,(三) 02-03 11201 (三) 04 個別諮商室,20,19,22,限本班,AB兩班實務課程之選修人數，請盡量均衡。此課程有擋修(先修：諮商理論研究),Counseling Pre-practicum B,中文,https://webap0.ncue.edu.tw/DEANV2/UploadDEAN/SUBJECT/1142/11059_1EDGC2113330.pdf,https://webapss.ncue.edu.tw/Teacher/Reports/OB020.aspx?yms_year=114&yms_sms=2&emp_id=0001141
1541,11058,輔碩一,高級統計學,,系必修,,否,3,張泰銓,明德館,(二) 05-07 測驗實務教室,20,25,20,限本系,需具大學基礎統計程度；另開婚碩一高統，兩班課程選修人數請盡量均衡。,Advanced Statistics,中文,https://webap0.ncue.edu.tw/DEANV2/UploadDEAN/SUBJECT/1142/11058_1EDGC2064430.pdf,https://webapss.ncue.edu.tw/Teacher/Reports/OB020.aspx?yms_year=114&yms_sms=2&emp_id=0001175
1542,11057,輔碩一,學術定向與專業成長,,系必修,,否,1,張泰銓黃景逸,明德館,(三) 05-06 借明德館演講廳,45,42,40,限本系,,Academic and Professional Development,中文,https://webap0.ncue.edu.tw/DEANV2/UploadDEAN/SUBJECT/1142/11057_1EDGC3134110.pdf,https://webapss.ncue.edu.tw/Teacher/Reports/OB020.aspx?yms_year=114&yms_sms=2&emp_id=0001175
1543,11056,輔導碩博,遊戲治療研究,,系選修,,否,3,林淑君,明德館,(一) 02-04 綜中-團體工作室,20,47,23,限本系,,Play Therapy,中文,https://webap0.ncue.edu.tw/DEANV2/UploadDEAN/SUBJECT/1142/11056_1EDGC3148230.pdf,https://webapss.ncue.edu.tw/Teacher/Reports/OB020.aspx?yms_year=114&yms_sms=2&emp_id=0001079
1544,11055,輔導碩博,變態心理學研究,,系選修,,否,3,謝毅興,明德館,(四) 06-08  階梯教室(輔諮),35,35,31,限本系,,Abnormal Psychology,中文,https://webap0.ncue.edu.tw/DEANV2/UploadDEAN/SUBJECT/1142/11055_1EDGC3131830.pdf,https://webapss.ncue.edu.tw/Teacher/Reports/OB020.aspx?yms_year=114&yms_sms=2&emp_id=0000874
1545,11054,輔導碩博,心理創傷專題研究,,系選修,,否,3,陳尚綾,明德館,(三) 07-09 碩士班教室一,20,36,27,限本系,,Seminar in Psychological Trauma,中文,https://webap0.ncue.edu.tw/DEANV2/UploadDEAN/SUBJECT/1142/11054_1EDGC3108430.pdf,https://webapss.ncue.edu.tw/Teacher/Reports/OB020.aspx?yms_year=114&yms_sms=2&emp_id=0000433
1546,11053,輔導碩博,身體取向心理治療研究,,系選修,,否,3,陳雪均,明德館,(三) 02-04 團體諮商室,20,3,4,限本系,,Embodied Approach Psychotherapy,中文,https://webap0.ncue.edu.tw/DEANV2/UploadDEAN/SUBJECT/1142/11053_1EDGC3162030.pdf,https://webapss.ncue.edu.tw/Teacher/Reports/OB020.aspx?yms_year=114&yms_sms=2&emp_id=0001130
1547,11052,輔導碩博,社區心理學與諮商專題研究,,系選修,,否,3,白倩如,明德館,(一) 06-08 博士班教室一,20,15,8,限本系,,Seminar in Community Psychology and Counseling,中文,https://webap0.ncue.edu.tw/DEANV2/UploadDEAN/SUBJECT/1142/11052_1EDGC3160330.pdf,https://webapss.ncue.edu.tw/Teacher/Reports/OB020.aspx?yms_year=114&yms_sms=2&emp_id=0001027
1548,11051,輔博二,諮商與督導實作(二),,系必修,,否,3,謝麗紅,明德館,(四) 06-08 博士班教室一,20,7,7,限本系,請依本系相關實習(實作)辦法於前一期申請實習成功，方能選修。此課程有擋修，請於加退選期間再進行加選。,Counseling and Supervision Practice II,中文,https://webap0.ncue.edu.tw/DEANV2/UploadDEAN/SUBJECT/1142/11051_1EDGC1163230.pdf,https://webapss.ncue.edu.tw/Teacher/Reports/OB020.aspx?yms_year=114&yms_sms=2&emp_id=0000073
1549,11050,輔博一,諮商督導理論與實務專題研究,,系必修,,否,3,羅家玲,明德館,(三) 02-04 博士班教室一,20,1,2,限本班,此課程有擋修(先修：諮商理論專題研究)，請於加退選期間再進行加選。,The Theory and Practice of Counseling Supervision,中文,https://webap0.ncue.edu.tw/DEANV2/UploadDEAN/SUBJECT/1142/11050_1EDGC1132030.pdf,https://webapss.ncue.edu.tw/Teacher/Reports/OB020.aspx?yms_year=114&yms_sms=2&emp_id=0000434
1550,11049,輔博一,團體諮商專題研究,,系必修,,否,3,謝麗紅,明德館,(二) 06-08 博士班教室一,20,4,5,限本系,需先修過碩班之「團體諮商研究」。,Seminar in Group Counseling,中文,https://webap0.ncue.edu.tw/DEANV2/UploadDEAN/SUBJECT/1142/11049_1EDGC1055930.pdf,https://webapss.ncue.edu.tw/Teacher/Reports/OB020.aspx?yms_year=114&yms_sms=2&emp_id=0000073
1551,11048,輔四乙,社會工作實習(二),,組選修,,否,3,白倩如葉怡伶王翊涵,明德館,(五) 05、09、14 11101,50,16,17,限本班,「社會工作實習一」為其先備課程；請依本系社工實習作業規定申請；採分組方案實習與督導。,Social Work Practicum II,中文,https://webap0.ncue.edu.tw/DEANV2/UploadDEAN/SUBJECT/1142/11048_1EDGC0156430.pdf,https://webapss.ncue.edu.tw/Teacher/Reports/OB020.aspx?yms_year=114&yms_sms=2&emp_id=0001027
1552,11047,輔四乙,社會工作倫理,,組選修,,否,3,曾華源,明德館,(一) 02-04 11202,50,16,17,限本班,社工學程必備課程,Social Work Ethics,中文,https://webap0.ncue.edu.tw/DEANV2/UploadDEAN/SUBJECT/1142/11047_1EDGC0133130.pdf,https://webapss.ncue.edu.tw/Teacher/Reports/OB020.aspx?yms_year=114&yms_sms=2&emp_id=9900850
1553,11046,輔四甲,教師專業成長與自我覺察,,組選修,,否,2,胡志偉,明德館,(四) 10-11 214視聽教室,50,47,54,限本班,中等學校輔導教師必選備課程；擬由新聘教師教授,Teachers' professional growth and self-awareness,中文,https://webap0.ncue.edu.tw/DEANV2/UploadDEAN/SUBJECT/1142/11046_1EDGC0144620.pdf,https://webapss.ncue.edu.tw/Teacher/Reports/OB020.aspx?yms_year=114&yms_sms=2&emp_id=9901350
1554,11045,輔四甲,個別諮商實習(二)A組,,組選修,,否,3,賀孝銘,明德館,(二) 06-08 11402,30,23,9,限本系,「個別諮商實習一」為先備課程。基於教學設計，建議24人以內修習為宜。,Individual Counseling Practicum II,中文,https://webap0.ncue.edu.tw/DEANV2/UploadDEAN/SUBJECT/1142/11045_1EDGC0157230.pdf,https://webapss.ncue.edu.tw/Teacher/Reports/OB020.aspx?yms_year=114&yms_sms=2&emp_id=0000307
1555,11044,輔四甲,個案研究,,系選修,,否,2,賀孝銘,明德館,(二) 03-04 11401,50,30,30,限本班,中等學校輔導教師選備課程。,Case Study,中文,https://webap0.ncue.edu.tw/DEANV2/UploadDEAN/SUBJECT/1142/11044_1EDGC0106820.pdf,https://webapss.ncue.edu.tw/Teacher/Reports/OB020.aspx?yms_year=114&yms_sms=2&emp_id=0000307
1556,11043,輔三乙,團體諮商,,系必修,,否,3,陳雪均,明德館,(四) 02-04  階梯教室(輔諮),50,29,49,限本班,先備課程為「團體輔導」,Group Counseling,中文,https://webap0.ncue.edu.tw/DEANV2/UploadDEAN/SUBJECT/1142/11043_1EDGC0044830.pdf,https://webapss.ncue.edu.tw/Teacher/Reports/OB020.aspx?yms_year=114&yms_sms=2&emp_id=0001130
1557,11042,輔三乙,社會政策與社會立法,,組選修,,否,3,黃瑞杉,明德館,(三) 10-12 11102,50,32,31,限本系,社工學程必備課程,Social Policy and Social Legislation,中文,https://webap0.ncue.edu.tw/DEANV2/UploadDEAN/SUBJECT/1142/11042_1EDGC0132930.pdf,https://webapss.ncue.edu.tw/Teacher/Reports/OB020.aspx?yms_year=114&yms_sms=2&emp_id=9901039
1558,11041,輔三乙,社會工作管理,,組選修,,否,3,王翊涵,明德館,(三) 02-04 11102,50,23,24,限本班,此為教學實作課程，30人以內修習為宜。社工學程必備課程。,Social Work Management,中文,https://webap0.ncue.edu.tw/DEANV2/UploadDEAN/SUBJECT/1142/11041_1EDGC0147030.pdf,https://webapss.ncue.edu.tw/Teacher/Reports/OB020.aspx?yms_year=114&yms_sms=2&emp_id=0001045
1559,11040,輔三乙,犯罪心理學,,系選修,,否,3,葉怡伶,明德館,(二) 06-08  階梯教室(輔諮),50,48,58,限本系,,Criminal Psychology,中文,https://webap0.ncue.edu.tw/DEANV2/UploadDEAN/SUBJECT/1142/11040_1EDGC0101330.pdf,https://webapss.ncue.edu.tw/Teacher/Reports/OB020.aspx?yms_year=114&yms_sms=2&emp_id=0001105
1560,11039,輔三乙,社會統計,,組選修,,否,3,林清文,明德館,(二) 02-04 11402,50,24,23,限本系,先備課程為「心理與教育統計」；社工考照必備，考研究所選備，歡迎選修。,Social Statistics,中文,https://webap0.ncue.edu.tw/DEANV2/UploadDEAN/SUBJECT/1142/11039_1EDGC0132830.pdf,https://webapss.ncue.edu.tw/Teacher/Reports/OB020.aspx?yms_year=114&yms_sms=2&emp_id=9901232
1561,11038,輔三乙,助人專業倫理,,系必修,,否,2,程婉若,明德館,(一) 03-04 11201,50,38,38,限本系,,Ethical Issue in Counseling,中文,https://webap0.ncue.edu.tw/DEANV2/UploadDEAN/SUBJECT/1142/11038_1EDGC0100220.pdf,https://webapss.ncue.edu.tw/Teacher/Reports/OB020.aspx?yms_year=114&yms_sms=2&emp_id=0001020
1562,11037,輔三甲,變態心理學,,系選修,,否,3,謝毅興,明德館,(四) 02-04 11103,50,48,43,限本系,學校、社區專業課程，歡迎選修。,Abnormal Psychology,中文,https://webap0.ncue.edu.tw/DEANV2/UploadDEAN/SUBJECT/1142/11037_1EDGC0051830.pdf,https://webapss.ncue.edu.tw/Teacher/Reports/OB020.aspx?yms_year=114&yms_sms=2&emp_id=0000874
1563,11036,輔三甲,生涯與職業資訊分析與應用,,組選修,,否,2,蘇桂慧,明德館,(三) 10-11 11103,50,38,48,限本班,高中綜合活動生涯規劃科必備課程,Analysis and Application of Career and Employment Resources,中英,https://webap0.ncue.edu.tw/DEANV2/UploadDEAN/SUBJECT/1142/11036_1EDGC0100420.pdf,https://webapss.ncue.edu.tw/Teacher/Reports/OB020.aspx?yms_year=114&yms_sms=2&emp_id=9901074
1564,11035,輔三甲,青少年表達性媒材實務,,系選修,,否,3,吳明富,明德館,(三) 06-08 B1多功能教室,30,27,29,限本班,此為教學實作課程，30人以內修習為宜。,The Practice of Expressive Arts for Adolescents,中文,https://webap0.ncue.edu.tw/DEANV2/UploadDEAN/SUBJECT/1142/11035_1EDGC0100730.pdf,https://webapss.ncue.edu.tw/Teacher/Reports/OB020.aspx?yms_year=114&yms_sms=2&emp_id=0001164
1565,11034,輔三甲,團體諮商,,系必修,,否,3,程婉若,明德館,(二) 06-08 11103,50,26,31,限本班,先備課程為「團體輔導」,Group Counseling,中文,https://webap0.ncue.edu.tw/DEANV2/UploadDEAN/SUBJECT/1142/11034_1EDGC0044830.pdf,https://webapss.ncue.edu.tw/Teacher/Reports/OB020.aspx?yms_year=114&yms_sms=2&emp_id=0001020
1566,11033,輔三甲,學校輔導工作與系統合作,,組選修,,否,3,林淑華,明德館,(二) 02-04 11103,50,36,54,限本班,國民中學綜合活動領域輔導專長必備課程,School Counseling Work and System Cooperation,中文,https://webap0.ncue.edu.tw/DEANV2/UploadDEAN/SUBJECT/1142/11033_1EDGC0158630.pdf,https://webapss.ncue.edu.tw/Teacher/Reports/OB020.aspx?yms_year=114&yms_sms=2&emp_id=0001141
1567,11032,輔三甲,輔導活動教學應用與實作,,組選修,,否,2,林淑君,明德館,(一) 07-08 11103,50,37,48,限本班,此門為教程必備課程。另與「輔導活動教材教法」為系列課程，需校外實作，建議一同選修。,Teaching Application and Practice of Guidance Activity,中文,https://webap0.ncue.edu.tw/DEANV2/UploadDEAN/SUBJECT/1142/11032_1EDGC0158520.pdf,https://webapss.ncue.edu.tw/Teacher/Reports/OB020.aspx?yms_year=114&yms_sms=2&emp_id=0001079
1568,11031,輔三甲,輔導活動教材教法,,組選修,,否,2,林淑君,明德館,(一) 05-06 11103,50,37,49,限本班,必須先修畢1門教育基礎課程及1門教育方法課程；此門課程為教程必備課程。另與「輔導活動教學與應用與實作」為系列課程，需校外實作，建議一同選修。,Teaching Material & Methods of Guidance Activities,中文,https://webap0.ncue.edu.tw/DEANV2/UploadDEAN/SUBJECT/1142/11031_1EDGC0045720.pdf,https://webapss.ncue.edu.tw/Teacher/Reports/OB020.aspx?yms_year=114&yms_sms=2&emp_id=0001079
1569,11030,輔二乙,社會團體工作,,組選修,,否,3,林武雄,明德館,(五) 06-08 11102,50,31,34,限本班,社工學程必備課程,Social Group Work,中英,https://webap0.ncue.edu.tw/DEANV2/UploadDEAN/SUBJECT/1142/11030_1EDGC0133030.pdf,https://webapss.ncue.edu.tw/Teacher/Reports/OB020.aspx?yms_year=114&yms_sms=2&emp_id=9901155
1570,11029,輔二乙,員工協助方案理念與實施,,系選修,,否,3,鍾燕宜,明德館,(一) 06-08 11202,50,30,28,可跨班系,員工協助方案(EAP)學分學程必備導論課程，歡迎選修。,Concept and Implementation of Employee Assistance Programs,中英,https://webap0.ncue.edu.tw/DEANV2/UploadDEAN/SUBJECT/1142/11029_1EDGC0135930.pdf,https://webapss.ncue.edu.tw/Teacher/Reports/OB020.aspx?yms_year=114&yms_sms=2&emp_id=9900466
1571,11028,輔二乙,職場健康心理學,,系選修,,否,3,孫繼光,明德館,(五) 02-04 11103,50,34,35,限本系,員工協助方案(EAP)學分學程必備課程，歡迎選修。,Workplace Mental Health,中文,https://webap0.ncue.edu.tw/DEANV2/UploadDEAN/SUBJECT/1142/11028_1EDGC0135830.pdf,https://webapss.ncue.edu.tw/Teacher/Reports/OB020.aspx?yms_year=114&yms_sms=2&emp_id=0001178
1572,11027,輔二乙,物質濫用防治,,系選修,,否,2,葉怡伶,明德館,(四) 07-08 214視聽教室,50,62,59,限本系,,Prevention of Substance Abuse,中文,https://webap0.ncue.edu.tw/DEANV2/UploadDEAN/SUBJECT/1142/11027_1EDGC0166120.pdf,https://webapss.ncue.edu.tw/Teacher/Reports/OB020.aspx?yms_year=114&yms_sms=2&emp_id=0001105
1573,11026,輔二乙,生涯輔導與諮商,,系必修,,否,3,劉淑慧李華璋,明德館,(四) 03-04、14 11201,50,32,36,限本班,,Career Guidance & Counseling,中英,https://webap0.ncue.edu.tw/DEANV2/UploadDEAN/SUBJECT/1142/11026_1EDGC0044330.pdf,https://webapss.ncue.edu.tw/Teacher/Reports/OB020.aspx?yms_year=114&yms_sms=2&emp_id=0000472
1574,11025,輔二乙,諮商理論與技術,,系必修,,否,4,鍾國誠,明德館,(二) 06-09 11401,50,32,39,限本班,先備課程為「輔導原理」。,Theories & Techniques of Counseling,中文,https://webap0.ncue.edu.tw/DEANV2/UploadDEAN/SUBJECT/1142/11025_1EDGC0043340.pdf,https://webapss.ncue.edu.tw/Teacher/Reports/OB020.aspx?yms_year=114&yms_sms=2&emp_id=9901287
1575,11024,輔二乙,社區工作,,組選修,,否,3,賴宏維,明德館,(一) 10-12 11102,50,29,36,限本班,社工學程必備課程,Community Work,中文,https://webap0.ncue.edu.tw/DEANV2/UploadDEAN/SUBJECT/1142/11024_1EDGC0102730.pdf,https://webapss.ncue.edu.tw/Teacher/Reports/OB020.aspx?yms_year=114&yms_sms=2&emp_id=9901238
1576,11023,輔二乙,測驗實務,,系必修,,否,3,黃景逸,明德館,(一) 06-08 測驗實務教室,50,30,32,限本班,先備課程為「心理與教育測驗」。,Testing Practice in Counseling,中文,https://webap0.ncue.edu.tw/DEANV2/UploadDEAN/SUBJECT/1142/11023_1EDGC0043630.pdf,https://webapss.ncue.edu.tw/Teacher/Reports/OB020.aspx?yms_year=114&yms_sms=2&emp_id=0001221
1577,11022,輔二甲,生涯輔導與諮商,,系必修,,否,3,劉淑慧韓楷檉,明德館,(四) 06-08 11103,50,39,42,限本班,,Career Guidance & Counseling,中文,https://webap0.ncue.edu.tw/DEANV2/UploadDEAN/SUBJECT/1142/11022_1EDGC0044330.pdf,https://webapss.ncue.edu.tw/Teacher/Reports/OB020.aspx?yms_year=114&yms_sms=2&emp_id=0000472
1578,11021,輔二甲,諮商理論與技術,,系必修,,否,4,林淑華,明德館,(三) 05-08 11103,50,39,42,限本班,先備科目為輔導原理,Theories & Techniques of Counseling,中文,https://webap0.ncue.edu.tw/DEANV2/UploadDEAN/SUBJECT/1142/11021_1EDGC0043340.pdf,https://webapss.ncue.edu.tw/Teacher/Reports/OB020.aspx?yms_year=114&yms_sms=2&emp_id=0001141
1579,11020,輔二甲,綜合活動學習領域概論,,組選修,,否,2,吳寶嘉,明德館,(二) 10-11 11102,50,28,32,限本班,國中綜合領域輔導專長必備課程,Introduction of Integrative Activities Learning Areas,中文,https://webap0.ncue.edu.tw/DEANV2/UploadDEAN/SUBJECT/1142/11020_1EDGC0146520.pdf,https://webapss.ncue.edu.tw/Teacher/Reports/OB020.aspx?yms_year=114&yms_sms=2&emp_id=9901293
1580,11019,輔二甲,兒童心理與輔導,,組選修,,否,3,孫繼光,明德館,(二) 05-07 11201,50,40,39,限本系,特色專業實務課程，歡迎選修。,Child Psychology and Guidance,中文,https://webap0.ncue.edu.tw/DEANV2/UploadDEAN/SUBJECT/1142/11019_1EDGC0045230.pdf,https://webapss.ncue.edu.tw/Teacher/Reports/OB020.aspx?yms_year=114&yms_sms=2&emp_id=0001178
1581,11018,輔二甲,測驗實務,,系必修,,否,3,黃景逸,明德館,(二) 02-04 測驗實務教室,50,39,43,限本班,先備課程為「心理與教育測驗」。,Testing Practice in Counseling,中文,https://webap0.ncue.edu.tw/DEANV2/UploadDEAN/SUBJECT/1142/11018_1EDGC0043630.pdf,https://webapss.ncue.edu.tw/Teacher/Reports/OB020.aspx?yms_year=114&yms_sms=2&emp_id=0001221
1582,11017,輔二甲,角色扮演在輔導上之應用,,系選修,,否,2,梁翠梅,明德館,(一) 03-04 團體諮商室,35,34,37,限本班,基於教學設計與場地因素，建議35人以內修習為宜。,Role-play in Guidance,中文,https://webap0.ncue.edu.tw/DEANV2/UploadDEAN/SUBJECT/1142/11017_1EDGC0050420.pdf,https://webapss.ncue.edu.tw/Teacher/Reports/OB020.aspx?yms_year=114&yms_sms=2&emp_id=9900293
1583,11016,輔一乙,兒童與青少年福利服務,,系選修,,否,3,林武雄,明德館,(四) 06-08 11202,50,30,35,限本系,社工學程專業選修課程，歡迎選修。,Child and Adolescent Welfare Services,中英,https://webap0.ncue.edu.tw/DEANV2/UploadDEAN/SUBJECT/1142/11016_1EDGC0135730.pdf,https://webapss.ncue.edu.tw/Teacher/Reports/OB020.aspx?yms_year=114&yms_sms=2&emp_id=9901155
1584,11015,輔一乙,人類行為與社會環境,,組選修,,否,3,葉怡伶,明德館,(三) 06-08 11202,50,30,40,限本班,社工學程必備課程,Human Behavior and Social Environment,中文,https://webap0.ncue.edu.tw/DEANV2/UploadDEAN/SUBJECT/1142/11015_1EDGC0050030.pdf,https://webapss.ncue.edu.tw/Teacher/Reports/OB020.aspx?yms_year=114&yms_sms=2&emp_id=0001105
1585,11014,輔一乙,心理與教育統計,,系必修,,否,3,謝毅興,明德館,(三) 02-04 11202,50,33,34,限本班,,Basic Statistics in Psychology & Education,中文,https://webap0.ncue.edu.tw/DEANV2/UploadDEAN/SUBJECT/1142/11014_1EDGC0038430.pdf,https://webapss.ncue.edu.tw/Teacher/Reports/OB020.aspx?yms_year=114&yms_sms=2&emp_id=0000874
1586,11013,輔一乙,社會工作概論,,組選修,,否,3,白倩如,明德館,(二) 06-08 11202,50,28,29,限本班,社工學程必備課程,Introduction to Social Work,中文,https://webap0.ncue.edu.tw/DEANV2/UploadDEAN/SUBJECT/1142/11013_1EDGC0046130.pdf,https://webapss.ncue.edu.tw/Teacher/Reports/OB020.aspx?yms_year=114&yms_sms=2&emp_id=0001027
1587,11012,輔一甲,情緒管理與壓力調適,,系選修,,否,2,孫旻暐,明德館,(四) 10-11 11103,50,42,46,限本班,,Emotion Management and Stress Adaptation,中英,https://webap0.ncue.edu.tw/DEANV2/UploadDEAN/SUBJECT/1142/11012_1EDGC0103120.pdf,https://webapss.ncue.edu.tw/Teacher/Reports/OB020.aspx?yms_year=114&yms_sms=2&emp_id=9900831
1588,11011,輔一甲,童軍教育原理,,組選修,,否,2,梁峻晢,明德館,(二) 10-11 11103,50,33,53,限本班,國中綜合領域輔導專長必選備課程,Theories of Scout Education,中文,https://webap0.ncue.edu.tw/DEANV2/UploadDEAN/SUBJECT/1142/11011_1EDGC0050720.pdf,https://webapss.ncue.edu.tw/Teacher/Reports/OB020.aspx?yms_year=114&yms_sms=2&emp_id=9900848
1589,11010,輔一甲,心理與教育統計,,系必修,,否,3,張泰銓,明德館,(二) 04 11201 (三) 03-04 測驗實務教室,50,37,39,限本班,,Basic Statistics in Psychology & Education,中文,https://webap0.ncue.edu.tw/DEANV2/UploadDEAN/SUBJECT/1142/11010_1EDGC0038430.pdf,https://webapss.ncue.edu.tw/Teacher/Reports/OB020.aspx?yms_year=114&yms_sms=2&emp_id=0001175
1590,11008,輔博三,論文,,系必修,,否,0,論文,,,20,8,14,限本系,本學期欲畢業者必選。(學位考用),Thesis,無,,
1591,11007,輔博三,論文指導(二),,系必修,,否,3,論文,,,20,2,4,限本系,此課程為與指導教授meeting；未請定指導教授完成者，勿選此門課程；誤選者，若無法取得成績，學費與成績責任請自負。,Thesis Supervision II,無,,
1592,11006,輔婚家碩三,論文,,系必修,,否,0,論文,,,20,4,11,限本系,本學期欲畢業者必選。(學位考用),Thesis,無,,
1593,11005,輔婚家碩二,論文指導(一),,系必修,,否,3,論文,,,30,11,19,限本系,此課程為與指導教授meeting；未請定指導教授完成者，勿選此門課程；誤選者，若無法取得成績，學費與成績責任請自負。,Thesis Supervision I,無,,
1594,11004,輔碩三,論文,,系必修,,否,0,論文,,,40,24,43,限本系,本學期欲畢業者必選。(學位考用),Thesis,無,,
1595,11003,輔碩二,論文指導(二),,系必修,,否,3,論文,,,45,23,36,限本系,此課程為與指導教授meeting；未請定指導教授完成者，勿選此門課程；誤選者，若無法取得成績，學費與成績責任請自負。,Thesis Supervision II,無,,
1596,11002,輔一乙,生命探索發展與實踐,,校必(通識),,否,2,王翊涵羅家玲,明德館,(二) 03-04 11102,50,0,35,限本班,大二~大四生如要修習，以線上加簽方式,Life and Career Development and Practice,中文,https://webap0.ncue.edu.tw/DEANV2/UploadDEAN/SUBJECT/1142/11002_0CCGE0177920.pdf,https://webapss.ncue.edu.tw/Teacher/Reports/OB020.aspx?yms_year=114&yms_sms=2&emp_id=0001045
1597,11001,輔一甲,生命探索發展與實踐,,校必(通識),,否,2,黃景逸羅家玲,明德館,(二) 07-08 11102,50,0,41,限本班,大二~大四生如要修習，以線上加簽方式,Life and Career Development and Practice,中文,https://webap0.ncue.edu.tw/DEANV2/UploadDEAN/SUBJECT/1142/11001_0CCGE0177920.pdf,https://webapss.ncue.edu.tw/Teacher/Reports/OB020.aspx?yms_year=114&yms_sms=2&emp_id=0001221
1598,10103,教育大數據微學程(學士班),大數據雲端分析工具應用,,系選修,,否,2,李舒媺,明德館,(五) 03-04 視聽教室,50,3,6,可跨班系,「本課程網路選課人數未達開課人數，請洽開課單位。」,Applications for Big Data Analysis in Cloud,中文,https://webap0.ncue.edu.tw/DEANV2/UploadDEAN/SUBJECT/1142/10103_1EDEC0104320.pdf,https://webapss.ncue.edu.tw/Teacher/Reports/OB020.aspx?yms_year=114&yms_sms=2&emp_id=9901336
1599,10102,教育大數據微學程(學士班),教育大數據實作專題,,系選修,,否,2,李舒媺,明德館,(五) 01-02 視聽教室,50,1,3,可跨班系,「本課程網路選課人數未達開課人數，請洽開課單位。」,Implementation Project on Education Big Data,中文,https://webap0.ncue.edu.tw/DEANV2/UploadDEAN/SUBJECT/1142/10102_1EDEC0103820.pdf,https://webapss.ncue.edu.tw/Teacher/Reports/OB020.aspx?yms_year=114&yms_sms=2&emp_id=9901336
1600,00572,教育學程(特教),輔助科技應用,,師培選修,,否,2,鄧佳宜,至善館,(四) 07-08 12301,50,0,18,限本班,專案開課，不開放其他學生選課；特教學程(身障)特需5選1課程,Application of assistive technology,中文,https://webap0.ncue.edu.tw/DEANV2/UploadDEAN/SUBJECT/1142/00572_0CCET0118720.pdf,https://webapss.ncue.edu.tw/Teacher/Reports/OB020.aspx?yms_year=114&yms_sms=2&emp_id=9901179
1601,00571,教育學程(特教),學習策略,,師培選修,,否,2,張家瑞,至善館,(三) 05-06 12301,50,11,10,可跨班系,非中等學程；學習功能輕微缺損學生教材教法先修課程，修習特教學程(身心障礙組)之研究生、學程生請選該班,Learning Strategies,中文,https://webap0.ncue.edu.tw/DEANV2/UploadDEAN/SUBJECT/1142/00571_0CCET0118520.pdf,https://webapss.ncue.edu.tw/Teacher/Reports/OB020.aspx?yms_year=114&yms_sms=2&emp_id=0001127
1602,00570,教育學程,中等教育實作與服務學習,,師培必修,,否,2,張誌原,教學大樓,(二) 07-08 T501(至會議系統借用),50,31,20,限本班,教育實踐課程，本課程搭配計畫執行，實際運作仍以授課老師與修習同學討論為主,Practice and Service Learning in Secondary Education,中文,https://webap0.ncue.edu.tw/DEANV2/UploadDEAN/SUBJECT/1142/00570_0CCET0115020.pdf,https://webapss.ncue.edu.tw/Teacher/Reports/OB020.aspx?yms_year=114&yms_sms=2&emp_id=0001073
1603,00569,教育學程,雙語教學應用與實作,,師培必修,,是,2,蓋傑富,教學大樓,(三) 01-02 T203,50,0,11,限本班,不開放網路選課僅透過人工加選，請洽雙語中心；本課程僅限定欲取得中等學校教師證書上註記次專長「雙語教學專長」之師資生修習，修習該課程僅採認於註記次專長「雙語教學專長」學分，相關修課及檔修規定請依課架規定修習始能採認,CLIL: Application and Practice,英文,https://webap0.ncue.edu.tw/DEANV2/UploadDEAN/SUBJECT/1142/00569_0CCET0116020_EN.pdf,https://webapss.ncue.edu.tw/Teacher/Reports/OB020.aspx?yms_year=114&yms_sms=2&emp_id=0001159
1604,00567,教育學程,雙語教材教法,,師培必修,,否,2,張善貿,教學大樓,(一) 03-04 T203,50,0,15,限本班,不開放網路選課僅透過人工加選，請洽雙語中心；本課程僅限定欲取得中等學校教師證書上註記次專長「雙語教學專長」之師資生修習，修習該課程僅採認於註記次專長「雙語教學專長」學分，相關修課及檔修規定請依課架規定修習始能採認,Methods & Materials for CLIL,中文,https://webap0.ncue.edu.tw/DEANV2/UploadDEAN/SUBJECT/1142/00567_0CCET0115920.pdf,https://webapss.ncue.edu.tw/Teacher/Reports/OB020.aspx?yms_year=114&yms_sms=2&emp_id=0000794
1605,00566,教育學程,教育哲學,,師培必修,,否,2,蔡翔任,教學大樓,(五) 07-08 T104,50,10,21,可跨班系,"本課程規劃新聘兼任老師授課,教育基礎課程，提醒修習教材教法及教學實習前需修畢1門教育基礎課程及1門教育方法課程。本課程亦為本校公職人員學程課程之一。",Educational Philosophy,中文,https://webap0.ncue.edu.tw/DEANV2/UploadDEAN/SUBJECT/1142/00566_0CCET0002320.pdf,https://webapss.ncue.edu.tw/Teacher/Reports/OB020.aspx?yms_year=114&yms_sms=2&emp_id=9901351
1606,00565,教育學程,教育哲學,,師培必修,,否,2,蔡翔任,教學大樓,(五) 05-06 T104,50,16,24,可跨班系,"本課程規劃新聘兼任教師授課,教育基礎課程，提醒修習教材教法及教學實習前需修畢1門教育基礎課程及1門教育方法課程。本課程亦為本校公職人員學程課程之一。",Educational Philosophy,中文,https://webap0.ncue.edu.tw/DEANV2/UploadDEAN/SUBJECT/1142/00565_0CCET0002320.pdf,https://webapss.ncue.edu.tw/Teacher/Reports/OB020.aspx?yms_year=114&yms_sms=2&emp_id=9901351
1607,00564,教育學程,學習評量,,師培必修,,否,2,吳訓生,至善館,(一) 03-04 12402,50,11,28,可跨班系,"本課程規劃由吳訓生老師授課,教育方法課程，提醒修習教材教法及教學實習前需修畢1門教育基礎課程及1門教育方法課程。",Assessment in Learning,中文,https://webap0.ncue.edu.tw/DEANV2/UploadDEAN/SUBJECT/1142/00564_0CCET0116520.pdf,https://webapss.ncue.edu.tw/Teacher/Reports/OB020.aspx?yms_year=114&yms_sms=2&emp_id=9901357
1608,00563,教育學程,教育行政,,師培選修,,否,2,陳志清鄭曜忠,教學大樓,(五) 10-11 T101,50,8,24,可跨班系,教育專業課程選修科目，本課程亦為本校公職人員學程課程之一。,Educational Administration,中文,https://webap0.ncue.edu.tw/DEANV2/UploadDEAN/SUBJECT/1142/00563_0CCET0001820.pdf,https://webapss.ncue.edu.tw/Teacher/Reports/OB020.aspx?yms_year=114&yms_sms=2&emp_id=9901021
1609,00562,教育學程,教學原理與實務(雙語),,師培必修,,否,2,温媺純蓋傑富,教學大樓,(四) 03-04 T402,50,0,17,限本班,不開放網路選課僅透過人工加選，請洽雙語中心；本課程僅限定欲取得中等學校教師證書上註記次專長「雙語教學專長」之師資生修習，修習該課程僅採認於註記次專長「雙語教學專長」學分，相關修課及檔修規定請依課架規定修習始能採認,Principles and Practice(Bilingual),中文,https://webap0.ncue.edu.tw/DEANV2/UploadDEAN/SUBJECT/1142/00562_0CCET0115820.pdf,https://webapss.ncue.edu.tw/Teacher/Reports/OB020.aspx?yms_year=114&yms_sms=2&emp_id=0000774
1610,00561,教育學程,性別平等教育,,師培選修,,否,2,蔡素琴,教學大樓,(四) 07-08 T402,50,26,38,可跨班系,"人文關懷系列課程(112學年度新增之課程,適用112學年度起取得師資生資格者)",Education for Gender Equity,中文,https://webap0.ncue.edu.tw/DEANV2/UploadDEAN/SUBJECT/1142/00561_0CCET0116720.pdf,https://webapss.ncue.edu.tw/Teacher/Reports/OB020.aspx?yms_year=114&yms_sms=2&emp_id=9900869
1611,00560,教育學程,課程發展與設計,,師培必修,,否,2,劉世雄,教學大樓,(三) 03-04 T402,50,30,31,可跨班系,教育方法課程，提醒修習教材教法及教學實習前需修畢1門教育基礎課程及1門教育方法課程。,Curriculum Development & Design,中文,https://webap0.ncue.edu.tw/DEANV2/UploadDEAN/SUBJECT/1142/00560_0CCET0003020.pdf,https://webapss.ncue.edu.tw/Teacher/Reports/OB020.aspx?yms_year=114&yms_sms=2&emp_id=0000928
1612,00559,教育學程,課程發展與設計,,師培必修,,否,2,劉世雄,教學大樓,(一) 07-08 T402,50,47,30,可跨班系,教育方法課程，提醒修習教材教法及教學實習前需修畢1門教育基礎課程及1門教育方法課程。,Curriculum Development & Design,中文,https://webap0.ncue.edu.tw/DEANV2/UploadDEAN/SUBJECT/1142/00559_0CCET0003020.pdf,https://webapss.ncue.edu.tw/Teacher/Reports/OB020.aspx?yms_year=114&yms_sms=2&emp_id=0000928
1613,00558,教育學程,輔導原理與實務,,師培必修,,否,2,蔡素琴劉淑慧,教學大樓,(四) 05-06 T402,50,11,21,可跨班系,教育方法課程，提醒修習教材教法及教學實習前需修畢1門教育基礎課程及1門教育方法課程。,Principles & Practice of Guidance,中文,https://webap0.ncue.edu.tw/DEANV2/UploadDEAN/SUBJECT/1142/00558_0CCET0000220.pdf,https://webapss.ncue.edu.tw/Teacher/Reports/OB020.aspx?yms_year=114&yms_sms=2&emp_id=9900869
1614,00557,教育學程,跨領域教學應用與實作,,師培必修,,否,2,段曉林,教學大樓,(四) 03-04 T104,50,30,29,可跨班系,教育實踐課程。本課程以STEM教學進行跨域整合,Cross-disciplinary teaching application and implementation,中文,https://webap0.ncue.edu.tw/DEANV2/UploadDEAN/SUBJECT/1142/00557_0CCET0115220.pdf,https://webapss.ncue.edu.tw/Teacher/Reports/OB020.aspx?yms_year=114&yms_sms=2&emp_id=0000242
1615,00556,教育學程,教學媒體與運用,,師培必修,,否,2,曾旭堯,教學大樓,(二) 03-04 T502電腦教室,50,26,45,可跨班系,本課程為教育方法課程之一；提醒修習教材教法及教學實習前需修畢至少1門教育基礎課程及至少1門教育方法課程。,Instructional Media and Application,中文,https://webap0.ncue.edu.tw/DEANV2/UploadDEAN/SUBJECT/1142/00556_0CCET0116420.pdf,https://webapss.ncue.edu.tw/Teacher/Reports/OB020.aspx?yms_year=114&yms_sms=2&emp_id=0000462
1616,00555,教育學程,教學媒體與運用,,師培必修,,否,2,阮家慶,圖書館,(二) 07-08 電四教室,50,3,18,可跨班系,本課程為教育方法課程之一；提醒修習教材教法及教學實習前需修畢至少1門教育基礎課程及至少1門教育方法課程。,Instructional Media and Application,中文,https://webap0.ncue.edu.tw/DEANV2/UploadDEAN/SUBJECT/1142/00555_0CCET0116420.pdf,https://webapss.ncue.edu.tw/Teacher/Reports/OB020.aspx?yms_year=114&yms_sms=2&emp_id=4000045
1617,00554,教育學程,教學媒體與運用,,師培必修,,否,2,阮家慶,圖書館,(二) 05-06 電四教室,50,5,22,可跨班系,本課程為教育方法課程之一；提醒修習教材教法及教學實習前需修畢至少1門教育基礎課程及至少1門教育方法課程。,Instructional Media and Application,中文,https://webap0.ncue.edu.tw/DEANV2/UploadDEAN/SUBJECT/1142/00554_0CCET0116420.pdf,https://webapss.ncue.edu.tw/Teacher/Reports/OB020.aspx?yms_year=114&yms_sms=2&emp_id=4000045
1618,00553,教育學程,教學媒體與運用,,師培必修,,否,2,張誌原,教學大樓,(四) 05-06 T502電腦教室,50,27,48,可跨班系,本課程為教育方法課程之一；提醒修習教材教法及教學實習前需修畢至少1門教育基礎課程及至少1門教育方法課程。,Instructional Media and Application,中文,https://webap0.ncue.edu.tw/DEANV2/UploadDEAN/SUBJECT/1142/00553_0CCET0116420.pdf,https://webapss.ncue.edu.tw/Teacher/Reports/OB020.aspx?yms_year=114&yms_sms=2&emp_id=0001073
1619,00552,教育學程,教學媒體與運用,,師培必修,,否,2,張誌原,教學大樓,(四) 03-04 T502電腦教室,50,20,46,可跨班系,本課程為教育方法課程之一；提醒修習教材教法及教學實習前需修畢至少1門教育基礎課程及至少1門教育方法課程。,Instructional Media and Application,中文,https://webap0.ncue.edu.tw/DEANV2/UploadDEAN/SUBJECT/1142/00552_0CCET0116420.pdf,https://webapss.ncue.edu.tw/Teacher/Reports/OB020.aspx?yms_year=114&yms_sms=2&emp_id=0001073
1620,00551,教育學程,教學媒體與運用,,師培必修,,否,2,王妙媛,教學大樓,(一) 03-04 T502電腦教室,50,45,47,可跨班系,"本課程為教育方法課程之一；提醒修習教材教法及教學實習前需修畢至少1門教育基礎課程及至少1門教育方法課程。本課程因教室空間受限,至多僅收50位同學,如人數已滿欲選課請洽師培中心課程組",Instructional Media and Application,中文,https://webap0.ncue.edu.tw/DEANV2/UploadDEAN/SUBJECT/1142/00551_0CCET0116420.pdf,https://webapss.ncue.edu.tw/Teacher/Reports/OB020.aspx?yms_year=114&yms_sms=2&emp_id=0000805
1621,00550,教育學程,教學專業實作,,師培必修,,否,2,簡頌沛,教學大樓,(三) 05-06 T104,50,66,54,可跨班系,教育實踐課程，本課程建議高年級且修過教學原理與實務再選課，部分週次主題為數位教學能力培養。,Teaching professional practice,中文,https://webap0.ncue.edu.tw/DEANV2/UploadDEAN/SUBJECT/1142/00550_0CCET0115120.pdf,https://webapss.ncue.edu.tw/Teacher/Reports/OB020.aspx?yms_year=114&yms_sms=2&emp_id=0001111
1622,00549,教育學程,教學專業實作,,師培必修,,否,2,簡頌沛,教學大樓,(一) 05-06 T104,50,43,55,可跨班系,教育實踐課程，本課程建議高年級且修過教學原理與實務再選課，部分週次主題為數位教學能力培養。,Teaching professional practice,中文,https://webap0.ncue.edu.tw/DEANV2/UploadDEAN/SUBJECT/1142/00549_0CCET0115120.pdf,https://webapss.ncue.edu.tw/Teacher/Reports/OB020.aspx?yms_year=114&yms_sms=2&emp_id=0001111
1623,00548,教育學程,教學專業實作,,師培必修,,否,2,鄭曜忠,教學大樓,(一) 07-08 T401,50,20,24,可跨班系,1.本課程包含三大主題：(1)觀議課、(2)微型教學、(3)數位教學，每個主題均含理論與實作。2.約1/5教學時數於週間進行觀議課及微型教學，實施時間依授課老師與修課師資生共同排定。3.欲修課之師資生應先修習「教育基礎課程」及「教育方法課程」各1門。建議尚未修習完成上列課程者暫緩選修本課程，以免影響學習成效。4.本課程為鄭曜忠老師調整113學年度前(含)開設之「中等教育實作與服務學習」課程所開設之課程，因此部分內容相同，請修習過鄭老師開設之「中等教育實作與服務學習」的師資生切勿再選修本課程。,Teaching professional practice,中文,https://webap0.ncue.edu.tw/DEANV2/UploadDEAN/SUBJECT/1142/00548_0CCET0115120.pdf,https://webapss.ncue.edu.tw/Teacher/Reports/OB020.aspx?yms_year=114&yms_sms=2&emp_id=0001106
1624,00547,教育學程,教學專業實作,,師培必修,,否,2,鄭曜忠,教學大樓,(一) 03-04 T401,50,31,32,可跨班系,1.本課程包含三大主題：(1)觀議課、(2)微型教學、(3)數位教學，每個主題均含理論與實作。2.約1/5教學時數於週間進行觀議課及微型教學，實施時間依授課老師與修課師資生共同排定。3.欲修課之師資生應先修習「教育基礎課程」及「教育方法課程」各1門。建議尚未修習完成上列課程者暫緩選修本課程，以免影響學習成效。4.本課程為鄭曜忠老師調整113學年度前(含)開設之「中等教育實作與服務學習」課程所開設之課程，因此部分內容相同，請修習過鄭老師開設之「中等教育實作與服務學習」的師資生切勿再選修本課程。,Teaching professional practice,中文,https://webap0.ncue.edu.tw/DEANV2/UploadDEAN/SUBJECT/1142/00547_0CCET0115120.pdf,https://webapss.ncue.edu.tw/Teacher/Reports/OB020.aspx?yms_year=114&yms_sms=2&emp_id=0001106
1625,00546,教育學程,教學原理與實務,,師培必修,,否,2,劉世雄,教學大樓,(二) 07-08 T402,50,15,17,可跨班系,因授課內容聚焦在中等教育的師資培育，非特殊教育，建議修習特殊教育學程的學生可修習特教系開設相關課程。建議修過教育心理學再修此課程。本課程教育方法課程，提醒修習教材教法及教學實習前需修畢1門教育基礎課程及1門教育方法課程。如欲加選者，請於開學第一週上課再與授課老師討論加選事宜,Principles and Practice of Teaching,中文,https://webap0.ncue.edu.tw/DEANV2/UploadDEAN/SUBJECT/1142/00546_0CCET0116320.pdf,https://webapss.ncue.edu.tw/Teacher/Reports/OB020.aspx?yms_year=114&yms_sms=2&emp_id=0000928
1626,00545,教育學程,教學原理與實務,,師培必修,,否,2,劉世雄,教學大樓,(二) 03-04 T402,50,12,16,可跨班系,本授課內容聚焦在中等教育的師資培育，非特殊教育，建議修習特殊教育學程的學生可修習特教系開設相關課程。建議修過教育心理學再修此課程。本課程教育方法課程，提醒修習教材教法及教學實習前需修畢1門教育基礎課程及1門教育方法課程。如欲加選者，請於開學第一週上課再與授課老師討論加選事宜,Principles and Practice of Teaching,中文,https://webap0.ncue.edu.tw/DEANV2/UploadDEAN/SUBJECT/1142/00545_0CCET0116320.pdf,https://webapss.ncue.edu.tw/Teacher/Reports/OB020.aspx?yms_year=114&yms_sms=2&emp_id=0000928
1627,00544,教育學程,教學原理與實務,,師培必修,,否,2,張誌原,教學大樓,(三) 05-06 T401,50,105,47,可跨班系,本課程為教育方法課程之一；提醒修習教材教法及教學實習前需修畢至少1門教育基礎課程及至少1門教育方法課程。,Principles and Practice of Teaching,中文,https://webap0.ncue.edu.tw/DEANV2/UploadDEAN/SUBJECT/1142/00544_0CCET0116320.pdf,https://webapss.ncue.edu.tw/Teacher/Reports/OB020.aspx?yms_year=114&yms_sms=2&emp_id=0001073
1628,00543,教育學程,教學原理與實務,,師培必修,,否,2,張誌原,教學大樓,(三) 03-04 T401,50,31,48,可跨班系,本課程為教育方法課程之一；提醒修習教材教法及教學實習前需修畢至少1門教育基礎課程及至少1門教育方法課程。,Principles and Practice of Teaching,中文,https://webap0.ncue.edu.tw/DEANV2/UploadDEAN/SUBJECT/1142/00543_0CCET0116320.pdf,https://webapss.ncue.edu.tw/Teacher/Reports/OB020.aspx?yms_year=114&yms_sms=2&emp_id=0001073
1629,00542,教育學程,教育議題專題,,師培必修,,否,2,陳信憲,經世館,(二) 05-06 32410-二館,50,32,31,可跨班系,教育實踐課程，本課程議題包含:9小時職業教育與訓練+9小時生涯規劃+8小時理財教育+6小時金融教育+2小時國際教育 +2小時戶外教育,Topics in Education Issues,中文,https://webap0.ncue.edu.tw/DEANV2/UploadDEAN/SUBJECT/1142/00542_0CCET0112920.pdf,https://webapss.ncue.edu.tw/Teacher/Reports/OB020.aspx?yms_year=114&yms_sms=2&emp_id=0000683
1630,00541,教育學程,教育議題專題,,師培必修,,否,2,林登敏林美鳳,教學大樓,(五) 03-04 T104,50,62,60,可跨班系,本課程為教育實踐，包含：9小時「生涯規劃」+ 9小時「職業教育與訓練」+2小時「性別平等教育」+ 2小時「融合教育」+2小時「戶外教育」+2小時「適應體育」+ 2 小時「人權教育」+ 2 小時「生命教育」+ 2 小時「資訊教育」+ 2 小時「原住民族教育」+ 2 小時「食農教育」,Topics in Education Issues,中文,https://webap0.ncue.edu.tw/DEANV2/UploadDEAN/SUBJECT/1142/00541_0CCET0112920.pdf,https://webapss.ncue.edu.tw/Teacher/Reports/OB020.aspx?yms_year=114&yms_sms=2&emp_id=9901264
1631,00540,教育學程,教育議題專題,,師培必修,,否,2,林登敏林美鳳,教學大樓,(五) 01-02 T104,50,62,65,可跨班系,本課程為教育實踐，包含：9小時「生涯規劃」+ 9小時「職業教育與訓練」+2小時「性別平等教育」+ 2小時「融合教育」+2小時「戶外教育」+2小時「適應體育」+ 2 小時「人權教育」+ 2 小時「生命教育」+ 2 小時「資訊教育」+ 2 小時「原住民族教育」+ 2 小時「食農教育」,Topics in Education Issues,中文,https://webap0.ncue.edu.tw/DEANV2/UploadDEAN/SUBJECT/1142/00540_0CCET0112920.pdf,https://webapss.ncue.edu.tw/Teacher/Reports/OB020.aspx?yms_year=114&yms_sms=2&emp_id=9901264
1632,00539,教育學程,教育議題專題,,師培必修,,否,2,林志慎,教學大樓,(五) 12-13 T104,50,35,55,可跨班系,本課程為教育實踐，包含：9小時「生涯規劃」+ 9小時「職業教育與訓練」+10小時「性別平等教育」+ 2小時「融合教育」+2小時「戶外教育」+2小時「適應體育」+ 2 小時「人權教育」,Topics in Education Issues,中文,https://webap0.ncue.edu.tw/DEANV2/UploadDEAN/SUBJECT/1142/00539_0CCET0112920.pdf,https://webapss.ncue.edu.tw/Teacher/Reports/OB020.aspx?yms_year=114&yms_sms=2&emp_id=9901191
1633,00538,教育學程,教育概論,,師培必修,,否,2,蔡幸芬,教學大樓,(一) 11-12 T104,50,47,41,可跨班系,本課程為教育基礎課程之一；提醒修習教材教法及教學實習前需修畢至少1門教育基礎課程及至少1門教育方法課程。,Introduction to Education,中文,https://webap0.ncue.edu.tw/DEANV2/UploadDEAN/SUBJECT/1142/00538_0CCET0002420.pdf,https://webapss.ncue.edu.tw/Teacher/Reports/OB020.aspx?yms_year=114&yms_sms=2&emp_id=9901194
1634,00537,教育學程,教育哲學,,師培必修,,否,2,蔡幸芬楊忠斌,教學大樓,(一) 09-10 T104,50,129,70,可跨班系,本課程為教育基礎課程之一；提醒修習教材教法及教學實習前需修畢至少1門教育基礎課程及至少1門教育方法課程。,Educational Philosophy,中文,https://webap0.ncue.edu.tw/DEANV2/UploadDEAN/SUBJECT/1142/00537_0CCET0002320.pdf,https://webapss.ncue.edu.tw/Teacher/Reports/OB020.aspx?yms_year=114&yms_sms=2&emp_id=9901194
1635,00536,教育學程,教育社會學,,師培必修,,否,2,施信華,教學大樓,(四) 10-11 T401,50,66,51,可跨班系,本課程為教育基礎課程之一；提醒修習教材教法及教學實習前需修畢至少1門教育基礎課程及至少1門教育方法課程。,Sociology of Education,中文,https://webap0.ncue.edu.tw/DEANV2/UploadDEAN/SUBJECT/1142/00536_0CCET0002120.pdf,https://webapss.ncue.edu.tw/Teacher/Reports/OB020.aspx?yms_year=114&yms_sms=2&emp_id=9900896
1636,00535,教育學程,教育社會學,,師培必修,,否,2,施信華,教學大樓,(二) 10-11 T401,50,83,51,可跨班系,本課程為教育基礎課程之一；提醒修習教材教法及教學實習前需修畢至少1門教育基礎課程及至少1門教育方法課程。,Sociology of Education,中文,https://webap0.ncue.edu.tw/DEANV2/UploadDEAN/SUBJECT/1142/00535_0CCET0002120.pdf,https://webapss.ncue.edu.tw/Teacher/Reports/OB020.aspx?yms_year=114&yms_sms=2&emp_id=9900896
1637,00534,教育學程,教育社會學,,師培必修,,否,2,林志慎,教學大樓,(五) 10-11 T104,50,31,50,可跨班系,本課程為教育基礎課程之一；提醒修習教材教法及教學實習前需修畢至少1門教育基礎課程及至少1門教育方法課程。,Sociology of Education,中文,https://webap0.ncue.edu.tw/DEANV2/UploadDEAN/SUBJECT/1142/00534_0CCET0002120.pdf,https://webapss.ncue.edu.tw/Teacher/Reports/OB020.aspx?yms_year=114&yms_sms=2&emp_id=9901191
1638,00533,教育學程,教育心理學,,師培必修,,否,2,林合懋,教學大樓,(三) 03-04 T104,50,12,17,可跨班系,本課程為教育基礎課程之一；提醒修習教材教法及教學實習前需修畢至少1門教育基礎課程及至少1門教育方法課程。,Educational Psychology,中文,https://webap0.ncue.edu.tw/DEANV2/UploadDEAN/SUBJECT/1142/00533_0CCET0001720.pdf,https://webapss.ncue.edu.tw/Teacher/Reports/OB020.aspx?yms_year=114&yms_sms=2&emp_id=9900445
1639,00532,教育學程,教育心理學,,師培必修,,否,2,林合懋,教學大樓,(三) 01-02 T104,50,14,52,可跨班系,本課程為教育基礎課程之一；提醒修習教材教法及教學實習前需修畢至少1門教育基礎課程及至少1門教育方法課程。,Educational Psychology,中文,https://webap0.ncue.edu.tw/DEANV2/UploadDEAN/SUBJECT/1142/00532_0CCET0001720.pdf,https://webapss.ncue.edu.tw/Teacher/Reports/OB020.aspx?yms_year=114&yms_sms=2&emp_id=9900445
1640,00531,教育學程,教育心理學,,師培必修,,否,2,吳璧如,教學大樓,(三) 01-02 T402,50,148,49,可跨班系,本課程為教育基礎課程之一；提醒修習教材教法及教學實習前需修畢至少1門教育基礎課程及至少1門教育方法課程。,Educational Psychology,中文,https://webap0.ncue.edu.tw/DEANV2/UploadDEAN/SUBJECT/1142/00531_0CCET0001720.pdf,https://webapss.ncue.edu.tw/Teacher/Reports/OB020.aspx?yms_year=114&yms_sms=2&emp_id=0000575
1641,00530,教育學程,班級經營,,師培必修,,否,2,張耀忠王智弘,教學大樓,(二) 10-11 T104,65,124,79,可跨班系,本課程為教育方法課程之一；提醒修習教材教法及教學實習前需修畢至少1門教育基礎課程及至少1門教育方法課程,Class Management,中文,https://webap0.ncue.edu.tw/DEANV2/UploadDEAN/SUBJECT/1142/00530_0CCET0001520.pdf,https://webapss.ncue.edu.tw/Teacher/Reports/OB020.aspx?yms_year=114&yms_sms=2&emp_id=9901114
1642,00529,教育學程,班級經營,,師培必修,,否,2,張麗雲,教學大樓,(三) 11-12 T104,65,13,50,可跨班系,本課程為教育方法課程之一；提醒修習教材教法及教學實習前需修畢至少1門教育基礎課程及至少1門教育方法課程,Class Management,中文,https://webap0.ncue.edu.tw/DEANV2/UploadDEAN/SUBJECT/1142/00529_0CCET0001520.pdf,https://webapss.ncue.edu.tw/Teacher/Reports/OB020.aspx?yms_year=114&yms_sms=2&emp_id=9900971
1643,00528,教育學程,班級經營,,師培必修,,否,2,張麗雲,教學大樓,(三) 09-10 T104,65,75,62,可跨班系,本課程為教育方法課程之一；提醒修習教材教法及教學實習前需修畢至少1門教育基礎課程及至少1門教育方法課程,Class Management,中文,https://webap0.ncue.edu.tw/DEANV2/UploadDEAN/SUBJECT/1142/00528_0CCET0001520.pdf,https://webapss.ncue.edu.tw/Teacher/Reports/OB020.aspx?yms_year=114&yms_sms=2&emp_id=9900971
1644,00527,教育學程,中等教育實作與服務學習,,師培必修,,否,2,劉世雄,教學大樓,(三) 10-11 T402,50,0,17,限本班,此門課需要在暑假時參與白沙夏日學校活動，建議過較多教育學分的學生才選修。未參加暑期活動者，成績不計，本課程採線上加簽申請選課。(彰化縣信義國中小),Practice and Service Learning in Secondary Education,中文,https://webap0.ncue.edu.tw/DEANV2/UploadDEAN/SUBJECT/1142/00527_0CCET0115020.pdf,https://webapss.ncue.edu.tw/Teacher/Reports/OB020.aspx?yms_year=114&yms_sms=2&emp_id=0000928
1645,00525,教育學程,中等教育實作與服務學習,,師培必修,,否,2,張耀忠王智弘,教學大樓,(二) 12-13 T104,50,0,23,限本班,此門課需要在暑假時參與白沙夏日學校活動，建議過較多教育學分的學生才選修。未參加暑期活動者，成績不計，本課程採線上加簽申請選課。(彰化縣溪州國中),Practice and Service Learning in Secondary Education,中文,https://webap0.ncue.edu.tw/DEANV2/UploadDEAN/SUBJECT/1142/00525_0CCET0115020.pdf,https://webapss.ncue.edu.tw/Teacher/Reports/OB020.aspx?yms_year=114&yms_sms=2&emp_id=9901114
1646,00524,教育學程,中等教育實作與服務學習,,師培必修,,否,2,王妙媛,教學大樓,(二) 07-08 T502電腦教室,50,60,38,可跨班系,教育實踐課程，本課程搭配計畫執行，實際運作仍以授課老師與修習同學討論為主,Practice and Service Learning in Secondary Education,中文,https://webap0.ncue.edu.tw/DEANV2/UploadDEAN/SUBJECT/1142/00524_0CCET0115020.pdf,https://webapss.ncue.edu.tw/Teacher/Reports/OB020.aspx?yms_year=114&yms_sms=2&emp_id=0000805
1647,00523,教育學程,海洋教育,,師培選修,,否,2,葉連鵬,教學大樓,(一) 05-06 T401,50,61,69,可跨班系,人文關懷系列課程,Marine Education,中文,https://webap0.ncue.edu.tw/DEANV2/UploadDEAN/SUBJECT/1142/00523_0CCET0107020.pdf,https://webapss.ncue.edu.tw/Teacher/Reports/OB020.aspx?yms_year=114&yms_sms=2&emp_id=0000930
1648,00522,教育學程,教育概論,,師培必修,,否,2,王自和,明德館,(一) 03-04 11401,50,10,18,可跨班系,"擬由兼任老師王自和授課,待聘用流程確認後開放選課",Introduction to Education,中文,https://webap0.ncue.edu.tw/DEANV2/UploadDEAN/SUBJECT/1142/00522_0CCET0002420.pdf,https://webapss.ncue.edu.tw/Teacher/Reports/OB020.aspx?yms_year=114&yms_sms=2&emp_id=9900691
1649,00521,教育學程,鄉土教育,,師培選修,,否,2,莊世滋,教學大樓,(四) 03-04 T401,50,23,23,可跨班系,人文關懷系課程,Homeland Education,中文,https://webap0.ncue.edu.tw/DEANV2/UploadDEAN/SUBJECT/1142/00521_0CCET0003120.pdf,https://webapss.ncue.edu.tw/Teacher/Reports/OB020.aspx?yms_year=114&yms_sms=2&emp_id=0000808
1650,00520,教育學程,性別平等教育,,師培選修,,否,2,施懿芹,教學大樓,(四) 03-04 T306,50,55,42,可跨班系,"人文關懷系列課程(112學年度新增之課程,適用112學年度起取得師資生資格者)",Education for Gender Equity,中英,https://webap0.ncue.edu.tw/DEANV2/UploadDEAN/SUBJECT/1142/00520_0CCET0116720.pdf,https://webapss.ncue.edu.tw/Teacher/Reports/OB020.aspx?yms_year=114&yms_sms=2&emp_id=0001151
1651,00519,教育學程,生命教育,,師培選修,,否,2,謝秋蘭,教學大樓,(三) 03-04 T202,50,37,49,可跨班系,人文關懷課程,Life Education,中文,https://webap0.ncue.edu.tw/DEANV2/UploadDEAN/SUBJECT/1142/00519_0CCET0000520.pdf,https://webapss.ncue.edu.tw/Teacher/Reports/OB020.aspx?yms_year=114&yms_sms=2&emp_id=0000980
1652,00517,教育學程,教育哲學,,師培必修,,否,2,廖婕軒楊忠斌,教學大樓,(三) 08-09 T401,50,22,30,可跨班系,本課程為教育基礎課程之一；提醒修習教材教法及教學實習前需修畢至少1門教育基礎課程及至少1門教育方法課程。,Educational Philosophy,中文,https://webap0.ncue.edu.tw/DEANV2/UploadDEAN/SUBJECT/1142/00517_0CCET0002320.pdf,https://webapss.ncue.edu.tw/Teacher/Reports/OB020.aspx?yms_year=114&yms_sms=2&emp_id=9901192
1653,00516,教育學程,教育概論,,師培必修,,否,2,孫俊傑龔心怡,教學大樓,(二) 07-08 T104,50,11,32,可跨班系,本課程為教育基礎課程之一；提醒修習教材教法及教學實習前需修畢至少1門教育基礎課程及至少1門教育方法課程。,Introduction to Education,中文,https://webap0.ncue.edu.tw/DEANV2/UploadDEAN/SUBJECT/1142/00516_0CCET0002420.pdf,https://webapss.ncue.edu.tw/Teacher/Reports/OB020.aspx?yms_year=114&yms_sms=2&emp_id=9901331
1654,00515,教育學程,教育心理學,,師培必修,,否,2,王智弘,教學大樓,(二) 07-08 T401,50,46,54,可跨班系,本課程為教育基礎課程之一；提醒修習教材教法及教學實習前需修畢至少1門教育基礎課程及至少1門教育方法課程。,Educational Psychology,中英,https://webap0.ncue.edu.tw/DEANV2/UploadDEAN/SUBJECT/1142/00515_0CCET0001720.pdf,https://webapss.ncue.edu.tw/Teacher/Reports/OB020.aspx?yms_year=114&yms_sms=2&emp_id=0000814
1655,00514,教育學程,人權教育,,師培選修,,否,2,李華彥,教學大樓,(二) 05-06 T401,50,34,46,可跨班系,人文關懷課程,Human Rights Education,中文,https://webap0.ncue.edu.tw/DEANV2/UploadDEAN/SUBJECT/1142/00514_0CCET0005220.pdf,https://webapss.ncue.edu.tw/Teacher/Reports/OB020.aspx?yms_year=114&yms_sms=2&emp_id=0001191
1656,00513,教育學程,多元文化教育,,師培選修,,否,2,李華彥,教學大樓,(一) 07-08 T104,50,34,36,可跨班系,人文關懷課程,Multicultural Education,中文,https://webap0.ncue.edu.tw/DEANV2/UploadDEAN/SUBJECT/1142/00513_0CCET0005120.pdf,https://webapss.ncue.edu.tw/Teacher/Reports/OB020.aspx?yms_year=114&yms_sms=2&emp_id=0001191
1657,00512,教育學程,教育概論,,師培必修,,否,2,林國楨詹雅惠,教學大樓,(五) 03-04 T101,50,15,39,可跨班系,本課程為教育基礎課程之一；提醒修習教材教法及教學實習前需修畢至少1門教育基礎課程及至少1門教育方法課程。,Introduction to Education,中文,https://webap0.ncue.edu.tw/DEANV2/UploadDEAN/SUBJECT/1142/00512_0CCET0002420.pdf,https://webapss.ncue.edu.tw/Teacher/Reports/OB020.aspx?yms_year=114&yms_sms=2&emp_id=0000775
1658,00511,教育學程,學校行政,,師培選修,,否,2,簡慶郎鄭曜忠,教學大樓,(四) 10-11 T101,50,50,55,可跨班系,教育專業課程選修科目，本課程亦為本校公職人員學程課程之一。,School Administration,中文,https://webap0.ncue.edu.tw/DEANV2/UploadDEAN/SUBJECT/1142/00511_0CCET0000320.pdf,https://webapss.ncue.edu.tw/Teacher/Reports/OB020.aspx?yms_year=114&yms_sms=2&emp_id=9901234
1659,00510,教育學程,特殊教育導論,,師培選修,,否,3,邱進興,教學大樓,(三) 09-11 T105,50,45,59,可跨班系,本課程第一階段僅開放大三、大四(含)以上、碩二(含)以上及博二(含)以上師資生方能選課,Introduction to Special Education,中文,https://webap0.ncue.edu.tw/DEANV2/UploadDEAN/SUBJECT/1142/00510_0CCET0000630.pdf,https://webapss.ncue.edu.tw/Teacher/Reports/OB020.aspx?yms_year=114&yms_sms=2&emp_id=9901262
1660,00509,教育學程,跨領域教學應用與實作,,師培必修,,否,2,鍾昌宏,教學大樓,(二) 10-12 T103,50,36,36,可跨班系,本課程為108起架構教育實踐課程必修，本課程原則上課共12週，每次上課3小時，實際上課日期依授課老師訂定為主,Cross-disciplinary teaching application and implementation,中文,https://webap0.ncue.edu.tw/DEANV2/UploadDEAN/SUBJECT/1142/00509_0CCET0115220.pdf,https://webapss.ncue.edu.tw/Teacher/Reports/OB020.aspx?yms_year=114&yms_sms=2&emp_id=9901067
1661,00508,教育學程,特殊教育導論,,師培選修,,否,3,周婉琪陳怡慧,教學大樓,(二) 09-11 T204,50,34,43,可跨班系,本課程第一階段僅開放大三、大四(含)以上、碩二(含)以上及博二(含)以上師資生方能選課,Introduction to Special Education,中文,https://webap0.ncue.edu.tw/DEANV2/UploadDEAN/SUBJECT/1142/00508_0CCET0000630.pdf,https://webapss.ncue.edu.tw/Teacher/Reports/OB020.aspx?yms_year=114&yms_sms=2&emp_id=9901332
1662,00507,教育學程,教育社會學,,師培必修,,否,2,陳彥君,教學大樓,(二) 05-06 T104,50,17,27,可跨班系,本課程為教育基礎課程之一；提醒修習教材教法及教學實習前需修畢至少1門教育基礎課程及至少1門教育方法課程。,Sociology of Education,中文,https://webap0.ncue.edu.tw/DEANV2/UploadDEAN/SUBJECT/1142/00507_0CCET0002120.pdf,https://webapss.ncue.edu.tw/Teacher/Reports/OB020.aspx?yms_year=114&yms_sms=2&emp_id=0001195
1663,00506,教育學程,輔導原理與實務,,師培必修,,否,2,陳明珠,教學大樓,(二) 10-11 T105,50,50,58,可跨班系,本課程為教育方法課程之一；提醒修習教材教法及教學實習前需修畢至少1門教育基礎課程及至少1門教育方法課程。,Principles & Practice of Guidance,中文,https://webap0.ncue.edu.tw/DEANV2/UploadDEAN/SUBJECT/1142/00506_0CCET0000220.pdf,https://webapss.ncue.edu.tw/Teacher/Reports/OB020.aspx?yms_year=114&yms_sms=2&emp_id=9901199
1664,00505,教育學程,輔導原理與實務,,師培必修,,否,2,陳明珠,教學大樓,(一) 10-11 T105,50,58,58,可跨班系,本課程為教育方法課程之一；提醒修習教材教法及教學實習前需修畢至少1門教育基礎課程及至少1門教育方法課程。,Principles & Practice of Guidance,中文,https://webap0.ncue.edu.tw/DEANV2/UploadDEAN/SUBJECT/1142/00505_0CCET0000220.pdf,https://webapss.ncue.edu.tw/Teacher/Reports/OB020.aspx?yms_year=114&yms_sms=2&emp_id=9901199
1665,00504,教育學程,課程發展與設計,,師培必修,,否,2,蔣秉芳,教學大樓,(一) 12-13 T103,50,61,44,可跨班系,本課程為教育方法課程之一；提醒修習教材教法及教學實習前需修畢至少1門教育基礎課程及至少1門教育方法課程。,Curriculum Development & Design,中文,https://webap0.ncue.edu.tw/DEANV2/UploadDEAN/SUBJECT/1142/00504_0CCET0003020.pdf,https://webapss.ncue.edu.tw/Teacher/Reports/OB020.aspx?yms_year=114&yms_sms=2&emp_id=9901200
1666,00503,教育學程,課程發展與設計,,師培必修,,否,2,蔣秉芳林素卿,教學大樓,(一) 10-11 T103,50,82,54,可跨班系,本課程為教育方法課程之一；提醒修習教材教法及教學實習前需修畢至少1門教育基礎課程及至少1門教育方法課程。,Curriculum Development & Design,中文,https://webap0.ncue.edu.tw/DEANV2/UploadDEAN/SUBJECT/1142/00503_0CCET0003020.pdf,https://webapss.ncue.edu.tw/Teacher/Reports/OB020.aspx?yms_year=114&yms_sms=2&emp_id=9901200
1667,00502,教育學程,學習評量,,師培必修,,否,2,陳秀溶,教學大樓,(四) 10-11 T104,50,103,68,可跨班系,本課程為教育方法課程之一；提醒修習教材教法及教學實習前需修畢至少1門教育基礎課程及至少1門教育方法課程。,Assessment in Learning,中文,https://webap0.ncue.edu.tw/DEANV2/UploadDEAN/SUBJECT/1142/00502_0CCET0116520.pdf,https://webapss.ncue.edu.tw/Teacher/Reports/OB020.aspx?yms_year=114&yms_sms=2&emp_id=9901333
1668,00501,教育學程,學習評量,,師培必修,,否,2,陳秀溶,教學大樓,(一) 10-11 T101,50,130,67,可跨班系,本課程為教育方法課程之一；提醒修習教材教法及教學實習前需修畢至少1門教育基礎課程及至少1門教育方法課程。,Assessment in Learning,中文,https://webap0.ncue.edu.tw/DEANV2/UploadDEAN/SUBJECT/1142/00501_0CCET0116520.pdf,https://webapss.ncue.edu.tw/Teacher/Reports/OB020.aspx?yms_year=114&yms_sms=2&emp_id=9901333
1669,00450,精進英外文,初級德文,,校必(英),,否,2,王自和,明德館,(二) 03-04 11101,50,27,36,限本班,1.校訂共同必修語文課程，應於畢業前修畢1 門「精進英外文」課程。2.本班修課人數上限額滿後不受理加簽。,Beginner's German,中文,https://webap0.ncue.edu.tw/DEANV2/UploadDEAN/SUBJECT/1142/00450_0CCEN0107920.pdf,https://webapss.ncue.edu.tw/Teacher/Reports/OB020.aspx?yms_year=114&yms_sms=2&emp_id=9900691
1670,00449,精進英外文,科普領域專業英文,,校必(英),,否,2,曾文培,教學大樓,(二) 03-04 T202,50,6,16,限本班,1.校訂共同必修語文課程，應於畢業前修畢1 門「精進英外文」課程。2.本課程限大二(含)以上學生或已核准免修大一英文之大一生(需線上加簽申請)修習。3.本班修課人數上限額滿後不受理加簽。,English for Popular Science,中文,https://webap0.ncue.edu.tw/DEANV2/UploadDEAN/SUBJECT/1142/00449_0CCEN0103420.pdf,https://webapss.ncue.edu.tw/Teacher/Reports/OB020.aspx?yms_year=114&yms_sms=2&emp_id=0000802
1671,00447,精進英外文,英語詩歌賞析,,校必(英),,是,2,蓋傑富,教學大樓,(四) 05-06 T203,50,17,47,限本班,1.校訂共同必修語文課程，應於畢業前修畢1 門「精進英外文」課程。2.本課程限大二(含)以上學生或已核准免修大一英文之大一生(需線上加簽申請)修習。3.本班修課人數上限額滿後不受理加簽。,Reading English Poetry,英文,https://webap0.ncue.edu.tw/DEANV2/UploadDEAN/SUBJECT/1142/00447_0CCEN0107420_EN.pdf,https://webapss.ncue.edu.tw/Teacher/Reports/OB020.aspx?yms_year=114&yms_sms=2&emp_id=0001159
1672,00446,精進英外文,旅遊英文,,校必(英),,是,2,趙玉芝,教學大樓,(四) 05-06 T302,50,24,42,限本班,1.校訂共同必修語文課程，應於畢業前修畢1 門「精進英外文」課程。2.本課程限大二(含)以上學生或已核准免修大一英文之大一生(需線上加簽申請)修習。3.本班修課人數上限額滿後不受理加簽。,Travel English,英文,https://webap0.ncue.edu.tw/DEANV2/UploadDEAN/SUBJECT/1142/00446_0CCEN0102620_EN.pdf,https://webapss.ncue.edu.tw/Teacher/Reports/OB020.aspx?yms_year=114&yms_sms=2&emp_id=0000613
1673,00445,精進英外文,旅遊英文,,校必(英),,是,2,陳謝鈞,教學二館,(五) 03-04 34101,50,49,39,限本班,1.校訂共同必修語文課程，應於畢業前修畢1 門「精進英外文」課程。2.本課程限大二(含)以上學生或已核准免修大一英文之大一生(需線上加簽申請)修習。3.本班修課人數上限額滿後不受理加簽。,Travel English,英文,https://webap0.ncue.edu.tw/DEANV2/UploadDEAN/SUBJECT/1142/00445_0CCEN0102620_EN.pdf,https://webapss.ncue.edu.tw/Teacher/Reports/OB020.aspx?yms_year=114&yms_sms=2&emp_id=0001163
1674,00444,精進英外文,初級德文,,校必(英),,是,2,梅泰勒,教學大樓,(三) 06-07 T101,60,105,60,限本班,1.校訂共同必修語文課程，應於畢業前修畢1 門「精進英外文」課程。2.本班修課人數上限額滿後不受理加簽。,Beginner's German,英文,https://webap0.ncue.edu.tw/DEANV2/UploadDEAN/SUBJECT/1142/00444_0CCEN0107920_EN.pdf,https://webapss.ncue.edu.tw/Teacher/Reports/OB020.aspx?yms_year=114&yms_sms=2&emp_id=0001219
1675,00443,精進英外文,初級越南語,,校必(英),,否,2,譚翠玉,教學大樓,(三) 03-04 T302,60,54,47,限本班,1.校訂共同必修語文課程，應於畢業前修畢1 門「精進英外文」課程。2.本班修課人數上限額滿後不受理加簽。,Beginner's Vietnamese,中文,https://webap0.ncue.edu.tw/DEANV2/UploadDEAN/SUBJECT/1142/00443_0CCEN0108420.pdf,https://webapss.ncue.edu.tw/Teacher/Reports/OB020.aspx?yms_year=114&yms_sms=2&emp_id=9901059
1676,00442,精進英外文,初級法文,,校必(英),,否,2,蔡明華,教學大樓,(三) 01-02 T101,60,105,56,限本班,1.校訂共同必修語文課程，應於畢業前修畢1 門「精進英外文」課程。2.本班修課人數上限額滿後不受理加簽。,Beginner's French,中英,https://webap0.ncue.edu.tw/DEANV2/UploadDEAN/SUBJECT/1142/00442_0CCEN0108020.pdf,https://webapss.ncue.edu.tw/Teacher/Reports/OB020.aspx?yms_year=114&yms_sms=2&emp_id=9900792
1677,00441,精進英外文,初級日文,,校必(英),,否,2,朱韻如,教學二館,(二) 03-04 34201,60,59,55,限本班,1.校訂共同必修語文課程，應於畢業前修畢1 門「精進英外文」課程。2.本班修課人數上限額滿後不受理加簽。,Beginner's Japanese,中文,https://webap0.ncue.edu.tw/DEANV2/UploadDEAN/SUBJECT/1142/00441_0CCEN0107720.pdf,https://webapss.ncue.edu.tw/Teacher/Reports/OB020.aspx?yms_year=114&yms_sms=2&emp_id=9901220
1678,00440,精進英外文,初級日文,,校必(英),,否,2,朱韻如,教學二館,(二) 01-02 34201,60,208,59,限本班,1.校訂共同必修語文課程，應於畢業前修畢1 門「精進英外文」課程。2.本班修課人數上限額滿後不受理加簽。,Beginner's Japanese,中文,https://webap0.ncue.edu.tw/DEANV2/UploadDEAN/SUBJECT/1142/00440_0CCEN0107720.pdf,https://webapss.ncue.edu.tw/Teacher/Reports/OB020.aspx?yms_year=114&yms_sms=2&emp_id=9901220
1679,00439,精進英外文,初級日文,,校必(英),,否,2,廖益卿,教學大樓,(四) 05-06 T001,60,187,57,限本班,1.校訂共同必修語文課程，應於畢業前修畢1 門「精進英外文」課程。2.本班修課人數上限額滿後不受理加簽。,Beginner's Japanese,中文,https://webap0.ncue.edu.tw/DEANV2/UploadDEAN/SUBJECT/1142/00439_0CCEN0107720.pdf,https://webapss.ncue.edu.tw/Teacher/Reports/OB020.aspx?yms_year=114&yms_sms=2&emp_id=9900249
1680,00438,精進英外文,初級日文,,校必(英),,否,2,方若評,教學大樓,(四) 03-04 T302,60,383,60,限本班,1.校訂共同必修語文課程，應於畢業前修畢1 門「精進英外文」課程。2.本班修課人數上限額滿後不受理加簽。,Beginner's Japanese,中文,https://webap0.ncue.edu.tw/DEANV2/UploadDEAN/SUBJECT/1142/00438_0CCEN0107720.pdf,https://webapss.ncue.edu.tw/Teacher/Reports/OB020.aspx?yms_year=114&yms_sms=2&emp_id=9901103
1681,00437,精進英外文,初級日文,,校必(英),,否,2,方若評,教學大樓,(四) 01-02 T103,60,495,67,限本班,1.校訂共同必修語文課程，應於畢業前修畢1 門「精進英外文」課程。2.本班修課人數上限額滿後不受理加簽。,Beginner's Japanese,中文,https://webap0.ncue.edu.tw/DEANV2/UploadDEAN/SUBJECT/1142/00437_0CCEN0107720.pdf,https://webapss.ncue.edu.tw/Teacher/Reports/OB020.aspx?yms_year=114&yms_sms=2&emp_id=9901103
1682,00436,精進英外文,初級韓文,,校必(英),,否,2,韓連善,教學大樓,(二) 05-06 T302,60,135,59,限本班,1.校訂共同必修語文課程，應於畢業前修畢1 門「精進英外文」課程。2.本班修課人數上限額滿後不受理加簽。,Beginner's Korean,中英,https://webap0.ncue.edu.tw/DEANV2/UploadDEAN/SUBJECT/1142/00436_0CCEN0108520.pdf,https://webapss.ncue.edu.tw/Teacher/Reports/OB020.aspx?yms_year=114&yms_sms=2&emp_id=9901062
1683,00435,精進英外文,初級韓文,,校必(英),,否,2,韓連善,教學大樓,(二) 03-04 T302,60,57,52,限本班,1.校訂共同必修語文課程，應於畢業前修畢1 門「精進英外文」課程。2.本班修課人數上限額滿後不受理加簽。,Beginner's Korean,中英,https://webap0.ncue.edu.tw/DEANV2/UploadDEAN/SUBJECT/1142/00435_0CCEN0108520.pdf,https://webapss.ncue.edu.tw/Teacher/Reports/OB020.aspx?yms_year=114&yms_sms=2&emp_id=9901062
1684,00434,管院高級英文,英文(二),,校必(英),,是,2,林婉華,教學一館,(四) 03-04 33202,50,45,45,限本班,本班大一新生選課由學校自上學期「英文(一)」名單(不含停修及退選者)統一匯入，其他學生(含未在名單內之新生)請依照「大一英文及精進英外文」選課須知之規定辦理選課。,English II,中英,https://webap0.ncue.edu.tw/DEANV2/UploadDEAN/SUBJECT/1142/00434_0CCEN0102520.pdf,https://webapss.ncue.edu.tw/Teacher/Reports/OB020.aspx?yms_year=114&yms_sms=2&emp_id=9900776
1685,00433,管院中級英文,英文(二),,校必(英),,是,2,李鈞皓,教學二館,(四) 01-02 34202,50,42,40,限本班,本班大一新生選課由學校自上學期「英文(一)」名單(不含停修及退選者)統一匯入，其他學生(含未在名單內之新生)請依照「大一英文及精進英外文」選課須知之規定辦理選課。,English II,英文,https://webap0.ncue.edu.tw/DEANV2/UploadDEAN/SUBJECT/1142/00433_0CCEN0102520_EN.pdf,https://webapss.ncue.edu.tw/Teacher/Reports/OB020.aspx?yms_year=114&yms_sms=2&emp_id=9901094
1686,00432,管院中級英文,英文(二),,校必(英),,是,2,李鈞皓,教學二館,(四) 03-04 34202,50,43,42,限本班,本班大一新生選課由學校自上學期「英文(一)」名單(不含停修及退選者)統一匯入，其他學生(含未在名單內之新生)請依照「大一英文及精進英外文」選課須知之規定辦理選課。,English II,英文,https://webap0.ncue.edu.tw/DEANV2/UploadDEAN/SUBJECT/1142/00432_0CCEN0102520_EN.pdf,https://webapss.ncue.edu.tw/Teacher/Reports/OB020.aspx?yms_year=114&yms_sms=2&emp_id=9901094
1687,00431,管院中級英文,英文(二),,校必(英),,是,2,郭育賢,教學二館,(四) 03-04 34201,50,38,38,限本班,本班大一新生選課由學校自上學期「英文(一)」名單(不含停修及退選者)統一匯入，其他學生(含未在名單內之新生)請依照「大一英文及精進英外文」選課須知之規定辦理選課。,English II,英文,https://webap0.ncue.edu.tw/DEANV2/UploadDEAN/SUBJECT/1142/00431_0CCEN0102520_EN.pdf,https://webapss.ncue.edu.tw/Teacher/Reports/OB020.aspx?yms_year=114&yms_sms=2&emp_id=0001194
1688,00430,管院初級英文,英文(二),,校必(英),,否,2,楊燕菁,教學二館,(四) 01-02 34201,50,40,42,限本班,本班大一新生選課由學校自上學期「英文(一)」名單(不含停修及退選者)統一匯入，其他學生(含未在名單內之新生)請依照「大一英文及精進英外文」選課須知之規定辦理選課。,English II,中文,https://webap0.ncue.edu.tw/DEANV2/UploadDEAN/SUBJECT/1142/00430_0CCEN0102520.pdf,https://webapss.ncue.edu.tw/Teacher/Reports/OB020.aspx?yms_year=114&yms_sms=2&emp_id=9900956
1689,00429,科技院高級英文,英文(二),,校必(英),,是,2,趙玉芝,教學一館,(四) 03-04 33303,50,32,30,限本班,本班大一新生選課由學校自上學期「英文(一)」名單(不含停修及退選者)統一匯入，其他學生(含未在名單內之新生)請依照「大一英文及精進英外文」選課須知之規定辦理選課。,English II,中文,https://webap0.ncue.edu.tw/DEANV2/UploadDEAN/SUBJECT/1142/00429_0CCEN0102520.pdf,https://webapss.ncue.edu.tw/Teacher/Reports/OB020.aspx?yms_year=114&yms_sms=2&emp_id=0000613
1690,00428,科技院中級英文,英文(二),,校必(英),,否,2,李一帆,教學一館,(五) 03-04 33303,50,34,38,限本班,本班大一新生選課由學校自上學期「英文(一)」名單(不含停修及退選者)統一匯入，其他學生(含未在名單內之新生)請依照「大一英文及精進英外文」選課須知之規定辦理選課。,English II,中英,https://webap0.ncue.edu.tw/DEANV2/UploadDEAN/SUBJECT/1142/00428_0CCEN0102520.pdf,https://webapss.ncue.edu.tw/Teacher/Reports/OB020.aspx?yms_year=114&yms_sms=2&emp_id=9901307
1691,00427,科技院初級英文,英文(二),,校必(英),,否,2,楊燕菁,教學一館,(四) 03-04 33302教室,50,36,39,限本班,本班大一新生選課由學校自上學期「英文(一)」名單(不含停修及退選者)統一匯入，其他學生(含未在名單內之新生)請依照「大一英文及精進英外文」選課須知之規定辦理選課。,English II,中文,https://webap0.ncue.edu.tw/DEANV2/UploadDEAN/SUBJECT/1142/00427_0CCEN0102520.pdf,https://webapss.ncue.edu.tw/Teacher/Reports/OB020.aspx?yms_year=114&yms_sms=2&emp_id=9900956
1692,00426,科技機電產攜專班一,英文(二),,校必(英),,是,2,黃瀞儀,教學一館,(五) 01-02 33304教室,50,0,19,限本系,本班大一新生選課由學校自上學期「英文(一)」名單(不含停修及退選者)統一匯入，且限機電產攜專班學生選課。,English II,英文,https://webap0.ncue.edu.tw/DEANV2/UploadDEAN/SUBJECT/1142/00426_0CCEN0102520_EN.pdf,https://webapss.ncue.edu.tw/Teacher/Reports/OB020.aspx?yms_year=114&yms_sms=2&emp_id=0000225
1693,00425,工院高級英文,英文(二),,校必(英),,是,2,林婉華,教學二館,(五) 03-04 34201,50,37,34,限本班,本班大一新生選課由學校自上學期「英文(一)」名單(不含停修及退選者)統一匯入，其他學生(含未在名單內之新生)請依照「大一英文及精進英外文」選課須知之規定辦理選課。,English II,中英,https://webap0.ncue.edu.tw/DEANV2/UploadDEAN/SUBJECT/1142/00425_0CCEN0102520.pdf,https://webapss.ncue.edu.tw/Teacher/Reports/OB020.aspx?yms_year=114&yms_sms=2&emp_id=9900776
1694,00424,工院高級英文,英文(二),,校必(英),,是,2,林婉華,教學二館,(五) 01-02 34201,50,33,31,限本班,本班大一新生選課由學校自上學期「英文(一)」名單(不含停修及退選者)統一匯入，其他學生(含未在名單內之新生)請依照「大一英文及精進英外文」選課須知之規定辦理選課。,English II,中英,https://webap0.ncue.edu.tw/DEANV2/UploadDEAN/SUBJECT/1142/00424_0CCEN0102520.pdf,https://webapss.ncue.edu.tw/Teacher/Reports/OB020.aspx?yms_year=114&yms_sms=2&emp_id=9900776
1695,00423,工院中級英文,英文(二),,校必(英),,否,2,李姿瑩,教學二館,(五) 03-04 34301,50,44,51,限本班,本班大一新生選課由學校自上學期「英文(一)」名單(不含停修及退選者)統一匯入，其他學生(含未在名單內之新生)請依照「大一英文及精進英外文」選課須知之規定辦理選課。,English II,英文,https://webap0.ncue.edu.tw/DEANV2/UploadDEAN/SUBJECT/1142/00423_0CCEN0102520_EN.pdf,https://webapss.ncue.edu.tw/Teacher/Reports/OB020.aspx?yms_year=114&yms_sms=2&emp_id=0001144
1696,00422,工院中級英文,英文(二),,校必(英),,否,2,李一帆,教學二館,(五) 01-02 34204,50,44,58,限本班,本班大一新生選課由學校自上學期「英文(一)」名單(不含停修及退選者)統一匯入，其他學生(含未在名單內之新生)請依照「大一英文及精進英外文」選課須知之規定辦理選課。,English II,中英,https://webap0.ncue.edu.tw/DEANV2/UploadDEAN/SUBJECT/1142/00422_0CCEN0102520.pdf,https://webapss.ncue.edu.tw/Teacher/Reports/OB020.aspx?yms_year=114&yms_sms=2&emp_id=9901307
1697,00421,工院初級英文,英文(二),,校必(英),,否,2,陳謝鈞,教學二館,(五) 01-02 34101,50,49,49,限本班,本班大一新生選課由學校自上學期「英文(一)」名單(不含停修及退選者)統一匯入，其他學生(含未在名單內之新生)請依照「大一英文及精進英外文」選課須知之規定辦理選課。,English II,中文,https://webap0.ncue.edu.tw/DEANV2/UploadDEAN/SUBJECT/1142/00421_0CCEN0102520.pdf,https://webapss.ncue.edu.tw/Teacher/Reports/OB020.aspx?yms_year=114&yms_sms=2&emp_id=0001163
1698,00420,社體院高級英文,英文(二),,校必(英),,是,2,蓋傑富,教學大樓,(二) 03-04 T203,50,34,35,限本班,本班大一新生選課由學校自上學期「英文(一)」名單(不含停修及退選者)統一匯入，其他學生(含未在名單內之新生)請依照「大一英文及精進英外文」選課須知之規定辦理選課。,English II,英文,https://webap0.ncue.edu.tw/DEANV2/UploadDEAN/SUBJECT/1142/00420_0CCEN0102520_EN.pdf,https://webapss.ncue.edu.tw/Teacher/Reports/OB020.aspx?yms_year=114&yms_sms=2&emp_id=0001159
1699,00419,社體院中級英文,英文(二),,校必(英),,是,2,蓋傑富,教學大樓,(五) 07-08 T103,50,24,23,限本班,本班大一新生選課由學校自上學期「英文(一)」名單(不含停修及退選者)統一匯入，其他學生(含未在名單內之新生)請依照「大一英文及精進英外文」選課須知之規定辦理選課。,English II,英文,https://webap0.ncue.edu.tw/DEANV2/UploadDEAN/SUBJECT/1142/00419_0CCEN0102520_EN.pdf,https://webapss.ncue.edu.tw/Teacher/Reports/OB020.aspx?yms_year=114&yms_sms=2&emp_id=0001159
1700,00418,社體院初級英文,英文(二),,校必(英),,否,2,王思文,教學大樓,(五) 07-08 T202,50,46,44,限本班,本班大一新生選課由學校自上學期「英文(一)」名單(不含停修及退選者)統一匯入，其他學生(含未在名單內之新生)請依照「大一英文及精進英外文」選課須知之規定辦理選課。,English II,中文,https://webap0.ncue.edu.tw/DEANV2/UploadDEAN/SUBJECT/1142/00418_0CCEN0102520.pdf,https://webapss.ncue.edu.tw/Teacher/Reports/OB020.aspx?yms_year=114&yms_sms=2&emp_id=9900866
1701,00417,教院高級英文,英文(二),,校必(英),,是,2,黃瀞儀,教學大樓,(二) 01-02 T203,50,42,38,限本班,本班大一新生選課由學校自上學期「英文(一)」名單(不含停修及退選者)統一匯入，其他學生(含未在名單內之新生)請依照「大一英文及精進英外文」選課須知之規定辦理選課。,English II,英文,https://webap0.ncue.edu.tw/DEANV2/UploadDEAN/SUBJECT/1142/00417_0CCEN0102520_EN.pdf,https://webapss.ncue.edu.tw/Teacher/Reports/OB020.aspx?yms_year=114&yms_sms=2&emp_id=0000225
1702,00416,教院中級英文,英文(二),,校必(英),,否,2,施懿芹,教學大樓,(五) 03-04 T203,50,32,31,限本班,本班大一新生選課由學校自上學期「英文(一)」名單(不含停修及退選者)統一匯入，其他學生(含未在名單內之新生)請依照「大一英文及精進英外文」選課須知之規定辦理選課。,English II,中英,https://webap0.ncue.edu.tw/DEANV2/UploadDEAN/SUBJECT/1142/00416_0CCEN0102520.pdf,https://webapss.ncue.edu.tw/Teacher/Reports/OB020.aspx?yms_year=114&yms_sms=2&emp_id=0001151
1703,00415,教院初級英文,英文(二),,校必(英),,否,2,游毓玲,教學大樓,(二) 01-02 T303,50,32,35,限本班,本班大一新生選課由學校自上學期「英文(一)」名單(不含停修及退選者)統一匯入，其他學生(含未在名單內之新生)請依照「大一英文及精進英外文」選課須知之規定辦理選課。,English II,英文,https://webap0.ncue.edu.tw/DEANV2/UploadDEAN/SUBJECT/1142/00415_0CCEN0102520_EN.pdf,https://webapss.ncue.edu.tw/Teacher/Reports/OB020.aspx?yms_year=114&yms_sms=2&emp_id=0000854
1704,00414,高照原民專班一,英文(二),,校必(英),,否,2,林建宏,教學大樓,(二) 08-09 T303,50,4,33,限本班,本班大一新生選課由學校自上學期「英文(一)」名單(不含停修及退選者)統一匯入，且限高照原民專班學生選課。,English II,中文,https://webap0.ncue.edu.tw/DEANV2/UploadDEAN/SUBJECT/1142/00414_0CCEN0102520.pdf,https://webapss.ncue.edu.tw/Teacher/Reports/OB020.aspx?yms_year=114&yms_sms=2&emp_id=9901306
1705,00413,文院高級英文,英文(二),,校必(英),,是,2,裴卓仕,教學大樓,(五) 07-08 T203,50,37,36,限本班,本班大一新生選課由學校自上學期「英文(一)」名單(不含停修及退選者)統一匯入，其他學生(含未在名單內之新生)請依照「大一英文及精進英外文」選課須知之規定辦理選課。,English II,英文,https://webap0.ncue.edu.tw/DEANV2/UploadDEAN/SUBJECT/1142/00413_0CCEN0102520_EN.pdf,https://webapss.ncue.edu.tw/Teacher/Reports/OB020.aspx?yms_year=114&yms_sms=2&emp_id=0000962
1706,00412,文院高級英文,英文(二),,校必(英),,是,2,梅泰勒,教學大樓,(五) 05-06 T303,50,41,38,限本班,本班大一新生選課由學校自上學期「英文(一)」名單(不含停修及退選者)統一匯入，其他學生(含未在名單內之新生)請依照「大一英文及精進英外文」選課須知之規定辦理選課。,English II,英文,https://webap0.ncue.edu.tw/DEANV2/UploadDEAN/SUBJECT/1142/00412_0CCEN0102520_EN.pdf,https://webapss.ncue.edu.tw/Teacher/Reports/OB020.aspx?yms_year=114&yms_sms=2&emp_id=0001219
1707,00411,文院中級英文,英文(二),,校必(英),,是,2,黃瀞儀,教學大樓,(五) 07-08 T302,50,30,29,限本班,本班大一新生選課由學校自上學期「英文(一)」名單(不含停修及退選者)統一匯入，其他學生(含未在名單內之新生)請依照「大一英文及精進英外文」選課須知之規定辦理選課。,English II,中英,https://webap0.ncue.edu.tw/DEANV2/UploadDEAN/SUBJECT/1142/00411_0CCEN0102520.pdf,https://webapss.ncue.edu.tw/Teacher/Reports/OB020.aspx?yms_year=114&yms_sms=2&emp_id=0000225
1708,00410,文院中級英文,英文(二),,校必(英),,否,2,施懿芹,教學大樓,(五) 05-06 T302,50,32,33,限本班,本班大一新生選課由學校自上學期「英文(一)」名單(不含停修及退選者)統一匯入，其他學生(含未在名單內之新生)請依照「大一英文及精進英外文」選課須知之規定辦理選課。,English II,中英,https://webap0.ncue.edu.tw/DEANV2/UploadDEAN/SUBJECT/1142/00410_0CCEN0102520.pdf,https://webapss.ncue.edu.tw/Teacher/Reports/OB020.aspx?yms_year=114&yms_sms=2&emp_id=0001151
1709,00409,文院中級英文,英文(二),,校必(英),,是,2,梅泰勒,教學大樓,(五) 07-08 T303,50,28,28,限本班,本班大一新生選課由學校自上學期「英文(一)」名單(不含停修及退選者)統一匯入，其他學生(含未在名單內之新生)請依照「大一英文及精進英外文」選課須知之規定辦理選課。,English II,英文,https://webap0.ncue.edu.tw/DEANV2/UploadDEAN/SUBJECT/1142/00409_0CCEN0102520_EN.pdf,https://webapss.ncue.edu.tw/Teacher/Reports/OB020.aspx?yms_year=114&yms_sms=2&emp_id=0001219
1710,00408,文院初級英文,英文(二),,校必(英),,否,2,吳保霖,教學大樓,(五) 05-06 T002,50,51,54,限本班,本班大一新生選課由學校自上學期「英文(一)」名單(不含停修及退選者)統一匯入，其他學生(含未在名單內之新生)請依照「大一英文及精進英外文」選課須知之規定辦理選課。,English II,英文,https://webap0.ncue.edu.tw/DEANV2/UploadDEAN/SUBJECT/1142/00408_0CCEN0102520_EN.pdf,https://webapss.ncue.edu.tw/Teacher/Reports/OB020.aspx?yms_year=114&yms_sms=2&emp_id=4000052
1711,00407,理院高級英文,英文(二),,校必(英),,是,2,阮家慶,教學大樓,(五) 05-06 T001,50,10,10,限本班,本班大一新生選課由學校自上學期「英文(一)」名單(不含停修及退選者)統一匯入，其他學生(含未在名單內之新生)請依照「大一英文及精進英外文」選課須知之規定辦理選課。,English II,中文,https://webap0.ncue.edu.tw/DEANV2/UploadDEAN/SUBJECT/1142/00407_0CCEN0102520.pdf,https://webapss.ncue.edu.tw/Teacher/Reports/OB020.aspx?yms_year=114&yms_sms=2&emp_id=4000045
1712,00406,理院中級英文,英文(二),,校必(英),,否,2,賴秉彥,教學大樓,(二) 05-06 T002,50,39,39,限本班,本班大一新生選課由學校自上學期「英文(一)」名單(不含停修及退選者)統一匯入，其他學生(含未在名單內之新生)請依照「大一英文及精進英外文」選課須知之規定辦理選課。,English II,中文,https://webap0.ncue.edu.tw/DEANV2/UploadDEAN/SUBJECT/1142/00406_0CCEN0102520.pdf,https://webapss.ncue.edu.tw/Teacher/Reports/OB020.aspx?yms_year=114&yms_sms=2&emp_id=0000855
1713,00405,理院中級英文,英文(二),,校必(英),,是,2,黃瀞儀,教學大樓,(五) 05-06 T203,50,41,39,限本班,本班大一新生選課由學校自上學期「英文(一)」名單(不含停修及退選者)統一匯入，其他學生(含未在名單內之新生)請依照「大一英文及精進英外文」選課須知之規定辦理選課。,English II,中英,https://webap0.ncue.edu.tw/DEANV2/UploadDEAN/SUBJECT/1142/00405_0CCEN0102520.pdf,https://webapss.ncue.edu.tw/Teacher/Reports/OB020.aspx?yms_year=114&yms_sms=2&emp_id=0000225
1714,00404,理院中級英文,英文(二),,校必(英),,否,2,林建宏,教學大樓,(二) 05-06 T203,50,42,44,限本班,本班大一新生選課由學校自上學期「英文(一)」名單(不含停修及退選者)統一匯入，其他學生(含未在名單內之新生)請依照「大一英文及精進英外文」選課須知之規定辦理選課。,English II,中文,https://webap0.ncue.edu.tw/DEANV2/UploadDEAN/SUBJECT/1142/00404_0CCEN0102520.pdf,https://webapss.ncue.edu.tw/Teacher/Reports/OB020.aspx?yms_year=114&yms_sms=2&emp_id=9901306
1715,00403,理院初級英文,英文(二),,校必(英),,是,2,温婷惠,教學大樓,(二) 05-06 T001,50,32,29,限本班,本班大一新生選課由學校自上學期「英文(一)」名單(不含停修及退選者)統一匯入，其他學生(含未在名單內之新生)請依照「大一英文及精進英外文」選課須知之規定辦理選課。,English II,中文,https://webap0.ncue.edu.tw/DEANV2/UploadDEAN/SUBJECT/1142/00403_0CCEN0102520.pdf,https://webapss.ncue.edu.tw/Teacher/Reports/OB020.aspx?yms_year=114&yms_sms=2&emp_id=0001032
1716,00402,理院初級英文,英文(二),,校必(英),,否,2,王思文,教學大樓,(五) 05-06 T202,50,37,40,限本班,本班大一新生選課由學校自上學期「英文(一)」名單(不含停修及退選者)統一匯入，其他學生(含未在名單內之新生)請依照「大一英文及精進英外文」選課須知之規定辦理選課。,English II,中文,https://webap0.ncue.edu.tw/DEANV2/UploadDEAN/SUBJECT/1142/00402_0CCEN0102520.pdf,https://webapss.ncue.edu.tw/Teacher/Reports/OB020.aspx?yms_year=114&yms_sms=2&emp_id=9900866
1717,00401,理院初級英文,英文(二),,校必(英),,否,2,李一帆,教學大樓,(二) 05-06 T101,50,37,39,限本班,本班大一新生選課由學校自上學期「英文(一)」名單(不含停修及退選者)統一匯入，其他學生(含未在名單內之新生)請依照「大一英文及精進英外文」選課須知之規定辦理選課。,English II,無,,https://webapss.ncue.edu.tw/Teacher/Reports/OB020.aspx?yms_year=114&yms_sms=2&emp_id=9901307
1718,00342,精進中文,漢字學通論,,校必(國),,否,2,鐘曉婷,教學大樓,(五) 05-06 T105,70,3,70,限本班,本科目限大二以上修課，此為校必修國文6學分中之2學分。重、補修生(含轉學生) 請參閱選課專區公告之「大一國文及精進中文選課須知」辦理。,Introduction to philology of Chinese characters,中文,https://webap0.ncue.edu.tw/DEANV2/UploadDEAN/SUBJECT/1142/00342_0CCCH0102120.pdf,https://webapss.ncue.edu.tw/Teacher/Reports/OB020.aspx?yms_year=114&yms_sms=2&emp_id=9901354
1719,00341,精進中文,老莊選讀,,校必(國),,否,2,周益忠,教學大樓,(五) 03-04 T102,66,27,65,限本班,本科目限大二以上修課，此為校必修國文6學分中之2學分。重、補修生(含轉學生) 請參閱選課專區公告之「大一國文及精進中文選課須知」辦理。,Analects of Lao-tze and Chuang-tze,中文,https://webap0.ncue.edu.tw/DEANV2/UploadDEAN/SUBJECT/1142/00341_0CCCH0103220.pdf,https://webapss.ncue.edu.tw/Teacher/Reports/OB020.aspx?yms_year=114&yms_sms=2&emp_id=9901158
1720,00340,精進中文,醫療文學,,校必(國),,否,2,葉連鵬,教學大樓,(三) 03-04 T103,80,48,50,限本班,本科目限大二以上修課，此為校必修國文6學分中之2學分。重、補修生(含轉學生) 請參閱選課專區公告之「大一國文及精進中文選課須知」辦理。,Medical Literature,中文,https://webap0.ncue.edu.tw/DEANV2/UploadDEAN/SUBJECT/1142/00340_0CCCH0101120.pdf,https://webapss.ncue.edu.tw/Teacher/Reports/OB020.aspx?yms_year=114&yms_sms=2&emp_id=0000930
1721,00338,精進中文,當代小說,,校必(國),,否,2,蔣美華,教學大樓,(五) 03-04 T004,50,480,127,限本班,此為校必修國文6學分中之2學分。大二以上再選修亦可，重、補修生(含轉學生) 請參閱選課專區公告之「大一國文及精進中文選課須知」辦理。,Contemporary novels,中文,https://webap0.ncue.edu.tw/DEANV2/UploadDEAN/SUBJECT/1142/00338_0CCCH0104620.pdf,https://webapss.ncue.edu.tw/Teacher/Reports/OB020.aspx?yms_year=114&yms_sms=2&emp_id=0000512
1722,00337,精進中文,西方文學理論,,校必(國),,否,2,劉威廷,弘道館,(三) 03-04 視聽教室(14403),70,71,66,限本班,此為校必修國文6學分中之2學分。大二以上再選修亦可，重、補修生(含轉學生) 請參閱選課專區公告之「大一國文及精進中文選課須知」辦理。,Western Literary Theory,中文,https://webap0.ncue.edu.tw/DEANV2/UploadDEAN/SUBJECT/1142/00337_0CCCH0105220.pdf,https://webapss.ncue.edu.tw/Teacher/Reports/OB020.aspx?yms_year=114&yms_sms=2&emp_id=0001113
1723,00336,精進中文,奇幻文學,,校必(國),,否,2,趙詠寬,教學大樓,(五) 05-06 T004,95,268,89,限本班,此為校必修國文6學分中之2學分。大二以上再選修亦可，重、補修生(含轉學生) 請參閱選課專區公告之「大一國文及精進中文選課須知」辦理。,Fantasy Literature,中文,https://webap0.ncue.edu.tw/DEANV2/UploadDEAN/SUBJECT/1142/00336_0CCCH0104920.pdf,https://webapss.ncue.edu.tw/Teacher/Reports/OB020.aspx?yms_year=114&yms_sms=2&emp_id=9900768
1724,00335,精進中文,古典小說賞析,,校必(國),,否,2,陳憲仁,教學大樓,(二) 03-04 T004,50,53,49,限本班,本科目限大二以上修課，此為校必修國文6學分中之2學分。重、補修生(含轉學生) 請參閱選課專區公告之「大一國文及精進中文選課須知」辦理。,Appreciation of Classical Chinese Fiction,中文,https://webap0.ncue.edu.tw/DEANV2/UploadDEAN/SUBJECT/1142/00335_0CCCH0103820.pdf,https://webapss.ncue.edu.tw/Teacher/Reports/OB020.aspx?yms_year=114&yms_sms=2&emp_id=9901068
1725,00334,精進中文,文學鑑賞,,校必(國),,否,2,耿志堅,教學大樓,(四) 05-06 T101,50,137,69,限本班,此為校必修國文6學分中之2學分，大二以上再選修亦可。重、補修生(含轉學生) 請參閱選課專區公告之「大一國文及精進中文選課須知」辦理。,Approaches to Literature,中文,https://webap0.ncue.edu.tw/DEANV2/UploadDEAN/SUBJECT/1142/00334_0CCCH0106320.pdf,https://webapss.ncue.edu.tw/Teacher/Reports/OB020.aspx?yms_year=114&yms_sms=2&emp_id=9901024
1726,00333,精進中文,閱讀理解精進課程,,校必(國),,否,2,耿志堅,教學大樓,(四) 03-04 T101,50,62,62,限本班,本科目限大二以上修課，此為校必修國文6學分中之2學分。重、補修生(含轉學生) 請參閱選課專區公告之「大一國文及精進中文選課須知」辦理。,Reading Comprehension Enrichment,中文,https://webap0.ncue.edu.tw/DEANV2/UploadDEAN/SUBJECT/1142/00333_0CCCH0102920.pdf,https://webapss.ncue.edu.tw/Teacher/Reports/OB020.aspx?yms_year=114&yms_sms=2&emp_id=9901024
1727,00332,精進中文,東方詩話,,校必(國),,否,2,邱怡瑄,教學大樓,(四) 03-04 T002,50,94,64,限本班,本科目限大二以上修課，此為校必修國文6學分中之2學分。重、補修生(含轉學生) 請參閱選課專區公告之「大一國文及精進中文選課須知」辦理。,Notes on Oriental Poetry and Poets,中文,https://webap0.ncue.edu.tw/DEANV2/UploadDEAN/SUBJECT/1142/00332_0CCCH0104420.pdf,https://webapss.ncue.edu.tw/Teacher/Reports/OB020.aspx?yms_year=114&yms_sms=2&emp_id=0001140
1728,00331,精進中文,現代戲劇,,校必(國),,否,2,吳明德,弘道館,(五) 05-06 視聽教室(14403),75,205,74,限本班,此為校必修國文6學分中之2學分。大二以上再選修亦可，重、補修生(含轉學生) 請參閱選課專區公告之「大一國文及精進中文選課須知」辦理。,Modern drama,中文,https://webap0.ncue.edu.tw/DEANV2/UploadDEAN/SUBJECT/1142/00331_0CCCH0104720.pdf,https://webapss.ncue.edu.tw/Teacher/Reports/OB020.aspx?yms_year=114&yms_sms=2&emp_id=0000901
1729,00330,精進中文,孫子兵法,,校必(國),,否,2,吳伯曜,教學一館,(一) 05-06 33404,50,78,49,限本班,本科目限大二以上修課，此為校必修國文6學分中之2學分。重、補修生(含轉學生) 請參閱選課專區公告之「大一國文及精進中文選課須知」辦理。,The Art of War,中文,https://webap0.ncue.edu.tw/DEANV2/UploadDEAN/SUBJECT/1142/00330_0CCCH0103320.pdf,https://webapss.ncue.edu.tw/Teacher/Reports/OB020.aspx?yms_year=114&yms_sms=2&emp_id=9901069
1730,00329,輔一乙,國文(二),,校必(國),,否,2,簡承禾,教學大樓,(四) 03-04 T303,50,33,32,限本班,需修習本班課程之重、補修生(含轉學生)，請參閱選課專區公告之「大一國文及精進中文選課須知」辦理。,Chinese II,中文,https://webap0.ncue.edu.tw/DEANV2/UploadDEAN/SUBJECT/1142/00329_0CCCH0100420.pdf,https://webapss.ncue.edu.tw/Teacher/Reports/OB020.aspx?yms_year=114&yms_sms=2&emp_id=4000069
1731,00328,電機一,國文(二),,校必(國),,否,2,簡承禾,教學一館,(二) 03-04 33303,50,45,48,限本班,需修習本班課程之重、補修生(含轉學生)，請參閱選課專區公告之「大一國文及精進中文選課須知」辦理。,Chinese II,中文,https://webap0.ncue.edu.tw/DEANV2/UploadDEAN/SUBJECT/1142/00328_0CCCH0100420.pdf,https://webapss.ncue.edu.tw/Teacher/Reports/OB020.aspx?yms_year=114&yms_sms=2&emp_id=4000069
1732,00327,數一乙,國文(二),,校必(國),,否,2,蔣美華,教學大樓,(三) 01-02 T303,50,37,45,限本班,需修習本班課程之重、補修生(含轉學生)，請參閱選課專區公告之「大一國文及精進中文選課須知」辦理。,Chinese II,中文,https://webap0.ncue.edu.tw/DEANV2/UploadDEAN/SUBJECT/1142/00327_0CCCH0100420.pdf,https://webapss.ncue.edu.tw/Teacher/Reports/OB020.aspx?yms_year=114&yms_sms=2&emp_id=0000512
1733,00326,化一,國文(二),,校必(國),,否,2,蔣美華,教學大樓,(一) 03-04 T303,50,49,52,限本班,需修習本班課程之重、補修生(含轉學生)，請參閱選課專區公告之「大一國文及精進中文選課須知」辦理。,Chinese II,中文,https://webap0.ncue.edu.tw/DEANV2/UploadDEAN/SUBJECT/1142/00326_0CCCH0100420.pdf,https://webapss.ncue.edu.tw/Teacher/Reports/OB020.aspx?yms_year=114&yms_sms=2&emp_id=0000512
1734,00325,數一甲,國文(二),,校必(國),,否,2,蔣美華,教學大樓,(一) 01-02 T303,50,37,42,限本班,需修習本班課程之重、補修生(含轉學生)，請參閱選課專區公告之「大一國文及精進中文選課須知」辦理。,Chinese II,中文,https://webap0.ncue.edu.tw/DEANV2/UploadDEAN/SUBJECT/1142/00325_0CCCH0100420.pdf,https://webapss.ncue.edu.tw/Teacher/Reports/OB020.aspx?yms_year=114&yms_sms=2&emp_id=0000512
1735,00324,會一乙,國文(二),,校必(國),,否,2,劉鐔靖,教學一館,(二) 03-04 33304教室,50,36,37,限本班,需修習本班課程之重、補修生(含轉學生)，請參閱選課專區公告之「大一國文及精進中文選課須知」辦理。,Chinese II,中文,https://webap0.ncue.edu.tw/DEANV2/UploadDEAN/SUBJECT/1142/00324_0CCCH0100420.pdf,https://webapss.ncue.edu.tw/Teacher/Reports/OB020.aspx?yms_year=114&yms_sms=2&emp_id=9901311
1736,00323,財金一,國文(二),,校必(國),,否,2,劉鐔靖,教學一館,(二) 01-02 33304教室,50,30,33,限本班,需修習本班課程之重、補修生(含轉學生)，請參閱選課專區公告之「大一國文及精進中文選課須知」辦理。,Chinese II,中文,https://webap0.ncue.edu.tw/DEANV2/UploadDEAN/SUBJECT/1142/00323_0CCCH0100420.pdf,https://webapss.ncue.edu.tw/Teacher/Reports/OB020.aspx?yms_year=114&yms_sms=2&emp_id=9901311
1737,00322,英一,國文(二),,校必(國),,否,2,劉威廷,教學大樓,(四) 03-04 T202,50,53,55,限本班,需修習本班課程之重、補修生(含轉學生)，請參閱選課專區公告之「大一國文及精進中文選課須知」辦理。,Chinese II,中文,https://webap0.ncue.edu.tw/DEANV2/UploadDEAN/SUBJECT/1142/00322_0CCCH0100420.pdf,https://webapss.ncue.edu.tw/Teacher/Reports/OB020.aspx?yms_year=114&yms_sms=2&emp_id=0001113
1738,00321,物一乙,國文(二),,校必(國),,否,2,趙詠寬,教學大樓,(五) 07-08 T101,50,35,43,限本班,需修習本班課程之重、補修生(含轉學生)，請參閱選課專區公告之「大一國文及精進中文選課須知」辦理。,Chinese II,中文,https://webap0.ncue.edu.tw/DEANV2/UploadDEAN/SUBJECT/1142/00321_0CCCH0100420.pdf,https://webapss.ncue.edu.tw/Teacher/Reports/OB020.aspx?yms_year=114&yms_sms=2&emp_id=9900768
1739,00320,公育一,國文(二),,校必(國),,否,2,鐘曉婷,教學大樓,(五) 03-04 T305,50,38,38,限本班,需修習本班課程之重、補修生(含轉學生)，請參閱選課專區公告之「大一國文及精進中文選課須知」辦理。,Chinese II,中文,https://webap0.ncue.edu.tw/DEANV2/UploadDEAN/SUBJECT/1142/00320_0CCCH0100420.pdf,https://webapss.ncue.edu.tw/Teacher/Reports/OB020.aspx?yms_year=114&yms_sms=2&emp_id=9901354
1740,00319,物一甲,國文(二),,校必(國),,否,2,詹千慧,教學大樓,(三) 05-06 T302,50,32,40,限本班,需修習本班課程之重、補修生(含轉學生)，請參閱選課專區公告之「大一國文及精進中文選課須知」辦理。,Chinese II,中文,https://webap0.ncue.edu.tw/DEANV2/UploadDEAN/SUBJECT/1142/00319_0CCCH0100420.pdf,https://webapss.ncue.edu.tw/Teacher/Reports/OB020.aspx?yms_year=114&yms_sms=2&emp_id=0001205
1741,00318,地一,國文(二),,校必(國),,否,2,詹千慧,教學大樓,(一) 05-06 T303,50,38,41,限本班,需修習本班課程之重、補修生(含轉學生)，請參閱選課專區公告之「大一國文及精進中文選課須知」辦理。,Chinese II,中文,https://webap0.ncue.edu.tw/DEANV2/UploadDEAN/SUBJECT/1142/00318_0CCCH0100420.pdf,https://webapss.ncue.edu.tw/Teacher/Reports/OB020.aspx?yms_year=114&yms_sms=2&emp_id=0001205
1742,00317,輔一甲,國文(二),,校必(國),,否,2,葉連鵬,教學大樓,(二) 05-06 T303,50,38,38,限本班,需修習本班課程之重、補修生(含轉學生)，請參閱選課專區公告之「大一國文及精進中文選課須知」辦理。,Chinese II,中文,https://webap0.ncue.edu.tw/DEANV2/UploadDEAN/SUBJECT/1142/00317_0CCCH0100420.pdf,https://webapss.ncue.edu.tw/Teacher/Reports/OB020.aspx?yms_year=114&yms_sms=2&emp_id=0000930
1743,00316,國一乙,國文(二),,校必(國),,否,2,楊曉菁,弘道館,(三) 03-04 人文講堂,50,39,42,限本班,需修習本班課程之重、補修生(含轉學生)，請參閱選課專區公告之「大一國文及精進中文選課須知」辦理。,Chinese II,中文,https://webap0.ncue.edu.tw/DEANV2/UploadDEAN/SUBJECT/1142/00316_0CCCH0100420.pdf,https://webapss.ncue.edu.tw/Teacher/Reports/OB020.aspx?yms_year=114&yms_sms=2&emp_id=0001119
1744,00315,科技一乙,國文(二),,校必(國),,否,2,湯家岳,教學二館,(五) 05-06 34204,50,55,56,限本班,需修習本班課程之重、補修生(含轉學生)，請參閱選課專區公告之「大一國文及精進中文選課須知」辦理。,Chinese II,中文,https://webap0.ncue.edu.tw/DEANV2/UploadDEAN/SUBJECT/1142/00315_0CCCH0100420.pdf,https://webapss.ncue.edu.tw/Teacher/Reports/OB020.aspx?yms_year=114&yms_sms=2&emp_id=9901104
1745,00314,資管一,國文(二),,校必(國),,否,2,湯家岳,教學一館,(五) 03-04 33404,50,39,46,限本班,需修習本班課程之重、補修生(含轉學生)，請參閱選課專區公告之「大一國文及精進中文選課須知」辦理。,Chinese II,中文,https://webap0.ncue.edu.tw/DEANV2/UploadDEAN/SUBJECT/1142/00314_0CCCH0100420.pdf,https://webapss.ncue.edu.tw/Teacher/Reports/OB020.aspx?yms_year=114&yms_sms=2&emp_id=9901104
1746,00313,企管一,國文(二),,校必(國),,否,2,湯家岳,教學一館,(五) 01-02 33404,50,47,50,限本班,需修習本班課程之重、補修生(含轉學生)，請參閱選課專區公告之「大一國文及精進中文選課須知」辦理。,Chinese II,中文,https://webap0.ncue.edu.tw/DEANV2/UploadDEAN/SUBJECT/1142/00313_0CCCH0100420.pdf,https://webapss.ncue.edu.tw/Teacher/Reports/OB020.aspx?yms_year=114&yms_sms=2&emp_id=9901104
1747,00312,美一,國文(二),,校必(國),,否,2,陳彥君,教學大樓,(二) 03-04 T001,50,36,39,限本班,需修習本班課程之重、補修生(含轉學生)，請參閱選課專區公告之「大一國文及精進中文選課須知」辦理。,Chinese II,中文,https://webap0.ncue.edu.tw/DEANV2/UploadDEAN/SUBJECT/1142/00312_0CCCH0100420.pdf,https://webapss.ncue.edu.tw/Teacher/Reports/OB020.aspx?yms_year=114&yms_sms=2&emp_id=0001195
1748,00311,機電一,國文(二),,校必(國),,否,2,陳厚任,教學二館,(四) 03-04 34101,50,37,44,限本班,需修習本班課程之重、補修生(含轉學生)，請參閱選課專區公告之「大一國文及精進中文選課須知」辦理。,Chinese II,中文,https://webap0.ncue.edu.tw/DEANV2/UploadDEAN/SUBJECT/1142/00311_0CCCH0100420.pdf,https://webapss.ncue.edu.tw/Teacher/Reports/OB020.aspx?yms_year=114&yms_sms=2&emp_id=9901302
1749,00310,智車一,國文(二),,校必(國),,否,2,陳厚任,教學二館,(四) 01-02 34101,50,17,20,限本班,需修習本班課程之重、補修生(含轉學生)，請參閱選課專區公告之「大一國文及精進中文選課須知」辦理。,Chinese II,中文,https://webap0.ncue.edu.tw/DEANV2/UploadDEAN/SUBJECT/1142/00310_0CCCH0100420.pdf,https://webapss.ncue.edu.tw/Teacher/Reports/OB020.aspx?yms_year=114&yms_sms=2&emp_id=9901302
1750,00309,運一,國文(二),,校必(國),,否,2,邱怡瑄,進德體育館,(三) 01-02 體育教室一,50,59,64,限本班,需修習本班課程之重、補修生(含轉學生)，請參閱選課專區公告之「大一國文及精進中文選課須知」辦理。,Chinese II,中文,https://webap0.ncue.edu.tw/DEANV2/UploadDEAN/SUBJECT/1142/00309_0CCCH0100420.pdf,https://webapss.ncue.edu.tw/Teacher/Reports/OB020.aspx?yms_year=114&yms_sms=2&emp_id=0001140
1751,00308,生一,國文(二),,校必(國),,否,2,邱怡瑄,教學大樓,(二) 03-04 T303,50,33,34,限本班,需修習本班課程之重、補修生(含轉學生)，請參閱選課專區公告之「大一國文及精進中文選課須知」辦理。,Chinese II,中文,https://webap0.ncue.edu.tw/DEANV2/UploadDEAN/SUBJECT/1142/00308_0CCCH0100420.pdf,https://webapss.ncue.edu.tw/Teacher/Reports/OB020.aspx?yms_year=114&yms_sms=2&emp_id=0001140
1752,00307,高照原民專班一,國文(二),,校必(國),,否,2,李皇穎,教學大樓,(三) 05-06 T303,50,33,31,限本班,需修習本班課程之重、補修生(含轉學生)，請參閱選課專區公告之「大一國文及精進中文選課須知」辦理。,Chinese II,中英,https://webap0.ncue.edu.tw/DEANV2/UploadDEAN/SUBJECT/1142/00307_0CCCH0100420.pdf,https://webapss.ncue.edu.tw/Teacher/Reports/OB020.aspx?yms_year=114&yms_sms=2&emp_id=9901167
1753,00306,會一甲,國文(二),,校必(國),,否,2,李皇穎,教學二館,(三) 03-04 34103,50,37,39,限本班,需修習本班課程之重、補修生(含轉學生)，請參閱選課專區公告之「大一國文及精進中文選課須知」辦理。,Chinese II,中英,https://webap0.ncue.edu.tw/DEANV2/UploadDEAN/SUBJECT/1142/00306_0CCCH0100420.pdf,https://webapss.ncue.edu.tw/Teacher/Reports/OB020.aspx?yms_year=114&yms_sms=2&emp_id=9901167
1754,00305,資工一,國文(二),,校必(國),,否,2,李皇穎,教學二館,(三) 01-02 34103,50,46,49,限本班,需修習本班課程之重、補修生(含轉學生)，請參閱選課專區公告之「大一國文及精進中文選課須知」辦理。,Chinese II,中英,https://webap0.ncue.edu.tw/DEANV2/UploadDEAN/SUBJECT/1142/00305_0CCCH0100420.pdf,https://webapss.ncue.edu.tw/Teacher/Reports/OB020.aspx?yms_year=114&yms_sms=2&emp_id=9901167
1755,00304,特教一,國文(二),,校必(國),,否,2,吳明德,弘道館,(三) 05-06 視聽教室(14403),50,34,36,限本班,需修習本班課程之重、補修生(含轉學生)，請參閱選課專區公告之「大一國文及精進中文選課須知」辦理。,Chinese II,中文,https://webap0.ncue.edu.tw/DEANV2/UploadDEAN/SUBJECT/1142/00304_0CCCH0100420.pdf,https://webapss.ncue.edu.tw/Teacher/Reports/OB020.aspx?yms_year=114&yms_sms=2&emp_id=0000901
1756,00303,科技一甲,國文(二),,校必(國),,否,2,吳伯曜,教學一館,(一) 03-04 33404,50,42,44,限本班,需修習本班課程之重、補修生(含轉學生)，請參閱選課專區公告之「大一國文及精進中文選課須知」辦理。,Chinese II,中英,https://webap0.ncue.edu.tw/DEANV2/UploadDEAN/SUBJECT/1142/00303_0CCCH0100420.pdf,https://webapss.ncue.edu.tw/Teacher/Reports/OB020.aspx?yms_year=114&yms_sms=2&emp_id=9901069
1757,00302,電子一,國文(二),,校必(國),,否,2,吳伯曜,教學一館,(一) 01-02 33404,50,63,51,限本班,需修習本班課程之重、補修生(含轉學生)，請參閱選課專區公告之「大一國文及精進中文選課須知」辦理。,Chinese II,中文,https://webap0.ncue.edu.tw/DEANV2/UploadDEAN/SUBJECT/1142/00302_0CCCH0100420.pdf,https://webapss.ncue.edu.tw/Teacher/Reports/OB020.aspx?yms_year=114&yms_sms=2&emp_id=9901069
1758,00301,國一甲,國文(二),,校必(國),,否,2,甘秉慧,弘道館,(二) 05-06 14402,50,41,43,限本班,需修習本班課程之重、補修生(含轉學生)，請參閱選課專區公告之「大一國文及精進中文選課須知」辦理。,Chinese II,中文,https://webap0.ncue.edu.tw/DEANV2/UploadDEAN/SUBJECT/1142/00301_0CCCH0100420.pdf,https://webapss.ncue.edu.tw/Teacher/Reports/OB020.aspx?yms_year=114&yms_sms=2&emp_id=0000532
1759,00297,核心通識,多元學習,,素養通識-生活藝能及應用,博雅一博雅二博雅三,否,2,論文,,,50,0,5,限本班,,Diversified Learning,無,,
1760,00296,核心通識,空間綠化設計,,素養通識-生活藝能及應用,博雅三,否,2,鄒君瑋,教學一館,(一) 01-02 33302教室,50,150,67,限本班,寶山校區上課,Green Space Design,中文,https://webap0.ncue.edu.tw/DEANV2/UploadDEAN/SUBJECT/1142/00296_0CCGE0184120.pdf,https://webapss.ncue.edu.tw/Teacher/Reports/OB020.aspx?yms_year=114&yms_sms=2&emp_id=9901271
1761,00295,核心通識,彰化學,,素養通識-文化美學與文明,博雅一,否,2,耿全福,教學大樓,(一) 05-06 T202,50,277,47,限本班,108年(含)前不認列通識學分。,Changhua Studies,中文,https://webap0.ncue.edu.tw/DEANV2/UploadDEAN/SUBJECT/1142/00295_0CCGE0185320.pdf,https://webapss.ncue.edu.tw/Teacher/Reports/OB020.aspx?yms_year=114&yms_sms=2&emp_id=0000825
1762,00294,核心通識,化妝品化學,,跨學院通識(理),博雅二,否,2,吳安台,教學大樓,(五) 05-06 T103,70,520,69,限本班,大一~大四理學院學生不能認列為通識學分。,Cosmetic Chemistry,中文,https://webap0.ncue.edu.tw/DEANV2/UploadDEAN/SUBJECT/1142/00294_0CCGE0181520.pdf,https://webapss.ncue.edu.tw/Teacher/Reports/OB020.aspx?yms_year=114&yms_sms=2&emp_id=0000879
1763,00293,核心通識,經濟與生活,,跨學院通識(社體),博雅一,否,2,張嘉仁,教學大樓,(一) 03-04 T006,50,161,61,限本班,大一~大四社科體院學生不能認列為通識學分。,Economics and Daily Life,中文,https://webap0.ncue.edu.tw/DEANV2/UploadDEAN/SUBJECT/1142/00293_0CCGE0178320.pdf,https://webapss.ncue.edu.tw/Teacher/Reports/OB020.aspx?yms_year=114&yms_sms=2&emp_id=0001067
1764,00292,核心通識,數位設計美學,,素養通識-生活藝能及應用,博雅三,否,2,程于芳,教學大樓,(三) 05-06 T005,50,184,65,限本班,,Digital Design Aesthetics,中文,https://webap0.ncue.edu.tw/DEANV2/UploadDEAN/SUBJECT/1142/00292_0CCGE0161520.pdf,https://webapss.ncue.edu.tw/Teacher/Reports/OB020.aspx?yms_year=114&yms_sms=2&emp_id=0000884
1765,00291,核心通識,世界語言文化,,素養通識-文化美學與文明,,是,2,郭育賢,教學大樓,(二) 03-04 T103,50,112,63,限本班,,World Languages and Cultures,英文,https://webap0.ncue.edu.tw/DEANV2/UploadDEAN/SUBJECT/1142/00291_0CCGE0186220_EN.pdf,https://webapss.ncue.edu.tw/Teacher/Reports/OB020.aspx?yms_year=114&yms_sms=2&emp_id=0001194
1766,00290,核心通識,科學探究與問題解決,,跨學院通識(理),博雅二,否,2,林淑梤,教學大樓,(一) 03-04 T202,50,42,38,限本班,大一~大四理學院學生，不能認列通識學分,Scientific Inquiry and Problem Solving,中文,https://webap0.ncue.edu.tw/DEANV2/UploadDEAN/SUBJECT/1142/00290_0CCGE0181220.pdf,https://webapss.ncue.edu.tw/Teacher/Reports/OB020.aspx?yms_year=114&yms_sms=2&emp_id=0001030
1767,00289,核心通識,數學與生活,,跨學院通識(理),博雅二,否,2,連怡斌,教學大樓,(三) 03-04 T105,68,66,63,限本班,大一~大四理學院學生，不能認列通識學分,Mathematics in Real Life,中文,https://webap0.ncue.edu.tw/DEANV2/UploadDEAN/SUBJECT/1142/00289_0CCGE0054520.pdf,https://webapss.ncue.edu.tw/Teacher/Reports/OB020.aspx?yms_year=114&yms_sms=2&emp_id=0000474
1768,00288,核心通識,海洋生命科學導論,,跨學院通識(理),博雅一,否,2,姜鈴,教學大樓,(一) 07-08 T006,50,115,45,限本班,大一~大四理學院學生，不能認列通識學分,An introduction to Marine Life Sciences,中英,https://webap0.ncue.edu.tw/DEANV2/UploadDEAN/SUBJECT/1142/00288_0CCGE0169820.pdf,https://webapss.ncue.edu.tw/Teacher/Reports/OB020.aspx?yms_year=114&yms_sms=2&emp_id=0000634
1769,00287,核心通識,專利概論與實務,,跨學院通識(工),博雅二,否,2,易昶霈,圖書館,(五) 05-06 電一教室,50,411,70,限本班,大一~大四工學院學生，不能認列通識學分,Introduction to Patents and Life,中文,https://webap0.ncue.edu.tw/DEANV2/UploadDEAN/SUBJECT/1142/00287_0CCGE0180820.pdf,https://webapss.ncue.edu.tw/Teacher/Reports/OB020.aspx?yms_year=114&yms_sms=2&emp_id=0000788
1770,00286,核心通識,工程與生活,,跨學院通識(工),博雅二,否,2,賴永齡張家濟黃郁文魏忠必曾立維周咏蒨徐啟華林俊佑陳勛祥,教學二館,(五) 03-04 34102,50,47,44,限本班,大一~大四工學院學生，不能認列通識學分，寶山校區上課,Engineering and Daily Life,中文,https://webap0.ncue.edu.tw/DEANV2/UploadDEAN/SUBJECT/1142/00286_0CCGE0059620.pdf,https://webapss.ncue.edu.tw/Teacher/Reports/OB020.aspx?yms_year=114&yms_sms=2&emp_id=0000687
1771,00285,核心通識,資訊與社會,,跨學院通識(工),博雅一,否,2,易昶霈,圖書館,(五) 03-04 電一教室,50,174,69,限本班,大一~大四工學院學生，不能認列通識學分,Information and Society,中文,https://webap0.ncue.edu.tw/DEANV2/UploadDEAN/SUBJECT/1142/00285_0CCGE0059520.pdf,https://webapss.ncue.edu.tw/Teacher/Reports/OB020.aspx?yms_year=114&yms_sms=2&emp_id=0000788
1772,00284,核心通識,風險管理與危機處理,,跨學院通識(管),博雅二,否,2,王正熙,教學一館,(五) 05-06 33302教室,50,140,67,限本班,大一~大四管理學院學生，不能認列通識學分，寶山校區上課,Risk Management and Crisis Handling,中英,https://webap0.ncue.edu.tw/DEANV2/UploadDEAN/SUBJECT/1142/00284_0CCGE0046720.pdf,https://webapss.ncue.edu.tw/Teacher/Reports/OB020.aspx?yms_year=114&yms_sms=2&emp_id=9901109
1773,00283,核心通識,遊程設計與行銷,,跨學院通識(管),博雅一,否,2,林逸程白凢芸,經世館,(一) 03-04 32211,60,102,61,限本班,大一~大四管理學院學生，不能認列通識學分。108學年(含)以前入學學生，不能認列通識學分，寶山校區上課,Tour Design and Marketing,中文,https://webap0.ncue.edu.tw/DEANV2/UploadDEAN/SUBJECT/1142/00283_0CCGE0185020.pdf,https://webapss.ncue.edu.tw/Teacher/Reports/OB020.aspx?yms_year=114&yms_sms=2&emp_id=0001107
1774,00282,核心通識,博物館與世界文明,,素養通識-文化美學與文明,博雅一,否,2,劉德祥,教學大樓,(四) 03-04 T005,50,277,62,限本班,,Museum and World Civilizations,中文,https://webap0.ncue.edu.tw/DEANV2/UploadDEAN/SUBJECT/1142/00282_0CCGE0179920.pdf,https://webapss.ncue.edu.tw/Teacher/Reports/OB020.aspx?yms_year=114&yms_sms=2&emp_id=9900753
1775,00281,核心通識,商業簡報概論,,跨學院通識(管),,是,2,王慕容,教學大樓,(一) 05-06 T103,50,31,23,限本班,大一~大四管理學院學生，不能認列通識學分，全英通識,Introduction to Business Presentation,英文,https://webap0.ncue.edu.tw/DEANV2/UploadDEAN/SUBJECT/1142/00281_0CCGE0185720_EN.pdf,https://webapss.ncue.edu.tw/Teacher/Reports/OB020.aspx?yms_year=114&yms_sms=2&emp_id=0000889
1776,00280,核心通識,管理概論,,跨學院通識(管),博雅一,否,2,張世其,教學大樓,(三) 05-06 T105,70,230,69,限本班,大一~大四管理學院學生，不能認列通識學分,Management Introduction,中文,https://webap0.ncue.edu.tw/DEANV2/UploadDEAN/SUBJECT/1142/00280_0CCGE0059720.pdf,https://webapss.ncue.edu.tw/Teacher/Reports/OB020.aspx?yms_year=114&yms_sms=2&emp_id=0000813
1777,00279,核心通識,個人投資理財,,跨學院通識(管),博雅一,否,2,林逸程吳明政,經世館,(二) 03-04 32211,50,207,63,限本班,大一~大四管理學院學生，不能認列通識學分，寶山校區上課,Personal Finance,中文,https://webap0.ncue.edu.tw/DEANV2/UploadDEAN/SUBJECT/1142/00279_0CCGE0177620.pdf,https://webapss.ncue.edu.tw/Teacher/Reports/OB020.aspx?yms_year=114&yms_sms=2&emp_id=0001107
1778,00278,核心通識,臺灣原住民族語與文化,,跨學院通識(文),,否,2,胡其瑞,教學二館,(三) 03-04 34204,65,54,47,限本班,大一~大四文學院學生，不能認列通識學分，110學年(含)以前入學學生，不能認列通識學分，寶山校區上課,Taiwan Indigenous Languages and Cultures,中文,https://webap0.ncue.edu.tw/DEANV2/UploadDEAN/SUBJECT/1142/00278_0CCGE0186020.pdf,https://webapss.ncue.edu.tw/Teacher/Reports/OB020.aspx?yms_year=114&yms_sms=2&emp_id=0001165
1779,00277,核心通識,客家文化,,跨學院通識(文),博雅三,否,2,邱湘雲,教學大樓,(二) 07-08 T005,70,70,66,限本班,大一~大四文學院學生，不能認列通識學分,Hakka Culture,中文,https://webap0.ncue.edu.tw/DEANV2/UploadDEAN/SUBJECT/1142/00277_0CCGE0175220.pdf,https://webapss.ncue.edu.tw/Teacher/Reports/OB020.aspx?yms_year=114&yms_sms=2&emp_id=0000940
1780,00276,核心通識,西方文學經典名著導讀,,跨學院通識(文),博雅三,否,2,蕭韻華,教學大樓,(四) 03-04 T103,50,65,39,限本班,大一~大四文學院學生，不能認列通識學分,Guided Reading of Western Classical Literature,中文,https://webap0.ncue.edu.tw/DEANV2/UploadDEAN/SUBJECT/1142/00276_0CCGE0037620.pdf,https://webapss.ncue.edu.tw/Teacher/Reports/OB020.aspx?yms_year=114&yms_sms=2&emp_id=0000925
1781,00274,核心通識,台灣文學欣賞,,跨學院通識(文),博雅三,否,2,葉連鵬,教學大樓,(一) 03-04 T005,70,92,46,限本班,大一~大四文學院學生，不能認列通識學分,Appreciation of Taiwan Literature,中文,https://webap0.ncue.edu.tw/DEANV2/UploadDEAN/SUBJECT/1142/00274_0CCGE0037720.pdf,https://webapss.ncue.edu.tw/Teacher/Reports/OB020.aspx?yms_year=114&yms_sms=2&emp_id=0000930
1782,00273,核心通識,空間資訊與生活,,跨學院通識(文),博雅二,否,2,李進億,圖書館,(三) 03-04 電二教室,50,66,33,限本班,大一~大四文學院學生，不能認列通識學分,Spatial Information and Life,中文,https://webap0.ncue.edu.tw/DEANV2/UploadDEAN/SUBJECT/1142/00273_0CCGE0179220.pdf,https://webapss.ncue.edu.tw/Teacher/Reports/OB020.aspx?yms_year=114&yms_sms=2&emp_id=0001092
1783,00272,核心通識,植物與人類文明,,跨學院通識(文),博雅二,否,2,莊世滋,教學大樓,(五) 03-04 T105,50,82,38,限本班,大一~大四文學院學生，不能認列通識學分,Plant and Human Civilization,無,,https://webapss.ncue.edu.tw/Teacher/Reports/OB020.aspx?yms_year=114&yms_sms=2&emp_id=0000808
1784,00271,核心通識,臺語新聞時事分析,,跨學院通識(社體),博雅一,否,2,黃建銘,教學大樓,(四) 07-08 T103,70,179,70,限本班,大一~大四社科體院學生，不能認列通識學分。,A Study on Taiwanese News,中文,https://webap0.ncue.edu.tw/DEANV2/UploadDEAN/SUBJECT/1142/00271_0CCGE0182320.pdf,https://webapss.ncue.edu.tw/Teacher/Reports/OB020.aspx?yms_year=114&yms_sms=2&emp_id=0000906
1785,00270,核心通識,休閒運動與健康,,跨學院通識(社體),博雅二,否,2,鍾孟玲,進德體育館,(一) 05-06 技擊室,50,197,62,限本班,大一~大四社科體院學生，不能認列通識學分。,Recreational Sports and Health Promotion,中文,https://webap0.ncue.edu.tw/DEANV2/UploadDEAN/SUBJECT/1142/00270_0CCGE0182520.pdf,https://webapss.ncue.edu.tw/Teacher/Reports/OB020.aspx?yms_year=114&yms_sms=2&emp_id=0000695
1786,00269,核心通識,倫理學,,跨學院通識(社體),博雅一,否,2,洪翠娥,教學二館,(三) 03-04 34102,50,86,47,限本班,大一~大四社科體院學生，不能認列通識學分，寶山校區上課,Introduction to Ethics,中文,https://webap0.ncue.edu.tw/DEANV2/UploadDEAN/SUBJECT/1142/00269_0CCGE0178420.pdf,https://webapss.ncue.edu.tw/Teacher/Reports/OB020.aspx?yms_year=114&yms_sms=2&emp_id=0000623
1787,00268,核心通識,法律與現代生活,,跨學院通識(社體),博雅一,否,2,林玫君,教學大樓,(三) 03-04 T004,70,198,66,限本班,大一~大四社科體院學生，不能認列通識學分。,Laws & Modern Life,中文,https://webap0.ncue.edu.tw/DEANV2/UploadDEAN/SUBJECT/1142/00268_0CCGE0047620.pdf,https://webapss.ncue.edu.tw/Teacher/Reports/OB020.aspx?yms_year=114&yms_sms=2&emp_id=0000973
1788,00267,核心通識,國際政治與現勢,,跨學院通識(社體),博雅一,否,2,李其澤,教學大樓,(一) 03-04 T105,50,204,50,限本班,大一~大四社科體院學生，不能認列通識學分。,Introduction to World Politics,中文,https://webap0.ncue.edu.tw/DEANV2/UploadDEAN/SUBJECT/1142/00267_0CCGE0055420.pdf,https://webapss.ncue.edu.tw/Teacher/Reports/OB020.aspx?yms_year=114&yms_sms=2&emp_id=0000961
1789,00266,核心通識,急難救助教育,,跨學院通識(教),博雅二,否,2,周志中,教學一館,(一) 07-08 33302教室,50,148,65,限本班,大一~大四教育學院學生，不能認列通識學分，寶山校區上課,Disaster Rescue Education,中文,https://webap0.ncue.edu.tw/DEANV2/UploadDEAN/SUBJECT/1142/00266_0CCGE0174920.pdf,https://webapss.ncue.edu.tw/Teacher/Reports/OB020.aspx?yms_year=114&yms_sms=2&emp_id=9900843
1790,00265,核心通識,情緒與壓力管理,,跨學院通識(教),博雅二,否,2,李淑敬,教學大樓,(四) 05-06 T105,70,365,69,限本班,大一~大四教育學院學生，不能認列通識學分,Emotion and Stress Management,中英,https://webap0.ncue.edu.tw/DEANV2/UploadDEAN/SUBJECT/1142/00265_0CCGE0174020.pdf,https://webapss.ncue.edu.tw/Teacher/Reports/OB020.aspx?yms_year=114&yms_sms=2&emp_id=9900942
1791,00264,核心通識,永續發展與綠色創新管理導論,,跨學院通識(科技),,否,2,許壹傑,教學大樓,(五) 03-04 T103,50,153,63,限本班,大一~大四科技學院學生，不能認列通識學分。110學年(含)以前入學學生，不能認列通識學分。,An Introduction to Sustainability and Green Innovation,中文,https://webap0.ncue.edu.tw/DEANV2/UploadDEAN/SUBJECT/1142/00264_0CCGE0185920.pdf,https://webapss.ncue.edu.tw/Teacher/Reports/OB020.aspx?yms_year=114&yms_sms=2&emp_id=0000704
1792,00263,核心通識,創新管理概論,,跨學院通識(科技),博雅二,否,2,張菽萱,教學大樓,(二) 05-06 T105,50,215,48,限本班,大一~大四科技學院學生，不能認列通識學分,Introduction of Innovation Management,中文,https://webap0.ncue.edu.tw/DEANV2/UploadDEAN/SUBJECT/1142/00263_0CCGE0181320.pdf,https://webapss.ncue.edu.tw/Teacher/Reports/OB020.aspx?yms_year=114&yms_sms=2&emp_id=0000758
1793,00262,核心通識,綠色能源科技,,跨學院通識(科技),博雅二,否,2,董子嘉,教學一館,(二) 03-04 33302教室,50,93,70,限本班,大一~大四科技學院學生，不能認列通識學分，寶山校區上課,Science & Technology of Renewable Energy,中文,https://webap0.ncue.edu.tw/DEANV2/UploadDEAN/SUBJECT/1142/00262_0CCGE0164120.pdf,https://webapss.ncue.edu.tw/Teacher/Reports/OB020.aspx?yms_year=114&yms_sms=2&emp_id=0001212
1794,00261,核心通識,汽車保養與修護,,跨學院通識(科技),博雅二,否,2,吳建達,教學一館,(五) 03-04 33302教室,50,209,49,限本班,大一~大四科技學院學生，不能認列通識學分，寶山校區上課,Automotive Maintenance and Repair,中英,https://webap0.ncue.edu.tw/DEANV2/UploadDEAN/SUBJECT/1142/00261_0CCGE0029720.pdf,https://webapss.ncue.edu.tw/Teacher/Reports/OB020.aspx?yms_year=114&yms_sms=2&emp_id=0000810
1795,00260,核心通識,家用電器原理與維修,,跨學院通識(科技),博雅二,否,2,楊學成,力行館,(一) 03-04 31B10,50,170,47,限本班,大一~大四科技學院學生，不能認列通識學分，寶山校區上課,Domestic Electrical Appliances Repair,中文,https://webap0.ncue.edu.tw/DEANV2/UploadDEAN/SUBJECT/1142/00260_0CCGE0175920.pdf,https://webapss.ncue.edu.tw/Teacher/Reports/OB020.aspx?yms_year=114&yms_sms=2&emp_id=0000809
1796,00259,核心通識,科技法律,,跨學院通識(科技),博雅二,否,2,羅志成,教學大樓,(一) 07-08 T103,71,256,69,限本班,大一~大四科技學院學生，不能認列通識學分,Science and Technology Law,中文,https://webap0.ncue.edu.tw/DEANV2/UploadDEAN/SUBJECT/1142/00259_0CCGE0162720.pdf,https://webapss.ncue.edu.tw/Teacher/Reports/OB020.aspx?yms_year=114&yms_sms=2&emp_id=0000945
1797,00258,核心通識,交通與法律生活,,跨學院通識(科技),博雅一,否,2,曾文功,教學大樓,(三) 03-04 T006,50,258,68,限本班,大一~大四科技學院學生，不能認列通識學分,"Traffic, Laws and Life",中英,https://webap0.ncue.edu.tw/DEANV2/UploadDEAN/SUBJECT/1142/00258_0CCGE0178220.pdf,https://webapss.ncue.edu.tw/Teacher/Reports/OB020.aspx?yms_year=114&yms_sms=2&emp_id=0000921
1798,00257,核心通識,數位音樂賞析與創作,,素養通識-生活藝能及應用,博雅三,否,2,陳麗安,圖書館,(四) 05-06 電三教室,50,287,54,限本班,107(含)以前不認列通識學分,Digital Music Appreciation and Composition,中文,https://webap0.ncue.edu.tw/DEANV2/UploadDEAN/SUBJECT/1142/00257_0CCGE0184620.pdf,https://webapss.ncue.edu.tw/Teacher/Reports/OB020.aspx?yms_year=114&yms_sms=2&emp_id=9900962
1799,00256,核心通識,影像光雕投影,,素養通識-生活藝能及應用,博雅三,否,2,張皓甯,教學大樓,(三) 03-04 T005,65,189,69,限本班,,Projection Mapping,中文,https://webap0.ncue.edu.tw/DEANV2/UploadDEAN/SUBJECT/1142/00256_0CCGE0184320.pdf,https://webapss.ncue.edu.tw/Teacher/Reports/OB020.aspx?yms_year=114&yms_sms=2&emp_id=9901165
1800,00255,核心通識,資訊素養,,素養通識-生活藝能及應用,博雅一,否,2,陳仁德,力行館,(五) 01-02 力行館31102,50,257,65,限本班,寶山校區上課,Information Literacy,中英,https://webap0.ncue.edu.tw/DEANV2/UploadDEAN/SUBJECT/1142/00255_0CCGE0044420.pdf,https://webapss.ncue.edu.tw/Teacher/Reports/OB020.aspx?yms_year=114&yms_sms=2&emp_id=0000929
1801,00254,核心通識,資訊素養,,素養通識-生活藝能及應用,博雅一,否,2,王妙媛,教學大樓,(一) 01-02 T502電腦教室,50,543,62,限本班,,Information Literacy,中文,https://webap0.ncue.edu.tw/DEANV2/UploadDEAN/SUBJECT/1142/00254_0CCGE0044420.pdf,https://webapss.ncue.edu.tw/Teacher/Reports/OB020.aspx?yms_year=114&yms_sms=2&emp_id=0000805
1802,00253,核心通識,Python程式設計及應用,,素養通識-生活藝能及應用,博雅二,否,2,阮家慶,圖書館,(五) 03-04 電四教室,50,166,49,限本班,,Introduction to Python Programming and Application,中文,https://webap0.ncue.edu.tw/DEANV2/UploadDEAN/SUBJECT/1142/00253_0CCGE0181920.pdf,https://webapss.ncue.edu.tw/Teacher/Reports/OB020.aspx?yms_year=114&yms_sms=2&emp_id=4000045
1803,00252,核心通識,科技應用與創意實作,,素養通識-生活藝能及應用,博雅一,否,2,陳良瑞,力行館,(五) 03-04 力行館31102,50,121,57,限本班,寶山校區上課,Technology Application and Innovation,中文,https://webap0.ncue.edu.tw/DEANV2/UploadDEAN/SUBJECT/1142/00252_0CCGE0182020.pdf,https://webapss.ncue.edu.tw/Teacher/Reports/OB020.aspx?yms_year=114&yms_sms=2&emp_id=0000909
1804,00251,核心通識,你應該知道的商業禮儀,,素養通識-生活藝能及應用,博雅一,否,2,凃淑貞,教學大樓,(一) 03-04 T002,65,516,68,限本班,,The Essentials of Business Etiquette,中文,https://webap0.ncue.edu.tw/DEANV2/UploadDEAN/SUBJECT/1142/00251_0CCGE0183920.pdf,https://webapss.ncue.edu.tw/Teacher/Reports/OB020.aspx?yms_year=114&yms_sms=2&emp_id=9901148
1805,00250,核心通識,茶文化與茶道,,素養通識-生活藝能及應用,博雅三,否,2,蔡玉釵,王金平活動中心,(五) 03-04 A301,50,643,63,限本班,王金平活動中心上課。,Tea Culture and Ceremony,中文,https://webap0.ncue.edu.tw/DEANV2/UploadDEAN/SUBJECT/1142/00250_0CCGE0183820.pdf,https://webapss.ncue.edu.tw/Teacher/Reports/OB020.aspx?yms_year=114&yms_sms=2&emp_id=9901236
1806,00249,核心通識,藝術活動與展示,,素養通識-生活藝能及應用,博雅三,否,2,陳世強,教學大樓,(四) 03-04 T006,50,127,69,限本班,,Art Activities and Exhibitions,中文,https://webap0.ncue.edu.tw/DEANV2/UploadDEAN/SUBJECT/1142/00249_0CCGE0179420.pdf,https://webapss.ncue.edu.tw/Teacher/Reports/OB020.aspx?yms_year=114&yms_sms=2&emp_id=0000604
1807,00248,核心通識,虛擬攝影棚之搭設與應用,,素養通識-生活藝能及應用,博雅二,否,2,孔繁芸,王金平活動中心,(五) 07-08 A501,36,304,35,限本班,王金平活動中心上課。,Virtual Studio Installation and Application,中文,https://webap0.ncue.edu.tw/DEANV2/UploadDEAN/SUBJECT/1142/00248_0CCGE0183620.pdf,https://webapss.ncue.edu.tw/Teacher/Reports/OB020.aspx?yms_year=114&yms_sms=2&emp_id=9901146
1808,00247,核心通識,攝影與生活,,素養通識-生活藝能及應用,博雅三,否,2,謝明穎,教學大樓,(二) 03-04 T005,50,371,68,限本班,,Photography in Life,中文,https://webap0.ncue.edu.tw/DEANV2/UploadDEAN/SUBJECT/1142/00247_0CCGE0179320.pdf,https://webapss.ncue.edu.tw/Teacher/Reports/OB020.aspx?yms_year=114&yms_sms=2&emp_id=9901149
1809,00246,核心通識,信仰與人生,,素養通識-文化美學與文明,博雅三,否,2,劉昆夏(釋見材法師),王金平活動中心,(三) 03-04 A301,50,281,69,限本班,王金平活動中心上課。,Faith with the Life,中文,https://webap0.ncue.edu.tw/DEANV2/UploadDEAN/SUBJECT/1142/00246_0CCGE0050020.pdf,https://webapss.ncue.edu.tw/Teacher/Reports/OB020.aspx?yms_year=114&yms_sms=2&emp_id=9901274
1810,00245,核心通識,環境變遷與人類文明,,素養通識-文化美學與文明,博雅一,否,2,陳雅青,教學大樓,(四) 05-06 T202,65,276,70,限本班,,Environmental Changes and Human Civilization,中文,https://webap0.ncue.edu.tw/DEANV2/UploadDEAN/SUBJECT/1142/00245_0CCGE0180020.pdf,https://webapss.ncue.edu.tw/Teacher/Reports/OB020.aspx?yms_year=114&yms_sms=2&emp_id=9900757
1811,00243,核心通識,電影鑑賞與議題探究,,素養通識-文化美學與文明,博雅三,否,2,孔繁芸,王金平活動中心,(五) 05-06 A301,60,719,70,限本班,王金平活動中心上課。,Cinema Appreciation and Issue Research,中文,https://webap0.ncue.edu.tw/DEANV2/UploadDEAN/SUBJECT/1142/00243_0CCGE0183220.pdf,https://webapss.ncue.edu.tw/Teacher/Reports/OB020.aspx?yms_year=114&yms_sms=2&emp_id=9901146
1812,00242,核心通識,表演藝術與大師有約,,素養通識-文化美學與文明,博雅三,否,2,高嘉璘,教學二館,(三) 03-04 34101,50,86,54,限本班,寶山校區上課,Performing Arts,中英,https://webap0.ncue.edu.tw/DEANV2/UploadDEAN/SUBJECT/1142/00242_0CCGE0183020.pdf,https://webapss.ncue.edu.tw/Teacher/Reports/OB020.aspx?yms_year=114&yms_sms=2&emp_id=9901150
1813,00241,核心通識,認識東西方喜劇藝術,,素養通識-文化美學與文明,博雅三,否,2,李舒亭,教學大樓,(一) 07-08 T002,65,137,52,限本班,,The Comic Art of the East and the West,中英,https://webap0.ncue.edu.tw/DEANV2/UploadDEAN/SUBJECT/1142/00241_0CCGE0176520.pdf,https://webapss.ncue.edu.tw/Teacher/Reports/OB020.aspx?yms_year=114&yms_sms=2&emp_id=9900609
1814,00240,核心通識,莎士比亞劇場－當古典遇上現代,,素養通識-文化美學與文明,博雅三,否,2,李舒亭,教學大樓,(一) 05-06 T002,65,75,66,限本班,,Shakespeare Theater : When the Classical Case of the Modern,中英,https://webap0.ncue.edu.tw/DEANV2/UploadDEAN/SUBJECT/1142/00240_0CCGE0176420.pdf,https://webapss.ncue.edu.tw/Teacher/Reports/OB020.aspx?yms_year=114&yms_sms=2&emp_id=9900609
1815,00239,核心通識,台灣布袋戲的藝術與欣賞,,素養通識-文化美學與文明,博雅三,否,2,吳明德,教學大樓,(四) 03-04 T004,70,175,68,限本班,,The Art and Appreciation of Taiwan Glove Puppertry,中文,https://webap0.ncue.edu.tw/DEANV2/UploadDEAN/SUBJECT/1142/00239_0CCGE0181020.pdf,https://webapss.ncue.edu.tw/Teacher/Reports/OB020.aspx?yms_year=114&yms_sms=2&emp_id=0000901
1816,00238,核心通識,生活中的古典音樂,,素養通識-文化美學與文明,博雅三,否,2,謝佩殷,教學大樓,(一) 08-09 T105,70,427,66,限本班,,Classical Music in Daily Life,中文,https://webap0.ncue.edu.tw/DEANV2/UploadDEAN/SUBJECT/1142/00238_0CCGE0182820.pdf,https://webapss.ncue.edu.tw/Teacher/Reports/OB020.aspx?yms_year=114&yms_sms=2&emp_id=9900872
1817,00237,核心通識,世界音樂與多元文化,,素養通識-文化美學與文明,博雅三,否,2,林曉寰,教學大樓,(五) 03-04 T006,70,412,70,限本班,,World Music and Multiculturalism,中文,https://webap0.ncue.edu.tw/DEANV2/UploadDEAN/SUBJECT/1142/00237_0CCGE0182920.pdf,https://webapss.ncue.edu.tw/Teacher/Reports/OB020.aspx?yms_year=114&yms_sms=2&emp_id=9901002
1818,00235,核心通識,生活美學,,素養通識-文化美學與文明,博雅三,否,2,魯漢平,聲洋館,(四) 05-06 16203大理論教室,50,263,69,限本班,第一週上課務必出席，確認選課情形,Modern Esthetics,中文,https://webap0.ncue.edu.tw/DEANV2/UploadDEAN/SUBJECT/1142/00235_0CCGE0179520.pdf,https://webapss.ncue.edu.tw/Teacher/Reports/OB020.aspx?yms_year=114&yms_sms=2&emp_id=0000985
1819,00170,大三、四體育,重量訓練,,體育選修,,否,2,陳帝佑黃聖鵬,進德體育館,(四) 09-10 重量訓練室,30,11,17,限本班,因場地限制，修課人數限30人。,Weight Training,中文,https://webap0.ncue.edu.tw/DEANV2/UploadDEAN/SUBJECT/1142/00170_0CCPE0111420.pdf,https://webapss.ncue.edu.tw/Teacher/Reports/OB020.aspx?yms_year=114&yms_sms=2&emp_id=0000720
1820,00169,大三、四體育,防身術,,體育選修,,否,2,蘇泰源,進德體育館,(四) 07-08 技擊室,50,36,36,限本班,,Self-defense skills,中文,https://webap0.ncue.edu.tw/DEANV2/UploadDEAN/SUBJECT/1142/00169_0CCPE0114520.pdf,https://webapss.ncue.edu.tw/Teacher/Reports/OB020.aspx?yms_year=114&yms_sms=2&emp_id=0001068
1821,00168,大三、四體育,重量訓練,,體育選修,,否,2,陳帝佑黃健倫,進德體育館,(四) 07-08 重量訓練室,30,16,12,限本班,因場地限制，修課人數限30人。,Weight Training,中文,https://webap0.ncue.edu.tw/DEANV2/UploadDEAN/SUBJECT/1142/00168_0CCPE0111420.pdf,https://webapss.ncue.edu.tw/Teacher/Reports/OB020.aspx?yms_year=114&yms_sms=2&emp_id=0000720
1822,00167,大三、四體育,瑜珈,,體育選修,,否,2,鍾孟玲,進德體育館,(三) 05-06 韻律教室,40,34,36,限本班,因場地限制，修課人數限40人。,Yoga,中文,https://webap0.ncue.edu.tw/DEANV2/UploadDEAN/SUBJECT/1142/00167_0CCPE0115120.pdf,https://webapss.ncue.edu.tw/Teacher/Reports/OB020.aspx?yms_year=114&yms_sms=2&emp_id=0000695
1823,00166,大三、四體育,匹克球,,體育選修,,否,2,李仁佐,進德體育館,(二) 09-10 羽球場,50,53,36,限本班,,Pickleball,中文,https://webap0.ncue.edu.tw/DEANV2/UploadDEAN/SUBJECT/1142/00166_0CCPE0116620.pdf,https://webapss.ncue.edu.tw/Teacher/Reports/OB020.aspx?yms_year=114&yms_sms=2&emp_id=9901113
1824,00165,大三、四體育,重量訓練,,體育選修,,否,2,陳帝佑顏均晏,進德體育館,(二) 09-10 重量訓練室,30,10,14,限本班,因場地限制，修課人數限30人。,Weight Training,中文,https://webap0.ncue.edu.tw/DEANV2/UploadDEAN/SUBJECT/1142/00165_0CCPE0111420.pdf,https://webapss.ncue.edu.tw/Teacher/Reports/OB020.aspx?yms_year=114&yms_sms=2&emp_id=0000720
1825,00164,大三、四體育,重量訓練,,體育選修,,否,2,陳帝佑黃聖鵬,進德體育館,(二) 07-08 重量訓練室,30,16,20,限本班,因場地限制，修課人數限30人。,Weight Training,中文,https://webap0.ncue.edu.tw/DEANV2/UploadDEAN/SUBJECT/1142/00164_0CCPE0111420.pdf,https://webapss.ncue.edu.tw/Teacher/Reports/OB020.aspx?yms_year=114&yms_sms=2&emp_id=0000720
1826,00162,大三、四體育,羽球,,體育選修,,否,2,張家昌,進德體育館,(二) 05-06 羽球場,50,78,52,限本班,,Badminton,中文,https://webap0.ncue.edu.tw/DEANV2/UploadDEAN/SUBJECT/1142/00162_0CCPE0110620.pdf,https://webapss.ncue.edu.tw/Teacher/Reports/OB020.aspx?yms_year=114&yms_sms=2&emp_id=0000726
1827,00161,大三、四體育,排球,,體育選修,,否,2,陳帝佑黃聖鵬,進德體育館,(一) 09-10 綜合球場-排球,40,30,29,限本班,因場地限制，修課人數限40人。,Volleyball,中文,https://webap0.ncue.edu.tw/DEANV2/UploadDEAN/SUBJECT/1142/00161_0CCPE0004720.pdf,https://webapss.ncue.edu.tw/Teacher/Reports/OB020.aspx?yms_year=114&yms_sms=2&emp_id=0000720
1828,00160,大三、四體育,網球,,體育選修,,否,2,黄仁易,進德體育館,(一) 07-08 網球場,50,12,14,限本班,,Tennis,中文,https://webap0.ncue.edu.tw/DEANV2/UploadDEAN/SUBJECT/1142/00160_0CCPE0110120.pdf,https://webapss.ncue.edu.tw/Teacher/Reports/OB020.aspx?yms_year=114&yms_sms=2&emp_id=0000519
1829,00159,輔一甲,特殊體育,,校必(體),,否,1,邱金治,進德體育館,(一) 09-10 綜合球場-籃球,60,8,14,限本班,,Adapted Physical Education,中文,https://webap0.ncue.edu.tw/DEANV2/UploadDEAN/SUBJECT/1142/00159_0CCPE0114110.pdf,https://webapss.ncue.edu.tw/Teacher/Reports/OB020.aspx?yms_year=114&yms_sms=2&emp_id=0000920
1830,00158,大二體育,籃球(二),,校必(體),,否,1,劉元凱,進德體育館,(五) 01-02 綜合球場-籃球,50,30,31,限本班,1、因場地限制，修課人數限30人。,Basketball II,中文,https://webap0.ncue.edu.tw/DEANV2/UploadDEAN/SUBJECT/1142/00158_0CCPE0109510.pdf,https://webapss.ncue.edu.tw/Teacher/Reports/OB020.aspx?yms_year=114&yms_sms=2&emp_id=0001133
1831,00157,大二體育,運動舞蹈(二),,校必(體),,否,1,高嘉璘,進德體育館,(四) 03-04 韻律教室,30,20,18,限本班,1、因場地限制，修課人數限30人。2、大三~大四生如要修習，以線上加簽方式提出申請。,Dancesports Ⅱ,中英,https://webap0.ncue.edu.tw/DEANV2/UploadDEAN/SUBJECT/1142/00157_0CCPE0118910.pdf,https://webapss.ncue.edu.tw/Teacher/Reports/OB020.aspx?yms_year=114&yms_sms=2&emp_id=9901150
1832,00156,大二體育,有氧跆拳道(二),,校必(體),,否,1,李映萱,進德體育館,(四) 03-04 技擊室,50,23,30,限本班,,Aerobic Taekwondo Ⅱ,中文,https://webap0.ncue.edu.tw/DEANV2/UploadDEAN/SUBJECT/1142/00156_0CCPE0119310.pdf,https://webapss.ncue.edu.tw/Teacher/Reports/OB020.aspx?yms_year=114&yms_sms=2&emp_id=9901330
1833,00155,大二體育,防身術(二),,校必(體),,否,1,楊紋貞,進德體育館,(四) 03-04 綜合球場-籃球,50,51,50,限本班,,Self-defense skills II,中文,https://webap0.ncue.edu.tw/DEANV2/UploadDEAN/SUBJECT/1142/00155_0CCPE0115510.pdf,https://webapss.ncue.edu.tw/Teacher/Reports/OB020.aspx?yms_year=114&yms_sms=2&emp_id=9900705
1834,00154,大二體育,籃球(二),,校必(體),,否,1,葉懷喃,師大體育館,(四) 03-04 師大校區體育場地2,30,35,35,限本班,1、因場地限制，修課人數限30人。2、大三~大四生如要修習，以線上加簽方式提出申請。,Basketball II,中文,https://webap0.ncue.edu.tw/DEANV2/UploadDEAN/SUBJECT/1142/00154_0CCPE0109510.pdf,https://webapss.ncue.edu.tw/Teacher/Reports/OB020.aspx?yms_year=114&yms_sms=2&emp_id=9901241
1835,00153,大二體育,排球(二),,校必(體),,否,1,邱金治,師大體育館,(四) 03-04 師大校區體育場地,40,44,43,限本班,1、因場地限制，修課人數限40人。2、大三~大四生如要修習，以線上加簽方式提出申請。,Volleyball II,中文,https://webap0.ncue.edu.tw/DEANV2/UploadDEAN/SUBJECT/1142/00153_0CCPE0109610.pdf,https://webapss.ncue.edu.tw/Teacher/Reports/OB020.aspx?yms_year=114&yms_sms=2&emp_id=0000920
1836,00152,大二體育,桌球(二),,校必(體),,否,1,劉羿德,進德體育館,(四) 03-04 桌球教室,50,53,53,限本班,,Table Tennis II,中文,https://webap0.ncue.edu.tw/DEANV2/UploadDEAN/SUBJECT/1142/00152_0CCPE0108910.pdf,https://webapss.ncue.edu.tw/Teacher/Reports/OB020.aspx?yms_year=114&yms_sms=2&emp_id=0000872
1837,00151,大二體育,網球(二),,校必(體),,否,1,黄仁易,進德體育館,(四) 03-04 網球場,50,37,35,限本班,,Tennis II,中文,https://webap0.ncue.edu.tw/DEANV2/UploadDEAN/SUBJECT/1142/00151_0CCPE0108610.pdf,https://webapss.ncue.edu.tw/Teacher/Reports/OB020.aspx?yms_year=114&yms_sms=2&emp_id=0000519
1838,00150,大二體育,有氧跆拳道(二),,校必(體),,否,1,李映萱,進德體育館,(四) 01-02 技擊室,50,31,28,限本班,,Aerobic Taekwondo Ⅱ,中文,https://webap0.ncue.edu.tw/DEANV2/UploadDEAN/SUBJECT/1142/00150_0CCPE0119310.pdf,https://webapss.ncue.edu.tw/Teacher/Reports/OB020.aspx?yms_year=114&yms_sms=2&emp_id=9901330
1839,00149,大二體育,戰鬥有氧(二),,校必(體),,否,1,蔡姵緹,進德體育館,(四) 01-02 韻律教室,40,40,36,限本班,1、因場地限制，修課人數限40人。2、大三~大四生如要修習，以線上加簽方式提出申請。,Tae-Bo II,中文,https://webap0.ncue.edu.tw/DEANV2/UploadDEAN/SUBJECT/1142/00149_0CCPE0115310.pdf,https://webapss.ncue.edu.tw/Teacher/Reports/OB020.aspx?yms_year=114&yms_sms=2&emp_id=9901018
1840,00148,大二體育,防身術(二),,校必(體),,否,1,楊紋貞,進德體育館,(四) 01-02 羽球場,50,51,51,限本班,,Self-defense skills II,中文,https://webap0.ncue.edu.tw/DEANV2/UploadDEAN/SUBJECT/1142/00148_0CCPE0115510.pdf,https://webapss.ncue.edu.tw/Teacher/Reports/OB020.aspx?yms_year=114&yms_sms=2&emp_id=9900705
1841,00147,大二體育,籃球(二),,校必(體),,否,1,葉懷喃,進德體育館,(四) 01-02 綜合球場-籃球,30,32,33,限本班,1、因場地限制，修課人數限30人。2、大三~大四生如要修習，以線上加簽方式提出申請。,Basketball II,中文,https://webap0.ncue.edu.tw/DEANV2/UploadDEAN/SUBJECT/1142/00147_0CCPE0109510.pdf,https://webapss.ncue.edu.tw/Teacher/Reports/OB020.aspx?yms_year=114&yms_sms=2&emp_id=9901241
1842,00146,大二體育,排球(二),,校必(體),,否,1,邱金治,進德體育館,(四) 01-02 綜合球場-排球,40,42,42,限本班,1、因場地限制，修課人數限40人。2、大三~大四生如要修習，以線上加簽方式提出申請。,Volleyball II,中文,https://webap0.ncue.edu.tw/DEANV2/UploadDEAN/SUBJECT/1142/00146_0CCPE0109610.pdf,https://webapss.ncue.edu.tw/Teacher/Reports/OB020.aspx?yms_year=114&yms_sms=2&emp_id=0000920
1843,00145,大二體育,桌球(二),,校必(體),,否,1,劉羿德,進德體育館,(四) 01-02 桌球教室,50,55,54,限本班,,Table Tennis II,中文,https://webap0.ncue.edu.tw/DEANV2/UploadDEAN/SUBJECT/1142/00145_0CCPE0108910.pdf,https://webapss.ncue.edu.tw/Teacher/Reports/OB020.aspx?yms_year=114&yms_sms=2&emp_id=0000872
1844,00144,大二體育,網球(二),,校必(體),,否,1,黄仁易,進德體育館,(四) 01-02 網球場,50,35,36,限本班,,Tennis II,中文,https://webap0.ncue.edu.tw/DEANV2/UploadDEAN/SUBJECT/1142/00144_0CCPE0108610.pdf,https://webapss.ncue.edu.tw/Teacher/Reports/OB020.aspx?yms_year=114&yms_sms=2&emp_id=0000519
1845,00143,大二體育,健康體能(二),,校必(體),,否,1,游晴惠,進德體育館,(二) 03-04 技擊室,40,42,38,限本班,1、因場地限制，修課人數限40人。2、大三~大四生如要修習，以線上加簽方式提出申請。,Physical Fitness II,中文,https://webap0.ncue.edu.tw/DEANV2/UploadDEAN/SUBJECT/1142/00143_0CCPE0109410.pdf,https://webapss.ncue.edu.tw/Teacher/Reports/OB020.aspx?yms_year=114&yms_sms=2&emp_id=0001170
1846,00142,大二體育,籃球(二),,校必(體),,否,1,劉元凱,師大體育館,(二) 03-04 師大校區體育場地2,30,40,43,限本班,1、因場地限制，修課人數限30人。2、大三~大四生如要修習，以線上加簽方式提出申請。,Basketball II,中文,https://webap0.ncue.edu.tw/DEANV2/UploadDEAN/SUBJECT/1142/00142_0CCPE0109510.pdf,https://webapss.ncue.edu.tw/Teacher/Reports/OB020.aspx?yms_year=114&yms_sms=2&emp_id=0001133
1847,00141,大二體育,排球(二),,校必(體),,否,1,邱金治,進德體育館,(二) 03-04 綜合球場-排球,45,47,49,限本班,1、因場地限制，修課人數限45人。2、大三~大四生如要修習，以線上加簽方式提出申請。,Volleyball II,中文,https://webap0.ncue.edu.tw/DEANV2/UploadDEAN/SUBJECT/1142/00141_0CCPE0109610.pdf,https://webapss.ncue.edu.tw/Teacher/Reports/OB020.aspx?yms_year=114&yms_sms=2&emp_id=0000920
1848,00140,大二體育,韻律(二),,校必(體),,否,1,鍾孟玲,進德體育館,(二) 03-04 韻律教室,50,48,48,限本班,1、因場地限制，修課人數限40人。2、大三~大四生如要修習，以線上加簽方式提出申請。,Rhythm Dance II,中文,https://webap0.ncue.edu.tw/DEANV2/UploadDEAN/SUBJECT/1142/00140_0CCPE0109110.pdf,https://webapss.ncue.edu.tw/Teacher/Reports/OB020.aspx?yms_year=114&yms_sms=2&emp_id=0000695
1849,00139,大二體育,桌球(二),,校必(體),,否,1,劉羿德,進德體育館,(二) 03-04 桌球教室,50,58,55,限本班,,Table Tennis II,中文,https://webap0.ncue.edu.tw/DEANV2/UploadDEAN/SUBJECT/1142/00139_0CCPE0108910.pdf,https://webapss.ncue.edu.tw/Teacher/Reports/OB020.aspx?yms_year=114&yms_sms=2&emp_id=0000872
1850,00138,大二體育,網球(二),,校必(體),,否,1,湯智鈞,師大體育館,(二) 03-04 師大校區體育場地,40,46,46,限本班,1、因場地限制，修課人數限40人。2、大三~大四生如要修習，以線上加簽方式提出申請。,Tennis II,中文,https://webap0.ncue.edu.tw/DEANV2/UploadDEAN/SUBJECT/1142/00138_0CCPE0108610.pdf,https://webapss.ncue.edu.tw/Teacher/Reports/OB020.aspx?yms_year=114&yms_sms=2&emp_id=9901178
1851,00137,大二體育,羽球(二),,校必(體),,否,1,黄仁易,進德體育館,(二) 03-04 羽球場,50,50,50,限本班,,Badminton II,中文,https://webap0.ncue.edu.tw/DEANV2/UploadDEAN/SUBJECT/1142/00137_0CCPE0109310.pdf,https://webapss.ncue.edu.tw/Teacher/Reports/OB020.aspx?yms_year=114&yms_sms=2&emp_id=0000519
1852,00136,大二體育,健康體能(二),,校必(體),,否,1,游晴惠,進德體育館,(二) 01-02 技擊室,40,39,37,限本班,1、因場地限制，修課人數限40人。2、大三~大四生如要修習，以線上加簽方式提出申請。,Physical Fitness II,中文,https://webap0.ncue.edu.tw/DEANV2/UploadDEAN/SUBJECT/1142/00136_0CCPE0109410.pdf,https://webapss.ncue.edu.tw/Teacher/Reports/OB020.aspx?yms_year=114&yms_sms=2&emp_id=0001170
1853,00135,大二體育,籃球(二),,校必(體),,否,1,劉元凱,進德體育館,(二) 01-02 綜合球場-籃球,30,30,28,限本班,1.因場地限制，故修課人數限30人。2.大三~大四生如要修習，以線上加簽方式提出申請。,Basketball II,中文,https://webap0.ncue.edu.tw/DEANV2/UploadDEAN/SUBJECT/1142/00135_0CCPE0109510.pdf,https://webapss.ncue.edu.tw/Teacher/Reports/OB020.aspx?yms_year=114&yms_sms=2&emp_id=0001133
1854,00134,大二體育,排球(二),,校必(體),,否,1,邱金治,進德體育館,(二) 01-02 綜合球場-排球,40,26,25,限本班,1、因場地限制，修課人數限40人。2、大三~大四生如要修習，以線上加簽方式提出申請。,Volleyball II,中文,https://webap0.ncue.edu.tw/DEANV2/UploadDEAN/SUBJECT/1142/00134_0CCPE0109610.pdf,https://webapss.ncue.edu.tw/Teacher/Reports/OB020.aspx?yms_year=114&yms_sms=2&emp_id=0000920
1855,00133,大二體育,韻律(二),,校必(體),,否,1,鍾孟玲,進德體育館,(二) 01-02 韻律教室,50,33,36,限本班,1、因場地限制，修課人數限45人。2、大三~大四生如要修習，以線上加簽方式提出申請。,Rhythm Dance II,中文,https://webap0.ncue.edu.tw/DEANV2/UploadDEAN/SUBJECT/1142/00133_0CCPE0109110.pdf,https://webapss.ncue.edu.tw/Teacher/Reports/OB020.aspx?yms_year=114&yms_sms=2&emp_id=0000695
1856,00132,大二體育,桌球(二),,校必(體),,否,1,劉羿德,進德體育館,(二) 01-02 桌球教室,50,52,53,限本班,,Table Tennis II,中文,https://webap0.ncue.edu.tw/DEANV2/UploadDEAN/SUBJECT/1142/00132_0CCPE0108910.pdf,https://webapss.ncue.edu.tw/Teacher/Reports/OB020.aspx?yms_year=114&yms_sms=2&emp_id=0000872
1857,00131,大二體育,網球(二),,校必(體),,否,1,湯智鈞,進德體育館,(二) 01-02 網球場,50,32,31,限本班,,Tennis II,中文,https://webap0.ncue.edu.tw/DEANV2/UploadDEAN/SUBJECT/1142/00131_0CCPE0108610.pdf,https://webapss.ncue.edu.tw/Teacher/Reports/OB020.aspx?yms_year=114&yms_sms=2&emp_id=9901178
1858,00130,大二體育,羽球(二),,校必(體),,否,1,黄仁易,進德體育館,(二) 01-02 羽球場,50,52,50,限本班,,Badminton II,中文,https://webap0.ncue.edu.tw/DEANV2/UploadDEAN/SUBJECT/1142/00130_0CCPE0109310.pdf,https://webapss.ncue.edu.tw/Teacher/Reports/OB020.aspx?yms_year=114&yms_sms=2&emp_id=0000519
1859,00129,數一乙,體育(二),,校必(體),,否,1,黄仁易,進德體育館,(五) 07-08 體育館,60,35,41,限本班,,Physical Education II,中文,https://webap0.ncue.edu.tw/DEANV2/UploadDEAN/SUBJECT/1142/00129_0CCPE0000210.pdf,https://webapss.ncue.edu.tw/Teacher/Reports/OB020.aspx?yms_year=114&yms_sms=2&emp_id=0000519
1860,00128,數一甲,體育(二),,校必(體),,否,1,邱金治,進德體育館,(五) 07-08 體育館,60,36,40,限本班,,Physical Education II,中文,https://webap0.ncue.edu.tw/DEANV2/UploadDEAN/SUBJECT/1142/00128_0CCPE0000210.pdf,https://webapss.ncue.edu.tw/Teacher/Reports/OB020.aspx?yms_year=114&yms_sms=2&emp_id=0000920
1861,00127,電機一,體育(二),,校必(體),,否,1,陳郁婷,師大體育館,(五) 05-06 師大校區體育場地,60,44,46,限本班,,Physical Education II,中文,https://webap0.ncue.edu.tw/DEANV2/UploadDEAN/SUBJECT/1142/00127_0CCPE0000210.pdf,https://webapss.ncue.edu.tw/Teacher/Reports/OB020.aspx?yms_year=114&yms_sms=2&emp_id=9901173
1862,00126,公育一,體育(二),,校必(體),,否,1,許志祥,進德體育館,(五) 05-06 體育館,60,37,38,限本班,,Physical Education II,中文,https://webap0.ncue.edu.tw/DEANV2/UploadDEAN/SUBJECT/1142/00126_0CCPE0000210.pdf,https://webapss.ncue.edu.tw/Teacher/Reports/OB020.aspx?yms_year=114&yms_sms=2&emp_id=9900556
1863,00125,科技機電產攜專班一,體育(二),,校必(體),,否,1,劉元凱,師大體育館,(五) 03-04 師大校區體育場地2,60,17,22,限本班,,Physical Education II,中文,https://webap0.ncue.edu.tw/DEANV2/UploadDEAN/SUBJECT/1142/00125_0CCPE0000210.pdf,https://webapss.ncue.edu.tw/Teacher/Reports/OB020.aspx?yms_year=114&yms_sms=2&emp_id=0001133
1864,00124,企管一,體育(二),,校必(體),,否,1,陳郁婷,師大體育館,(五) 03-04 師大校區體育場地,60,50,52,限本班,,Physical Education II,中文,https://webap0.ncue.edu.tw/DEANV2/UploadDEAN/SUBJECT/1142/00124_0CCPE0000210.pdf,https://webapss.ncue.edu.tw/Teacher/Reports/OB020.aspx?yms_year=114&yms_sms=2&emp_id=9901173
1865,00123,生一,體育(二),,校必(體),,否,1,許志祥,進德體育館,(五) 03-04 體育館,60,32,33,限本班,,Physical Education II,中文,https://webap0.ncue.edu.tw/DEANV2/UploadDEAN/SUBJECT/1142/00123_0CCPE0000210.pdf,https://webapss.ncue.edu.tw/Teacher/Reports/OB020.aspx?yms_year=114&yms_sms=2&emp_id=9900556
1866,00122,地一,體育(二),,校必(體),,否,1,張偉達,進德體育館,(五) 03-04 體育館,60,35,41,限本班,,Physical Education II,中文,https://webap0.ncue.edu.tw/DEANV2/UploadDEAN/SUBJECT/1142/00122_0CCPE0000210.pdf,https://webapss.ncue.edu.tw/Teacher/Reports/OB020.aspx?yms_year=114&yms_sms=2&emp_id=9901291
1867,00121,國一甲,體育(二),,校必(體),,否,1,楊亮梅,進德體育館,(五) 03-04 體育館,60,39,41,限本班,,Physical Education II,中文,https://webap0.ncue.edu.tw/DEANV2/UploadDEAN/SUBJECT/1142/00121_0CCPE0000210.pdf,https://webapss.ncue.edu.tw/Teacher/Reports/OB020.aspx?yms_year=114&yms_sms=2&emp_id=0000476
1868,00120,會一乙,體育(二),,校必(體),,否,1,陳郁婷,師大體育館,(五) 01-02 師大校區體育場地,60,37,39,限本班,,Physical Education II,中文,https://webap0.ncue.edu.tw/DEANV2/UploadDEAN/SUBJECT/1142/00120_0CCPE0000210.pdf,https://webapss.ncue.edu.tw/Teacher/Reports/OB020.aspx?yms_year=114&yms_sms=2&emp_id=9901173
1869,00119,輔一乙,體育(二),,校必(體),,否,1,楊亮梅,進德體育館,(五) 05-06 體育館,60,33,33,限本班,,Physical Education II,中文,https://webap0.ncue.edu.tw/DEANV2/UploadDEAN/SUBJECT/1142/00119_0CCPE0000210.pdf,https://webapss.ncue.edu.tw/Teacher/Reports/OB020.aspx?yms_year=114&yms_sms=2&emp_id=0000476
1870,00118,輔一甲,體育(二),,校必(體),,否,1,張偉達,進德體育館,(五) 01-02 體育館,60,37,38,限本班,,Physical Education II,中文,https://webap0.ncue.edu.tw/DEANV2/UploadDEAN/SUBJECT/1142/00118_0CCPE0000210.pdf,https://webapss.ncue.edu.tw/Teacher/Reports/OB020.aspx?yms_year=114&yms_sms=2&emp_id=9901291
1871,00117,高照原民專班一,體育(二),,校必(體),,否,1,黃聖鵬,進德體育館,(四) 05-06 體育館,60,32,31,限本班,,Physical Education II,中文,https://webap0.ncue.edu.tw/DEANV2/UploadDEAN/SUBJECT/1142/00117_0CCPE0000210.pdf,https://webapss.ncue.edu.tw/Teacher/Reports/OB020.aspx?yms_year=114&yms_sms=2&emp_id=9901337
1872,00116,智車一,體育(二),,校必(體),,否,1,陳仕恒,師大體育館,(三) 05-06 師大校區體育場地,60,16,19,限本班,,Physical Education II,中英,https://webap0.ncue.edu.tw/DEANV2/UploadDEAN/SUBJECT/1142/00116_0CCPE0000210.pdf,https://webapss.ncue.edu.tw/Teacher/Reports/OB020.aspx?yms_year=114&yms_sms=2&emp_id=9901258
1873,00115,科技一乙,體育(二),,校必(體),,否,1,湯智鈞,師大體育館,(三) 03-04 師大校區體育場地2,60,38,39,限本班,,Physical Education II,中文,https://webap0.ncue.edu.tw/DEANV2/UploadDEAN/SUBJECT/1142/00115_0CCPE0000210.pdf,https://webapss.ncue.edu.tw/Teacher/Reports/OB020.aspx?yms_year=114&yms_sms=2&emp_id=9901178
1874,00114,科技一甲,體育(二),,校必(體),,否,1,楊璁人,師大體育館,(三) 03-04 師大校區體育場地,60,42,45,限本班,,Physical Education II,中英,https://webap0.ncue.edu.tw/DEANV2/UploadDEAN/SUBJECT/1142/00114_0CCPE0000210.pdf,https://webapss.ncue.edu.tw/Teacher/Reports/OB020.aspx?yms_year=114&yms_sms=2&emp_id=9901048
1875,00113,化一,體育(二),,校必(體),,否,1,林則旻,進德體育館,(三) 03-04 體育館,60,45,48,限本班,,Physical Education II,中文,https://webap0.ncue.edu.tw/DEANV2/UploadDEAN/SUBJECT/1142/00113_0CCPE0000210.pdf,https://webapss.ncue.edu.tw/Teacher/Reports/OB020.aspx?yms_year=114&yms_sms=2&emp_id=9901011
1876,00112,特教一,體育(二),,校必(體),,否,1,陳仕恒,進德體育館,(三) 03-04 體育館,60,33,36,限本班,,Physical Education II,中英,https://webap0.ncue.edu.tw/DEANV2/UploadDEAN/SUBJECT/1142/00112_0CCPE0000210.pdf,https://webapss.ncue.edu.tw/Teacher/Reports/OB020.aspx?yms_year=114&yms_sms=2&emp_id=9901258
1877,00111,資管一,體育(二),,校必(體),,否,1,楊璁人,師大體育館,(三) 01-02 師大校區體育場地2,60,40,45,限本班,,Physical Education II,中英,https://webap0.ncue.edu.tw/DEANV2/UploadDEAN/SUBJECT/1142/00111_0CCPE0000210.pdf,https://webapss.ncue.edu.tw/Teacher/Reports/OB020.aspx?yms_year=114&yms_sms=2&emp_id=9901048
1878,00110,會一甲,體育(二),,校必(體),,否,1,楊紋貞,師大體育館,(三) 01-02 師大校區體育場地,60,38,40,限本班,,Physical Education II,中文,https://webap0.ncue.edu.tw/DEANV2/UploadDEAN/SUBJECT/1142/00110_0CCPE0000210.pdf,https://webapss.ncue.edu.tw/Teacher/Reports/OB020.aspx?yms_year=114&yms_sms=2&emp_id=9900705
1879,00109,物一乙,體育(二),,校必(體),,否,1,陳仕恒,進德體育館,(三) 01-02 體育館,60,36,44,限本班,,Physical Education II,中英,https://webap0.ncue.edu.tw/DEANV2/UploadDEAN/SUBJECT/1142/00109_0CCPE0000210.pdf,https://webapss.ncue.edu.tw/Teacher/Reports/OB020.aspx?yms_year=114&yms_sms=2&emp_id=9901258
1880,00108,物一甲,體育(二),,校必(體),,否,1,林則旻,進德體育館,(三) 01-02 體育館,60,35,40,限本班,,Physical Education II,中文,https://webap0.ncue.edu.tw/DEANV2/UploadDEAN/SUBJECT/1142/00108_0CCPE0000210.pdf,https://webapss.ncue.edu.tw/Teacher/Reports/OB020.aspx?yms_year=114&yms_sms=2&emp_id=9901011
1881,00107,電子一,體育(二),,校必(體),,否,1,蔡志鵬,師大體育館,(一) 05-06 師大校區體育場地,90,79,89,限本班,,Physical Education II,中文,https://webap0.ncue.edu.tw/DEANV2/UploadDEAN/SUBJECT/1142/00107_0CCPE0000210.pdf,https://webapss.ncue.edu.tw/Teacher/Reports/OB020.aspx?yms_year=114&yms_sms=2&emp_id=9900502
1882,00106,財金一,體育(二),,校必(體),,否,1,蔡志鵬,師大體育館,(一) 03-04 師大校區體育場地2,60,31,36,限本班,,Physical Education II,中文,https://webap0.ncue.edu.tw/DEANV2/UploadDEAN/SUBJECT/1142/00106_0CCPE0000210.pdf,https://webapss.ncue.edu.tw/Teacher/Reports/OB020.aspx?yms_year=114&yms_sms=2&emp_id=9900502
1883,00105,資工一,體育(二),,校必(體),,否,1,陳威成,師大體育館,(一) 03-04 師大校區體育場地,60,48,53,限本班,,Physical Education II,中文,https://webap0.ncue.edu.tw/DEANV2/UploadDEAN/SUBJECT/1142/00105_0CCPE0000210.pdf,https://webapss.ncue.edu.tw/Teacher/Reports/OB020.aspx?yms_year=114&yms_sms=2&emp_id=9900627
1884,00104,英一,體育(二),,校必(體),,否,1,黃健倫,進德體育館,(一) 03-04 體育館,60,52,54,限本班,,Physical Education II,中文,https://webap0.ncue.edu.tw/DEANV2/UploadDEAN/SUBJECT/1142/00104_0CCPE0000210.pdf,https://webapss.ncue.edu.tw/Teacher/Reports/OB020.aspx?yms_year=114&yms_sms=2&emp_id=9901359
1885,00103,美一,體育(二),,校必(體),,否,1,楊亮梅,進德體育館,(一) 03-04 體育館,60,39,41,限本班,,Physical Education II,中文,https://webap0.ncue.edu.tw/DEANV2/UploadDEAN/SUBJECT/1142/00103_0CCPE0000210.pdf,https://webapss.ncue.edu.tw/Teacher/Reports/OB020.aspx?yms_year=114&yms_sms=2&emp_id=0000476
1886,00102,機電一,體育(二),,校必(體),,否,1,蔡志鵬,師大體育館,(一) 01-02 師大校區體育場地,60,39,46,限本班,,Physical Education II,中文,https://webap0.ncue.edu.tw/DEANV2/UploadDEAN/SUBJECT/1142/00102_0CCPE0000210.pdf,https://webapss.ncue.edu.tw/Teacher/Reports/OB020.aspx?yms_year=114&yms_sms=2&emp_id=9900502
1887,00101,國一乙,體育(二),,校必(體),,否,1,楊亮梅,進德體育館,(一) 01-02 體育館,60,40,40,限本班,,Physical Education II,中文,https://webap0.ncue.edu.tw/DEANV2/UploadDEAN/SUBJECT/1142/00101_0CCPE0000210.pdf,https://webapss.ncue.edu.tw/Teacher/Reports/OB020.aspx?yms_year=114&yms_sms=2&emp_id=0000476
1888,00002,全民國防教育課程,全民國防教育軍事訓練-防衛動員,,全民國防選修,,否,2,張立何,教學大樓,(四) 05-06 T103,90,22,93,可跨班系,預計授課老師：張立何老師,All-out Defense Education Military Training - Defense Mobilization,中文,https://webap0.ncue.edu.tw/DEANV2/UploadDEAN/SUBJECT/1142/00002_0CCMI0106420.pdf,https://webapss.ncue.edu.tw/Teacher/Reports/OB020.aspx?yms_year=114&yms_sms=2&emp_id=9901363
1889,00001,全民國防教育課程,全民國防教育軍事訓練-國際情勢,,全民國防選修,,否,2,胡其瑞,教學大樓,(四) 05-06 T004,80,139,97,可跨班系,,All-out Defense Education Military Training - International Situations,中文,https://webap0.ncue.edu.tw/DEANV2/UploadDEAN/SUBJECT/1142/00001_0CCMI0106120.pdf,https://webapss.ncue.edu.tw/Teacher/Reports/OB020.aspx?yms_year=114&yms_sms=2&emp_id=0001165
