序號,課程代碼,開課班別(代表),課程名稱,教學大綱Syllabus,課程性質,課程性質2,全英語授課,學分,教師姓名,上課大樓,上課節次+地點,上限人數,登記人數,選上人數,可跨班,備註,英文課程名稱,教學大綱狀態,教學大綱連結,教師個人頁
1,N1012,產業碩士班,機器學習,,自由選修,,否,3,校際教師,,,10,0,0,可跨班系,AI學程聯盟學分學程選課前請點我詳閱課程資訊上課時間：每周三09:10-12:10同步考試時間期末考12/9主授教師：林軒田(臺灣大學),Machine Learning,無,,
2,N1011,產業碩士班,實體人工智慧,,自由選修,,是,3,周咏蒨,,,10,2,2,可跨班系,AI學程聯盟學分學程選課前請點我詳閱課程資訊上課時間：每周二 13:20-16:20上課地點：教學一館33204同步考試時間：無主授教師：陳奕廷(陽明交通大學),Physical AI,無,,https://webapss.ncue.edu.tw/Teacher/Reports/OB020.aspx?yms_year=115&yms_sms=1&emp_id=0001217
3,N1010,產業碩士班,自然語言處理,,自由選修,,否,3,校際教師,,,40,0,0,可跨班系,AI學程聯盟學分學程選課前請點我詳閱課程資訊上課時間：每周四09:00-12:00同步考試時間：2026/12/10 09:00-12:00主授教師：高宏宇(清華大學),Natural Language Processing,無,,
4,N1009,產業碩士班,智慧人機互動,,自由選修,,否,3,校際教師,,,30,0,0,可跨班系,AI學程聯盟學分學程選課前請點我詳閱課程資訊上課時間：每周四 13:10~16:00同步考試時間與聯盟學校於12/26(六)共同展示及交流（此外，為讓各校老師們與同學們有更多交流，也歡迎各種形式自由參加 12/26(六) 主導課程所舉辦之期末展)主授教師：韓秉軒(臺北科技大學),Human-AI Interaction,無,,
5,N1008,產業碩士班,金融科技導論,,自由選修,,否,3,校際教師,,,45,0,0,可跨班系,AI學程聯盟學分學程選課前請點我詳閱課程資訊上課時間：每周三 9:10-12:10同步考試時間12/23 9:10~12:10主授教師：張智星(臺灣大學),Introduction to FinTech,無,,
6,N1007,產業碩士班,資料探勘與應用,,自由選修,,是,3,校際教師,,,20,0,0,可跨班系,AI學程聯盟學分學程選課前請點我詳閱課程資訊上課時間：每周一 9:00-12:00同步考試時間2026/12/14主授教師：陳宜欣(清華大學),"Data Mining : Concepts, Techniques, and Applications",無,,
7,N1006,產業碩士班,生成式AI：文字與圖像生成的原理與實務,,自由選修,,否,3,陳怡汶,,,20,0,0,可跨班系,AI學程聯盟學分學程選課前請點我詳閱課程資訊上課時間：每周二16:00-19:00上課地點：電五教室同步考試時間12/22在 Gather.town線上研討會型式的期末專題成果分享(主導課程會以學生投稿、擇優方式參與，獲選同學參加期末專案分享，並有額外加分。)主授教師：蔡炎龍(政治大學),Generative AI：Text and Image Synthesis Principles and Pracice,無,,https://webapss.ncue.edu.tw/Teacher/Reports/OB020.aspx?yms_year=115&yms_sms=1&emp_id=0001128
8,N1005,產業學士班,統計學暨實習,,自由選修,,是,4,阮家慶,,,30,0,0,可跨班系,AI學程聯盟學分學程選課前請點我詳閱課程資訊上課時間：每周三 9:10-12:10 (正課)、每周二 13:20-15:10(非正式討論課)上課地點：電四教室同步考試時間：10/28期中考(9:30AM-12:00PM)、12/23期末考(9:30AM-12:00PM)主授教師：李宗穎(臺灣大學),Statistics with Recitation,無,,https://webapss.ncue.edu.tw/Teacher/Reports/OB020.aspx?yms_year=115&yms_sms=1&emp_id=4000045
9,N1004,產業學士班,人工智慧導論,,自由選修,,否,3,校際教師,,,50,1,1,可跨班系,AI學程聯盟學分學程選課前請點我詳閱課程資訊上課時間：每周四 13:10-16:00同步考試時間2026年12月10日13:10~16:00 （所有學生需同步進行，在此時段無法應考的學生請勿修課）主授教師：朱威達(成功大學),Introduction to Artificial Intelligence,無,,
10,N1003,產業學士班,基礎程式設計(C++),,自由選修,,否,3,林杰,,,25,2,2,可跨班系,AI學程聯盟學分學程選課前請點我詳閱課程資訊上課時間：每週一 9:00-12:00上課地點：電四教室同步考試時間期中考11/02 與 期末考12/21 9:00-12:00，同學務必保留時間參與考試。主授教師：温宏斌(陽明交通大學),Introduction to Programming (C++),無,,https://webapss.ncue.edu.tw/Teacher/Reports/OB020.aspx?yms_year=115&yms_sms=1&emp_id=0001201
11,N1002,產業碩士班,半導體導論,,產業選修,,否,3,,白沙大樓,(二) 02-04 合班教室1,20,0,0,限本班,產業學院育才專班-矽品公司,Introduction to Semiconductor,無,,
12,N1001,產業學士班,半導體導論,,產業選修,,否,3,林得裕,教學一館,(二) 02-04 33201,50,0,0,限本班,產業學院育才專班-矽品公司,Introduction to Semiconductor,中文,https://webap0.ncue.edu.tw/DEANV2/UploadDEAN/SUBJECT/1151/N1001_0OTIN0104430.pdf,https://webapss.ncue.edu.tw/Teacher/Reports/OB020.aspx?yms_year=115&yms_sms=1&emp_id=0000717
13,MM403,語文課,初級實用生活華語(一),,語文選修,,否,3,湯家岳,語文中心,(四) 05-07 LC202,50,0,0,可跨班系,,Elementary Practical Chinese I,中文,https://webap0.ncue.edu.tw/DEANV2/UploadDEAN/SUBJECT/1151/MM403_0CCML0104530.pdf,https://webapss.ncue.edu.tw/Teacher/Reports/OB020.aspx?yms_year=115&yms_sms=1&emp_id=9901104
14,MM402,語文課,中級文學閱讀欣賞(一),,語文選修,,否,3,黃柔溱,語文中心,(四) 02-04 LC202,50,0,0,可跨班系,,Intermediate Appreciation and Practice of Literature I,中文,https://webap0.ncue.edu.tw/DEANV2/UploadDEAN/SUBJECT/1151/MM402_0CCML0109130.pdf,https://webapss.ncue.edu.tw/Teacher/Reports/OB020.aspx?yms_year=115&yms_sms=1&emp_id=9901052
15,MM401,語文課,基礎華語情境溝通(一),,語文選修,,否,3,黃柔溱,語文中心,(三) 02-04 LC202,50,0,0,可跨班系,,Chinese Communication in Context I,中文,https://webap0.ncue.edu.tw/DEANV2/UploadDEAN/SUBJECT/1151/MM401_0CCML0104330.pdf,https://webapss.ncue.edu.tw/Teacher/Reports/OB020.aspx?yms_year=115&yms_sms=1&emp_id=9901052
16,80001,日外校大學,薄膜製程,,自由選修,,否,3,校際教師,,,50,0,1,限本班,國立中興大學,Thin Film Processing,無,,
17,78060,公共事務夜碩二,論文,,系必修,,否,0,論文,,,30,0,14,限本系,,Thesis,中文,https://webap0.ncue.edu.tw/DEANV2/UploadDEAN/SUBJECT/1151/78060_1SPPCE146400.pdf,
18,78059,公育二,青少年發展與輔導,,系選修,,否,2,劉青峰,教學大樓,(五) 01-02 T204,50,11,11,限本系,,Adolescent Department and Counselling,中文,https://webap0.ncue.edu.tw/DEANV2/UploadDEAN/SUBJECT/1151/78059_1SPPC0157720.pdf,https://webapss.ncue.edu.tw/Teacher/Reports/OB020.aspx?yms_year=115&yms_sms=1&emp_id=0001192
19,78058,公共事務夜碩一,科技與公民素養專題研究,,系選修,,否,2,鄭依萍,白沙大樓,(二) 10-13 公研C,30,0,13,限本系,單週二上課；第一次上課日期9/15,seminar: technology and civic literacy,無,,https://webapss.ncue.edu.tw/Teacher/Reports/OB020.aspx?yms_year=115&yms_sms=1&emp_id=0001087
20,78057,公育碩一,歐洲治理專題研究,,系選修,,否,3,李其澤,白沙大樓,(三) 07-09 公研A,20,1,1,限本系,,The Issues of European Governance,中文,https://webap0.ncue.edu.tw/DEANV2/UploadDEAN/SUBJECT/1151/78057_1SPPC2154330.pdf,https://webapss.ncue.edu.tw/Teacher/Reports/OB020.aspx?yms_year=115&yms_sms=1&emp_id=0000961
21,78056,公育碩二,論文,,系必修,,否,0,論文,,,20,10,10,限本系,,Thesis,無,,
22,78055,公育碩二,論文指導(一),,系必修,,否,3,論文,,,20,9,9,限本班,,Thesis Supervision I,無,,
23,78054,公育碩二,論文寫作方法,,系必修,,否,2,鄭依萍,白沙大樓,(一) 03-04 公研A,20,9,9,限本班,,Thesis writing up method,中文,https://webap0.ncue.edu.tw/DEANV2/UploadDEAN/SUBJECT/1151/78054_1SPPC2161020.pdf,https://webapss.ncue.edu.tw/Teacher/Reports/OB020.aspx?yms_year=115&yms_sms=1&emp_id=0001087
24,78053,公育碩一,多元文化專題研究,,系選修,,否,3,洪翠娥,白沙大樓,(五) 05-07 公研A,20,0,0,限本系,,Seminar on Multiculturalism and Multiculturalism Policy,中文,https://webap0.ncue.edu.tw/DEANV2/UploadDEAN/SUBJECT/1151/78053_1SPPC2002430.pdf,https://webapss.ncue.edu.tw/Teacher/Reports/OB020.aspx?yms_year=115&yms_sms=1&emp_id=0000623
25,78052,公育碩一,社會科學量化研究方法,,系必修,,否,3,張嘉仁,白沙大樓,(三) 02-04 公研A,20,0,0,限本班,,Quantitative Research Methods in the Social Sciences,中文,https://webap0.ncue.edu.tw/DEANV2/UploadDEAN/SUBJECT/1151/78052_1SPPC2009330.pdf,https://webapss.ncue.edu.tw/Teacher/Reports/OB020.aspx?yms_year=115&yms_sms=1&emp_id=0001067
26,78050,公育碩一,公共事務專題研究,,系選修,,否,3,吳介英,白沙大樓,(二) 05-07 公研A,20,1,1,限本系,,Seminar on Public Affairs,中文,https://webap0.ncue.edu.tw/DEANV2/UploadDEAN/SUBJECT/1151/78050_1SPPC2002630.pdf,https://webapss.ncue.edu.tw/Teacher/Reports/OB020.aspx?yms_year=115&yms_sms=1&emp_id=9900825
27,78049,公育碩一,地方政府專題研究,,系選修,,否,2,李長晏,白沙大樓,(二) 03-04 公研A,20,1,1,限本系,,Seminar on Local Government,無,,https://webapss.ncue.edu.tw/Teacher/Reports/OB020.aspx?yms_year=115&yms_sms=1&emp_id=9900598
28,78048,公育四,政治經濟學,,系必修,,否,2,劉兆隆,教學大樓,(四) 05-06 T304,50,32,32,限本班,,Political Economy,中文,https://webap0.ncue.edu.tw/DEANV2/UploadDEAN/SUBJECT/1151/78048_1SPPC0030420.pdf,https://webapss.ncue.edu.tw/Teacher/Reports/OB020.aspx?yms_year=115&yms_sms=1&emp_id=0000819
29,78047,公育四,刑事訴訟法(一),,系選修,,否,2,劉青峰,教學大樓,(四) 07-08 T202,50,29,29,限本系,,Criminal Procedure Law I,中文,https://webap0.ncue.edu.tw/DEANV2/UploadDEAN/SUBJECT/1151/78047_1SPPC0134920.pdf,https://webapss.ncue.edu.tw/Teacher/Reports/OB020.aspx?yms_year=115&yms_sms=1&emp_id=0001192
30,78046,公育四,臺灣語言教育,,系選修,,否,2,黃建銘,教學大樓,(三) 07-08 T206,50,13,13,限本系,,Language Education in Taiwan,中文,https://webap0.ncue.edu.tw/DEANV2/UploadDEAN/SUBJECT/1151/78046_1SPPC0152220.pdf,https://webapss.ncue.edu.tw/Teacher/Reports/OB020.aspx?yms_year=115&yms_sms=1&emp_id=0000906
31,78045,公育四,行政法(三),,組必修,,否,2,魏培軒,教學大樓,(三) 07-08 T303,50,25,25,限本班,,Administrative Law(3),中文,https://webap0.ncue.edu.tw/DEANV2/UploadDEAN/SUBJECT/1151/78045_1SPPC0159820.pdf,https://webapss.ncue.edu.tw/Teacher/Reports/OB020.aspx?yms_year=115&yms_sms=1&emp_id=0001117
32,78044,公育三,公民科教材教法,,組選修,,否,2,鄭依萍,教學大樓,(五) 05-06 T204,50,23,23,限本班,,Teaching Material and Method of Civic Courses,中文,https://webap0.ncue.edu.tw/DEANV2/UploadDEAN/SUBJECT/1151/78044_1SPPC0141220.pdf,https://webapss.ncue.edu.tw/Teacher/Reports/OB020.aspx?yms_year=115&yms_sms=1&emp_id=0001087
33,78043,公育三,應用倫理學,,組必修,,否,2,洪翠娥,教學大樓,(五) 03-04 T204,50,36,36,限本班,,Applied  Ethics,中文,https://webap0.ncue.edu.tw/DEANV2/UploadDEAN/SUBJECT/1151/78043_1SPPC0132620.pdf,https://webapss.ncue.edu.tw/Teacher/Reports/OB020.aspx?yms_year=115&yms_sms=1&emp_id=0000623
34,78042,公育三,刑法(一),,系必修,,否,2,劉青峰,教學大樓,(四) 05-06 T001,50,38,38,限本班,,Criminal Law(I),中文,https://webap0.ncue.edu.tw/DEANV2/UploadDEAN/SUBJECT/1151/78042_1SPPC0131120.pdf,https://webapss.ncue.edu.tw/Teacher/Reports/OB020.aspx?yms_year=115&yms_sms=1&emp_id=0001192
35,78041,公育三,多元文化通論,,組必修,,否,2,洪翠娥,教學大樓,(四) 03-04 T304,50,35,35,限本班,,An Introduction to Multiculturalism & Multicultural Education,中文,https://webap0.ncue.edu.tw/DEANV2/UploadDEAN/SUBJECT/1151/78041_1SPPC0132520.pdf,https://webapss.ncue.edu.tw/Teacher/Reports/OB020.aspx?yms_year=115&yms_sms=1&emp_id=0000623
36,78040,公育三,個體經濟學,,組必修,,否,2,張嘉仁,教學大樓,(三) 07-08 T304,50,40,40,限本班,,Microeconomics,中文,https://webap0.ncue.edu.tw/DEANV2/UploadDEAN/SUBJECT/1151/78040_1SPPC0133420.pdf,https://webapss.ncue.edu.tw/Teacher/Reports/OB020.aspx?yms_year=115&yms_sms=1&emp_id=0001067
37,78039,公育三,政治社會學,,組必修,,否,2,劉兆隆,教學大樓,(三) 05-06 T305,50,29,29,限本班,,Political Sociology,中文,https://webap0.ncue.edu.tw/DEANV2/UploadDEAN/SUBJECT/1151/78039_1SPPC0132020.pdf,https://webapss.ncue.edu.tw/Teacher/Reports/OB020.aspx?yms_year=115&yms_sms=1&emp_id=0000819
38,78038,公育三,行政法(一),,系必修,,否,2,魏培軒,教學大樓,(三) 03-04 T304,50,45,45,限本系,,Administrative Law(1),中文,https://webap0.ncue.edu.tw/DEANV2/UploadDEAN/SUBJECT/1151/78038_1SPPC0141020.pdf,https://webapss.ncue.edu.tw/Teacher/Reports/OB020.aspx?yms_year=115&yms_sms=1&emp_id=0001117
39,78036,公育三,民主政治,,組必修,,否,2,李其澤,教學大樓,(二) 05-06 T304,50,25,25,限本班,,The politics of democracy,中文,https://webap0.ncue.edu.tw/DEANV2/UploadDEAN/SUBJECT/1151/78036_1SPPC0130820.pdf,https://webapss.ncue.edu.tw/Teacher/Reports/OB020.aspx?yms_year=115&yms_sms=1&emp_id=0000961
40,78035,公育三,地方派系與地方選舉,,系選修,,否,2,林彣瑾,教學大樓,(二) 03-04 T204,50,18,18,限本系,,Local Faction &Local Election,中文,https://webap0.ncue.edu.tw/DEANV2/UploadDEAN/SUBJECT/1151/78035_1SPPC0135720.pdf,https://webapss.ncue.edu.tw/Teacher/Reports/OB020.aspx?yms_year=115&yms_sms=1&emp_id=9901032
41,78034,公育三,地方政府與政治,,組必修,,否,2,李長晏,教學大樓,(二) 01-02 T204,50,23,23,限本班,,Local Government and Politics,無,,https://webapss.ncue.edu.tw/Teacher/Reports/OB020.aspx?yms_year=115&yms_sms=1&emp_id=9900598
42,78033,公育三,性別社會學,,組選修,,否,2,鄭依萍,教學大樓,(一) 05-06 T306,50,17,17,限本班,,Gender and sociology,中文,https://webap0.ncue.edu.tw/DEANV2/UploadDEAN/SUBJECT/1151/78033_1SPPC0157320.pdf,https://webapss.ncue.edu.tw/Teacher/Reports/OB020.aspx?yms_year=115&yms_sms=1&emp_id=0001087
43,78032,公育二,童軍露營活動,,系選修,,否,4,劉恬妏,教學大樓,(六) 01-04 T101,50,6,6,可跨班系,,Scouting Camp Activities,中文,https://webap0.ncue.edu.tw/DEANV2/UploadDEAN/SUBJECT/1151/78032_1SPPC0156540.pdf,https://webapss.ncue.edu.tw/Teacher/Reports/OB020.aspx?yms_year=115&yms_sms=1&emp_id=9901054
44,78031,公育二,自然體驗,,系選修,,否,2,連怡斌,教學大樓,(五) 08-09 T204,50,10,10,可跨班系,,Nature Experience,中文,https://webap0.ncue.edu.tw/DEANV2/UploadDEAN/SUBJECT/1151/78031_1SPPC0156420.pdf,https://webapss.ncue.edu.tw/Teacher/Reports/OB020.aspx?yms_year=115&yms_sms=1&emp_id=0000474
45,78030,公育二,科技與公民素養,,組選修,,否,2,鄭依萍,教學大樓,(四) 07-08 T304,50,4,4,限本系,,technology and civic literacy,中文,https://webap0.ncue.edu.tw/DEANV2/UploadDEAN/SUBJECT/1151/78030_1SPPC0160920.pdf,https://webapss.ncue.edu.tw/Teacher/Reports/OB020.aspx?yms_year=115&yms_sms=1&emp_id=0001087
46,78029,公育二,教育法規,,組必修,,否,2,魏培軒,教學大樓,(四) 03-04 T204,50,28,28,限本班,,Education Law,中文,https://webap0.ncue.edu.tw/DEANV2/UploadDEAN/SUBJECT/1151/78029_1SPPC0157020.pdf,https://webapss.ncue.edu.tw/Teacher/Reports/OB020.aspx?yms_year=115&yms_sms=1&emp_id=0001117
47,78028,公育二,少年事件處理法,,組選修,,否,2,劉青峰,教學大樓,(三) 05-06 T304,50,32,32,可跨班系,,Juvenile Justice Law,中文,https://webap0.ncue.edu.tw/DEANV2/UploadDEAN/SUBJECT/1151/78028_1SPPC0162320.pdf,https://webapss.ncue.edu.tw/Teacher/Reports/OB020.aspx?yms_year=115&yms_sms=1&emp_id=0001192
48,78027,公育二,公共政策(一),,組必修,,否,2,黃建銘,教學大樓,(三) 03-04 T204,50,22,22,限本班,,Public Policy (I),中文,https://webap0.ncue.edu.tw/DEANV2/UploadDEAN/SUBJECT/1151/78027_1SPPC0030620.pdf,https://webapss.ncue.edu.tw/Teacher/Reports/OB020.aspx?yms_year=115&yms_sms=1&emp_id=0000906
49,78026,公育二,服務學習活動設計與實施,,系選修,,否,2,梁峻晢,教學大樓,(二) 12-13 T204,50,7,7,可跨班系,,DESIGNING AND IMPLEMENTING OF SERVICE LEARNING,中文,https://webap0.ncue.edu.tw/DEANV2/UploadDEAN/SUBJECT/1151/78026_1SPPC0151320.pdf,https://webapss.ncue.edu.tw/Teacher/Reports/OB020.aspx?yms_year=115&yms_sms=1&emp_id=9900848
50,78025,公育二,社會科學研究法,,系必修,,否,2,鄭依萍,教學大樓,(二) 07-08 T204,50,38,38,限本班,,Social Science research methods,中文,https://webap0.ncue.edu.tw/DEANV2/UploadDEAN/SUBJECT/1151/78025_1SPPC0157220.pdf,https://webapss.ncue.edu.tw/Teacher/Reports/OB020.aspx?yms_year=115&yms_sms=1&emp_id=0001087
51,78023,公育二,社會領域課程概論,,系選修,,否,2,鄭依萍,教學大樓,(一) 07-08 T204,50,29,29,限本系,,Introduction to Social Studies Curriculum,中文,https://webap0.ncue.edu.tw/DEANV2/UploadDEAN/SUBJECT/1151/78023_1SPPC0157420.pdf,https://webapss.ncue.edu.tw/Teacher/Reports/OB020.aspx?yms_year=115&yms_sms=1&emp_id=0001087
52,78022,公育二,租稅法,,組選修,,否,2,張嘉仁,教學大樓,(一) 05-06 T304,50,13,13,限本系,,Tax Law,中文,https://webap0.ncue.edu.tw/DEANV2/UploadDEAN/SUBJECT/1151/78022_1SPPC0152820.pdf,https://webapss.ncue.edu.tw/Teacher/Reports/OB020.aspx?yms_year=115&yms_sms=1&emp_id=0001067
53,78021,公育二,人力資源管理,,組必修,,否,2,黃建銘,教學大樓,(一) 05-06 T204,50,23,23,限本班,,Human Resource Management,中文,https://webap0.ncue.edu.tw/DEANV2/UploadDEAN/SUBJECT/1151/78021_1SPPC0151620.pdf,https://webapss.ncue.edu.tw/Teacher/Reports/OB020.aspx?yms_year=115&yms_sms=1&emp_id=0000906
54,78020,公育二,全球治理,,組必修,,否,2,李其澤,教學大樓,(一) 03-04 T304,50,20,20,限本班,,Global Governance,中文,https://webap0.ncue.edu.tw/DEANV2/UploadDEAN/SUBJECT/1151/78020_1SPPC0001620.pdf,https://webapss.ncue.edu.tw/Teacher/Reports/OB020.aspx?yms_year=115&yms_sms=1&emp_id=0000961
55,78019,公育一,中華民國憲法(一),,系必修,,否,2,魏培軒,教學大樓,(四) 07-08 T204,50,0,0,限本班,,The Constitution of R.O.C-Session I,中文,https://webap0.ncue.edu.tw/DEANV2/UploadDEAN/SUBJECT/1151/78019_1SPPC0000620.pdf,https://webapss.ncue.edu.tw/Teacher/Reports/OB020.aspx?yms_year=115&yms_sms=1&emp_id=0001117
56,78018,公育一,社會學(一),,系必修,,否,2,鄭依萍,教學大樓,(四) 05-06 T204,50,0,0,限本班,,Sociology(I),中文,https://webap0.ncue.edu.tw/DEANV2/UploadDEAN/SUBJECT/1151/78018_1SPPC0001420.pdf,https://webapss.ncue.edu.tw/Teacher/Reports/OB020.aspx?yms_year=115&yms_sms=1&emp_id=0001087
57,78017,公育一,史學導論,,系選修,,否,2,李華彥,教學大樓,(四) 01-02 T204,50,15,15,限本系,,History Introduction,中文,https://webap0.ncue.edu.tw/DEANV2/UploadDEAN/SUBJECT/1151/78017_1SPPC0141520.pdf,https://webapss.ncue.edu.tw/Teacher/Reports/OB020.aspx?yms_year=115&yms_sms=1&emp_id=0001191
58,78016,公育一,臺灣地理,,系選修,,否,2,郭基賢,教學大樓,(三) 07-08 T204,50,8,8,限本系,,Geography of Taiwan,中文,https://webap0.ncue.edu.tw/DEANV2/UploadDEAN/SUBJECT/1151/78016_1SPPC0146720.pdf,https://webapss.ncue.edu.tw/Teacher/Reports/OB020.aspx?yms_year=115&yms_sms=1&emp_id=9900852
59,78015,公育一,地理資訊系統,,系選修,,否,2,郭基賢,圖書館,(三) 05-06 電二教室,50,8,8,限本系,,Geographical Information System,中文,https://webap0.ncue.edu.tw/DEANV2/UploadDEAN/SUBJECT/1151/78015_1SPPC0142420.pdf,https://webapss.ncue.edu.tw/Teacher/Reports/OB020.aspx?yms_year=115&yms_sms=1&emp_id=9900852
60,78014,公育一,經濟學(一),,系必修,,否,2,張嘉仁,教學大樓,(三) 05-06 T204,50,0,0,限本班,,Economics I,中文,https://webap0.ncue.edu.tw/DEANV2/UploadDEAN/SUBJECT/1151/78014_1SPPC0000220.pdf,https://webapss.ncue.edu.tw/Teacher/Reports/OB020.aspx?yms_year=115&yms_sms=1&emp_id=0001067
61,78013,公育一,臺灣史,,系選修,,否,2,李宗信,教學大樓,(三) 01-02 T204,50,24,24,限本系,,The History of Taiwan,無,,https://webapss.ncue.edu.tw/Teacher/Reports/OB020.aspx?yms_year=115&yms_sms=1&emp_id=0001007
62,78012,公育一,政治學(一),,系必修,,否,2,劉兆隆,教學大樓,(二) 07-08 T101,50,0,0,限本班,,Politics I,中文,https://webap0.ncue.edu.tw/DEANV2/UploadDEAN/SUBJECT/1151/78012_1SPPC0000820.pdf,https://webapss.ncue.edu.tw/Teacher/Reports/OB020.aspx?yms_year=115&yms_sms=1&emp_id=0000819
63,78011,公育一,公民教育(一),,系必修,,否,2,劉雅倫,教學大樓,(二) 01-02 T304,50,0,0,限本班,,Civic Education-Session I,中文,https://webap0.ncue.edu.tw/DEANV2/UploadDEAN/SUBJECT/1151/78011_1SPPC0001220.pdf,https://webapss.ncue.edu.tw/Teacher/Reports/OB020.aspx?yms_year=115&yms_sms=1&emp_id=9901219
64,78010,公育一,兩岸關係,,系必修,,否,2,李其澤,教學大樓,(一) 07-08 T304,50,0,0,限本班,,Cross-Strait Relations,中文,https://webap0.ncue.edu.tw/DEANV2/UploadDEAN/SUBJECT/1151/78010_1SPPC0030520.pdf,https://webapss.ncue.edu.tw/Teacher/Reports/OB020.aspx?yms_year=115&yms_sms=1&emp_id=0000961
65,78009,公育一,行政學(一),,系必修,,否,2,黃建銘,教學大樓,(一) 03-04 T204,50,0,0,限本班,,Public Administration I,中文,https://webap0.ncue.edu.tw/DEANV2/UploadDEAN/SUBJECT/1151/78009_1SPPC0001020.pdf,https://webapss.ncue.edu.tw/Teacher/Reports/OB020.aspx?yms_year=115&yms_sms=1&emp_id=0000906
66,78008,公共事務夜碩一,地方治理專題研究,,系選修,,否,2,劉兆隆,白沙大樓,(三) 10-13 公研C,30,0,14,限本系,單週三上課；第一次上課日期9/16,Seminar on Local governance studies,中文,https://webap0.ncue.edu.tw/DEANV2/UploadDEAN/SUBJECT/1151/78008_1SPPCE149020.pdf,https://webapss.ncue.edu.tw/Teacher/Reports/OB020.aspx?yms_year=115&yms_sms=1&emp_id=0000819
67,78007,公共事務夜碩一,刑法專題研究,,系選修,,否,2,劉青峰,白沙大樓,(四) 10-13 公研C,30,0,16,限本系,雙週四上課；第一次上課日期9/24,Seminar on criminal law,中文,https://webap0.ncue.edu.tw/DEANV2/UploadDEAN/SUBJECT/1151/78007_1SPPCE158820.pdf,https://webapss.ncue.edu.tw/Teacher/Reports/OB020.aspx?yms_year=115&yms_sms=1&emp_id=0001192
68,78006,公共事務夜碩一,公法案例專題研究,,系選修,,否,2,魏培軒,白沙大樓,(三) 10-13 公研C,30,0,20,限本系,雙週三上課；第一次上課日期9/23,Seminar on the classical cases of Public Law,中文,https://webap0.ncue.edu.tw/DEANV2/UploadDEAN/SUBJECT/1151/78006_1SPPCE161320.pdf,https://webapss.ncue.edu.tw/Teacher/Reports/OB020.aspx?yms_year=115&yms_sms=1&emp_id=0001117
69,78005,公共事務夜碩一,人工智慧與全球秩序專題研究,,系選修,,否,2,李其澤,白沙大樓,(二) 10-13 公研C,30,0,6,限本系,雙週二上課；第一次上課日期9/22,A Special Study on Artificial Intelligence and Global Order,中文,https://webap0.ncue.edu.tw/DEANV2/UploadDEAN/SUBJECT/1151/78005_1SPPCE163720.pdf,https://webapss.ncue.edu.tw/Teacher/Reports/OB020.aspx?yms_year=115&yms_sms=1&emp_id=0000961
70,78003,公共事務夜碩一,行政組織與管理專題研究,,系選修,,否,2,黃建銘,白沙大樓,(四) 10-13 公研C,30,0,14,限本系,單週四上課；第一次上課日期9/17,Seminar on Administrative Organization and Management,中文,https://webap0.ncue.edu.tw/DEANV2/UploadDEAN/SUBJECT/1151/78003_1SPPCE148620.pdf,https://webapss.ncue.edu.tw/Teacher/Reports/OB020.aspx?yms_year=115&yms_sms=1&emp_id=0000906
71,78002,公共事務夜碩一,社會科學研究方法,,系必修,,否,2,張嘉仁,白沙大樓,(一) 10-13 公研C,30,0,7,限本班,單週一上課；第一次上課日期9/14,Research Methods in the Social Sciences,中文,https://webap0.ncue.edu.tw/DEANV2/UploadDEAN/SUBJECT/1151/78002_1SPPCE142520.pdf,https://webapss.ncue.edu.tw/Teacher/Reports/OB020.aspx?yms_year=115&yms_sms=1&emp_id=0001067
72,78001,公育一,人工智慧及其應用,,校必(通識),,否,2,劉青峰,教學大樓,(三) 03-04 T103,50,0,0,限本班,大二~大四生如要修習，以線上加簽方式,Artificial Intelligence and Its Application,中文,https://webap0.ncue.edu.tw/DEANV2/UploadDEAN/SUBJECT/1151/78001_0CCGE0181420.pdf,https://webapss.ncue.edu.tw/Teacher/Reports/OB020.aspx?yms_year=115&yms_sms=1&emp_id=0001192
73,77008,運健碩二,論文,,系必修,,否,0,論文,,,30,5,5,限本系,,Thesis,無,,
74,77007,運健碩二,論文指導(一),,系必修,,否,3,論文,,,20,5,5,限本系,,Thesis Supervision I,無,,
75,77006,運健碩二,運動健康專題討論,,系必修,,否,1,江勁彥曾文培楊亮梅張家昌陳美華,進德體育館,(五) 09 體育教室二,20,5,5,限本系,,Seminar on Sports and Health,中文,https://webap0.ncue.edu.tw/DEANV2/UploadDEAN/SUBJECT/1151/77006_1SPSH2113310.pdf,https://webapss.ncue.edu.tw/Teacher/Reports/OB020.aspx?yms_year=115&yms_sms=1&emp_id=0000690
76,77005,運健碩一,運動健康專題討論,,系必修,,否,1,江勁彥曾文培楊亮梅張家昌陳美華,進德體育館,(五) 08 體育教室二,20,0,0,限本系,,Seminar on Sports and Health,中文,https://webap0.ncue.edu.tw/DEANV2/UploadDEAN/SUBJECT/1151/77005_1SPSH2113310.pdf,https://webapss.ncue.edu.tw/Teacher/Reports/OB020.aspx?yms_year=115&yms_sms=1&emp_id=0000690
77,77004,運健碩一,運動人格心理學專題研究,,系選修,,否,3,陳美華,進德體育館,(五) 05-07 體育教室四,20,7,7,限本系,,Sport Personality Psychology,中文,https://webap0.ncue.edu.tw/DEANV2/UploadDEAN/SUBJECT/1151/77004_1SPSH2103630.pdf,https://webapss.ncue.edu.tw/Teacher/Reports/OB020.aspx?yms_year=115&yms_sms=1&emp_id=0000419
78,77003,運健碩一,身體活動與運動環境專題研究,,系選修,,否,3,楊亮梅,進德體育館,(四) 06-08 體育教室一,20,1,1,限本系,,Special topic on Physical Activity and Sports Environment,中文,https://webap0.ncue.edu.tw/DEANV2/UploadDEAN/SUBJECT/1151/77003_1SPSH2002330.pdf,https://webapss.ncue.edu.tw/Teacher/Reports/OB020.aspx?yms_year=115&yms_sms=1&emp_id=0000476
79,77002,運健碩一,運動與健康研究法,,系必修,,否,3,陳珍德,進德體育館,(三) 02-04 體育教室二,20,0,0,限本系,,Research Methods of Physical Activity and Health,中文,https://webap0.ncue.edu.tw/DEANV2/UploadDEAN/SUBJECT/1151/77002_1SPSH2002130.pdf,https://webapss.ncue.edu.tw/Teacher/Reports/OB020.aspx?yms_year=115&yms_sms=1&emp_id=0001026
80,77001,運健碩一,運動醫學研究,,系選修,,否,3,曾文培,進德體育館,(二) 05-07 體育教室四,20,2,2,限本系,,Special Topics in Sports Medicine,中文,https://webap0.ncue.edu.tw/DEANV2/UploadDEAN/SUBJECT/1151/77001_1SPSH2113530.pdf,https://webapss.ncue.edu.tw/Teacher/Reports/OB020.aspx?yms_year=115&yms_sms=1&emp_id=0000802
81,71066,運動與健康休閒夜碩二,表演藝術專題實務,,系選修,,否,3,陳文彬,進德體育館,(三) 11-13 體育教室二,30,0,8,限本班,,Performing Arts Workshop and Showcase,中文,https://webap0.ncue.edu.tw/DEANV2/UploadDEAN/SUBJECT/1151/71066_1SPPEE148230.pdf,https://webapss.ncue.edu.tw/Teacher/Reports/OB020.aspx?yms_year=115&yms_sms=1&emp_id=0001216
82,71065,運動與健康休閒夜碩二,論文,,系必修,,否,0,論文,,,30,0,11,限本系,碩2上不用修   碩2下到畢業前每學期都要修,Thesis,中文,https://webap0.ncue.edu.tw/DEANV2/UploadDEAN/SUBJECT/1151/71065_1SPPEE136200.pdf,
83,71064,運動與健康休閒夜碩二,運動管理理論與實務研究,,系選修,,否,3,張家昌,進德體育館,(五) 11-13 體育教室二,30,0,7,限本班,,Field experiences of sport management,中文,https://webap0.ncue.edu.tw/DEANV2/UploadDEAN/SUBJECT/1151/71064_1SPPEE134230.pdf,https://webapss.ncue.edu.tw/Teacher/Reports/OB020.aspx?yms_year=115&yms_sms=1&emp_id=0000726
84,71063,運動與健康休閒夜碩二,運動技術專題研究,,系選修,,否,3,陳帝佑,進德體育館,(四) 11-13 體育教室二,30,0,8,限本班,,Special Topics in Sport Technique,中文,https://webap0.ncue.edu.tw/DEANV2/UploadDEAN/SUBJECT/1151/71063_1SPPEE138830.pdf,https://webapss.ncue.edu.tw/Teacher/Reports/OB020.aspx?yms_year=115&yms_sms=1&emp_id=0000720
85,71062,運動與健康休閒夜碩二,運動與健康休閒專題討論(一),,系必修,,否,1,江勁彥,進德體育館,(二) 11 體育教室二,30,0,8,限本班,,"Seminar on the study of sports,health and leisureⅠ",中文,https://webap0.ncue.edu.tw/DEANV2/UploadDEAN/SUBJECT/1151/71062_1SPPEE136010.pdf,https://webapss.ncue.edu.tw/Teacher/Reports/OB020.aspx?yms_year=115&yms_sms=1&emp_id=0000690
86,71061,運動與健康休閒夜碩一,運動與健康休閒時事議題研究,,系選修,,否,3,楊忠和,進德體育館,(四) 11-13 體育教室一,30,0,13,限本班,,"Current global issues of sports ,health and leisure",中文,https://webap0.ncue.edu.tw/DEANV2/UploadDEAN/SUBJECT/1151/71061_1SPPEE134030.pdf,https://webapss.ncue.edu.tw/Teacher/Reports/OB020.aspx?yms_year=115&yms_sms=1&emp_id=9901003
87,71060,運動與健康休閒夜碩一,運動訓練實務研究,,系選修,,否,3,江勁彥,進德體育館,(三) 11-13 體育教室一,30,0,12,限本班,,Advanced Study of  Sports Training Practicum,中文,https://webap0.ncue.edu.tw/DEANV2/UploadDEAN/SUBJECT/1151/71060_1SPPEE139530.pdf,https://webapss.ncue.edu.tw/Teacher/Reports/OB020.aspx?yms_year=115&yms_sms=1&emp_id=0000690
88,71059,運動與健康休閒夜碩一,運動統計資料分析,,系必修,,否,3,陳怡汶,進德體育館,(二) 11-13 體育教室一,30,0,13,限本班,,Statistics and Data Analysis in Sports,中文,https://webap0.ncue.edu.tw/DEANV2/UploadDEAN/SUBJECT/1151/71059_1SPPEE138730.pdf,https://webapss.ncue.edu.tw/Teacher/Reports/OB020.aspx?yms_year=115&yms_sms=1&emp_id=0001128
89,71058,運二,運動訓練理論與實務,,組選修,,否,3,江勁彥,進德體育館,(三) 03-04、14 體育教室一,80,29,29,限本系,,Sports Training,中文,https://webap0.ncue.edu.tw/DEANV2/UploadDEAN/SUBJECT/1151/71058_1SPPE0116330.pdf,https://webapss.ncue.edu.tw/Teacher/Reports/OB020.aspx?yms_year=115&yms_sms=1&emp_id=0000690
90,71057,運碩二,論文,,系必修,,否,0,論文,,,30,8,7,限本系,,Thesis,無,,
91,71056,運碩二,論文指導(一),,系必修,,否,3,論文,,,20,9,8,限本系,,Thesis Supervision I,無,,
92,71055,運碩二,應用運動科學專題討論,,系必修,,否,1,江勁彥陳怡汶陳珍德蔡忠昌陳帝佑,進德體育館,(五) 09 體育教室一,20,8,7,限本系,,Seminar on applied sports science,中文,https://webap0.ncue.edu.tw/DEANV2/UploadDEAN/SUBJECT/1151/71055_1SPAS2114810.pdf,https://webapss.ncue.edu.tw/Teacher/Reports/OB020.aspx?yms_year=115&yms_sms=1&emp_id=0000690
93,71054,運碩一,應用運動科學專題討論,,系必修,,否,1,江勁彥陳怡汶陳珍德蔡忠昌陳帝佑,進德體育館,(五) 08 體育教室一,20,0,0,限本系,,Seminar on applied sports science,中文,https://webap0.ncue.edu.tw/DEANV2/UploadDEAN/SUBJECT/1151/71054_1SPAS2114810.pdf,https://webapss.ncue.edu.tw/Teacher/Reports/OB020.aspx?yms_year=115&yms_sms=1&emp_id=0000690
94,71053,運碩一,運動教練與選手養成專題研究,,系選修,,否,3,江勁彥,進德體育館,(四) 02-04 體育教室四,20,1,1,限本系,,Special Topics on Coaching and Athlete Development,中文,https://webap0.ncue.edu.tw/DEANV2/UploadDEAN/SUBJECT/1151/71053_1SPPE2136330.pdf,https://webapss.ncue.edu.tw/Teacher/Reports/OB020.aspx?yms_year=115&yms_sms=1&emp_id=0000690
95,71052,運碩一,運動健康議題質性研究,,系選修,,否,3,陳珍德,進德體育館,(三) 06-08 體育教室二,20,2,2,限本系,,Qualitative Research for Sports and Health Issues,中文,https://webap0.ncue.edu.tw/DEANV2/UploadDEAN/SUBJECT/1151/71052_1SPAS2115330.pdf,https://webapss.ncue.edu.tw/Teacher/Reports/OB020.aspx?yms_year=115&yms_sms=1&emp_id=0001026
96,71051,運碩一,應用運動藥物專題研究,,系選修,,否,3,曾文培,進德體育館,(三) 05-07 體育教室一,20,0,0,限本系,,Special topics in applied sports drugs,中文,https://webap0.ncue.edu.tw/DEANV2/UploadDEAN/SUBJECT/1151/71051_1SPPE2136930.pdf,https://webapss.ncue.edu.tw/Teacher/Reports/OB020.aspx?yms_year=115&yms_sms=1&emp_id=0000802
97,71050,運碩一,運動科學研究法,,系必修,,是,3,陳怡汶,進德體育館,(三) 02-04 體育教室四,20,0,0,限本班,,Research method in Sports science,中文,https://webap0.ncue.edu.tw/DEANV2/UploadDEAN/SUBJECT/1151/71050_1SPAS2001330.pdf,https://webapss.ncue.edu.tw/Teacher/Reports/OB020.aspx?yms_year=115&yms_sms=1&emp_id=0001128
98,71049,運碩一,體育行政專題研究,,系選修,,否,3,張家昌,進德體育館,(二) 02-04 體育教室四,20,0,0,限本系,,Seminar in Administration of Physical Education,中文,https://webap0.ncue.edu.tw/DEANV2/UploadDEAN/SUBJECT/1151/71049_1SPAS2003830.pdf,https://webapss.ncue.edu.tw/Teacher/Reports/OB020.aspx?yms_year=115&yms_sms=1&emp_id=0000726
99,71048,運四,運動防護實習(一),,組選修,,否,1,陳怡汶黃健倫劉元凱江勁彥劉羿德蘇泰源,進德體育館,(五) 10-11 體育教室四,80,16,16,限本系,,Practice in Athletic Training I,中文,https://webap0.ncue.edu.tw/DEANV2/UploadDEAN/SUBJECT/1151/71048_1SPPE0141210.pdf,https://webapss.ncue.edu.tw/Teacher/Reports/OB020.aspx?yms_year=115&yms_sms=1&emp_id=0001128
100,71047,運四,排演(二),,組選修,,否,2,陳文彬,進德體育館,(五) 08-09 體育館視聽教室,80,4,4,限本系,修習排演(二)前必須先修畢排演(一),Rehearsal (II),中文,https://webap0.ncue.edu.tw/DEANV2/UploadDEAN/SUBJECT/1151/71047_1SPPE0145020.pdf,https://webapss.ncue.edu.tw/Teacher/Reports/OB020.aspx?yms_year=115&yms_sms=1&emp_id=0001216
101,71046,運四,表演藝術專長教學實習,,組選修,,否,2,陳文彬,進德體育館,(五) 03-04 體育館視聽教室,80,3,3,限本系,修習教學實習前必須先修畢教材教法,Teaching Practice of Performing Arts,中文,https://webap0.ncue.edu.tw/DEANV2/UploadDEAN/SUBJECT/1151/71046_1SPPE0145820.pdf,https://webapss.ncue.edu.tw/Teacher/Reports/OB020.aspx?yms_year=115&yms_sms=1&emp_id=0001216
102,71045,運四,體育測驗與評量,,組選修,,否,3,陳珍德,進德體育館,(四) 05-07 體育教室四,80,37,37,限本系,,Measurement and Evaluation in Physical Education,中文,https://webap0.ncue.edu.tw/DEANV2/UploadDEAN/SUBJECT/1151/71045_1SPPE0122230.pdf,https://webapss.ncue.edu.tw/Teacher/Reports/OB020.aspx?yms_year=115&yms_sms=1&emp_id=0001026
103,71044,運四,運動專長訓練,,系必修,,否,1,劉元凱黃健倫,進德體育館,(三) 05-06 體育教室四,80,48,48,限本系,,Specific Sports Training,中文,https://webap0.ncue.edu.tw/DEANV2/UploadDEAN/SUBJECT/1151/71044_1SPPE0006610.pdf,https://webapss.ncue.edu.tw/Teacher/Reports/OB020.aspx?yms_year=115&yms_sms=1&emp_id=0001133
104,71043,運四,體育科教學實習,,組選修,,否,2,蘇泰源,進德體育館,(一) 05-06 體育教室四,80,31,31,限本系,修習教學實習前必須先修畢教材教法,Teaching Practice of Physical Education,中文,https://webap0.ncue.edu.tw/DEANV2/UploadDEAN/SUBJECT/1151/71043_1SPPE0140820.pdf,https://webapss.ncue.edu.tw/Teacher/Reports/OB020.aspx?yms_year=115&yms_sms=1&emp_id=0001068
105,71042,運三,多元文化表演藝術,,組選修,,否,2,陳文彬,進德體育館,(五) 06-07 體育館視聽教室,80,5,5,限本系,,Multicultural Education in Performing Arts,中文,https://webap0.ncue.edu.tw/DEANV2/UploadDEAN/SUBJECT/1151/71042_1SPPE0144120.pdf,https://webapss.ncue.edu.tw/Teacher/Reports/OB020.aspx?yms_year=115&yms_sms=1&emp_id=0001216
106,71041,運三,足球(一),,系必選,,否,1,許志祥,進德體育館,(五) 01-02 田徑場,80,7,7,限本系,,Soccer I,中文,https://webap0.ncue.edu.tw/DEANV2/UploadDEAN/SUBJECT/1151/71041_1SPPE0012410.pdf,https://webapss.ncue.edu.tw/Teacher/Reports/OB020.aspx?yms_year=115&yms_sms=1&emp_id=9900556
107,71040,運三,運動處方,,組選修,,否,3,蔡忠昌,進德體育館,(四) 06-08 體育教室三,80,26,26,限本系,,Exercise Prescription,中文,https://webap0.ncue.edu.tw/DEANV2/UploadDEAN/SUBJECT/1151/71040_1SPPE0140330.pdf,https://webapss.ncue.edu.tw/Teacher/Reports/OB020.aspx?yms_year=115&yms_sms=1&emp_id=0000688
108,71039,運三,體育課程設計,,組選修,,否,3,陳怡汶,進德體育館,(四) 02-04 體育教室三,80,58,58,限本系,,Physical Education Curriculum Design,中文,https://webap0.ncue.edu.tw/DEANV2/UploadDEAN/SUBJECT/1151/71039_1SPPE0123230.pdf,https://webapss.ncue.edu.tw/Teacher/Reports/OB020.aspx?yms_year=115&yms_sms=1&emp_id=0001128
109,71038,運三,表演藝術產業實務,,組選修,,否,2,陳文彬,進德體育館,(三) 09-10 體育館視聽教室,80,9,9,限本系,,Practicum in Performing Arst Industry,中文,https://webap0.ncue.edu.tw/DEANV2/UploadDEAN/SUBJECT/1151/71038_1SPPE0145420.pdf,https://webapss.ncue.edu.tw/Teacher/Reports/OB020.aspx?yms_year=115&yms_sms=1&emp_id=0001216
110,71037,運三,運動專長訓練,,系必修,,否,1,劉羿德張家昌,進德體育館,(三) 07-08 體育教室三,80,56,56,限本系,,Specific Sports Training,中文,https://webap0.ncue.edu.tw/DEANV2/UploadDEAN/SUBJECT/1151/71037_1SPPE0006610.pdf,https://webapss.ncue.edu.tw/Teacher/Reports/OB020.aspx?yms_year=115&yms_sms=1&emp_id=0000872
111,71036,運三,營養教育,,組選修,,否,3,曾文培,進德體育館,(三) 02-04 體育教室三,80,18,18,限本系,,Nutrition Education,無,,https://webapss.ncue.edu.tw/Teacher/Reports/OB020.aspx?yms_year=115&yms_sms=1&emp_id=0000802
112,71035,運三,運動傷害評估學,,組選修,,否,3,陳俊綺,進德體育館,(二) 07-09 體育教室三,80,26,26,限本系,,The Evaluation of Sports Injury,中文,https://webap0.ncue.edu.tw/DEANV2/UploadDEAN/SUBJECT/1151/71035_1SPPE0142430.pdf,https://webapss.ncue.edu.tw/Teacher/Reports/OB020.aspx?yms_year=115&yms_sms=1&emp_id=9901355
113,71034,運三,運動生物力學,,系必修,,否,3,陳帝佑,進德體育館,(二) 05-06、14 體育教室三,80,72,72,限本系,,Sport Biomechanics,中文,https://webap0.ncue.edu.tw/DEANV2/UploadDEAN/SUBJECT/1151/71034_1SPPE0115330.pdf,https://webapss.ncue.edu.tw/Teacher/Reports/OB020.aspx?yms_year=115&yms_sms=1&emp_id=0000720
114,71033,運三,健康心理學,,組選修,,否,3,林俊媛吳育欣,進德體育館,(二) 02-04 體育教室三,80,21,21,限本班,,The Psychology of Health,中文,https://webap0.ncue.edu.tw/DEANV2/UploadDEAN/SUBJECT/1151/71033_1SPPE0119430.pdf,https://webapss.ncue.edu.tw/Teacher/Reports/OB020.aspx?yms_year=115&yms_sms=1&emp_id=9900464
115,71032,運三,重量訓練,,組選修,,否,3,游晴惠,進德體育館,(一) 05-06、14 體育教室三,30,16,16,限本系,,Weight Training,中文,https://webap0.ncue.edu.tw/DEANV2/UploadDEAN/SUBJECT/1151/71032_1SPPE0116230.pdf,https://webapss.ncue.edu.tw/Teacher/Reports/OB020.aspx?yms_year=115&yms_sms=1&emp_id=0001170
116,71031,運三,運動傷害與急救,,組選修,,否,3,陳俊綺,進德體育館,(一) 02-04 體育教室三,80,30,30,限本系,,Sports Injury and First Aid,中文,https://webap0.ncue.edu.tw/DEANV2/UploadDEAN/SUBJECT/1151/71031_1SPPE0115630.pdf,https://webapss.ncue.edu.tw/Teacher/Reports/OB020.aspx?yms_year=115&yms_sms=1&emp_id=9901355
117,71030,運二,跆拳道(一),,組選修,,否,1,蘇泰源,進德體育館,(五) 05-06 技擊室,80,38,38,限本系,,Taexwondo I,中文,https://webap0.ncue.edu.tw/DEANV2/UploadDEAN/SUBJECT/1151/71030_1SPPE0011210.pdf,https://webapss.ncue.edu.tw/Teacher/Reports/OB020.aspx?yms_year=115&yms_sms=1&emp_id=0001068
118,71029,運二,運動心理學,,系必修,,否,3,陳美華,進德體育館,(五) 02-04 體育教室二,80,117,79,限本系,,Sports Psychology,中文,https://webap0.ncue.edu.tw/DEANV2/UploadDEAN/SUBJECT/1151/71029_1SPPE0115130.pdf,https://webapss.ncue.edu.tw/Teacher/Reports/OB020.aspx?yms_year=115&yms_sms=1&emp_id=0000419
119,71028,運二,桌球(一),,系必選,,否,1,劉羿德,進德體育館,(四) 07-08 桌球教室,80,58,57,限本系,,Table Tennis I,中文,https://webap0.ncue.edu.tw/DEANV2/UploadDEAN/SUBJECT/1151/71028_1SPPE0013010.pdf,https://webapss.ncue.edu.tw/Teacher/Reports/OB020.aspx?yms_year=115&yms_sms=1&emp_id=0000872
120,71027,運二,游泳(三),,組選修,,否,1,林璇,王金平游泳館,(四) 05-06 本校游泳館,50,28,28,限本系,,Swimming III,中英,https://webap0.ncue.edu.tw/DEANV2/UploadDEAN/SUBJECT/1151/71027_1SPPE0012310.pdf,https://webapss.ncue.edu.tw/Teacher/Reports/OB020.aspx?yms_year=115&yms_sms=1&emp_id=9901193
121,71026,運二,體育行政與運動管理,,系必修,,否,3,張家昌,進德體育館,(四) 02-04 體育教室二,80,60,59,限本系,,Administration of Physical Education and Sport Management,中文,https://webap0.ncue.edu.tw/DEANV2/UploadDEAN/SUBJECT/1151/71026_1SPPE0114930.pdf,https://webapss.ncue.edu.tw/Teacher/Reports/OB020.aspx?yms_year=115&yms_sms=1&emp_id=0000726
122,71025,運二,運動專長訓練,,系必修,,否,1,江勁彥,進德體育館,(三) 09-10 體育教室三,80,60,59,限本系,,Specific Sports Training,中文,https://webap0.ncue.edu.tw/DEANV2/UploadDEAN/SUBJECT/1151/71025_1SPPE0006610.pdf,https://webapss.ncue.edu.tw/Teacher/Reports/OB020.aspx?yms_year=115&yms_sms=1&emp_id=0000690
123,71023,運二,田徑(三),,組選修,,否,1,劉元凱,進德體育館,(三) 01-02 田徑場,80,41,41,限本系,,Track and Field III,中文,https://webap0.ncue.edu.tw/DEANV2/UploadDEAN/SUBJECT/1151/71023_1SPPE0010810.pdf,https://webapss.ncue.edu.tw/Teacher/Reports/OB020.aspx?yms_year=115&yms_sms=1&emp_id=0001133
124,71022,運二,羽球(一),,系必選,,否,1,張家昌,進德體育館,(二) 07-08 羽球場,80,59,58,限本系,,Badminton I,中文,https://webap0.ncue.edu.tw/DEANV2/UploadDEAN/SUBJECT/1151/71022_1SPPE0010610.pdf,https://webapss.ncue.edu.tw/Teacher/Reports/OB020.aspx?yms_year=115&yms_sms=1&emp_id=0000726
125,71021,運二,武術(一),,系必修,,否,1,游晴惠,進德體育館,(二) 05-06 綜合球場-籃球,80,70,69,限本系,,Chinese Martial Arts I,中文,https://webap0.ncue.edu.tw/DEANV2/UploadDEAN/SUBJECT/1151/71021_1SPPE0002710.pdf,https://webapss.ncue.edu.tw/Teacher/Reports/OB020.aspx?yms_year=115&yms_sms=1&emp_id=0001170
126,71020,運二,體操(三),,組選修,,否,1,陳金羚,進德體育館,(二) 03-04 體操教室,80,26,26,限本系,,Gymnastics III,無,,https://webapss.ncue.edu.tw/Teacher/Reports/OB020.aspx?yms_year=115&yms_sms=1&emp_id=9901259
127,71019,運二,排球(一),,系必選,,否,1,黃健倫,進德體育館,(一) 05-06 綜合球場-排球,80,48,47,限本系,,Volleyball I,中文,https://webap0.ncue.edu.tw/DEANV2/UploadDEAN/SUBJECT/1151/71019_1SPPE0012610.pdf,https://webapss.ncue.edu.tw/Teacher/Reports/OB020.aspx?yms_year=115&yms_sms=1&emp_id=9901359
128,71018,運二,舞蹈(一),,系必修,,否,1,鍾孟玲,進德體育館,(一) 03-04 韻律教室,80,60,59,限本系,,Dancing I,中文,https://webap0.ncue.edu.tw/DEANV2/UploadDEAN/SUBJECT/1151/71018_1SPPE0013110.pdf,https://webapss.ncue.edu.tw/Teacher/Reports/OB020.aspx?yms_year=115&yms_sms=1&emp_id=0000695
129,71017,運二,棒壘球(一),,組選修,,否,1,陳威成,進德體育館,(一) 01-02 師大校區棒壘場,80,45,45,限本系,,Baseball and Softball I,中文,https://webap0.ncue.edu.tw/DEANV2/UploadDEAN/SUBJECT/1151/71017_1SPPE0012810.pdf,https://webapss.ncue.edu.tw/Teacher/Reports/OB020.aspx?yms_year=115&yms_sms=1&emp_id=9900627
130,71016,運一,解剖生理學,,系必修,,否,3,蔡忠昌,進德體育館,(五) 02-04 體育教室一,80,0,0,限本系,,Human Anatomy and Physiology,中文,https://webap0.ncue.edu.tw/DEANV2/UploadDEAN/SUBJECT/1151/71016_1SPPE0114730.pdf,https://webapss.ncue.edu.tw/Teacher/Reports/OB020.aspx?yms_year=115&yms_sms=1&emp_id=0000688
131,71015,運一,游泳(一),,系必修,,否,1,林璇,王金平游泳館,(四) 07-08 本校游泳館,80,0,0,限本班,,Swimming I,中英,https://webap0.ncue.edu.tw/DEANV2/UploadDEAN/SUBJECT/1151/71015_1SPPE0011410.pdf,https://webapss.ncue.edu.tw/Teacher/Reports/OB020.aspx?yms_year=115&yms_sms=1&emp_id=9901193
132,71014,運一,籃球(一),,系必選,,否,1,葉懷喃,進德體育館,(四) 05-06 綜合球場-籃球,80,7,7,限本系,,Basketball I,中文,https://webap0.ncue.edu.tw/DEANV2/UploadDEAN/SUBJECT/1151/71014_1SPPE0012110.pdf,https://webapss.ncue.edu.tw/Teacher/Reports/OB020.aspx?yms_year=115&yms_sms=1&emp_id=9901241
133,71013,運一,國際禮儀,,組選修,,否,3,林彣瑾,進德體育館,(四) 03-04、14 體育教室一,80,1,1,限本系,,International  Etiquette,中文,https://webap0.ncue.edu.tw/DEANV2/UploadDEAN/SUBJECT/1151/71013_1SPPE0140030.pdf,https://webapss.ncue.edu.tw/Teacher/Reports/OB020.aspx?yms_year=115&yms_sms=1&emp_id=9901032
134,71012,運一,運動專長訓練,,系必修,,否,1,陳怡汶蘇泰源,進德體育館,(三) 11-12 體育教室三,80,0,0,限本系,,Specific Sports Training,中文,https://webap0.ncue.edu.tw/DEANV2/UploadDEAN/SUBJECT/1151/71012_1SPPE0006610.pdf,https://webapss.ncue.edu.tw/Teacher/Reports/OB020.aspx?yms_year=115&yms_sms=1&emp_id=0001128
135,71011,運一,田徑(一),,系必修,,否,1,劉元凱,進德體育館,(三) 03-04 田徑場,80,2,2,限本系,,Track and Field I,中文,https://webap0.ncue.edu.tw/DEANV2/UploadDEAN/SUBJECT/1151/71011_1SPPE0011110.pdf,https://webapss.ncue.edu.tw/Teacher/Reports/OB020.aspx?yms_year=115&yms_sms=1&emp_id=0001133
136,71010,運一,美學,,組選修,,否,2,鍾孟玲,進德體育館,(二) 09-10 體育教室一,80,0,0,限本系,,Aesthetics,中文,https://webap0.ncue.edu.tw/DEANV2/UploadDEAN/SUBJECT/1151/71010_1SPPE0143320.pdf,https://webapss.ncue.edu.tw/Teacher/Reports/OB020.aspx?yms_year=115&yms_sms=1&emp_id=0000695
137,71009,運一,網球(一),,系必選,,否,1,江勁彥,進德體育館,(二) 07-08 網球場,80,2,2,限本系,,Tennis I,中文,https://webap0.ncue.edu.tw/DEANV2/UploadDEAN/SUBJECT/1151/71009_1SPPE0011610.pdf,https://webapss.ncue.edu.tw/Teacher/Reports/OB020.aspx?yms_year=115&yms_sms=1&emp_id=0000690
138,71008,運一,運動健康導論,,組選修,,否,2,陳怡汶,進德體育館,(二) 05-06 體育教室一,80,4,4,限本系,,Introduction to Sports and Health,中文,https://webap0.ncue.edu.tw/DEANV2/UploadDEAN/SUBJECT/1151/71008_1SPPE0141520.pdf,https://webapss.ncue.edu.tw/Teacher/Reports/OB020.aspx?yms_year=115&yms_sms=1&emp_id=0001128
139,71007,運一,體操(一),,系必修,,否,1,陳金羚,進德體育館,(二) 01-02 體操教室,80,6,6,限本系,,Gymnastics I,無,,https://webapss.ncue.edu.tw/Teacher/Reports/OB020.aspx?yms_year=115&yms_sms=1&emp_id=9901259
140,71006,運一,表演訓練,,組選修,,否,2,陳正一,進德體育館,(一) 11-12 韻律教室,80,2,2,限本系,,Performance Training,中文,https://webap0.ncue.edu.tw/DEANV2/UploadDEAN/SUBJECT/1151/71006_1SPPE0144320.pdf,https://webapss.ncue.edu.tw/Teacher/Reports/OB020.aspx?yms_year=115&yms_sms=1&emp_id=9901360
141,71005,運一,表演技巧指導,,組選修,,否,2,陳正一,進德體育館,(一) 09-10 韻律教室,80,2,2,限本系,,Acting and Directing,中文,https://webap0.ncue.edu.tw/DEANV2/UploadDEAN/SUBJECT/1151/71005_1SPPE0143920.pdf,https://webapss.ncue.edu.tw/Teacher/Reports/OB020.aspx?yms_year=115&yms_sms=1&emp_id=9901360
142,71004,運一,聲音訓練,,組選修,,否,2,陳正一,進德體育館,(一) 07-08 韻律教室,80,15,15,限本系,,Voice Training,中文,https://webap0.ncue.edu.tw/DEANV2/UploadDEAN/SUBJECT/1151/71004_1SPPE0146620.pdf,https://webapss.ncue.edu.tw/Teacher/Reports/OB020.aspx?yms_year=115&yms_sms=1&emp_id=9901360
143,71003,運一,健康與體育學習領域概論,,組選修,,否,3,劉羿德,進德體育館,(一) 05-06、14 體育教室一,80,1,1,限本系,,Introduction to Health and Physical Education,中文,https://webap0.ncue.edu.tw/DEANV2/UploadDEAN/SUBJECT/1151/71003_1SPPE0132630.pdf,https://webapss.ncue.edu.tw/Teacher/Reports/OB020.aspx?yms_year=115&yms_sms=1&emp_id=0000872
144,71002,運一,運動員生涯規劃,,組選修,,否,3,陳珍德,進德體育館,(一) 02-04 體育教室一,80,1,1,限本系,,Career planning for athletes,中文,https://webap0.ncue.edu.tw/DEANV2/UploadDEAN/SUBJECT/1151/71002_1SPPE0138230.pdf,https://webapss.ncue.edu.tw/Teacher/Reports/OB020.aspx?yms_year=115&yms_sms=1&emp_id=0001026
145,71001,運一,人工智慧及其應用,,校必(通識),,否,2,陳怡汶,圖書館,(五) 05-06 電一教室,50,0,0,限本班,大二~大四生如要修習，以線上加簽方式,Artificial Intelligence and Its Application,中文,https://webap0.ncue.edu.tw/DEANV2/UploadDEAN/SUBJECT/1151/71001_0CCGE0181420.pdf,https://webapss.ncue.edu.tw/Teacher/Reports/OB020.aspx?yms_year=115&yms_sms=1&emp_id=0001128
146,67070,財金博一,企業社會責任實證專題研究,,組選修,,否,3,張元,經世館,(二) 05-07 32502,20,1,1,可跨班系,<財金組>,Empirical Research on Corporate Social Responsibility,無,,https://webapss.ncue.edu.tw/Teacher/Reports/OB020.aspx?yms_year=115&yms_sms=1&emp_id=0001012
147,67069,財金博一,時間數列專題研究,,組選修,,否,3,張元,經世館,(二) 02-04 32713,20,1,1,可跨班系,,Special Topics in Time Series Analysis,無,,https://webapss.ncue.edu.tw/Teacher/Reports/OB020.aspx?yms_year=115&yms_sms=1&emp_id=0001012
148,67068,財金碩一,財金數量方法,,系必修,,否,3,謝企榮,經世館,(五) 02-04 32605,50,0,0,限本班,,Financial Econometrics,無,,https://webapss.ncue.edu.tw/Teacher/Reports/OB020.aspx?yms_year=115&yms_sms=1&emp_id=0001011
149,67067,財金博二,行為會計研究,,組選修,,否,3,鄭國枝,經世館,(二) 05-07 32603,20,13,13,限本班,(管理組),Seminar on Behavioral Accounting,無,,https://webapss.ncue.edu.tw/Teacher/Reports/OB020.aspx?yms_year=115&yms_sms=1&emp_id=0000971
150,67066,財金行管夜碩二A,論文,,系必修,,否,0,論文,,,30,0,8,限本系,,Thesis,中文,https://webap0.ncue.edu.tw/DEANV2/UploadDEAN/SUBJECT/1151/67066_1MABEE010300.pdf,
151,67065,財金行管夜碩一A,投資學,,系選修,,否,2,陳信憲,經世館,(一) 10-13 32410-二館,30,0,13,限本班,單週上課，第一次上課為9月14日。,Investments,中文,https://webap0.ncue.edu.tw/DEANV2/UploadDEAN/SUBJECT/1151/67065_1MABEE008520.pdf,https://webapss.ncue.edu.tw/Teacher/Reports/OB020.aspx?yms_year=115&yms_sms=1&emp_id=0000683
152,67063,財金行管夜碩二A,國際投資專題研究,,系選修,,否,2,紀信義,經世館,(五) 10-13 32605,30,0,15,限本班,單週上課，第一次上課為9月18日。,Studies in International Investment,無,,https://webapss.ncue.edu.tw/Teacher/Reports/OB020.aspx?yms_year=115&yms_sms=1&emp_id=6000265
153,67062,財金行管夜碩一A,投資銀行學,,系選修,,否,2,謝企榮,經世館,(五) 10-13 32605,30,0,15,限本班,雙週上課，第一次上課為9月25日。,Investment Banking,中文,https://webap0.ncue.edu.tw/DEANV2/UploadDEAN/SUBJECT/1151/67062_1MABEE175120.pdf,https://webapss.ncue.edu.tw/Teacher/Reports/OB020.aspx?yms_year=115&yms_sms=1&emp_id=0001011
154,67061,財金行管夜碩一A,研究方法,,系選修,,否,2,陳美華,經世館,(一) 10-13 32606,30,0,13,限本班,雙週上課，第一次上課為9月21日。,Research Method,中文,https://webap0.ncue.edu.tw/DEANV2/UploadDEAN/SUBJECT/1151/67061_1MABEE006820.pdf,https://webapss.ncue.edu.tw/Teacher/Reports/OB020.aspx?yms_year=115&yms_sms=1&emp_id=0000716
155,67059,財金行管夜碩一A,人力資源發展,,系選修,,否,2,温玲玉,經世館,(二) 10-13 32606,30,0,12,限本班,單週上課，第一次上課為9月15日。,Human Resource Development,中文,https://webap0.ncue.edu.tw/DEANV2/UploadDEAN/SUBJECT/1151/67059_1MABEE136620.pdf,https://webapss.ncue.edu.tw/Teacher/Reports/OB020.aspx?yms_year=115&yms_sms=1&emp_id=0000507
156,67058,財金博二,管理研究方法,,組選修,,否,3,張世其,經世館,(一) 05-07 32313,20,2,2,限本系,(管理組),Research Methodology in Management,中文,https://webap0.ncue.edu.tw/DEANV2/UploadDEAN/SUBJECT/1151/67058_1MABE1187230.pdf,https://webapss.ncue.edu.tw/Teacher/Reports/OB020.aspx?yms_year=115&yms_sms=1&emp_id=0000813
157,67057,財金博二,行銷策略專題研究,,組選修,,否,3,葉凱莉,經世館,(三) 02-04 32313,20,2,2,限本系,(管理組),Marketing Strategy Research,中文,https://webap0.ncue.edu.tw/DEANV2/UploadDEAN/SUBJECT/1151/67057_1MABE1184330.pdf,https://webapss.ncue.edu.tw/Teacher/Reports/OB020.aspx?yms_year=115&yms_sms=1&emp_id=0000589
158,67056,財金博一,大數據專題研討,,組選修,,否,3,吳信宏,經世館,(二) 06-08 32313,20,3,3,限本系,(管理組),Seminar on Big Data Research,中文,https://webap0.ncue.edu.tw/DEANV2/UploadDEAN/SUBJECT/1151/67056_1MABE1183630.pdf,https://webapss.ncue.edu.tw/Teacher/Reports/OB020.aspx?yms_year=115&yms_sms=1&emp_id=0000807
159,67055,財金二,統計學(一),,系必修,,否,3,郭志安,經世館,(五) 05-07 32410-二館,50,32,32,限本班,,Statistics I,中文,https://webap0.ncue.edu.tw/DEANV2/UploadDEAN/SUBJECT/1151/67055_1MABE0004730.pdf,https://webapss.ncue.edu.tw/Teacher/Reports/OB020.aspx?yms_year=115&yms_sms=1&emp_id=0000820
160,67054,財金碩二,書報討論(三),,系必修,,否,1,林逸程,經世館,(二) 05-06 32713,40,16,16,限本系,,Seminar III,中文,https://webap0.ncue.edu.tw/DEANV2/UploadDEAN/SUBJECT/1151/67054_1MABE2029410.pdf,https://webapss.ncue.edu.tw/Teacher/Reports/OB020.aspx?yms_year=115&yms_sms=1&emp_id=0001107
161,67053,財金碩一,書報討論(一),,系必修,,否,1,林美純,經世館,(二) 05-06 32712,40,0,0,限本系,,Seminar I,中文,https://webap0.ncue.edu.tw/DEANV2/UploadDEAN/SUBJECT/1151/67053_1MABE2005510.pdf,https://webapss.ncue.edu.tw/Teacher/Reports/OB020.aspx?yms_year=115&yms_sms=1&emp_id=0000201
162,67052,財金一,Python程式設計及應用,,系必修,,否,3,匡顯吉,經世館,(五) 05-07 經世館32101,50,0,0,限本班,,Python Programming and Application,中文,https://webap0.ncue.edu.tw/DEANV2/UploadDEAN/SUBJECT/1151/67052_1MABE0200930.pdf,https://webapss.ncue.edu.tw/Teacher/Reports/OB020.aspx?yms_year=115&yms_sms=1&emp_id=0001207
163,67051,財金行管夜碩一A,統計學,,系選修,,否,2,郭志安,教學大樓,(四) 10-13 T101,30,0,12,限本班,單週上課，第一次上課為9月17日。,Statistics,中文,https://webap0.ncue.edu.tw/DEANV2/UploadDEAN/SUBJECT/1151/67051_1MABEE191320.pdf,https://webapss.ncue.edu.tw/Teacher/Reports/OB020.aspx?yms_year=115&yms_sms=1&emp_id=0000820
164,67050,財金博二,論文,,系必修,,否,0,,,,40,8,8,限本系,,Thesis,無,,
165,67049,財金博二,論文指導(一),,系必修,,否,3,,,,40,9,9,限本系,,Thesis Supervision I,無,,
166,67048,財金碩二,論文,,系必修,,否,0,,,,40,12,12,限本系,,Thesis,無,,
167,67047,財金碩二,論文指導(一),,系必修,,否,3,,,,40,9,9,限本系,,Thesis Supervision I,無,,
168,67046,財金碩一,全球資產管理,,系選修,,否,3,陳信憲,經世館,(二) 02-04 32410-二館,20,12,12,限本系,,Global Asset Management,中文,https://webap0.ncue.edu.tw/DEANV2/UploadDEAN/SUBJECT/1151/67046_1MABE2201130.pdf,https://webapss.ncue.edu.tw/Teacher/Reports/OB020.aspx?yms_year=115&yms_sms=1&emp_id=0000683
169,67045,財金碩一,金融大數據與資料探勘,,系選修,,否,3,匡顯吉,經世館,(三) 05-07 32410-二館,20,0,0,限本系,,Financial Big Data Analysis and Data Mining,中文,https://webap0.ncue.edu.tw/DEANV2/UploadDEAN/SUBJECT/1151/67045_1MABE2189730.pdf,https://webapss.ncue.edu.tw/Teacher/Reports/OB020.aspx?yms_year=115&yms_sms=1&emp_id=0001207
170,67043,財金博二,行動商務與創新專題,,組選修,,否,3,王怡舜,經世館,(一) 05-07 32210,20,0,0,限本系,(管理組)(不開放線上加選;須任課老師同意後才可加選),Topics on Mobile Commerce and Innovation,中文,https://webap0.ncue.edu.tw/DEANV2/UploadDEAN/SUBJECT/1151/67043_1MABE1186330.pdf,https://webapss.ncue.edu.tw/Teacher/Reports/OB020.aspx?yms_year=115&yms_sms=1&emp_id=0000705
171,67042,財金博二,美學經濟與創意產業專題,,組選修,,否,3,吳佩芬,經世館,(五) 02-04 32210,20,2,2,限本系,(管理組),Special Topics on Aesthetic Economy and Creative Industries,中文,https://webap0.ncue.edu.tw/DEANV2/UploadDEAN/SUBJECT/1151/67042_1MABE1186430.pdf,https://webapss.ncue.edu.tw/Teacher/Reports/OB020.aspx?yms_year=115&yms_sms=1&emp_id=0000975
172,67040,財金三,國際匯兌實務,,系選修,,否,3,蘇恒賢,經世館,(三) 02-04 32606,50,31,31,可跨班系,,"International Trade, Exchange of case study",中文,https://webap0.ncue.edu.tw/DEANV2/UploadDEAN/SUBJECT/1151/67040_1MABE0176930.pdf,https://webapss.ncue.edu.tw/Teacher/Reports/OB020.aspx?yms_year=115&yms_sms=1&emp_id=9901131
173,67039,財金碩一,商業溝通,,系必修,,否,3,温玲玉,經世館,(二) 02-04 32606,50,0,0,限本系,,Business Communication,中文,https://webap0.ncue.edu.tw/DEANV2/UploadDEAN/SUBJECT/1151/67039_1MABE2131430.pdf,https://webapss.ncue.edu.tw/Teacher/Reports/OB020.aspx?yms_year=115&yms_sms=1&emp_id=0000507
174,67038,財金碩一,國際財務管理,,系選修,,否,3,林淑惠,經世館,(二) 07-09 32712,20,4,4,可跨班系,,International Financial Management,中文,https://webap0.ncue.edu.tw/DEANV2/UploadDEAN/SUBJECT/1151/67038_1MABE2133130.pdf,https://webapss.ncue.edu.tw/Teacher/Reports/OB020.aspx?yms_year=115&yms_sms=1&emp_id=0000776
175,67037,財金三,個體經濟學,,系選修,,否,3,林淑惠,經世館,(一) 07-09 32606,50,34,34,可跨班系,,Microeconomics,中文,https://webap0.ncue.edu.tw/DEANV2/UploadDEAN/SUBJECT/1151/67037_1MABE0006730.pdf,https://webapss.ncue.edu.tw/Teacher/Reports/OB020.aspx?yms_year=115&yms_sms=1&emp_id=0000776
176,67036,財金三,期貨與選擇權,,系必修,,否,3,林逸程,經世館,(二) 07-09 32606,50,35,35,限本系,,Futures & Options,中文,https://webap0.ncue.edu.tw/DEANV2/UploadDEAN/SUBJECT/1151/67036_1MABE0028830.pdf,https://webapss.ncue.edu.tw/Teacher/Reports/OB020.aspx?yms_year=115&yms_sms=1&emp_id=0001107
177,67035,財金碩一,財務理論,,系選修,,否,3,郭志安,經世館,(四) 05-07 32712,20,0,0,可跨班系,,Financial Theory,中文,https://webap0.ncue.edu.tw/DEANV2/UploadDEAN/SUBJECT/1151/67035_1MABE2024630.pdf,https://webapss.ncue.edu.tw/Teacher/Reports/OB020.aspx?yms_year=115&yms_sms=1&emp_id=0000820
178,67034,財金博一,公司理財專題研究,,組選修,,否,3,陳美華,經世館,(二) 02-04 32502,20,2,2,限本系,<財金組>,Topics (Research) on  Corporate finance,中文,https://webap0.ncue.edu.tw/DEANV2/UploadDEAN/SUBJECT/1151/67034_1MABE1179930.pdf,https://webapss.ncue.edu.tw/Teacher/Reports/OB020.aspx?yms_year=115&yms_sms=1&emp_id=0000716
179,67033,財金碩一,財務管理,,系選修,,否,3,陳美華,經世館,(二) 07-09 32605,20,12,12,限本系,,Financial Management,中文,https://webap0.ncue.edu.tw/DEANV2/UploadDEAN/SUBJECT/1151/67033_1MABE2170230.pdf,https://webapss.ncue.edu.tw/Teacher/Reports/OB020.aspx?yms_year=115&yms_sms=1&emp_id=0000716
180,67032,財金博二,金融專業倫理專題研究,,組選修,,否,3,陳美華,經世館,(一) 02-04 32502,20,1,1,限本系,<財金組>,Research on Professional Ethics in Finance,中文,https://webap0.ncue.edu.tw/DEANV2/UploadDEAN/SUBJECT/1151/67032_1MABE1173130.pdf,https://webapss.ncue.edu.tw/Teacher/Reports/OB020.aspx?yms_year=115&yms_sms=1&emp_id=0000716
181,67031,財金三,商業與管理群教材教法,,系選修,,否,2,林逸程余沛育,經世館,(四) 08-09 32410-二館,50,9,9,可跨班系,,Teaching Content and Strategy for Business and Management,中文,https://webap0.ncue.edu.tw/DEANV2/UploadDEAN/SUBJECT/1151/67031_1MABE0169520.pdf,https://webapss.ncue.edu.tw/Teacher/Reports/OB020.aspx?yms_year=115&yms_sms=1&emp_id=0001107
182,67030,財金一,經濟學(一),,系必修,,否,3,林逸程余沛育郭伯仁,經世館,(一) 05-06 32606 (三) 01 32606,50,3,3,限本系,,Economics I,中文,https://webap0.ncue.edu.tw/DEANV2/UploadDEAN/SUBJECT/1151/67030_1MABE0021730.pdf,https://webapss.ncue.edu.tw/Teacher/Reports/OB020.aspx?yms_year=115&yms_sms=1&emp_id=0001107
183,67029,財金三,機器學習與金融大數據分析,,系選修,,否,3,匡顯吉,經世館,(四) 05-07 32211,50,13,13,限本系,,Machine Learning and Financial Data Analysis,中文,https://webap0.ncue.edu.tw/DEANV2/UploadDEAN/SUBJECT/1151/67029_1MABE0199530.pdf,https://webapss.ncue.edu.tw/Teacher/Reports/OB020.aspx?yms_year=115&yms_sms=1&emp_id=0001207
184,67028,財金碩一,投資組合管理,,系選修,,否,3,陳信憲,經世館,(二) 07-09 32410-二館,20,5,5,可跨班系,,Investment Portfolio Management,中文,https://webap0.ncue.edu.tw/DEANV2/UploadDEAN/SUBJECT/1151/67028_1MABE2133330.pdf,https://webapss.ncue.edu.tw/Teacher/Reports/OB020.aspx?yms_year=115&yms_sms=1&emp_id=0000683
185,67027,財金博一,全球資產管理專題研究,,組選修,,否,3,陳信憲,經世館,(一) 06-08 32502,20,1,1,限本系,<財金組>,Topic Studies in Global Asset Management,中文,https://webap0.ncue.edu.tw/DEANV2/UploadDEAN/SUBJECT/1151/67027_1MABE1201030.pdf,https://webapss.ncue.edu.tw/Teacher/Reports/OB020.aspx?yms_year=115&yms_sms=1&emp_id=0000683
186,67026,財金三,投資組合分析,,系必修,,是,3,陳信憲,經世館,(一) 02-04 32410-二館,50,34,34,限本班,,Investment Portfolio Analysis,英文,https://webap0.ncue.edu.tw/DEANV2/UploadDEAN/SUBJECT/1151/67026_1MABE0019230_EN.pdf,https://webapss.ncue.edu.tw/Teacher/Reports/OB020.aspx?yms_year=115&yms_sms=1&emp_id=0000683
187,67025,財金博二,金融素養專題研究,,組選修,,否,3,林美純,經世館,(一) 02-04 32712,20,3,3,限本系,<財金組>,Financial Literacy Seminar,中文,https://webap0.ncue.edu.tw/DEANV2/UploadDEAN/SUBJECT/1151/67025_1MABE1182830.pdf,https://webapss.ncue.edu.tw/Teacher/Reports/OB020.aspx?yms_year=115&yms_sms=1&emp_id=0000201
188,67024,財金博一,混合研究方法,,組選修,,否,3,林美純,經世館,(四) 02-04 32502,20,1,1,限本系,,Mixed Method Research,中文,https://webap0.ncue.edu.tw/DEANV2/UploadDEAN/SUBJECT/1151/67024_1MABE1179730.pdf,https://webapss.ncue.edu.tw/Teacher/Reports/OB020.aspx?yms_year=115&yms_sms=1&emp_id=0000201
189,67023,財金碩二,生涯規劃,,系選修,,否,3,林美純,經世館,(三) 07-09 32605,20,2,2,可跨班系,,Career planning,中文,https://webap0.ncue.edu.tw/DEANV2/UploadDEAN/SUBJECT/1151/67023_1MABE2182630.pdf,https://webapss.ncue.edu.tw/Teacher/Reports/OB020.aspx?yms_year=115&yms_sms=1&emp_id=0000201
190,67022,財金一,情緒管理,,系選修,,否,3,林美純,經世館,(三) 02-04 32605,50,5,5,可跨班系,,Emotion Management,中文,https://webap0.ncue.edu.tw/DEANV2/UploadDEAN/SUBJECT/1151/67022_1MABE0197630.pdf,https://webapss.ncue.edu.tw/Teacher/Reports/OB020.aspx?yms_year=115&yms_sms=1&emp_id=0000201
191,67020,財金碩二,時間數列,,系選修,,否,3,張元,經世館,(四) 02-04 32606,20,4,4,可跨班系,課程擬停開，請同學勿選課,Time Series,中文,https://webap0.ncue.edu.tw/DEANV2/UploadDEAN/SUBJECT/1151/67020_1MABE2178430.pdf,https://webapss.ncue.edu.tw/Teacher/Reports/OB020.aspx?yms_year=115&yms_sms=1&emp_id=0001012
192,67019,財金行管夜碩二A,財金實證專題,,系選修,,否,2,吳明政,經世館,(一) 10-13 32211,30,0,14,限本班,單週上課，第一次上課為9月14日。,Empirical Finance,中文,https://webap0.ncue.edu.tw/DEANV2/UploadDEAN/SUBJECT/1151/67019_1MABEE192420.pdf,https://webapss.ncue.edu.tw/Teacher/Reports/OB020.aspx?yms_year=115&yms_sms=1&emp_id=0000789
193,67018,財金三,貨幣銀行學,,系必修,,否,3,郭志安,經世館,(四) 02-04 32211,50,35,35,限本系,,Money and Banking,中文,https://webap0.ncue.edu.tw/DEANV2/UploadDEAN/SUBJECT/1151/67018_1MABE0012630.pdf,https://webapss.ncue.edu.tw/Teacher/Reports/OB020.aspx?yms_year=115&yms_sms=1&emp_id=0000820
194,67017,財金行管夜碩二A,資料庫專題,,系選修,,否,2,林逸程,經世館,(一) 10-13 32211,30,0,20,限本班,雙週上課，第一次上課為9月21日。,Topics in Databases,中文,https://webap0.ncue.edu.tw/DEANV2/UploadDEAN/SUBJECT/1151/67017_1MABEE191520.pdf,https://webapss.ncue.edu.tw/Teacher/Reports/OB020.aspx?yms_year=115&yms_sms=1&emp_id=0001107
195,67016,財金碩一,金融制度與市場分析,,系選修,,否,3,張元,經世館,(四) 05-07 32606,50,20,20,可跨班系,,Analysis of Financial Regulation and Markets,中文,https://webap0.ncue.edu.tw/DEANV2/UploadDEAN/SUBJECT/1151/67016_1MABE2177130.pdf,https://webapss.ncue.edu.tw/Teacher/Reports/OB020.aspx?yms_year=115&yms_sms=1&emp_id=0001012
196,67015,財金三,總體經濟學,,系選修,,否,3,張元,經世館,(三) 05-07 32606,50,43,43,可跨班系,,Macroeconomics,中文,https://webap0.ncue.edu.tw/DEANV2/UploadDEAN/SUBJECT/1151/67015_1MABE0141430.pdf,https://webapss.ncue.edu.tw/Teacher/Reports/OB020.aspx?yms_year=115&yms_sms=1&emp_id=0001012
197,67014,財金博二,資產評價專題研究,,組選修,,否,3,吳明政,經世館,(四) 05-07 32410-二館,20,0,0,限本班,<財金組>(不開放線上加選，須任課老師同意後才可加選),Topic Studies in Valuation of Financial Assets,中文,https://webap0.ncue.edu.tw/DEANV2/UploadDEAN/SUBJECT/1151/67014_1MABE1190030.pdf,https://webapss.ncue.edu.tw/Teacher/Reports/OB020.aspx?yms_year=115&yms_sms=1&emp_id=0000789
198,67013,財金三,行銷管理,,系選修,,否,3,王正熙,經世館,(五) 02-04 32713,50,20,20,可跨班系,,Marketing Management,中英,https://webap0.ncue.edu.tw/DEANV2/UploadDEAN/SUBJECT/1151/67013_1MABE0169730.pdf,https://webapss.ncue.edu.tw/Teacher/Reports/OB020.aspx?yms_year=115&yms_sms=1&emp_id=9901109
199,67012,財金博一,不動產金融專題研究,,組選修,,否,3,謝企榮,經世館,(五) 05-07 32605,20,0,0,限本班,<財金組>(不開放線上加選，須任課老師同意後才可加選),Seminar in Real Estate Finance,中文,https://webap0.ncue.edu.tw/DEANV2/UploadDEAN/SUBJECT/1151/67012_1MABE1171130.pdf,https://webapss.ncue.edu.tw/Teacher/Reports/OB020.aspx?yms_year=115&yms_sms=1&emp_id=0001011
200,67011,財金四,商業實務應用,,系選修,,否,3,謝企榮,經世館,(四) 02-04 32605,50,12,12,限本系,,Business Practice,中文,https://webap0.ncue.edu.tw/DEANV2/UploadDEAN/SUBJECT/1151/67011_1MABE0144830.pdf,https://webapss.ncue.edu.tw/Teacher/Reports/OB020.aspx?yms_year=115&yms_sms=1&emp_id=0001011
201,67010,財金一,微積分(一),,系必修,,否,3,郭志安,經世館,(五) 02-04 32410-二館,50,1,1,限本系,,Calculus I,中文,https://webap0.ncue.edu.tw/DEANV2/UploadDEAN/SUBJECT/1151/67010_1MABE0005330.pdf,https://webapss.ncue.edu.tw/Teacher/Reports/OB020.aspx?yms_year=115&yms_sms=1&emp_id=0000820
202,67009,財金三,財金英文,,系必修,,否,3,宋美妹,經世館,(二) 02-04 32605,50,33,33,限本班,,Finance English,英文,https://webap0.ncue.edu.tw/DEANV2/UploadDEAN/SUBJECT/1151/67009_1MABE0176030_EN.pdf,https://webapss.ncue.edu.tw/Teacher/Reports/OB020.aspx?yms_year=115&yms_sms=1&emp_id=0000143
203,67008,財金博一,消費心理學專題研究,,組選修,,否,3,宋美妹,經世館,(五) 02-04 32211,20,2,2,限本系,<財金組>,Topics in Consumer Psychology,中文,https://webap0.ncue.edu.tw/DEANV2/UploadDEAN/SUBJECT/1151/67008_1MABE1198530.pdf,https://webapss.ncue.edu.tw/Teacher/Reports/OB020.aspx?yms_year=115&yms_sms=1&emp_id=0000143
204,67007,財金一,管理學,,系必修,,否,3,宋美妹,經世館,(三) 05-07 32211,50,3,3,限本系,,Principles of Management,中文,https://webap0.ncue.edu.tw/DEANV2/UploadDEAN/SUBJECT/1151/67007_1MABE0014930.pdf,https://webapss.ncue.edu.tw/Teacher/Reports/OB020.aspx?yms_year=115&yms_sms=1&emp_id=0000143
205,67006,財金二,證券交易實務,,系選修,,否,3,謝企榮,經世館,(四) 05-07 32605,50,32,32,限本班,,Securities Trading Practice,中文,https://webap0.ncue.edu.tw/DEANV2/UploadDEAN/SUBJECT/1151/67006_1MABE0171630.pdf,https://webapss.ncue.edu.tw/Teacher/Reports/OB020.aspx?yms_year=115&yms_sms=1&emp_id=0001011
206,67005,財金二,財務管理,,系必修,,否,3,陳美華,經世館,(一) 06-08 32605,50,32,32,限本班,,Financial Management,中文,https://webap0.ncue.edu.tw/DEANV2/UploadDEAN/SUBJECT/1151/67005_1MABE0011130.pdf,https://webapss.ncue.edu.tw/Teacher/Reports/OB020.aspx?yms_year=115&yms_sms=1&emp_id=0000716
207,67003,財金二,人力資源管理,,系選修,,否,3,宋美妹,經世館,(三) 02-04 32211,50,34,34,限本系,,Human Resource Management,中文,https://webap0.ncue.edu.tw/DEANV2/UploadDEAN/SUBJECT/1151/67003_1MABE0031730.pdf,https://webapss.ncue.edu.tw/Teacher/Reports/OB020.aspx?yms_year=115&yms_sms=1&emp_id=0000143
208,67002,財金二,財務報表分析,,系必修,,否,3,林淑惠,經世館,(二) 02-04 32211,50,41,41,可跨班系,,Financial Statement Analysis,中文,https://webap0.ncue.edu.tw/DEANV2/UploadDEAN/SUBJECT/1151/67002_1MABE0026030.pdf,https://webapss.ncue.edu.tw/Teacher/Reports/OB020.aspx?yms_year=115&yms_sms=1&emp_id=0000776
209,67001,財金一,人工智慧及其應用,,校必(通識),,否,2,林逸程匡顯吉,力行館,(一) 01-02 力行館31102,50,0,0,限本班,大二~大四生如要修習，以線上加簽方式,Artificial Intelligence and Its Application,中文,https://webap0.ncue.edu.tw/DEANV2/UploadDEAN/SUBJECT/1151/67001_0CCGE0181420.pdf,https://webapss.ncue.edu.tw/Teacher/Reports/OB020.aspx?yms_year=115&yms_sms=1&emp_id=0001107
210,63057,國企夜碩二B,論文,,系必修,,否,0,論文,,,30,0,14,限本系,,Thesis,中文,https://webap0.ncue.edu.tw/DEANV2/UploadDEAN/SUBJECT/1151/63057_1MABAE019200.pdf,
211,63056,國企夜碩二B,商業溝通與廣告設計,,系選修,,否,3,郭子僑周君倚,經世館,(二) 10-12 32405,30,0,19,限本班,,Business Communication and Design,中文,https://webap0.ncue.edu.tw/DEANV2/UploadDEAN/SUBJECT/1151/63056_1MABAE151330.pdf,https://webapss.ncue.edu.tw/Teacher/Reports/OB020.aspx?yms_year=115&yms_sms=1&emp_id=4000091
212,63055,國企夜碩二B,領導論壇,,系必修,,否,3,黃憲彰王信文,經世館,(六) 02-04 32405,30,0,15,限本班,,Leadership Forums,中文,https://webap0.ncue.edu.tw/DEANV2/UploadDEAN/SUBJECT/1151/63055_1MABAE019830.pdf,https://webapss.ncue.edu.tw/Teacher/Reports/OB020.aspx?yms_year=115&yms_sms=1&emp_id=0000868
213,63054,國企夜碩二A,領導論壇,,系必修,,否,3,朱志傑江家瑜,經世館,(六) 05-07 32405,30,0,0,限本班,,Leadership Forums,中文,https://webap0.ncue.edu.tw/DEANV2/UploadDEAN/SUBJECT/1151/63054_1MABAE019830.pdf,https://webapss.ncue.edu.tw/Teacher/Reports/OB020.aspx?yms_year=115&yms_sms=1&emp_id=0001136
214,63053,國企夜碩一B,策略性績效管理,,系必選,,否,3,朱志傑江家瑜,經世館,(六) 02-04 32403,30,0,14,限本班,,Strategic Performance Management,中文,https://webap0.ncue.edu.tw/DEANV2/UploadDEAN/SUBJECT/1151/63053_1MABAE149530.pdf,https://webapss.ncue.edu.tw/Teacher/Reports/OB020.aspx?yms_year=115&yms_sms=1&emp_id=0001136
215,63052,國企夜碩一B,國際行銷管理,,系必選,,否,3,白凢芸葉凱莉,經世館,(二) 10-12 32403,30,0,14,限本班,,International Marketing Management,中文,https://webap0.ncue.edu.tw/DEANV2/UploadDEAN/SUBJECT/1151/63052_1MABAE019630.pdf,https://webapss.ncue.edu.tw/Teacher/Reports/OB020.aspx?yms_year=115&yms_sms=1&emp_id=0000981
216,63051,國企夜碩一B,國際企業與策略管理,,系必選,,否,3,張世其黃蘭鍈,經世館,(六) 05-07 32403,30,0,14,限本班,,International Business and Strategy Management,中文,https://webap0.ncue.edu.tw/DEANV2/UploadDEAN/SUBJECT/1151/63051_1MABAE149330.pdf,https://webapss.ncue.edu.tw/Teacher/Reports/OB020.aspx?yms_year=115&yms_sms=1&emp_id=0000813
217,63050,國企夜碩一B,管理專題研討,,系必修,,否,3,朱志傑李建祈郭子僑黃憲彰王慕容黃蘭鍈江家瑜葉凱莉張世其王信文白凢芸吳信宏,經世館,(一) 10-12 32403,30,0,14,限本班,,Special Topics on Business Management,中文,https://webap0.ncue.edu.tw/DEANV2/UploadDEAN/SUBJECT/1151/63050_1MABAE148830.pdf,https://webapss.ncue.edu.tw/Teacher/Reports/OB020.aspx?yms_year=115&yms_sms=1&emp_id=0001136
218,63049,國企夜碩一A,區域市場研究,,系選修,,否,3,江家瑜朱志傑,經世館,(四) 10-12 32404,30,0,0,限本班,含國外參訪行程,Study of Regional Market,中文,https://webap0.ncue.edu.tw/DEANV2/UploadDEAN/SUBJECT/1151/63049_1MABAE135230.pdf,https://webapss.ncue.edu.tw/Teacher/Reports/OB020.aspx?yms_year=115&yms_sms=1&emp_id=0001051
219,63048,國企夜碩一A,國際經濟與財務管理,,系必選,,否,3,李建祈吳明政,經世館,(六) 05-07 32404,30,0,0,限本班,,International Economics and Finance Management,中文,https://webap0.ncue.edu.tw/DEANV2/UploadDEAN/SUBJECT/1151/63048_1MABAE149430.pdf,https://webapss.ncue.edu.tw/Teacher/Reports/OB020.aspx?yms_year=115&yms_sms=1&emp_id=4000089
220,63047,國企夜碩一A,服務與營運管理,,系必選,,否,3,吳信宏蔡碩倉,經世館,(二) 10-12 32404,30,0,0,限本班,,Service and Operation Management,中文,https://webap0.ncue.edu.tw/DEANV2/UploadDEAN/SUBJECT/1151/63047_1MABAE149730.pdf,https://webapss.ncue.edu.tw/Teacher/Reports/OB020.aspx?yms_year=115&yms_sms=1&emp_id=0000807
221,63046,國企夜碩一A,管理專題研討,,系必修,,否,3,江家瑜朱志傑李建祈郭子僑黃憲彰王慕容黃蘭鍈葉凱莉張世其王信文白凢芸吳信宏,經世館,(六) 02-04 32404,30,0,0,限本班,,Special Topics on Business Management,中文,https://webap0.ncue.edu.tw/DEANV2/UploadDEAN/SUBJECT/1151/63046_1MABAE148830.pdf,https://webapss.ncue.edu.tw/Teacher/Reports/OB020.aspx?yms_year=115&yms_sms=1&emp_id=0001051
222,63045,企管碩二,論文,,系必修,,否,0,論文,,,50,41,41,限本班,,Thesis,無,,
223,63044,企管碩二,論文指導(一),,系必修,,否,3,論文,,,50,38,38,限本班,,Thesis Supervision I,無,,
224,63043,企管行銷碩二,品質管理專題,,組選修,,否,3,吳信宏,經世館,(三) 02-04 32404,20,1,1,限本班,,Topics in Total Quality Management,中文,https://webap0.ncue.edu.tw/DEANV2/UploadDEAN/SUBJECT/1151/63043_1MABA2007930.pdf,https://webapss.ncue.edu.tw/Teacher/Reports/OB020.aspx?yms_year=115&yms_sms=1&emp_id=0000807
225,63042,企管碩二,人力資源管理,,組選修,,否,3,朱志傑,經世館,(二) 06-08 32212,20,9,9,限本系,,Human Resource Management,中文,https://webap0.ncue.edu.tw/DEANV2/UploadDEAN/SUBJECT/1151/63042_1MABA2141630.pdf,https://webapss.ncue.edu.tw/Teacher/Reports/OB020.aspx?yms_year=115&yms_sms=1&emp_id=0001136
226,63041,企管碩二,創新管理,,組選修,,否,3,張世其,經世館,(二) 02-04 32212,20,16,16,限本系,,Innovation Management,中文,https://webap0.ncue.edu.tw/DEANV2/UploadDEAN/SUBJECT/1151/63041_1MABA2003330.pdf,https://webapss.ncue.edu.tw/Teacher/Reports/OB020.aspx?yms_year=115&yms_sms=1&emp_id=0000813
227,63040,企管碩二,策略管理,,組必修,,否,3,黃蘭鍈,經世館,(一) 05-07 32403,26,24,24,限本班,,Strategic Management,中文,https://webap0.ncue.edu.tw/DEANV2/UploadDEAN/SUBJECT/1151/63040_1MABA2012530.pdf,https://webapss.ncue.edu.tw/Teacher/Reports/OB020.aspx?yms_year=115&yms_sms=1&emp_id=0000770
228,63039,企管行銷碩二,產業行銷,,組選修,,否,3,白凢芸,經世館,(五) 05-07 32313,20,10,10,限本班,,B2B Marketing,無,,https://webapss.ncue.edu.tw/Teacher/Reports/OB020.aspx?yms_year=115&yms_sms=1&emp_id=0000981
229,63038,企管行銷碩二,文化創意產業,,組選修,,否,3,王信文,經世館,(三) 02-04 32212,20,26,20,限本系,,Cultural and Creative Industry,中文,https://webap0.ncue.edu.tw/DEANV2/UploadDEAN/SUBJECT/1151/63038_1MABA2133530.pdf,https://webapss.ncue.edu.tw/Teacher/Reports/OB020.aspx?yms_year=115&yms_sms=1&emp_id=0000764
230,63036,企管行銷碩二,質性研究方法,,組選修,,是,3,王慕容,經世館,(二) 06-08 32205,20,5,5,可跨班系,,Qualitative Research Method,英文,https://webap0.ncue.edu.tw/DEANV2/UploadDEAN/SUBJECT/1151/63036_1MABA2001930_EN.pdf,https://webapss.ncue.edu.tw/Teacher/Reports/OB020.aspx?yms_year=115&yms_sms=1&emp_id=0000889
231,63035,企管行銷碩二,管理理論與實踐,,系必修,,否,1,朱志傑,經世館,(一) 03-04 32405,50,39,39,限本班,,Management Theory and Practice,中文,https://webap0.ncue.edu.tw/DEANV2/UploadDEAN/SUBJECT/1151/63035_1MABA2153010.pdf,https://webapss.ncue.edu.tw/Teacher/Reports/OB020.aspx?yms_year=115&yms_sms=1&emp_id=0001136
232,63034,企管行銷碩一,行銷理論,,組必修,,否,3,白凢芸,經世館,(四) 02-04 32205,20,0,0,限本班,,Marketing Theory,無,,https://webapss.ncue.edu.tw/Teacher/Reports/OB020.aspx?yms_year=115&yms_sms=1&emp_id=0000981
233,63033,企管行銷碩一,行銷研究,,組必修,,否,3,葉凱莉,經世館,(二) 02-04 32205,20,0,0,可跨班系,,Marketing Research,中文,https://webap0.ncue.edu.tw/DEANV2/UploadDEAN/SUBJECT/1151/63033_1MABA2138930.pdf,https://webapss.ncue.edu.tw/Teacher/Reports/OB020.aspx?yms_year=115&yms_sms=1&emp_id=0000589
234,63032,企管行銷碩一,服務業行銷,,組必修,,是,3,王慕容,經世館,(一) 05-07 32205,20,0,0,限本系,,Service Marketing,英文,https://webap0.ncue.edu.tw/DEANV2/UploadDEAN/SUBJECT/1151/63032_1MABA2004330_EN.pdf,https://webapss.ncue.edu.tw/Teacher/Reports/OB020.aspx?yms_year=115&yms_sms=1&emp_id=0000889
235,63031,企管行銷碩一,廣告管理,,組選修,,否,3,郭昭蘭,經世館,(五) 02-04 32403,20,0,0,限本系,,Management of Advertising,中英,https://webap0.ncue.edu.tw/DEANV2/UploadDEAN/SUBJECT/1151/63031_1MABA2135830.pdf,https://webapss.ncue.edu.tw/Teacher/Reports/OB020.aspx?yms_year=115&yms_sms=1&emp_id=9900778
236,63030,企管碩一,人工智慧於商管領域的應用,,系選修,,否,3,黃憲彰,經世館,(四) 05-07 32404,20,8,8,可跨班系,,Applications of Artificial Intelligence in Business and Management,中文,https://webap0.ncue.edu.tw/DEANV2/UploadDEAN/SUBJECT/1151/63030_1MABA2156130.pdf,https://webapss.ncue.edu.tw/Teacher/Reports/OB020.aspx?yms_year=115&yms_sms=1&emp_id=0000868
237,63029,企管碩一,永續管理專題與在地實踐,,組必修,,否,3,江家瑜,經世館,(四) 02-04 32404,26,0,0,限本系,,Sustainability Management: Topics and Local Practices,無,,https://webapss.ncue.edu.tw/Teacher/Reports/OB020.aspx?yms_year=115&yms_sms=1&emp_id=0001051
238,63028,企管行銷碩一,電子商務,,系選修,,否,3,王信文,經世館,(三) 05-07 32212,20,2,2,限本系,,Electric Commerce,中文,https://webap0.ncue.edu.tw/DEANV2/UploadDEAN/SUBJECT/1151/63028_1MABA2147330.pdf,https://webapss.ncue.edu.tw/Teacher/Reports/OB020.aspx?yms_year=115&yms_sms=1&emp_id=0000764
239,63027,企管行銷碩一,品牌管理策略,,系選修,,否,3,郭子僑,經世館,(三) 05-07 32404,20,10,10,限本系,,Brand Management Strategy,中文,https://webap0.ncue.edu.tw/DEANV2/UploadDEAN/SUBJECT/1151/63027_1MABA2147430.pdf,https://webapss.ncue.edu.tw/Teacher/Reports/OB020.aspx?yms_year=115&yms_sms=1&emp_id=4000091
240,63026,企管行銷碩一,21世紀管理新趨勢,,系必修,,否,1,李建祈郭子僑江家瑜,經世館,(二) 06-07 32405,45,0,0,限本班,,The New Trend of Business Management in the 21st Century,中文,https://webap0.ncue.edu.tw/DEANV2/UploadDEAN/SUBJECT/1151/63026_1MABA2152810.pdf,https://webapss.ncue.edu.tw/Teacher/Reports/OB020.aspx?yms_year=115&yms_sms=1&emp_id=4000089
241,63025,企管碩一,管理決策資訊系統,,組必修,,否,3,王信文,經世館,(二) 02-04 32404,26,0,0,限本班,,Management Decision-Making Information System,中文,https://webap0.ncue.edu.tw/DEANV2/UploadDEAN/SUBJECT/1151/63025_1MABA2007530.pdf,https://webapss.ncue.edu.tw/Teacher/Reports/OB020.aspx?yms_year=115&yms_sms=1&emp_id=0000764
242,63024,企管碩一,研究方法,,組必修,,否,3,李建祈,經世館,(一) 05-07 32404,26,1,1,限本系,,Research Methods,中文,https://webap0.ncue.edu.tw/DEANV2/UploadDEAN/SUBJECT/1151/63024_1MABA2005530.pdf,https://webapss.ncue.edu.tw/Teacher/Reports/OB020.aspx?yms_year=115&yms_sms=1&emp_id=4000089
243,63023,企管碩一,國際企業理論,,組必修,,否,3,黃蘭鍈,經世館,(一) 02-04 32404,26,0,0,限本系,,International Business Theory,英文,https://webap0.ncue.edu.tw/DEANV2/UploadDEAN/SUBJECT/1151/63023_1MABA2013430_EN.pdf,https://webapss.ncue.edu.tw/Teacher/Reports/OB020.aspx?yms_year=115&yms_sms=1&emp_id=0000770
244,63022,企管四,保險學,,系選修,,否,3,陳英芳,教學二館,(五) 05-07 34201,65,56,50,可跨班系,,Principles of Insurance,無,,https://webapss.ncue.edu.tw/Teacher/Reports/OB020.aspx?yms_year=115&yms_sms=1&emp_id=9900371
245,63021,企管三,商用日語(三),,系選修,,否,3,田和亞輝,經世館,(五) 05-07 32405,50,23,23,可跨班系,,Business Japanese III,中英,https://webap0.ncue.edu.tw/DEANV2/UploadDEAN/SUBJECT/1151/63021_1MABA0143230.pdf,https://webapss.ncue.edu.tw/Teacher/Reports/OB020.aspx?yms_year=115&yms_sms=1&emp_id=9900914
246,63020,企管三,勞動法令與企業管理實務,,系選修,,否,3,于雲真林定樺,教學一館,(五) 02-04 33202,50,35,35,可跨班系,,Labor law & business managerial practice,無,,https://webapss.ncue.edu.tw/Teacher/Reports/OB020.aspx?yms_year=115&yms_sms=1&emp_id=9901231
247,63019,企管三,雲端創業與數位行銷個案研討,,系選修,,否,3,郭子僑,經世館,(四) 05-07 32405,50,45,45,可跨班系,,Case Studies in Entrepreneurship and Digital Marketing,中文,https://webap0.ncue.edu.tw/DEANV2/UploadDEAN/SUBJECT/1151/63019_1MABA0148030.pdf,https://webapss.ncue.edu.tw/Teacher/Reports/OB020.aspx?yms_year=115&yms_sms=1&emp_id=4000091
248,63018,企管三,國際貿易,,系必修,,否,3,黃憲彰,經世館,(四) 02-04 32405,50,50,50,限本系,,International Trade,中文,https://webap0.ncue.edu.tw/DEANV2/UploadDEAN/SUBJECT/1151/63018_1MABA0014230.pdf,https://webapss.ncue.edu.tw/Teacher/Reports/OB020.aspx?yms_year=115&yms_sms=1&emp_id=0000868
249,63017,企管三,作業管理,,系必修,,否,3,白凢芸,經世館,(一) 05-07 32405,55,48,48,限本班,,Operations Management,無,,https://webapss.ncue.edu.tw/Teacher/Reports/OB020.aspx?yms_year=115&yms_sms=1&emp_id=0000981
250,63016,企管三,管理資訊系統,,系必修,,否,3,王信文,教學二館,(二) 06-08 34201,55,50,50,限本系,,Management Information System,中文,https://webap0.ncue.edu.tw/DEANV2/UploadDEAN/SUBJECT/1151/63016_1MABA0009430.pdf,https://webapss.ncue.edu.tw/Teacher/Reports/OB020.aspx?yms_year=115&yms_sms=1&emp_id=0000764
251,63015,企管三,人力資源管理,,系必修,,否,3,朱志傑,經世館,(二) 02-04 32405,55,46,46,限本班,,Human Resource Management,中文,https://webap0.ncue.edu.tw/DEANV2/UploadDEAN/SUBJECT/1151/63015_1MABA0016930.pdf,https://webapss.ncue.edu.tw/Teacher/Reports/OB020.aspx?yms_year=115&yms_sms=1&emp_id=0001136
252,63014,企管二,民法概論,,系必修,,否,3,陳忠儀,經世館,(五) 05-07 32403,55,52,52,限本系,,Introduction to Civil Law,無,,https://webapss.ncue.edu.tw/Teacher/Reports/OB020.aspx?yms_year=115&yms_sms=1&emp_id=9901015
253,63013,企管二,商用日語(一),,系選修,,否,3,田和亞輝,經世館,(五) 02-04 32405,50,48,48,可跨班系,,Business Japanese I,中英,https://webap0.ncue.edu.tw/DEANV2/UploadDEAN/SUBJECT/1151/63013_1MABA0143030.pdf,https://webapss.ncue.edu.tw/Teacher/Reports/OB020.aspx?yms_year=115&yms_sms=1&emp_id=9900914
254,63012,企管二,財務概論,,系選修,,否,3,李建祈,經世館,(四) 05-07 32403,55,48,48,限本系,,Introduction to Finance,中文,https://webap0.ncue.edu.tw/DEANV2/UploadDEAN/SUBJECT/1151/63012_1MABA0013530.pdf,https://webapss.ncue.edu.tw/Teacher/Reports/OB020.aspx?yms_year=115&yms_sms=1&emp_id=4000089
255,63011,企管二,管理科學,,系必修,,否,3,吳信宏,經世館,(三) 05-07 32403,55,67,55,限本系,,Management Science,中文,https://webap0.ncue.edu.tw/DEANV2/UploadDEAN/SUBJECT/1151/63011_1MABA0154830.pdf,https://webapss.ncue.edu.tw/Teacher/Reports/OB020.aspx?yms_year=115&yms_sms=1&emp_id=0000807
256,63010,企管二,統計學(一),,系必修,,否,3,郭子僑,經世館,(三) 02-04 32403,55,50,50,限本班,,Statistics I,中文,https://webap0.ncue.edu.tw/DEANV2/UploadDEAN/SUBJECT/1151/63010_1MABA0002230.pdf,https://webapss.ncue.edu.tw/Teacher/Reports/OB020.aspx?yms_year=115&yms_sms=1&emp_id=4000091
257,63009,企管二,行銷管理,,系必修,,否,3,葉凱莉,經世館,(二) 06-08 32403,55,52,52,可跨班系,,Marketing Management,中英,https://webap0.ncue.edu.tw/DEANV2/UploadDEAN/SUBJECT/1151/63009_1MABA0003730.pdf,https://webapss.ncue.edu.tw/Teacher/Reports/OB020.aspx?yms_year=115&yms_sms=1&emp_id=0000589
258,63008,企管二,成本會計,,系必修,,否,3,江家瑜,經世館,(一) 02-04 32403,55,57,55,限本系,,Cost Accounting,無,,https://webapss.ncue.edu.tw/Teacher/Reports/OB020.aspx?yms_year=115&yms_sms=1&emp_id=0001051
259,63007,企管一,微積分,,系必修,,否,3,李建祈,教學一館,(五) 05-07 33202,55,0,0,限本班,,Calculus,中文,https://webap0.ncue.edu.tw/DEANV2/UploadDEAN/SUBJECT/1151/63007_1MABA0154630.pdf,https://webapss.ncue.edu.tw/Teacher/Reports/OB020.aspx?yms_year=115&yms_sms=1&emp_id=4000089
260,63006,企管一,會計學實習(一),,系必修,,否,0,湯玉珍,教學一館,(四) 06-07 33202,55,0,0,限本班,,Accounting Practice I,中文,https://webap0.ncue.edu.tw/DEANV2/UploadDEAN/SUBJECT/1151/63006_1MABA0010200.pdf,https://webapss.ncue.edu.tw/Teacher/Reports/OB020.aspx?yms_year=115&yms_sms=1&emp_id=0000848
261,63005,企管一,商業簡報技巧,,系選修,,是,3,王慕容,教學一館,(三) 05-07 33202,50,1,1,限本系,,Presentation Skill,英文,https://webap0.ncue.edu.tw/DEANV2/UploadDEAN/SUBJECT/1151/63005_1MABA0011530_EN.pdf,https://webapss.ncue.edu.tw/Teacher/Reports/OB020.aspx?yms_year=115&yms_sms=1&emp_id=0000889
262,63004,企管一,企業概論,,系必修,,否,3,張世其黃蘭鍈,教學一館,(三) 02-04 33202,55,0,0,限本班,,Introduction to Business,中文,https://webap0.ncue.edu.tw/DEANV2/UploadDEAN/SUBJECT/1151/63004_1MABA0010630.pdf,https://webapss.ncue.edu.tw/Teacher/Reports/OB020.aspx?yms_year=115&yms_sms=1&emp_id=0000813
263,63003,企管一,經濟學(一),,系必修,,否,3,黃蘭鍈,經世館,(二) 06-08 32211,55,0,0,限本班,,Economics I,英文,https://webap0.ncue.edu.tw/DEANV2/UploadDEAN/SUBJECT/1151/63003_1MABA0011930_EN.pdf,https://webapss.ncue.edu.tw/Teacher/Reports/OB020.aspx?yms_year=115&yms_sms=1&emp_id=0000770
264,63002,企管一,會計學(一),,系必修,,否,3,湯玉珍,教學一館,(一) 05-07 33202,55,0,0,限本班,,Accounting I,中文,https://webap0.ncue.edu.tw/DEANV2/UploadDEAN/SUBJECT/1151/63002_1MABA0012130.pdf,https://webapss.ncue.edu.tw/Teacher/Reports/OB020.aspx?yms_year=115&yms_sms=1&emp_id=0000848
265,63001,企管一,人工智慧及其應用,,校必(通識),,否,2,黃憲彰,力行館,(四) 08-09 力行館31102,50,0,0,限本班,大二~大四生如要修習，以線上加簽方式,Artificial Intelligence and Its Application,中文,https://webap0.ncue.edu.tw/DEANV2/UploadDEAN/SUBJECT/1151/63001_0CCGE0181420.pdf,https://webapss.ncue.edu.tw/Teacher/Reports/OB020.aspx?yms_year=115&yms_sms=1&emp_id=0000868
266,62081,企高夜碩一A,高階經營決策研討,,系選修,,否,3,黃木榮鄭國枝,經世館,(一) 10-12 32105-二館,30,0,28,限本系,,Seminar on Advanced Business Decision,中文,https://webap0.ncue.edu.tw/DEANV2/UploadDEAN/SUBJECT/1151/62081_1MAACE150030.pdf,https://webapss.ncue.edu.tw/Teacher/Reports/OB020.aspx?yms_year=115&yms_sms=1&emp_id=9901203
267,62080,會二乙,商事法,,系必修,,否,3,施清火,經世館,(一) 05-07 32105-二館,50,34,34,限本班,,Business Law,無,,https://webapss.ncue.edu.tw/Teacher/Reports/OB020.aspx?yms_year=115&yms_sms=1&emp_id=9901227
268,62079,會碩二乙,論文指導(一),,系必修,,否,3,,,,30,17,17,限本班,,Thesis Advice,無,,
269,62078,會碩二乙,論文,,系必修,,否,0,,,,30,18,17,限本班,,Research Thesis,無,,
270,62077,會碩二甲,論文指導(一),,系必修,,否,3,,,,30,17,17,限本班,,Thesis Advice,無,,
271,62076,會碩二甲,論文,,系必修,,否,0,,,,30,17,17,限本班,,Research Thesis,無,,
272,62075,會碩一甲,會計研究方法,,系必修,,否,3,林玉君,經世館,(五) 05-07 32603,30,0,0,限本班,,Research Methodology in Accounting Study,英文,https://webap0.ncue.edu.tw/DEANV2/UploadDEAN/SUBJECT/1151/62075_1MAAC2007630_EN.pdf,https://webapss.ncue.edu.tw/Teacher/Reports/OB020.aspx?yms_year=115&yms_sms=1&emp_id=0001125
273,62074,會三乙,稅務法規,,系必修,,否,3,沈萬發,經世館,(五) 02-04 32603,50,42,42,限本班,,TAX Laws,無,,https://webapss.ncue.edu.tw/Teacher/Reports/OB020.aspx?yms_year=115&yms_sms=1&emp_id=9900976
274,62073,會三甲,會計與審計專題,,系選修,,否,3,陳明宏,經世館,(五) 02-04 32309教室,50,24,24,限本系,,Seminar on Accounting and Auditing Issues,無,,https://webapss.ncue.edu.tw/Teacher/Reports/OB020.aspx?yms_year=115&yms_sms=1&emp_id=9901214
275,62072,會二乙,管理會計學(一),,系必修,,否,3,陳皆碩,經世館,(五) 05-07 32312-二館,50,36,36,限本班,,Managerial Accounting I,中文,https://webap0.ncue.edu.tw/DEANV2/UploadDEAN/SUBJECT/1151/62072_1MAAC0127930.pdf,https://webapss.ncue.edu.tw/Teacher/Reports/OB020.aspx?yms_year=115&yms_sms=1&emp_id=0000978
276,62071,會二甲,管理會計學(一),,系必修,,否,3,陳皆碩,經世館,(五) 02-04 32312-二館,50,37,37,限本班,,Managerial Accounting I,中文,https://webap0.ncue.edu.tw/DEANV2/UploadDEAN/SUBJECT/1151/62071_1MAAC0127930.pdf,https://webapss.ncue.edu.tw/Teacher/Reports/OB020.aspx?yms_year=115&yms_sms=1&emp_id=0000978
277,62070,會一乙,經濟學(一),,系必修,,是,3,薛明賢,經世館,(五) 05-07 32105-二館,50,1,1,可跨班系,,Economics I,英文,https://webap0.ncue.edu.tw/DEANV2/UploadDEAN/SUBJECT/1151/62070_1MAAC0025730_EN.pdf,https://webapss.ncue.edu.tw/Teacher/Reports/OB020.aspx?yms_year=115&yms_sms=1&emp_id=0001052
278,62069,會一甲,經濟學(一),,系必修,,是,3,薛明賢,經世館,(五) 02-04 32105-二館,50,1,1,可跨班系,,Economics I,英文,https://webap0.ncue.edu.tw/DEANV2/UploadDEAN/SUBJECT/1151/62069_1MAAC0025730_EN.pdf,https://webapss.ncue.edu.tw/Teacher/Reports/OB020.aspx?yms_year=115&yms_sms=1&emp_id=0001052
279,62068,會碩一甲,管理會計理論與實務,,系必修,,否,3,鄭國枝,經世館,(四) 05-07 32309教室,30,0,0,限本班,,Managerial Accounting Theory and Practice,無,,https://webapss.ncue.edu.tw/Teacher/Reports/OB020.aspx?yms_year=115&yms_sms=1&emp_id=0000971
280,62067,會碩一甲,財務個案研究,,系選修,,是,3,薛明賢,經世館,(四) 02-04 32312-二館,30,3,3,可跨班系,,Case Study in Finance,英文,https://webap0.ncue.edu.tw/DEANV2/UploadDEAN/SUBJECT/1151/62067_1MAAC2147930_EN.pdf,https://webapss.ncue.edu.tw/Teacher/Reports/OB020.aspx?yms_year=115&yms_sms=1&emp_id=0001052
281,62066,會四甲,高級會計學實習(一),,系必修,,否,0,彭智偉,經世館,(四) 08-09 32312-二館,50,33,33,限本班,,Advanced Accounting Practice I,中文,https://webap0.ncue.edu.tw/DEANV2/UploadDEAN/SUBJECT/1151/62066_1MAAC0009500.pdf,https://webapss.ncue.edu.tw/Teacher/Reports/OB020.aspx?yms_year=115&yms_sms=1&emp_id=0001039
282,62065,會四乙,高級會計學(一),,系必修,,否,3,彭智偉,經世館,(四) 05-07 32312-二館,50,35,35,限本班,,Advanced Accounting I,中文,https://webap0.ncue.edu.tw/DEANV2/UploadDEAN/SUBJECT/1151/62065_1MAAC0027430.pdf,https://webapss.ncue.edu.tw/Teacher/Reports/OB020.aspx?yms_year=115&yms_sms=1&emp_id=0001039
283,62064,會三乙,國際財務報導準則,,系選修,,否,3,林玉君,經世館,(四) 05-07 32603,50,36,36,限本班,,International Financial Reporting Standards,中文,https://webap0.ncue.edu.tw/DEANV2/UploadDEAN/SUBJECT/1151/62064_1MAAC0140530.pdf,https://webapss.ncue.edu.tw/Teacher/Reports/OB020.aspx?yms_year=115&yms_sms=1&emp_id=0001125
284,62063,會三乙,企業資源規劃,,系必修,,否,3,林宜君,經世館,(四) 02-04 32105-二館,50,42,42,限本班,,Enterprise Resource Planning,無,,https://webapss.ncue.edu.tw/Teacher/Reports/OB020.aspx?yms_year=115&yms_sms=1&emp_id=0001149
285,62062,會三甲,稅務法規,,系必修,,否,3,李麗琴,教學一館,(四) 06-08 33102,50,26,26,限本班,,TAX Laws,中文,https://webap0.ncue.edu.tw/DEANV2/UploadDEAN/SUBJECT/1151/62062_1MAAC0140230.pdf,https://webapss.ncue.edu.tw/Teacher/Reports/OB020.aspx?yms_year=115&yms_sms=1&emp_id=9900639
286,62061,會三甲,國際財務報導準則,,系選修,,否,3,林玉君,經世館,(四) 02-04 32603,50,33,33,限本班,,International Financial Reporting Standards,中文,https://webap0.ncue.edu.tw/DEANV2/UploadDEAN/SUBJECT/1151/62061_1MAAC0140530.pdf,https://webapss.ncue.edu.tw/Teacher/Reports/OB020.aspx?yms_year=115&yms_sms=1&emp_id=0001125
287,62060,會二乙,中級會計學實習(一),,系必修,,否,0,陳瑞斌,經世館,(四) 08-09 32603,50,36,36,限本班,,Intermediate Accounting Practice I,中文,https://webap0.ncue.edu.tw/DEANV2/UploadDEAN/SUBJECT/1151/62060_1MAAC0011000.pdf,https://webapss.ncue.edu.tw/Teacher/Reports/OB020.aspx?yms_year=115&yms_sms=1&emp_id=0000904
288,62059,會二甲,中級會計學實習(一),,系必修,,否,0,林美鳳,教學一館,(四) 08-09 33403,50,37,37,限本班,,Intermediate Accounting Practice I,中文,https://webap0.ncue.edu.tw/DEANV2/UploadDEAN/SUBJECT/1151/62059_1MAAC0011000.pdf,https://webapss.ncue.edu.tw/Teacher/Reports/OB020.aspx?yms_year=115&yms_sms=1&emp_id=0000987
289,62058,會一甲,管理學,,系必修,,是,3,林宜君,經世館,(四) 05-07 32105-二館,50,0,0,限本班,,Introduction of Management,無,,https://webapss.ncue.edu.tw/Teacher/Reports/OB020.aspx?yms_year=115&yms_sms=1&emp_id=0001149
290,62057,會一甲,會計學實習(一),,系必修,,否,0,方俊儒,經世館,(四) 08-09 32105-二館,50,0,0,限本班,,Accounting Practice I,無,,https://webapss.ncue.edu.tw/Teacher/Reports/OB020.aspx?yms_year=115&yms_sms=1&emp_id=0000954
291,62056,會一乙,商用數學,,系必修,,是,3,李桓伊,教學一館,(四) 05-07 33403,50,0,0,限本班,,Business Mathematics,英文,https://webap0.ncue.edu.tw/DEANV2/UploadDEAN/SUBJECT/1151/62056_1MAAC0146030_EN.pdf,https://webapss.ncue.edu.tw/Teacher/Reports/OB020.aspx?yms_year=115&yms_sms=1&emp_id=0001146
292,62055,會碩一甲,財務會計理論與實務,,系必修,,否,3,彭智偉,經世館,(三) 02-04 32309教室,30,0,0,限本班,,Financial Accounting Theory and Practice,中文,https://webap0.ncue.edu.tw/DEANV2/UploadDEAN/SUBJECT/1151/62055_1MAAC2008930.pdf,https://webapss.ncue.edu.tw/Teacher/Reports/OB020.aspx?yms_year=115&yms_sms=1&emp_id=0001039
293,62054,會碩二乙,專題研討(三),,系必修,,否,1,鄭國枝張錫惠,經世館,(三) 08 32603,30,17,17,限本班,,Seminar on Research Topics III,無,,https://webapss.ncue.edu.tw/Teacher/Reports/OB020.aspx?yms_year=115&yms_sms=1&emp_id=0000971
294,62053,會碩二甲,專題研討(三),,系必修,,否,1,鄭國枝張錫惠,經世館,(三) 07 32603,30,14,14,限本班,,Seminar on Research Topics III,無,,https://webapss.ncue.edu.tw/Teacher/Reports/OB020.aspx?yms_year=115&yms_sms=1&emp_id=0000971
295,62052,會碩一乙,專題研討(一),,系必修,,否,1,鄭國枝張錫惠,經世館,(三) 06 32603,30,0,0,限本班,,Seminar on Research Topics I,無,,https://webapss.ncue.edu.tw/Teacher/Reports/OB020.aspx?yms_year=115&yms_sms=1&emp_id=0000971
296,62051,會碩一甲,專題研討(一),,系必修,,否,1,鄭國枝張錫惠,經世館,(三) 05 32603,30,0,0,限本班,,Seminar on Research Topics I,無,,https://webapss.ncue.edu.tw/Teacher/Reports/OB020.aspx?yms_year=115&yms_sms=1&emp_id=0000971
297,62050,會碩一乙,審計理論與實務,,系必修,,否,3,方俊儒,經世館,(三) 02-04 32309-1,30,0,0,限本班,,Advanced  Auditing  Theory  and Practice,無,,https://webapss.ncue.edu.tw/Teacher/Reports/OB020.aspx?yms_year=115&yms_sms=1&emp_id=0000954
298,62049,會三乙,企業經營與公司治理,,系選修,,否,3,李桓伊周建宏,經世館,(三) 05-07 32713,50,39,39,限本班,,Business Management and Corporate Governance,中文,https://webap0.ncue.edu.tw/DEANV2/UploadDEAN/SUBJECT/1151/62049_1MAAC0146330.pdf,https://webapss.ncue.edu.tw/Teacher/Reports/OB020.aspx?yms_year=115&yms_sms=1&emp_id=0001146
299,62048,會三乙,審計學(一),,系必修,,否,3,張文瀞,經世館,(三) 02-04 32603,50,42,42,限本班,,Auditing I,英文,https://webap0.ncue.edu.tw/DEANV2/UploadDEAN/SUBJECT/1151/62048_1MAAC0021030_EN.pdf,https://webapss.ncue.edu.tw/Teacher/Reports/OB020.aspx?yms_year=115&yms_sms=1&emp_id=0000691
300,62047,會三甲,企業經營與公司治理,,系選修,,否,3,林宜君柯志賢,經世館,(三) 05-07 32712,50,31,31,限本班,,Business Management and Corporate Governance,無,,https://webapss.ncue.edu.tw/Teacher/Reports/OB020.aspx?yms_year=115&yms_sms=1&emp_id=0001149
301,62046,會三甲,企業資源規劃,,系必修,,否,3,林宜君,教學一館,(三) 02-04 33102,50,38,38,限本班,,Enterprise Resource Planning,無,,https://webapss.ncue.edu.tw/Teacher/Reports/OB020.aspx?yms_year=115&yms_sms=1&emp_id=0001149
302,62045,會二乙,統計學(一),,系必修,,否,3,邱垂昌,經世館,(三) 02-04 32105-二館,50,38,38,可跨班系,,Statistics I,中文,https://webap0.ncue.edu.tw/DEANV2/UploadDEAN/SUBJECT/1151/62045_1MAAC0015830.pdf,https://webapss.ncue.edu.tw/Teacher/Reports/OB020.aspx?yms_year=115&yms_sms=1&emp_id=0000724
303,62044,會二甲,統計學(一),,系必修,,否,3,邱垂昌,經世館,(三) 06-08 32312-二館,50,44,44,可跨班系,,Statistics I,中文,https://webap0.ncue.edu.tw/DEANV2/UploadDEAN/SUBJECT/1151/62044_1MAAC0015830.pdf,https://webapss.ncue.edu.tw/Teacher/Reports/OB020.aspx?yms_year=115&yms_sms=1&emp_id=0000724
304,62043,會二甲,中級會計專題(一),,系選修,,否,2,林美鳳,經世館,(三) 03-04 32312-二館,50,36,36,限本班,,Seminar on Intermediate Accounting I,中文,https://webap0.ncue.edu.tw/DEANV2/UploadDEAN/SUBJECT/1151/62043_1MAAC0139920.pdf,https://webapss.ncue.edu.tw/Teacher/Reports/OB020.aspx?yms_year=115&yms_sms=1&emp_id=0000987
305,62042,會一乙,會計學實習(一),,系必修,,否,0,方俊儒,教學一館,(三) 08-09 33102,50,0,0,限本班,,Accounting Practice I,無,,https://webapss.ncue.edu.tw/Teacher/Reports/OB020.aspx?yms_year=115&yms_sms=1&emp_id=0000954
306,62041,會碩一乙,計量經濟學研討,,系選修,,否,3,邱垂昌,經世館,(二) 05-07 32309-1,30,3,3,可跨班系,,Seminar on Econometrics,中文,https://webap0.ncue.edu.tw/DEANV2/UploadDEAN/SUBJECT/1151/62041_1MAAC2021730.pdf,https://webapss.ncue.edu.tw/Teacher/Reports/OB020.aspx?yms_year=115&yms_sms=1&emp_id=0000724
307,62040,會碩一乙,財務會計理論與實務,,系必修,,否,3,林美鳳,經世館,(二) 02-04 32309教室,30,0,0,限本班,,Financial Accounting Theory and Practice,中文,https://webap0.ncue.edu.tw/DEANV2/UploadDEAN/SUBJECT/1151/62040_1MAAC2008930.pdf,https://webapss.ncue.edu.tw/Teacher/Reports/OB020.aspx?yms_year=115&yms_sms=1&emp_id=0000987
308,62039,會四乙,高級會計學實習(一),,系必修,,否,0,彭智偉,經世館,(二) 08-09 32312-二館,50,35,35,限本班,,Advanced Accounting Practice I,中文,https://webap0.ncue.edu.tw/DEANV2/UploadDEAN/SUBJECT/1151/62039_1MAAC0009500.pdf,https://webapss.ncue.edu.tw/Teacher/Reports/OB020.aspx?yms_year=115&yms_sms=1&emp_id=0001039
309,62038,會四甲,高級會計學(一),,系必修,,否,3,彭智偉,經世館,(二) 05-07 32312-二館,50,33,33,限本班,,Advanced Accounting I,中文,https://webap0.ncue.edu.tw/DEANV2/UploadDEAN/SUBJECT/1151/62038_1MAAC0027430.pdf,https://webapss.ncue.edu.tw/Teacher/Reports/OB020.aspx?yms_year=115&yms_sms=1&emp_id=0001039
310,62037,會四乙,會計資訊系統,,系必修,,否,3,陳雅玲,經世館,(二) 05-07 32105-二館,50,33,33,限本班,,Accounting Information System,中文,https://webap0.ncue.edu.tw/DEANV2/UploadDEAN/SUBJECT/1151/62037_1MAAC0026530.pdf,https://webapss.ncue.edu.tw/Teacher/Reports/OB020.aspx?yms_year=115&yms_sms=1&emp_id=0000983
311,62036,會四甲,會計資訊系統,,系必修,,否,3,陳雅玲,經世館,(二) 02-04 32309-1,50,32,32,限本班,,Accounting Information System,中文,https://webap0.ncue.edu.tw/DEANV2/UploadDEAN/SUBJECT/1151/62036_1MAAC0026530.pdf,https://webapss.ncue.edu.tw/Teacher/Reports/OB020.aspx?yms_year=115&yms_sms=1&emp_id=0000983
312,62035,會三乙,財務報表分析,,系選修,,否,3,邱垂昌,教學一館,(二) 02-04 33403,50,41,41,可跨班系,,Financial Statement Analysis,中文,https://webap0.ncue.edu.tw/DEANV2/UploadDEAN/SUBJECT/1151/62035_1MAAC0005930.pdf,https://webapss.ncue.edu.tw/Teacher/Reports/OB020.aspx?yms_year=115&yms_sms=1&emp_id=0000724
313,62034,會三甲,審計學(一),,系必修,,否,3,張文瀞,經世館,(二) 02-04 32603,50,38,38,限本班,,Auditing I,英文,https://webap0.ncue.edu.tw/DEANV2/UploadDEAN/SUBJECT/1151/62034_1MAAC0021030_EN.pdf,https://webapss.ncue.edu.tw/Teacher/Reports/OB020.aspx?yms_year=115&yms_sms=1&emp_id=0000691
314,62033,會二乙,基礎日文,,系選修,,否,3,林正成,經世館,(二) 05-07 32309教室,50,30,30,限本系,,Elementary Japanese,無,,https://webapss.ncue.edu.tw/Teacher/Reports/OB020.aspx?yms_year=115&yms_sms=1&emp_id=9901228
315,62032,會二乙,中級會計專題(一),,系選修,,否,2,陳瑞斌,經世館,(二) 03-04 32105-二館,50,32,32,限本班,,Seminar on Intermediate Accounting I,中文,https://webap0.ncue.edu.tw/DEANV2/UploadDEAN/SUBJECT/1151/62032_1MAAC0139920.pdf,https://webapss.ncue.edu.tw/Teacher/Reports/OB020.aspx?yms_year=115&yms_sms=1&emp_id=0000904
316,62031,會二甲,管理會計學實習(一),,系必修,,否,0,陳皆碩,教學一館,(二) 08-09 33102,50,37,37,限本班,,Managerial Accounting Practice I,中文,https://webap0.ncue.edu.tw/DEANV2/UploadDEAN/SUBJECT/1151/62031_1MAAC0010800.pdf,https://webapss.ncue.edu.tw/Teacher/Reports/OB020.aspx?yms_year=115&yms_sms=1&emp_id=0000978
317,62030,會二甲,商事法,,系必修,,否,3,廖緯民,教學一館,(二) 05-07 33102,50,37,37,限本班,,Business Law,無,,https://webapss.ncue.edu.tw/Teacher/Reports/OB020.aspx?yms_year=115&yms_sms=1&emp_id=9900573
318,62029,會二甲,財務管理,,系必修,,是,3,湯玉珍,教學一館,(二) 02-04 33102,50,37,37,限本班,,Financial Management,英文,https://webap0.ncue.edu.tw/DEANV2/UploadDEAN/SUBJECT/1151/62029_1MAAC0023130_EN.pdf,https://webapss.ncue.edu.tw/Teacher/Reports/OB020.aspx?yms_year=115&yms_sms=1&emp_id=0000848
319,62028,會一甲,會計學(一),,系必修,,否,3,方俊儒,經世館,(二) 02-04 32312-二館,50,0,0,限本班,,Accounting I,無,,https://webapss.ncue.edu.tw/Teacher/Reports/OB020.aspx?yms_year=115&yms_sms=1&emp_id=0000954
320,62027,會碩二乙,會計資訊分析,,系選修,,否,3,陳瑞斌,教學大樓,(一) 05-07 T305,30,1,1,限本系,,Studies on Accounting Information Analysis,中文,https://webap0.ncue.edu.tw/DEANV2/UploadDEAN/SUBJECT/1151/62027_1MAAC2007130.pdf,https://webapss.ncue.edu.tw/Teacher/Reports/OB020.aspx?yms_year=115&yms_sms=1&emp_id=0000904
321,62026,會碩二甲,電子商務研討,,系選修,,否,3,陳雅玲,經世館,(一) 05-07 32309教室,30,23,23,限本系,,Seminar on Electronic Commerce,中文,https://webap0.ncue.edu.tw/DEANV2/UploadDEAN/SUBJECT/1151/62026_1MAAC2135930.pdf,https://webapss.ncue.edu.tw/Teacher/Reports/OB020.aspx?yms_year=115&yms_sms=1&emp_id=0000983
322,62025,會碩一甲,Python與大數據分析,,系選修,,否,3,黃木榮,經世館,(一) 05-07 32312-二館,30,6,6,限本系,,Python and big data analytics,中文,https://webap0.ncue.edu.tw/DEANV2/UploadDEAN/SUBJECT/1151/62025_1MAAC2159230.pdf,https://webapss.ncue.edu.tw/Teacher/Reports/OB020.aspx?yms_year=115&yms_sms=1&emp_id=9901203
323,62024,會碩一乙,租稅法規研討,,系選修,,否,3,李桓伊,經世館,(一) 02-04 32309-1,30,16,16,限本系,,Seminar  on  Tax Regulations,中文,https://webap0.ncue.edu.tw/DEANV2/UploadDEAN/SUBJECT/1151/62024_1MAAC2141430.pdf,https://webapss.ncue.edu.tw/Teacher/Reports/OB020.aspx?yms_year=115&yms_sms=1&emp_id=0001146
324,62023,會三乙,稅務會計,,系選修,,否,3,李桓伊,教學一館,(一) 05-07 33102,50,40,40,可跨班系,,Taxation Accounting,中文,https://webap0.ncue.edu.tw/DEANV2/UploadDEAN/SUBJECT/1151/62023_1MAAC0026130.pdf,https://webapss.ncue.edu.tw/Teacher/Reports/OB020.aspx?yms_year=115&yms_sms=1&emp_id=0001146
325,62022,會三甲,證券交易法,,系選修,,否,3,楊東錦,經世館,(一) 05-07 32309-1,50,39,39,限本系,,Securities and Exchange Law,無,,https://webapss.ncue.edu.tw/Teacher/Reports/OB020.aspx?yms_year=115&yms_sms=1&emp_id=9901081
326,62021,會三甲,財政學,,系選修,,否,3,張嘉仁,教學一館,(一) 02-04 33102,50,58,50,限本系,,Public Finance,中文,https://webap0.ncue.edu.tw/DEANV2/UploadDEAN/SUBJECT/1151/62021_1MAAC0021630.pdf,https://webapss.ncue.edu.tw/Teacher/Reports/OB020.aspx?yms_year=115&yms_sms=1&emp_id=0001067
327,62020,會三乙,審計學實習(一),,系必修,,否,0,張文瀞,經世館,(一) 09 32105-二館 (三) 01 32603,50,42,42,限本班,,Auditing Practice I,英文,https://webap0.ncue.edu.tw/DEANV2/UploadDEAN/SUBJECT/1151/62020_1MAAC0010000_EN.pdf,https://webapss.ncue.edu.tw/Teacher/Reports/OB020.aspx?yms_year=115&yms_sms=1&emp_id=0000691
328,62019,會三甲,審計學實習(一),,系必修,,否,0,張文瀞,經世館,(一) 08 33102 (二) 01 32603,50,38,38,限本班,,Auditing Practice I,英文,https://webap0.ncue.edu.tw/DEANV2/UploadDEAN/SUBJECT/1151/62019_1MAAC0010000_EN.pdf,https://webapss.ncue.edu.tw/Teacher/Reports/OB020.aspx?yms_year=115&yms_sms=1&emp_id=0000691
329,62019,會三甲,審計學實習(一),,系必修,,否,0,張文瀞,教學一館,(一) 08 33102 (二) 01 32603,50,38,38,限本班,,Auditing Practice I,英文,https://webap0.ncue.edu.tw/DEANV2/UploadDEAN/SUBJECT/1151/62019_1MAAC0010000_EN.pdf,https://webapss.ncue.edu.tw/Teacher/Reports/OB020.aspx?yms_year=115&yms_sms=1&emp_id=0000691
330,62017,會二乙,中級會計學(一),,系必修,,否,4,陳瑞斌,經世館,(一) 02-04 32105-二館 (二) 02 32105-二館,50,36,36,限本班,,Intermediate Accounting I,中文,https://webap0.ncue.edu.tw/DEANV2/UploadDEAN/SUBJECT/1151/62017_1MAAC0005240.pdf,https://webapss.ncue.edu.tw/Teacher/Reports/OB020.aspx?yms_year=115&yms_sms=1&emp_id=0000904
331,62016,會二乙,管理會計學實習(一),,系必修,,否,0,陳皆碩,經世館,(一) 08-09 32603,50,36,36,限本班,,Managerial Accounting Practice I,中文,https://webap0.ncue.edu.tw/DEANV2/UploadDEAN/SUBJECT/1151/62016_1MAAC0010800.pdf,https://webapss.ncue.edu.tw/Teacher/Reports/OB020.aspx?yms_year=115&yms_sms=1&emp_id=0000978
332,62015,會二甲,管理心理學,,系選修,,否,3,林蘭惠,經世館,(一) 05-07 32603,50,34,34,限本系,,Management Psychology,無,,https://webapss.ncue.edu.tw/Teacher/Reports/OB020.aspx?yms_year=115&yms_sms=1&emp_id=9901056
333,62014,會二甲,中級會計學(一),,系必修,,否,4,林美鳳,經世館,(一) 02-04 32312-二館 (三) 02 32312-二館,50,37,37,限本班,,Intermediate Accounting I,中文,https://webap0.ncue.edu.tw/DEANV2/UploadDEAN/SUBJECT/1151/62014_1MAAC0005240.pdf,https://webapss.ncue.edu.tw/Teacher/Reports/OB020.aspx?yms_year=115&yms_sms=1&emp_id=0000987
334,62013,會一乙,會計學(一),,系必修,,否,3,方俊儒,經世館,(一) 02-04 32603,50,0,0,限本班,,Accounting I,無,,https://webapss.ncue.edu.tw/Teacher/Reports/OB020.aspx?yms_year=115&yms_sms=1&emp_id=0000954
335,62012,企高夜碩三A,論文指導,,系必修,,否,4,論文,,,30,0,0,限本班,,Thesis Advice,中文,https://webap0.ncue.edu.tw/DEANV2/UploadDEAN/SUBJECT/1151/62012_1MAACE147840.pdf,
336,62011,企高夜碩二A,論文,,系必修,,否,0,論文,,,60,0,16,限本系,,Research Thesis,中文,https://webap0.ncue.edu.tw/DEANV2/UploadDEAN/SUBJECT/1151/62011_1MAACE024900.pdf,
337,62010,企高夜碩一B,企業經營管理理論與實務研討,,系必修,,否,3,陳皆碩彭智偉,經世館,(三) 10-12 32105-二館,30,0,23,限本班,,Seminar on Business Management Theory and Practice,中文,https://webap0.ncue.edu.tw/DEANV2/UploadDEAN/SUBJECT/1151/62010_1MAACE144830.pdf,https://webapss.ncue.edu.tw/Teacher/Reports/OB020.aspx?yms_year=115&yms_sms=1&emp_id=0000978
338,62009,企高夜碩一A,國際證券市場運作與規範研討,,系選修,,否,3,陳皆碩楊昌田,經世館,(六) 05-07 32603,30,0,11,限本系,,Seminar on International Securities Market Operations and Regulations,中文,https://webap0.ncue.edu.tw/DEANV2/UploadDEAN/SUBJECT/1151/62009_1MAACE155230.pdf,https://webapss.ncue.edu.tw/Teacher/Reports/OB020.aspx?yms_year=115&yms_sms=1&emp_id=0000978
339,62008,企高夜碩一A,全球經貿與企業運籌研討,,系選修,,否,3,鄭國枝薛明賢,經世館,(六) 02-04 32603,30,0,4,限本系,含國外移地教學,Seminar on Global Economy and Enterprise Logistics,中文,https://webap0.ncue.edu.tw/DEANV2/UploadDEAN/SUBJECT/1151/62008_1MAACE149030.pdf,https://webapss.ncue.edu.tw/Teacher/Reports/OB020.aspx?yms_year=115&yms_sms=1&emp_id=0000971
340,62007,企高夜碩一A,管理經濟學研討,,系選修,,否,3,薛明賢,經世館,(五) 10-12 32105-二館,30,0,30,限本系,,Seminar on Managerial Economics,中文,https://webap0.ncue.edu.tw/DEANV2/UploadDEAN/SUBJECT/1151/62007_1MAACE144030.pdf,https://webapss.ncue.edu.tw/Teacher/Reports/OB020.aspx?yms_year=115&yms_sms=1&emp_id=0001052
341,62006,企高夜碩一A,企業經營管理理論與實務研討,,系必修,,否,3,彭智偉陳皆碩,經世館,(三) 10-12 32312-二館,30,0,20,限本班,,Seminar on Business Management Theory and Practice,中文,https://webap0.ncue.edu.tw/DEANV2/UploadDEAN/SUBJECT/1151/62006_1MAACE144830.pdf,https://webapss.ncue.edu.tw/Teacher/Reports/OB020.aspx?yms_year=115&yms_sms=1&emp_id=0001039
342,62005,企高夜碩一A,財務管理研討,,系選修,,否,3,吳明政,經世館,(二) 10-12 32105-二館,30,0,30,限本系,,Seminar on Financial Management,中文,https://webap0.ncue.edu.tw/DEANV2/UploadDEAN/SUBJECT/1151/62005_1MAACE144130.pdf,https://webapss.ncue.edu.tw/Teacher/Reports/OB020.aspx?yms_year=115&yms_sms=1&emp_id=0000789
343,62004,企高夜碩一A,企業診斷與價值評估研討,,系選修,,否,3,邱垂昌,經世館,(二) 10-12 32603,30,0,27,限本系,,Seminar on Enterprise Diagnosis and Value Assessment,中文,https://webap0.ncue.edu.tw/DEANV2/UploadDEAN/SUBJECT/1151/62004_1MAACE149830.pdf,https://webapss.ncue.edu.tw/Teacher/Reports/OB020.aspx?yms_year=115&yms_sms=1&emp_id=0000724
344,62003,企高夜碩一A,數位轉型下的領導力與組織變革,,系選修,,否,3,湯玉珍,經世館,(一) 10-12 32603,30,0,9,限本系,,Leadership and Organizational Transformation in the Digital Era,中文,https://webap0.ncue.edu.tw/DEANV2/UploadDEAN/SUBJECT/1151/62003_1MAACE160530.pdf,https://webapss.ncue.edu.tw/Teacher/Reports/OB020.aspx?yms_year=115&yms_sms=1&emp_id=0000848
345,62002,會一乙,人工智慧及其應用,,校必(通識),,否,2,林宜君,力行館,(一) 08-09 力行館31102,50,0,0,限本班,大二~大四生如要修習，以線上加簽方式,Artificial Intelligence and Its Application,無,,https://webapss.ncue.edu.tw/Teacher/Reports/OB020.aspx?yms_year=115&yms_sms=1&emp_id=0001149
346,62001,會一甲,人工智慧及其應用,,校必(通識),,否,2,薛明賢,力行館,(二) 07-08 力行館31102,50,0,0,限本班,大二~大四生如要修習，以線上加簽方式,Artificial Intelligence and Its Application,中文,https://webap0.ncue.edu.tw/DEANV2/UploadDEAN/SUBJECT/1151/62001_0CCGE0181420.pdf,https://webapss.ncue.edu.tw/Teacher/Reports/OB020.aspx?yms_year=115&yms_sms=1&emp_id=0001052
347,61048,資管二,設計傳達與實務,,組選修,,否,3,,經世館,(一) 05-07 32507,50,11,11,限本班,115-1新聘兼任教師,Design Communication and Practice,無,,
348,61047,創新與管理夜碩二,論文,,系必修,,否,0,論文,,,30,0,17,限本系,,Thesis,中文,https://webap0.ncue.edu.tw/DEANV2/UploadDEAN/SUBJECT/1151/61047_1MAIME002200.pdf,
349,61046,資管一,資訊視覺化設計,,組選修,,否,3,陳泓堉,經世館,(一) 05-07 經世館32101,50,0,0,限本班,,Information Graphics Design,中文,https://webap0.ncue.edu.tw/DEANV2/UploadDEAN/SUBJECT/1151/61046_1MAIM0160130.pdf,https://webapss.ncue.edu.tw/Teacher/Reports/OB020.aspx?yms_year=115&yms_sms=1&emp_id=9901323
350,61045,資管碩二,論文指導(一),,系必修,,否,3,論文,,,20,23,20,限本班,,Thesis Supervision I,無,,
351,61044,資管數科碩二,論文指導(一),,系必修,,否,3,論文,,,20,7,7,限本班,,Thesis Supervision I,無,,
352,61043,資管數科碩二,論文,,系必修,,否,0,論文,,,20,2,2,限本班,僅供本學期要畢業的學生選修,Thesis,無,,
353,61042,資管碩二,論文,,系必修,,否,0,論文,,,20,10,10,限本班,僅供本學期要畢業的學生選修,Thesis,無,,
354,61041,資管二,程式語言設計(一),,系必修,,否,3,洪澄瑜,工學院,(五) 02-04 工學院EB211,50,39,39,限本班,,Programming Language (I),無,,https://webapss.ncue.edu.tw/Teacher/Reports/OB020.aspx?yms_year=115&yms_sms=1&emp_id=4000088
355,61040,創新與管理夜碩一,機器學習創新應用專題,,系選修,,否,3,翁政雄,經世館,(六) 02-04 32507,35,0,11,限本系,,Topics on Innovative Applications of Machine Learning,中文,https://webap0.ncue.edu.tw/DEANV2/UploadDEAN/SUBJECT/1151/61040_1MAIME159630.pdf,https://webapss.ncue.edu.tw/Teacher/Reports/OB020.aspx?yms_year=115&yms_sms=1&emp_id=0001172
356,61039,創新與管理夜碩一,財務管理與財報分析專題,,系選修,,否,3,邱垂昌,經世館,(五) 10-12 32507,35,0,29,限本系,,Financial Management and Financial Statement Analysis,中文,https://webap0.ncue.edu.tw/DEANV2/UploadDEAN/SUBJECT/1151/61039_1MAIME156330.pdf,https://webapss.ncue.edu.tw/Teacher/Reports/OB020.aspx?yms_year=115&yms_sms=1&emp_id=0000724
357,61038,創新與管理夜碩二,美學經濟,,系選修,,否,3,吳佩芬,經世館,(三) 10-12 32507,35,0,18,限本系,,Aesthetic Economics,中文,https://webap0.ncue.edu.tw/DEANV2/UploadDEAN/SUBJECT/1151/61038_1MAIME153130.pdf,https://webapss.ncue.edu.tw/Teacher/Reports/OB020.aspx?yms_year=115&yms_sms=1&emp_id=0000975
358,61037,創新與管理夜碩一,創新與管理研究方法,,系必修,,否,3,王怡舜,經世館,(二) 10-12 32507,30,0,15,限本班,,Research Methods of Innovation and Management,英文,https://webap0.ncue.edu.tw/DEANV2/UploadDEAN/SUBJECT/1151/61037_1MAIME156130_EN.pdf,https://webapss.ncue.edu.tw/Teacher/Reports/OB020.aspx?yms_year=115&yms_sms=1&emp_id=0000705
359,61036,創新與管理夜碩一,AI輔助量化研究與資料分析專題,,系選修,,否,3,洪澄瑜,經世館,(一) 10-12 32507,35,0,25,限本系,,AI-Assisted Quantitative Research and Data Analysis Seminar,無,,https://webapss.ncue.edu.tw/Teacher/Reports/OB020.aspx?yms_year=115&yms_sms=1&emp_id=4000088
360,61035,資管四,專題丙（二）,,系必修,,否,3,吳佩芬顏韶威江憲坤,經世館,(四) 10-12 32210,50,14,14,限本班,,Special topic on graduation project III-2,中文,https://webap0.ncue.edu.tw/DEANV2/UploadDEAN/SUBJECT/1151/61035_1MAIM0152730.pdf,https://webapss.ncue.edu.tw/Teacher/Reports/OB020.aspx?yms_year=115&yms_sms=1&emp_id=0000975
361,61034,資管四,專題甲（二）,,系必修,,否,3,洪澄瑜楊婉秀,經世館,(二) 10-12 32210,50,20,20,限本班,,Special topic on graduation project I-2,無,,https://webapss.ncue.edu.tw/Teacher/Reports/OB020.aspx?yms_year=115&yms_sms=1&emp_id=4000088
362,61033,資管四,專題乙（二）,,系必修,,否,3,翁政雄施穎偉,經世館,(一) 10-12 32210,50,18,18,限本班,,Special topic on graduation project II-2,中文,https://webap0.ncue.edu.tw/DEANV2/UploadDEAN/SUBJECT/1151/61033_1MAIM0152530.pdf,https://webapss.ncue.edu.tw/Teacher/Reports/OB020.aspx?yms_year=115&yms_sms=1&emp_id=0001172
363,61032,資管數科碩二,數位內容科技與管理專題(三),,組必修,,否,1,江憲坤,經世館,(五) 05-06 32504,20,7,7,限本班,,Topics in Digital Content Technology and Management (III),中文,https://webap0.ncue.edu.tw/DEANV2/UploadDEAN/SUBJECT/1151/61032_1MAIM2146510.pdf,https://webapss.ncue.edu.tw/Teacher/Reports/OB020.aspx?yms_year=115&yms_sms=1&emp_id=0000778
364,61031,資管數科碩一,數位內容科技與管理專題(一),,組必修,,否,1,吳佩芬顏韶威,經世館,(五) 05-06 32311,20,0,0,限本班,,Topics in Digital Content Technology and Management (I),中文,https://webap0.ncue.edu.tw/DEANV2/UploadDEAN/SUBJECT/1151/61031_1MAIM2147210.pdf,https://webapss.ncue.edu.tw/Teacher/Reports/OB020.aspx?yms_year=115&yms_sms=1&emp_id=0000975
365,61030,資管碩二,論文研討(三),,組必修,,否,1,楊婉秀,經世館,(五) 07-08 32507,30,23,23,限本班,,Papers Study III,中文,https://webap0.ncue.edu.tw/DEANV2/UploadDEAN/SUBJECT/1151/61030_1MAIM2019610.pdf,https://webapss.ncue.edu.tw/Teacher/Reports/OB020.aspx?yms_year=115&yms_sms=1&emp_id=0000772
366,61029,資管碩一,論文研討(一),,組必修,,否,1,楊婉秀,經世館,(五) 05-06 32507,30,0,0,限本班,,Papers Study I,中文,https://webap0.ncue.edu.tw/DEANV2/UploadDEAN/SUBJECT/1151/61029_1MAIM2019310.pdf,https://webapss.ncue.edu.tw/Teacher/Reports/OB020.aspx?yms_year=115&yms_sms=1&emp_id=0000772
367,61028,資管三,電子商務,,系選修,,否,3,賴慧敏,工學院,(五) 05-07 工學院EB211,50,24,24,限本班,,Electronic Commerce,無,,https://webapss.ncue.edu.tw/Teacher/Reports/OB020.aspx?yms_year=115&yms_sms=1&emp_id=9901261
368,61027,資管數科碩一,行動與電子商務專題,,組必修,,否,3,江憲坤,經世館,(五) 02-04 32504,20,0,0,限本班,,Special Topics on Mobile and Electronic Commerce,中文,https://webap0.ncue.edu.tw/DEANV2/UploadDEAN/SUBJECT/1151/61027_1MAIM2123430.pdf,https://webapss.ncue.edu.tw/Teacher/Reports/OB020.aspx?yms_year=115&yms_sms=1&emp_id=0000778
369,61026,資管四,電腦圖學,,組必修,,否,3,顏韶威,經世館,(五) 02-04 32507,50,28,28,限本班,,Computer Graphics,中文,https://webap0.ncue.edu.tw/DEANV2/UploadDEAN/SUBJECT/1151/61026_1MAIM0127730.pdf,https://webapss.ncue.edu.tw/Teacher/Reports/OB020.aspx?yms_year=115&yms_sms=1&emp_id=0001003
370,61025,資管四,企業經營實務,,組必修,,否,3,張榮鑫李定國,教學一館,(四) 05-07 33203,50,38,38,限本班,,Business Operations,中文,https://webap0.ncue.edu.tw/DEANV2/UploadDEAN/SUBJECT/1151/61025_1MAIM0004930.pdf,https://webapss.ncue.edu.tw/Teacher/Reports/OB020.aspx?yms_year=115&yms_sms=1&emp_id=9900891
371,61024,資管碩一,研究方法,,系必修,,否,3,王怡舜,教學二館,(四) 06-08 34202,50,0,0,限本班,,Research Methods,英文,https://webap0.ncue.edu.tw/DEANV2/UploadDEAN/SUBJECT/1151/61024_1MAIM2004530_EN.pdf,https://webapss.ncue.edu.tw/Teacher/Reports/OB020.aspx?yms_year=115&yms_sms=1&emp_id=0000705
372,61023,資管二,Python程式語言設計,,系選修,,否,3,翁政雄,經世館,(四) 05-07 經世館32101,50,27,27,限本班,,Python Programming Language,中文,https://webap0.ncue.edu.tw/DEANV2/UploadDEAN/SUBJECT/1151/61023_1MAIM0159330.pdf,https://webapss.ncue.edu.tw/Teacher/Reports/OB020.aspx?yms_year=115&yms_sms=1&emp_id=0001172
373,61022,資管一,會計學實習(一),,系必修,,否,0,湯玉珍,教學一館,(四) 08-09 33203,50,0,0,限本班,,Accounting Practice (I),中文,https://webap0.ncue.edu.tw/DEANV2/UploadDEAN/SUBJECT/1151/61022_1MAIM0005400.pdf,https://webapss.ncue.edu.tw/Teacher/Reports/OB020.aspx?yms_year=115&yms_sms=1&emp_id=0000848
374,61021,資管一,計算機概論,,系必修,,否,3,江憲坤,經世館,(四) 05-07 32507,50,0,0,限本班,,Introduction to Computer Science,中文,https://webap0.ncue.edu.tw/DEANV2/UploadDEAN/SUBJECT/1151/61021_1MAIM0009530.pdf,https://webapss.ncue.edu.tw/Teacher/Reports/OB020.aspx?yms_year=115&yms_sms=1&emp_id=0000778
375,61020,資管數科碩一,設計企劃專題,,組選修,,否,3,吳佩芬顏韶威,經世館,(四) 02-04 32210,20,0,0,限本班,,Topics on Design Planning,中文,https://webap0.ncue.edu.tw/DEANV2/UploadDEAN/SUBJECT/1151/61020_1MAIM2148030.pdf,https://webapss.ncue.edu.tw/Teacher/Reports/OB020.aspx?yms_year=115&yms_sms=1&emp_id=0000975
376,61019,資管三,管理資訊系統,,系必修,,否,3,施穎偉王怡舜,經世館,(四) 02-04 32507,50,43,43,限本班,,Management Information Systems,中文,https://webap0.ncue.edu.tw/DEANV2/UploadDEAN/SUBJECT/1151/61019_1MAIM0005230.pdf,https://webapss.ncue.edu.tw/Teacher/Reports/OB020.aspx?yms_year=115&yms_sms=1&emp_id=0000863
377,61018,資管二,巨量資料科學導論,,系選修,,否,3,楊婉秀,經世館,(四) 02-04 經世館32101,50,32,32,限本班,,Introduction to Big Data,中文,https://webap0.ncue.edu.tw/DEANV2/UploadDEAN/SUBJECT/1151/61018_1MAIM0158530.pdf,https://webapss.ncue.edu.tw/Teacher/Reports/OB020.aspx?yms_year=115&yms_sms=1&emp_id=0000772
378,61017,資管碩一,高等資訊管理專題,,組必修,,否,3,施穎偉,經世館,(三) 06-08 32311,30,0,0,限本班,,Topics on Advanced Management Information Systems,中文,https://webap0.ncue.edu.tw/DEANV2/UploadDEAN/SUBJECT/1151/61017_1MAIM2016130.pdf,https://webapss.ncue.edu.tw/Teacher/Reports/OB020.aspx?yms_year=115&yms_sms=1&emp_id=0000863
379,61016,資管三,人工智慧,,組選修,,否,3,翁政雄,經世館,(三) 05-07 經世館32101,50,33,33,限本班,,Artificial Intelligence,中文,https://webap0.ncue.edu.tw/DEANV2/UploadDEAN/SUBJECT/1151/61016_1MAIM0009030.pdf,https://webapss.ncue.edu.tw/Teacher/Reports/OB020.aspx?yms_year=115&yms_sms=1&emp_id=0001172
380,61015,資管三,電腦網路,,系必修,,否,3,洪澄瑜,經世館,(三) 02-04 32507,50,44,44,限本班,,Computer Networks,無,,https://webapss.ncue.edu.tw/Teacher/Reports/OB020.aspx?yms_year=115&yms_sms=1&emp_id=4000088
381,61014,資管三,資料結構,,系必修,,否,3,蕭國倫,工學院,(一) 02-04 工學院EB211,50,41,41,限本班,,Data Structure,無,,https://webapss.ncue.edu.tw/Teacher/Reports/OB020.aspx?yms_year=115&yms_sms=1&emp_id=9901322
382,61013,資管數科碩一,視覺語言設計,,組選修,,否,3,吳佩芬,經世館,(三) 05-07 32210,20,0,0,限本班,,Visual language design,英文,https://webap0.ncue.edu.tw/DEANV2/UploadDEAN/SUBJECT/1151/61013_1MAIM2147930_EN.pdf,https://webapss.ncue.edu.tw/Teacher/Reports/OB020.aspx?yms_year=115&yms_sms=1&emp_id=0000975
383,61012,資管二,3D動畫設計(一),,組必修,,否,3,呂洽毅,經世館,(三) 07-09 32507,50,29,29,限本班,,3D Animation Design (I),無,,https://webapss.ncue.edu.tw/Teacher/Reports/OB020.aspx?yms_year=115&yms_sms=1&emp_id=9901294
384,61011,資管碩一,機器學習專題,,系選修,,否,3,翁政雄,經世館,(二) 05-07 32507,30,0,0,限本班,,Topics on Machine Learning,中文,https://webap0.ncue.edu.tw/DEANV2/UploadDEAN/SUBJECT/1151/61011_1MAIM2159430.pdf,https://webapss.ncue.edu.tw/Teacher/Reports/OB020.aspx?yms_year=115&yms_sms=1&emp_id=0001172
385,61010,資管數科碩一,AI輔助量化研究與資料分析專題,,組選修,,否,3,洪澄瑜,經世館,(一) 02-04 32507,30,0,0,限本班,,AI-Assisted Quantitative Research and Data Analysis Seminar,無,,https://webapss.ncue.edu.tw/Teacher/Reports/OB020.aspx?yms_year=115&yms_sms=1&emp_id=4000088
386,61009,資管三,系統分析與設計,,系必修,,否,3,施穎偉,教學一館,(二) 06-08 33203,50,46,46,限本班,,System Analysis & Design,中文,https://webap0.ncue.edu.tw/DEANV2/UploadDEAN/SUBJECT/1151/61009_1MAIM0010330.pdf,https://webapss.ncue.edu.tw/Teacher/Reports/OB020.aspx?yms_year=115&yms_sms=1&emp_id=0000863
387,61008,資管一,經濟學(一),,系必修,,否,3,王怡舜,教學二館,(二) 06-08 34202,50,0,0,限本班,,Economics (I),中文,https://webap0.ncue.edu.tw/DEANV2/UploadDEAN/SUBJECT/1151/61008_1MAIM0007330.pdf,https://webapss.ncue.edu.tw/Teacher/Reports/OB020.aspx?yms_year=115&yms_sms=1&emp_id=0000705
388,61007,資管一,JAVA程式語言設計(一),,系必修,,否,3,顏韶威,力行館,(二) 02-04 力行館31102,50,0,0,限本班,,Java Programming Language (I),英文,https://webap0.ncue.edu.tw/DEANV2/UploadDEAN/SUBJECT/1151/61007_1MAIM0016830_EN.pdf,https://webapss.ncue.edu.tw/Teacher/Reports/OB020.aspx?yms_year=115&yms_sms=1&emp_id=0001003
389,61006,資管數科碩二,數位學習專題,,組必修,,否,3,陳鴻仁,經世館,(一) 05-07 32311,30,7,7,限本班,,Special Topics on eLearning,無,,https://webapss.ncue.edu.tw/Teacher/Reports/OB020.aspx?yms_year=115&yms_sms=1&emp_id=9901321
390,61005,資管三,人力資源管理,,組選修,,否,3,張惠玲,教學一館,(一) 06-08 33203,50,23,23,可跨班系,,Human Resource Management,無,,https://webapss.ncue.edu.tw/Teacher/Reports/OB020.aspx?yms_year=115&yms_sms=1&emp_id=9900862
391,61004,資管二,統計學(一),,系必修,,否,3,李信宏,教學二館,(一) 02-04 34202,50,41,41,限本班,,Statistics (I),中文,https://webap0.ncue.edu.tw/DEANV2/UploadDEAN/SUBJECT/1151/61004_1MAIM0124830.pdf,https://webapss.ncue.edu.tw/Teacher/Reports/OB020.aspx?yms_year=115&yms_sms=1&emp_id=0000550
392,61003,資管一,會計學(一),,系必修,,否,3,湯玉珍,教學一館,(一) 02-04 33203,50,0,0,限本班,,Accounting (I),中文,https://webap0.ncue.edu.tw/DEANV2/UploadDEAN/SUBJECT/1151/61003_1MAIM0007630.pdf,https://webapss.ncue.edu.tw/Teacher/Reports/OB020.aspx?yms_year=115&yms_sms=1&emp_id=0000848
393,61002,資管一,微積分(一),,系必修,,否,3,周忠強,教學一館,(三) 05-07 33404,100,0,0,限本班,,Calculus (I),中文,https://webap0.ncue.edu.tw/DEANV2/UploadDEAN/SUBJECT/1151/61002_1MAIM0002830.pdf,https://webapss.ncue.edu.tw/Teacher/Reports/OB020.aspx?yms_year=115&yms_sms=1&emp_id=0000595
394,61001,資管一,人工智慧及其應用,,校必(通識),,否,2,翁政雄,力行館,(三) 03-04 力行館31102,50,0,0,限本班,大二~大四生如要修習，以線上加簽方式,Artificial Intelligence and Its Application,中文,https://webap0.ncue.edu.tw/DEANV2/UploadDEAN/SUBJECT/1151/61001_0CCGE0181420.pdf,https://webapss.ncue.edu.tw/Teacher/Reports/OB020.aspx?yms_year=115&yms_sms=1&emp_id=0001172
395,55011,工學位碩二,校外實習(一),,系選修,,是,9,賴永齡楊文然,教學一館,(一) 01-02 33201 (四) 01-02、05-09 33201,20,0,0,限本班,,Cooperative Internship I (Co-Op I),無,,https://webapss.ncue.edu.tw/Teacher/Reports/OB020.aspx?yms_year=115&yms_sms=1&emp_id=0000687
396,55010,工學位碩四,論文,,系必修,,是,0,,,,20,0,0,限本班,,Thesis,無,,
397,55009,工學位碩三,論文,,系必修,,否,0,,,,20,0,0,限本班,,Thesis,無,,
398,55008,工學位碩二,論文,,系必修,,是,0,,,,20,0,0,限本班,,Thesis,無,,
399,55007,工學位碩二,論文指導(二),,系必修,,是,3,,,,20,0,0,限本班,,Thesis Supervision II,無,,
400,55006,工學位碩二,論文指導(一),,系必修,,是,3,,,,20,1,1,可跨班系,,Thesis Supervision I,無,,
401,55005,工學位碩一,超大型積體電路設計,,系選修,,是,3,陳冠宏,工學院,(四) 05-07 E406,20,0,0,可跨班系,,VLSI design,無,,https://webapss.ncue.edu.tw/Teacher/Reports/OB020.aspx?yms_year=115&yms_sms=1&emp_id=0001198
402,55004,工學位碩一,科技英文寫作,,系選修,,是,3,柯宗憲,工學院,(二) 05-07 E523實驗室,20,0,0,限本班,,Scientific & Technical English Writing,無,,https://webapss.ncue.edu.tw/Teacher/Reports/OB020.aspx?yms_year=115&yms_sms=1&emp_id=0001053
403,55003,工學位碩一,影像處理,,系選修,,是,3,楊文然,教學二館,(二) 08-10 34203,20,0,0,可跨班系,,Image Processing,英文,https://webap0.ncue.edu.tw/DEANV2/UploadDEAN/SUBJECT/1151/55003_1EIMP2107130_EN.pdf,https://webapss.ncue.edu.tw/Teacher/Reports/OB020.aspx?yms_year=115&yms_sms=1&emp_id=0000894
404,55002,工學位碩一,人工智慧,,系選修,,是,3,楊文然,教學二館,(三) 08-09 34203 (四) 04 34203,20,0,0,可跨班系,,Artificial Intelligence,英文,https://webap0.ncue.edu.tw/DEANV2/UploadDEAN/SUBJECT/1151/55002_1EIMP2105930_EN.pdf,https://webapss.ncue.edu.tw/Teacher/Reports/OB020.aspx?yms_year=115&yms_sms=1&emp_id=0000894
405,55001,工學位碩一,書報討論(一),,系必修,,是,2,伍朝欽,工學院,(一) 07-08 EB226,20,0,0,可跨班系,,Seminar I,英文,https://webap0.ncue.edu.tw/DEANV2/UploadDEAN/SUBJECT/1151/55001_1EIMP2100120_EN.pdf,https://webapss.ncue.edu.tw/Teacher/Reports/OB020.aspx?yms_year=115&yms_sms=1&emp_id=0000667
406,54040,人工智慧應用服務碩士在職專班二,論文,,系必修,,否,0,論文,,,30,0,11,限本系,,Thesis,中文,https://webap0.ncue.edu.tw/DEANV2/UploadDEAN/SUBJECT/1151/54040_1EICSE159900.pdf,
407,54039,人工智慧應用服務碩士在職專班二,研究專題(一),,系必修,,否,3,陳仁德,工學院,(六) 02-04 資工研討室(二),30,0,4,限本系,,Project of Research I,中文,https://webap0.ncue.edu.tw/DEANV2/UploadDEAN/SUBJECT/1151/54039_1EICSE159630.pdf,https://webapss.ncue.edu.tw/Teacher/Reports/OB020.aspx?yms_year=115&yms_sms=1&emp_id=0000929
408,54038,人工智慧應用服務碩士在職專班二,資料探勘,,系選修,,否,3,施明毅,工學院,(三) 10-12 資工電腦教室(一),30,0,4,限本系,,Data Mining,中文,https://webap0.ncue.edu.tw/DEANV2/UploadDEAN/SUBJECT/1151/54038_1EICSE160930.pdf,https://webapss.ncue.edu.tw/Teacher/Reports/OB020.aspx?yms_year=115&yms_sms=1&emp_id=0000878
409,54037,人工智慧應用服務碩士在職專班二,智慧物聯網實務,,系選修,,否,3,丁德榮,工學院,(二) 10-12 資工電腦教室(二),30,0,4,限本系,,Practice of Intelligent Internet of Things,中文,https://webap0.ncue.edu.tw/DEANV2/UploadDEAN/SUBJECT/1151/54037_1EICSE161830.pdf,https://webapss.ncue.edu.tw/Teacher/Reports/OB020.aspx?yms_year=115&yms_sms=1&emp_id=0000748
410,54036,人工智慧應用服務碩士在職專班一,書報討論(一),,系必修,,否,2,伍朝欽,工學院,(三) 10-12 資工研討室(二),30,0,15,限本系,,Seminar I,無,,https://webapss.ncue.edu.tw/Teacher/Reports/OB020.aspx?yms_year=115&yms_sms=1&emp_id=0000667
411,54035,人工智慧應用服務碩士在職專班一,人工智慧,,系選修,,否,3,黃耀賢,工學院,(二) 10-12 資工電腦教室(一),30,0,15,限本系,,Artificial Intelligence,中文,https://webap0.ncue.edu.tw/DEANV2/UploadDEAN/SUBJECT/1151/54035_1EICSE160230.pdf,https://webapss.ncue.edu.tw/Teacher/Reports/OB020.aspx?yms_year=115&yms_sms=1&emp_id=0001177
412,54034,人工智慧應用服務碩士在職專班一,Python程式設計,,系選修,,否,3,詹益禎,工學院,(一) 10-12 資工電腦教室(一),30,0,15,限本系,,Python programming,無,,https://webapss.ncue.edu.tw/Teacher/Reports/OB020.aspx?yms_year=115&yms_sms=1&emp_id=0000857
413,54033,資工碩二,論文,,系必修,,否,0,論文,,,50,23,23,限本系,,Thesis,無,,
414,54032,資工碩二,論文指導(一),,系必修,,否,3,論文,,,45,22,22,限本系,,Thesis Supervision I,無,,
415,54031,資工碩二,進階書報討論,,系必修,,否,1,張家濟,工學院,(五) 05-06 資工研討室(一),40,22,22,限本班,,Advanced Seminar,無,,https://webapss.ncue.edu.tw/Teacher/Reports/OB020.aspx?yms_year=115&yms_sms=1&emp_id=0001158
416,54030,資工碩一,系統整合專題研究(一),,系必修,,否,2,陳仁德陳勇志,工學院,(六) 05-06 資工研討室(四),20,0,0,限本系,,Research on System Integration Ⅰ,中文,https://webap0.ncue.edu.tw/DEANV2/UploadDEAN/SUBJECT/1151/54030_1EICS2152920.pdf,https://webapss.ncue.edu.tw/Teacher/Reports/OB020.aspx?yms_year=115&yms_sms=1&emp_id=0000929
417,54029,資工碩一,網路通訊專題研究(一),,系必修,,否,2,張英超,工學院,(六) 05-06 資工電腦教室(二),20,1,1,限本系,,Research on Network Communication Ⅰ,中文,https://webap0.ncue.edu.tw/DEANV2/UploadDEAN/SUBJECT/1151/54029_1EICS2152720.pdf,https://webapss.ncue.edu.tw/Teacher/Reports/OB020.aspx?yms_year=115&yms_sms=1&emp_id=0000759
418,54028,資工碩一,軟體發展專題研究(一),,系必修,,否,2,蕭如淵,工學院,(六) 05-06 資工電腦教室(一),20,0,0,限本系,,Research on Software Development Ⅰ,中文,https://webap0.ncue.edu.tw/DEANV2/UploadDEAN/SUBJECT/1151/54028_1EICS2153120.pdf,https://webapss.ncue.edu.tw/Teacher/Reports/OB020.aspx?yms_year=115&yms_sms=1&emp_id=0000559
419,54027,資工碩一,書報討論,,系必修,,否,1,陳仁德,工學院,(五) 05-06 資工研討室(二),40,1,1,限本系,,Seminar,中文,https://webap0.ncue.edu.tw/DEANV2/UploadDEAN/SUBJECT/1151/54027_1EICS2133810.pdf,https://webapss.ncue.edu.tw/Teacher/Reports/OB020.aspx?yms_year=115&yms_sms=1&emp_id=0000929
420,54026,資工碩一,數位影像處理,,系選修,,否,3,蕭如淵,工學院,(五) 02-04 資工研討室(四),20,3,3,限本系,,Digital Image Processing,中文,https://webap0.ncue.edu.tw/DEANV2/UploadDEAN/SUBJECT/1151/54026_1EICS2017230.pdf,https://webapss.ncue.edu.tw/Teacher/Reports/OB020.aspx?yms_year=115&yms_sms=1&emp_id=0000559
421,54025,資工碩一,圖形理論,,系選修,,否,3,陳勇志,教學一館,(四) 05-07 33401教室,20,8,8,限本系,,Graph theory,中文,https://webap0.ncue.edu.tw/DEANV2/UploadDEAN/SUBJECT/1151/54025_1EICS2155430.pdf,https://webapss.ncue.edu.tw/Teacher/Reports/OB020.aspx?yms_year=115&yms_sms=1&emp_id=0001227
422,54024,資工碩一,快速雛型系統設計,,系選修,,是,3,陳伯岳,工學院,(四) 02-04 資工電腦教室(一),20,5,5,可跨班系,,Fast Prototype System Design,英文,https://webap0.ncue.edu.tw/DEANV2/UploadDEAN/SUBJECT/1151/54024_1EICS2019530_EN.pdf,https://webapss.ncue.edu.tw/Teacher/Reports/OB020.aspx?yms_year=115&yms_sms=1&emp_id=0000908
423,54023,資工碩一,科技英文導讀與寫作,,系選修,,否,3,陳伯岳,教學一館,(三) 05-07 33401教室,20,0,0,可跨班系,,Reading and Writing of Technical Articles,中文,https://webap0.ncue.edu.tw/DEANV2/UploadDEAN/SUBJECT/1151/54023_1EICS2014530.pdf,https://webapss.ncue.edu.tw/Teacher/Reports/OB020.aspx?yms_year=115&yms_sms=1&emp_id=0000908
424,54022,資工碩一,智慧物聯網實務,,系選修,,否,3,丁德榮,工學院,(二) 06-08 資工電腦教室(二),20,7,7,限本系,,Practice of  Intelligent Internet of Things,中文,https://webap0.ncue.edu.tw/DEANV2/UploadDEAN/SUBJECT/1151/54022_1EICS2157730.pdf,https://webapss.ncue.edu.tw/Teacher/Reports/OB020.aspx?yms_year=115&yms_sms=1&emp_id=0000748
425,54021,資工碩一,物聯網,,系選修,,否,3,張英超,工學院,(二) 02-04 資工電腦教室(二),20,3,3,可跨班系,,Internet of Things,中文,https://webap0.ncue.edu.tw/DEANV2/UploadDEAN/SUBJECT/1151/54021_1EICS2155830.pdf,https://webapss.ncue.edu.tw/Teacher/Reports/OB020.aspx?yms_year=115&yms_sms=1&emp_id=0000759
426,54020,資工碩一,資料探勘,,系選修,,否,3,施明毅,工學院,(一) 05-07 資工電腦教室(二),20,6,6,限本系,,Data Mining,中文,https://webap0.ncue.edu.tw/DEANV2/UploadDEAN/SUBJECT/1151/54020_1EICS2154530.pdf,https://webapss.ncue.edu.tw/Teacher/Reports/OB020.aspx?yms_year=115&yms_sms=1&emp_id=0000878
427,54019,資工四,系統整合專題(二),,系必修,,否,2,伍朝欽,工學院,(六) 01-04 資工研討室(四),50,15,15,限本系,,Topics in System Integration II,中文,https://webap0.ncue.edu.tw/DEANV2/UploadDEAN/SUBJECT/1151/54019_1EICS0020220.pdf,https://webapss.ncue.edu.tw/Teacher/Reports/OB020.aspx?yms_year=115&yms_sms=1&emp_id=0000667
428,54018,資工四,軟體發展專題(二),,系必修,,否,2,蕭如淵施明毅,工學院,(六) 01-04 資工電腦教室(二),50,20,20,限本系,,Topics in Software Development II,中文,https://webap0.ncue.edu.tw/DEANV2/UploadDEAN/SUBJECT/1151/54018_1EICS0027520.pdf,https://webapss.ncue.edu.tw/Teacher/Reports/OB020.aspx?yms_year=115&yms_sms=1&emp_id=0000559
429,54017,資工四,網路通訊專題(二),,系必修,,否,2,詹益禎鄧德雋,工學院,(六) 01-04 資工電腦教室(一),50,16,16,限本系,,Topics in Network Communication II,無,,https://webapss.ncue.edu.tw/Teacher/Reports/OB020.aspx?yms_year=115&yms_sms=1&emp_id=0000857
430,54016,資工三,處理器設計與實作,,系選修,,否,3,張家濟,工學院,(五) 02-04 資工電腦教室(一),50,49,49,限本班,,Processor Design and Implementation,無,,https://webapss.ncue.edu.tw/Teacher/Reports/OB020.aspx?yms_year=115&yms_sms=1&emp_id=0001158
431,54015,資工三,系統分析與設計,,系選修,,否,3,賴聯福,工學院,(四) 05-07 資工電腦教室(一),60,82,60,限本系,,System Analysis & Design,中文,https://webap0.ncue.edu.tw/DEANV2/UploadDEAN/SUBJECT/1151/54015_1EICS0022230.pdf,https://webapss.ncue.edu.tw/Teacher/Reports/OB020.aspx?yms_year=115&yms_sms=1&emp_id=0000715
432,54013,資工三,計算機演算法,,系必修,,否,3,丁德榮,教學一館,(三) 02-04 33404,70,67,67,限本系,,Computer Algorithms,中文,https://webap0.ncue.edu.tw/DEANV2/UploadDEAN/SUBJECT/1151/54013_1EICS0021530.pdf,https://webapss.ncue.edu.tw/Teacher/Reports/OB020.aspx?yms_year=115&yms_sms=1&emp_id=0000748
433,54012,資工三,作業系統,,系必修,,否,3,蕭如淵,教學一館,(二) 02-04 33401教室,70,64,64,可跨班系,,Operating Systems,中文,https://webap0.ncue.edu.tw/DEANV2/UploadDEAN/SUBJECT/1151/54012_1EICS0023230.pdf,https://webapss.ncue.edu.tw/Teacher/Reports/OB020.aspx?yms_year=115&yms_sms=1&emp_id=0000559
434,54011,資工三,機器學習,,系選修,,否,3,施明毅,工學院,(五) 05-07 資工電腦教室(一),50,56,50,限本系,,Machine Learning,中文,https://webap0.ncue.edu.tw/DEANV2/UploadDEAN/SUBJECT/1151/54011_1EICS0156430.pdf,https://webapss.ncue.edu.tw/Teacher/Reports/OB020.aspx?yms_year=115&yms_sms=1&emp_id=0000878
435,54010,資工二,硬體描述語言,,系選修,,否,3,陳仁德,教學二館,(四) 02-04 34304,50,49,48,限本系,,Hardware Description Language,中文,https://webap0.ncue.edu.tw/DEANV2/UploadDEAN/SUBJECT/1151/54010_1EICS0017630.pdf,https://webapss.ncue.edu.tw/Teacher/Reports/OB020.aspx?yms_year=115&yms_sms=1&emp_id=0000929
436,54009,資工二,JAVA程式設計,,系選修,,否,3,李志朗,工學院,(三) 06-08 工學院EB211,50,52,50,限本系,,Java Programming,中文,https://webap0.ncue.edu.tw/DEANV2/UploadDEAN/SUBJECT/1151/54009_1EICS0026030.pdf,https://webapss.ncue.edu.tw/Teacher/Reports/OB020.aspx?yms_year=115&yms_sms=1&emp_id=9900538
437,54008,資工二,電腦網路,,系必修,,否,3,張英超,工學院,(三) 02-04 資工電腦教室(一),50,55,50,可跨班系,,Computer Networks,中文,https://webap0.ncue.edu.tw/DEANV2/UploadDEAN/SUBJECT/1151/54008_1EICS0128330.pdf,https://webapss.ncue.edu.tw/Teacher/Reports/OB020.aspx?yms_year=115&yms_sms=1&emp_id=0000759
438,54007,資工二,資料結構,,系必修,,否,3,鄧德雋,教學一館,(二) 06-08 33401教室,50,52,50,限本系,,Data Structure,無,,https://webapss.ncue.edu.tw/Teacher/Reports/OB020.aspx?yms_year=115&yms_sms=1&emp_id=0000888
439,54006,資工二,離散數學,,系必修,,否,3,詹益禎,教學一館,(一) 05-07 33404,70,68,50,可跨班系,,Discrete Mathematics,無,,https://webapss.ncue.edu.tw/Teacher/Reports/OB020.aspx?yms_year=115&yms_sms=1&emp_id=0000857
440,54005,資工一,計算機概論,,系必修,,否,3,黃耀賢,教學一館,(四) 02-04 33401教室,50,8,8,限本系,,Introduction to Computer Science,中文,https://webap0.ncue.edu.tw/DEANV2/UploadDEAN/SUBJECT/1151/54005_1EICS0021130.pdf,https://webapss.ncue.edu.tw/Teacher/Reports/OB020.aspx?yms_year=115&yms_sms=1&emp_id=0001177
441,54004,資工一,程式設計,,系必修,,否,3,黃耀賢,工學院,(二) 06-08 資工電腦教室(一),50,4,4,限本系,,Program Design,中文,https://webap0.ncue.edu.tw/DEANV2/UploadDEAN/SUBJECT/1151/54004_1EICS0022030.pdf,https://webapss.ncue.edu.tw/Teacher/Reports/OB020.aspx?yms_year=115&yms_sms=1&emp_id=0001177
442,54003,資工一,計算機技術,,系必修,,否,2,賴聯福,工學院,(一) 05-08 資工電腦教室(一),60,2,2,限本系,,Practicum in Computer,中文,https://webap0.ncue.edu.tw/DEANV2/UploadDEAN/SUBJECT/1151/54003_1EICS0021320.pdf,https://webapss.ncue.edu.tw/Teacher/Reports/OB020.aspx?yms_year=115&yms_sms=1&emp_id=0000715
443,54002,資工二,電子學(一),,系必修,,否,3,張家濟,工學院,(一) 02-04 EB214,50,49,48,限本班,,Electronics I,無,,https://webapss.ncue.edu.tw/Teacher/Reports/OB020.aspx?yms_year=115&yms_sms=1&emp_id=0001158
444,54001,資工一,生命探索發展與實踐,,校必(通識),,否,2,陳勇志陳仁德,教學二館,(五) 05-06 34102,50,0,0,限本班,大二~大四生如要修習，以線上加簽方式,Life and Career Development and Practice,無,,https://webapss.ncue.edu.tw/Teacher/Reports/OB020.aspx?yms_year=115&yms_sms=1&emp_id=0001227
445,53050,電子碩一,電源管理積體電路設計,,系選修,,否,3,孫宗彣,教學二館,(五) 02-04 34202,30,0,0,可跨班系,,Power Management Integrated Circuit Design,中文,https://webap0.ncue.edu.tw/DEANV2/UploadDEAN/SUBJECT/1151/53050_1EIEL2167130.pdf,https://webapss.ncue.edu.tw/Teacher/Reports/OB020.aspx?yms_year=115&yms_sms=1&emp_id=0001234
446,53049,電子碩一,數位訊號處理架構設計,,系選修,,否,3,熊大為,工學院,(四) 06-08 E414,20,6,6,可跨班系,,DSP Architecture Design,無,,https://webapss.ncue.edu.tw/Teacher/Reports/OB020.aspx?yms_year=115&yms_sms=1&emp_id=0000959
447,53048,電子四,系統晶片設計實務專題(二),,系必修,,否,3,,工學院,(六) 07-09 E404教室 (七) 07-09 E404教室,50,16,16,限本系,,Practical Projects in SOC Design II,無,,
448,53047,電子四,光電實務專題(二),,系必修,,否,3,,工學院,(七) 01-06 E408電子系會議室,50,20,20,限本系,,Practical Projects in Optoelectronics II,無,,
449,53046,電子四,微波與通訊實務專題(二),,系必修,,否,3,,工學院,(六) 01-06 E414,50,14,14,限本系,,Practical Projects in Microwave and Communication II,無,,
450,53045,電子二,數位邏輯設計技術,,系選修,,否,2,孫宗彣,力行館,(三) 05-08 力行館31102,50,41,41,限本系,,Digital Logic Design Lab,中文,https://webap0.ncue.edu.tw/DEANV2/UploadDEAN/SUBJECT/1151/53045_1EIEL0020520.pdf,https://webapss.ncue.edu.tw/Teacher/Reports/OB020.aspx?yms_year=115&yms_sms=1&emp_id=0001234
451,53044,電子碩一,天線工程,,系選修,,否,3,洪萬鑄,工學院,(三) 05-07 E414,20,4,4,可跨班系,,Antenna Engineering,中文,https://webap0.ncue.edu.tw/DEANV2/UploadDEAN/SUBJECT/1151/53044_1EIEL2163230.pdf,https://webapss.ncue.edu.tw/Teacher/Reports/OB020.aspx?yms_year=115&yms_sms=1&emp_id=0000785
452,53043,電子碩一,數位通訊,,系選修,,否,3,陳棟洲,工學院,(二) 02-04 E414,20,1,1,限本系,,Digital Communication,中文,https://webap0.ncue.edu.tw/DEANV2/UploadDEAN/SUBJECT/1151/53043_1EIEL2015630.pdf,https://webapss.ncue.edu.tw/Teacher/Reports/OB020.aspx?yms_year=115&yms_sms=1&emp_id=0000977
453,53042,電子碩一,高等電磁學,,系選修,,否,3,許崇宜,工學院,(一) 07-09 E414,20,0,0,限本系,,Advanced Electromagnetics,無,,https://webapss.ncue.edu.tw/Teacher/Reports/OB020.aspx?yms_year=115&yms_sms=1&emp_id=9901065
454,53041,電子碩一,微波工程,,系選修,,否,3,洪萬鑄,工學院,(一) 02-04 E414,20,1,1,可跨班系,,Microwave Engineering,中文,https://webap0.ncue.edu.tw/DEANV2/UploadDEAN/SUBJECT/1151/53041_1EIEL2163630.pdf,https://webapss.ncue.edu.tw/Teacher/Reports/OB020.aspx?yms_year=115&yms_sms=1&emp_id=0000785
455,53040,電子碩一,深度學習,,系選修,,否,3,張孟洲,工學院,(四) 06-08 E404教室,20,0,0,限本系,,Deep Learning,中文,https://webap0.ncue.edu.tw/DEANV2/UploadDEAN/SUBJECT/1151/53040_1EIEL2165130.pdf,https://webapss.ncue.edu.tw/Teacher/Reports/OB020.aspx?yms_year=115&yms_sms=1&emp_id=0000873
456,53039,電子碩一,先進電晶體TCAD數值模擬,,系選修,,否,3,吳正信,工學院,(四) 06-08 E408電子系會議室,20,2,2,限本系,,TCAD Numerical Simulation of Advanced Transistors,中文,https://webap0.ncue.edu.tw/DEANV2/UploadDEAN/SUBJECT/1151/53039_1EIEL2166930.pdf,https://webapss.ncue.edu.tw/Teacher/Reports/OB020.aspx?yms_year=115&yms_sms=1&emp_id=0000853
457,53038,電子碩二,論文指導(一),,系必修,,否,3,論文,,,50,19,19,限本系,,Thesis Supervision I,無,,
458,53037,電子碩二,論文,,系必修,,否,0,論文,,,80,19,19,限本系,當學期申請學位考試者，務必選修「論文」，俾便取得口試之資格。,Thesis,無,,
459,53036,電子碩二,書報討論(三),,系必修,,否,1,熊大為陳冠宏柯宗憲,工學院,(三) 08-09 E422研討室,40,20,20,限本系,,Seminar III,無,,https://webapss.ncue.edu.tw/Teacher/Reports/OB020.aspx?yms_year=115&yms_sms=1&emp_id=0000959
460,53035,電子碩一,書報討論(一),,系必修,,否,1,熊大為陳冠宏柯宗憲,工學院,(三) 08-09 E408電子系會議室,45,1,1,限本系,,Seminar I,無,,https://webapss.ncue.edu.tw/Teacher/Reports/OB020.aspx?yms_year=115&yms_sms=1&emp_id=0000959
461,53034,電子碩一,光電子學,,系選修,,否,3,柯宗憲,教學二館,(三) 02-04 34304,20,3,3,限本系,,Optoelectronics,無,,https://webapss.ncue.edu.tw/Teacher/Reports/OB020.aspx?yms_year=115&yms_sms=1&emp_id=0001053
462,53033,電子碩一,類比積體電路設計,,系選修,,否,3,陳勛祥,工學院,(二) 02-04 E406,20,10,10,限本系,,Analog Integrated Circuit Design,中文,https://webap0.ncue.edu.tw/DEANV2/UploadDEAN/SUBJECT/1151/53033_1EIEL2015530.pdf,https://webapss.ncue.edu.tw/Teacher/Reports/OB020.aspx?yms_year=115&yms_sms=1&emp_id=0000783
463,53032,電子碩一,半導體元件及材料特性分析,,系選修,,否,3,林得裕,工學院,(一) 06-08 E513實驗室,20,3,3,限本系,,Analysis of Semiconductor Devices and Materials,中文,https://webap0.ncue.edu.tw/DEANV2/UploadDEAN/SUBJECT/1151/53032_1EIEL2027230.pdf,https://webapss.ncue.edu.tw/Teacher/Reports/OB020.aspx?yms_year=115&yms_sms=1&emp_id=0000717
464,53031,電子碩一,半導體工程概論,,系選修,,否,3,林得裕,工學院,(一) 02-04 E513實驗室,20,5,5,可跨班系,,Introduction to Semiconductor Engineering,中文,https://webap0.ncue.edu.tw/DEANV2/UploadDEAN/SUBJECT/1151/53031_1EIEL2166530.pdf,https://webapss.ncue.edu.tw/Teacher/Reports/OB020.aspx?yms_year=115&yms_sms=1&emp_id=0000717
465,53030,電子碩一,超大型積體電路設計,,系選修,,否,3,黃宗柱,工學院,(一) 02-04 E406,20,0,0,可跨班系,,VLSI Design,中文,https://webap0.ncue.edu.tw/DEANV2/UploadDEAN/SUBJECT/1151/53030_1EIEL2013030.pdf,https://webapss.ncue.edu.tw/Teacher/Reports/OB020.aspx?yms_year=115&yms_sms=1&emp_id=0000800
466,53029,電子三,通訊系統分析與模擬,,系選修,,否,3,陳棟洲,工學院,(五) 02-04 E414,50,20,20,限本系,,Analysis and Simulation of Communication Systems,中文,https://webap0.ncue.edu.tw/DEANV2/UploadDEAN/SUBJECT/1151/53029_1EIEL0141930.pdf,https://webapss.ncue.edu.tw/Teacher/Reports/OB020.aspx?yms_year=115&yms_sms=1&emp_id=0000977
467,53028,電子三,硬體描述語言,,系選修,,否,3,黃宗柱,工學院,(三) 06-08 E406,50,42,42,限本系,,Hardware Description Language,中文,https://webap0.ncue.edu.tw/DEANV2/UploadDEAN/SUBJECT/1151/53028_1EIEL0020230.pdf,https://webapss.ncue.edu.tw/Teacher/Reports/OB020.aspx?yms_year=115&yms_sms=1&emp_id=0000800
468,53027,電子三,通訊原理,,系選修,,否,3,熊大為,工學院,(二) 06-08 E404教室,50,31,31,可跨班系,,Principles of Communications,無,,https://webapss.ncue.edu.tw/Teacher/Reports/OB020.aspx?yms_year=115&yms_sms=1&emp_id=0000959
469,53026,電子三,計算機組織,,系選修,,否,3,張孟洲,工學院,(一) 02-04 E404教室,50,56,50,限本系,,Computer Organization,中文,https://webap0.ncue.edu.tw/DEANV2/UploadDEAN/SUBJECT/1151/53026_1EIEL0033430.pdf,https://webapss.ncue.edu.tw/Teacher/Reports/OB020.aspx?yms_year=115&yms_sms=1&emp_id=0000873
470,53025,電子一,程式設計,,系必修,,否,3,鄭傑元,教學一館,(五) 06-08 教學一館33204,50,0,0,限本班,此課程供國際專修部學生優先選課。Priority enrollment for students of the International Foundation Program.,Programming Design,中文,https://webap0.ncue.edu.tw/DEANV2/UploadDEAN/SUBJECT/1151/53025_1EIEL0031030.pdf,https://webapss.ncue.edu.tw/Teacher/Reports/OB020.aspx?yms_year=115&yms_sms=1&emp_id=9901285
471,53024,電子一,程式設計,,系必修,,否,3,張孟洲,力行館,(四) 02-04 力行館31102,50,0,0,限本班,,Programming Design,中文,https://webap0.ncue.edu.tw/DEANV2/UploadDEAN/SUBJECT/1151/53024_1EIEL0031030.pdf,https://webapss.ncue.edu.tw/Teacher/Reports/OB020.aspx?yms_year=115&yms_sms=1&emp_id=0000873
472,53023,電子一,計算機概論,,系必修,,否,3,陳冠宏,工學院,(三) 05-07 E404教室,50,0,0,限本班,,Introduction to Computer Science,無,,https://webapss.ncue.edu.tw/Teacher/Reports/OB020.aspx?yms_year=115&yms_sms=1&emp_id=0001198
473,53022,電子一,計算機概論,,系必修,,否,3,孫宗彣,工學院,(三) 02-04 E404教室,50,0,0,限本班,此課程供國際專修部學生優先選課。Priority enrollment for students of the International Foundation Program.,Introduction to Computer Science,中文,https://webap0.ncue.edu.tw/DEANV2/UploadDEAN/SUBJECT/1151/53022_1EIEL0030830.pdf,https://webapss.ncue.edu.tw/Teacher/Reports/OB020.aspx?yms_year=115&yms_sms=1&emp_id=0001234
474,53021,電子二,多媒體與辨識技術,,系選修,,否,3,吳宗益,工學院,(一) 06-08 E406,50,33,33,限本系,,Multimedia and Recognition Techniques,無,,https://webapss.ncue.edu.tw/Teacher/Reports/OB020.aspx?yms_year=115&yms_sms=1&emp_id=9901371
475,53020,電子二,工程數學(二),,系必修,,否,3,洪萬鑄,教學二館,(五) 02-04 34304,50,12,12,限本班,此課程供國際專修部學生優先選課。Priority enrollment for students of the International Foundation Program.,Engineering Mathematics II,中文,https://webap0.ncue.edu.tw/DEANV2/UploadDEAN/SUBJECT/1151/53020_1EIEL0005430.pdf,https://webapss.ncue.edu.tw/Teacher/Reports/OB020.aspx?yms_year=115&yms_sms=1&emp_id=0000785
476,53019,電子二,電路學(二),,系必修,,否,3,張錦法,教學二館,(四) 06-08 34304,50,45,45,限本班,,Circuit Theory II,無,,https://webapss.ncue.edu.tw/Teacher/Reports/OB020.aspx?yms_year=115&yms_sms=1&emp_id=0001153
477,53018,電子二,電路學(二),,系必修,,否,3,張錦法,教學二館,(二) 06-08 34303,50,13,13,限本班,此課程供國際專修部學生優先選課。Priority enrollment for students of the International Foundation Program.,Circuit Theory II,無,,https://webapss.ncue.edu.tw/Teacher/Reports/OB020.aspx?yms_year=115&yms_sms=1&emp_id=0001153
478,53017,電子二,電子學(一),,系必修,,否,3,林得裕,教學二館,(四) 06-08 34204,50,13,13,限本班,此課程供國際專修部學生優先選課。Priority enrollment for students of the International Foundation Program.,Electronics I,中文,https://webap0.ncue.edu.tw/DEANV2/UploadDEAN/SUBJECT/1151/53017_1EIEL0014630.pdf,https://webapss.ncue.edu.tw/Teacher/Reports/OB020.aspx?yms_year=115&yms_sms=1&emp_id=0000717
479,53016,電子二,機率與統計,,系選修,,否,3,陳棟洲,教學二館,(四) 02-04 34204,50,33,33,限本系,,Probability and Statistics,中文,https://webap0.ncue.edu.tw/DEANV2/UploadDEAN/SUBJECT/1151/53016_1EIEL0005530.pdf,https://webapss.ncue.edu.tw/Teacher/Reports/OB020.aspx?yms_year=115&yms_sms=1&emp_id=0000977
480,53015,電子二,工程數學(二),,系必修,,否,3,洪萬鑄,教學二館,(三) 02-04 34204,50,45,45,限本班,,Engineering Mathematics II,中文,https://webap0.ncue.edu.tw/DEANV2/UploadDEAN/SUBJECT/1151/53015_1EIEL0005430.pdf,https://webapss.ncue.edu.tw/Teacher/Reports/OB020.aspx?yms_year=115&yms_sms=1&emp_id=0000785
481,53014,電子二,電子學(一),,系必修,,否,3,孫宗彣,教學二館,(二) 06-08 34304,50,46,46,限本班,,Electronics I,中文,https://webap0.ncue.edu.tw/DEANV2/UploadDEAN/SUBJECT/1151/53014_1EIEL0014630.pdf,https://webapss.ncue.edu.tw/Teacher/Reports/OB020.aspx?yms_year=115&yms_sms=1&emp_id=0001234
482,53013,電子二,近代物理,,系選修,,否,3,陳偉立,教學二館,(一) 05-07 34304,50,33,33,限本系,,Modern Physics,無,,https://webapss.ncue.edu.tw/Teacher/Reports/OB020.aspx?yms_year=115&yms_sms=1&emp_id=0000747
483,53012,國際電子三,電子技術(三),,系必修,,否,2,陳勛祥,工學院,(四) 01-04 EB214,50,17,17,限本班,,Electronic Technology III,中文,https://webap0.ncue.edu.tw/DEANV2/UploadDEAN/SUBJECT/1151/53012_1EIEL0022820.pdf,https://webapss.ncue.edu.tw/Teacher/Reports/OB020.aspx?yms_year=115&yms_sms=1&emp_id=0000783
484,53011,電子三,電子技術(三),,系必修,,否,2,陳勛祥,工學院,(三) 01-04 EB214,50,51,50,限本班,,Electronic Technology III,中文,https://webap0.ncue.edu.tw/DEANV2/UploadDEAN/SUBJECT/1151/53011_1EIEL0022820.pdf,https://webapss.ncue.edu.tw/Teacher/Reports/OB020.aspx?yms_year=115&yms_sms=1&emp_id=0000783
485,53010,電子二,電子技術(一),,系必修,,否,2,林得裕,工學院,(五) 05-08 EB214,50,12,12,限本班,此課程供國際專修部學生優先選課。Priority enrollment for students of the International Foundation Program.,Electronic Technology I,中文,https://webap0.ncue.edu.tw/DEANV2/UploadDEAN/SUBJECT/1151/53010_1EIEL0020320.pdf,https://webapss.ncue.edu.tw/Teacher/Reports/OB020.aspx?yms_year=115&yms_sms=1&emp_id=0000717
486,53009,電子二,電子技術(一),,系必修,,否,2,林得裕,工學院,(五) 01-04 EB214,50,48,48,限本班,,Electronic Technology I,中文,https://webap0.ncue.edu.tw/DEANV2/UploadDEAN/SUBJECT/1151/53009_1EIEL0020320.pdf,https://webapss.ncue.edu.tw/Teacher/Reports/OB020.aspx?yms_year=115&yms_sms=1&emp_id=0000717
487,53008,電子三,半導體元件（二）,,系選修,,否,3,吳正信,教學二館,(二) 06-08 34102,50,41,41,限本系,,Semiconductor Devices II,中文,https://webap0.ncue.edu.tw/DEANV2/UploadDEAN/SUBJECT/1151/53008_1EIEL0161230.pdf,https://webapss.ncue.edu.tw/Teacher/Reports/OB020.aspx?yms_year=115&yms_sms=1&emp_id=0000853
488,53007,國際電子三,電磁學(二),,系必修,,否,3,何明華,教學二館,(一) 07-08 34204 (二) 05 34204,50,18,18,限本班,,Electromagnetics II,無,,https://webapss.ncue.edu.tw/Teacher/Reports/OB020.aspx?yms_year=115&yms_sms=1&emp_id=0000670
489,53006,電子三,電磁學(二),,系必修,,否,3,何明華,教學二館,(一) 05 34204 (二) 03-04 34204,50,54,50,限本系,,Electromagnetics II,無,,https://webapss.ncue.edu.tw/Teacher/Reports/OB020.aspx?yms_year=115&yms_sms=1&emp_id=0000670
490,53005,電子三,電子學(三),,系必修,,否,3,陳勛祥,教學一館,(五) 06-08 33404,70,69,69,限本班,,Electronics III,中文,https://webap0.ncue.edu.tw/DEANV2/UploadDEAN/SUBJECT/1151/53005_1EIEL0015030.pdf,https://webapss.ncue.edu.tw/Teacher/Reports/OB020.aspx?yms_year=115&yms_sms=1&emp_id=0000783
491,53004,電子一,電子工程導論與專業倫理,,系必修,,否,1,柯宗憲何明華,教學一館,(四) 06 33404,110,0,0,限本班,,Introduction to Electronic Engineering and Professional Ethics,無,,https://webapss.ncue.edu.tw/Teacher/Reports/OB020.aspx?yms_year=115&yms_sms=1&emp_id=0001053
492,53003,電子一,微積分(一),,系必修,,否,3,陳偉立,教學一館,(一) 03-04、08 33404,110,0,0,限本班,,Calculus I,無,,https://webapss.ncue.edu.tw/Teacher/Reports/OB020.aspx?yms_year=115&yms_sms=1&emp_id=0000747
493,53002,電子一,普通物理(一),,系必修,,否,3,柯宗憲,教學一館,(二) 02-04 33404,110,0,0,限本班,,General Physics I,無,,https://webapss.ncue.edu.tw/Teacher/Reports/OB020.aspx?yms_year=115&yms_sms=1&emp_id=0001053
494,53001,電子一,生命探索發展與實踐,,校必(通識),,否,2,柯宗憲,教學一館,(二) 08-09 33404,50,0,0,限本班,大二~大四生如要修習，以線上加簽方式,Life and Career Development and Practice,無,,https://webapss.ncue.edu.tw/Teacher/Reports/OB020.aspx?yms_year=115&yms_sms=1&emp_id=0001053
495,52053,電機一,程式設計,,系必修,,否,3,阮昱霖,工學院,(一) 02-04 E504,50,0,0,限本班,,Program Design,中文,https://webap0.ncue.edu.tw/DEANV2/UploadDEAN/SUBJECT/1151/52053_1EIEE0017130.pdf,https://webapss.ncue.edu.tw/Teacher/Reports/OB020.aspx?yms_year=115&yms_sms=1&emp_id=0000994
496,52052,電機碩一,計算機網路,,系選修,,否,3,黃郁文,教學二館,(三) 02-04 34201,30,2,2,限本系,,Computer Network,中文,https://webap0.ncue.edu.tw/DEANV2/UploadDEAN/SUBJECT/1151/52052_1EIEE2135530.pdf,https://webapss.ncue.edu.tw/Teacher/Reports/OB020.aspx?yms_year=115&yms_sms=1&emp_id=0001196
497,52051,電機博二,數位通訊,,系選修,,否,3,陳財榮,工學院,(二) 02-04 E703,20,0,0,限本班,,Digital Communications,中文,https://webap0.ncue.edu.tw/DEANV2/UploadDEAN/SUBJECT/1151/52051_1EIEE3146030.pdf,https://webapss.ncue.edu.tw/Teacher/Reports/OB020.aspx?yms_year=115&yms_sms=1&emp_id=9901265
498,52050,電機碩博,電力電子模擬與分析,,系選修,,否,3,陳良瑞,教學二館,(一) 05-07 34203,20,0,0,限本系,,Power Electronics Simulation and Analysis,無,,https://webapss.ncue.edu.tw/Teacher/Reports/OB020.aspx?yms_year=115&yms_sms=1&emp_id=0000909
499,52049,電機夜碩二,論文,,系必修,,否,0,論文,,,40,0,12,限本系,,Thesis,中文,https://webap0.ncue.edu.tw/DEANV2/UploadDEAN/SUBJECT/1151/52049_1EIEEE002100.pdf,
500,52048,電機夜碩二,論文寫作(一),,系必修,,否,3,王朝興,工學院,(二) 10-12 E702,30,0,12,限本班,,Research Paper Writing(I),中文,https://webap0.ncue.edu.tw/DEANV2/UploadDEAN/SUBJECT/1151/52048_1EIEEE000430.pdf,https://webapss.ncue.edu.tw/Teacher/Reports/OB020.aspx?yms_year=115&yms_sms=1&emp_id=0000765
501,52046,電機夜碩一,切換式電源轉換器,,系選修,,否,3,陳冠炷,工學院,(一) 10-12 E702,60,0,14,限本系,,Switching Mode Power Converters,中文,https://webap0.ncue.edu.tw/DEANV2/UploadDEAN/SUBJECT/1151/52046_1EIEEE162430.pdf,https://webapss.ncue.edu.tw/Teacher/Reports/OB020.aspx?yms_year=115&yms_sms=1&emp_id=0001197
502,52045,電機夜碩一,電機教學與管理專題研究(一),,組必修,,否,1,黃駿賢羅鈞壎,工學院,(四) 12 E703,30,0,4,限本班,,Project of Implementation (I),中文,https://webap0.ncue.edu.tw/DEANV2/UploadDEAN/SUBJECT/1151/52045_1EIEEE149110.pdf,https://webapss.ncue.edu.tw/Teacher/Reports/OB020.aspx?yms_year=115&yms_sms=1&emp_id=0001199
503,52044,電機夜碩一,電機工程專題研究(一),,組必修,,否,1,陳冠炷阮昱霖,工學院,(四) 12 E702,30,0,7,限本班,,Project Research of Electrical Engineering(I),無,,https://webapss.ncue.edu.tw/Teacher/Reports/OB020.aspx?yms_year=115&yms_sms=1&emp_id=0001197
504,52043,電機夜碩一,書報討論(上),,系必修,,否,2,魏忠必,工學院,(四) 10-11 E702,30,0,9,限本班,,Seminar(I),中文,https://webap0.ncue.edu.tw/DEANV2/UploadDEAN/SUBJECT/1151/52043_1EIEEE000120.pdf,https://webapss.ncue.edu.tw/Teacher/Reports/OB020.aspx?yms_year=115&yms_sms=1&emp_id=0000152
505,52042,電機碩博,可重組式晶片系統雛型設計與應用,,系選修,,否,3,黃駿賢,工學院,(三) 05-07 E504,20,1,1,限本系,,Reconfigurable System Prototype Design and Applications,中文,https://webap0.ncue.edu.tw/DEANV2/UploadDEAN/SUBJECT/1151/52042_1EIEE3162830.pdf,https://webapss.ncue.edu.tw/Teacher/Reports/OB020.aspx?yms_year=115&yms_sms=1&emp_id=0001199
506,52041,電機碩博,自動量測系統,,系選修,,否,3,魏忠必,工學院,(四) 05-07 工學院EB211,20,1,1,限本系,,Automatic Measurement System,中文,https://webap0.ncue.edu.tw/DEANV2/UploadDEAN/SUBJECT/1151/52041_1EIEE3143530.pdf,https://webapss.ncue.edu.tw/Teacher/Reports/OB020.aspx?yms_year=115&yms_sms=1&emp_id=0000152
507,52040,電機碩一,人工智慧,,系選修,,否,3,楊文然,教學二館,(三) 02-04 34203,20,1,1,限本系,,Artificial Intelligence,中文,https://webap0.ncue.edu.tw/DEANV2/UploadDEAN/SUBJECT/1151/52040_1EIEE3146330.pdf,https://webapss.ncue.edu.tw/Teacher/Reports/OB020.aspx?yms_year=115&yms_sms=1&emp_id=0000894
508,52039,電機碩一,射頻電路設計,,系選修,,否,3,羅鈞壎,教學二館,(二) 05-07 34101,20,1,1,限本系,,RF Circuit Design,中文,https://webap0.ncue.edu.tw/DEANV2/UploadDEAN/SUBJECT/1151/52039_1EIEE2005230.pdf,https://webapss.ncue.edu.tw/Teacher/Reports/OB020.aspx?yms_year=115&yms_sms=1&emp_id=0000827
509,52038,電機碩一,數位電源設計與應用,,系選修,,否,3,陳冠炷,教學二館,(二) 05-07 34203,20,3,3,限本系,,Design and Applications of Digital Power Supplies,中文,https://webap0.ncue.edu.tw/DEANV2/UploadDEAN/SUBJECT/1151/52038_1EIEE2161030.pdf,https://webapss.ncue.edu.tw/Teacher/Reports/OB020.aspx?yms_year=115&yms_sms=1&emp_id=0001197
510,52037,電機碩一,科技英文寫作,,系選修,,否,3,楊文然,教學二館,(二) 02-04 34301,30,0,0,限本班,,Technical English Writing,中文,https://webap0.ncue.edu.tw/DEANV2/UploadDEAN/SUBJECT/1151/52037_1EIEE2002830.pdf,https://webapss.ncue.edu.tw/Teacher/Reports/OB020.aspx?yms_year=115&yms_sms=1&emp_id=0000894
511,52036,電機碩二,論文,,系必修,,否,0,論文,,,30,12,12,限本系,,Thesis,無,,
512,52035,電機碩二,論文指導(一),,系必修,,否,3,論文,,,30,16,16,限本班,,Thesis Supervision I,無,,
513,52034,電機碩二,專題研討(一),,系必修,,是,2,林昭志,工學院,(五) 05-06 E703,30,16,16,限本班,,Literature Study I,英文,https://webap0.ncue.edu.tw/DEANV2/UploadDEAN/SUBJECT/1151/52034_1EIEE2157920_EN.pdf,https://webapss.ncue.edu.tw/Teacher/Reports/OB020.aspx?yms_year=115&yms_sms=1&emp_id=0001019
514,52033,電機碩一,書報討論(一),,系必修,,是,2,張譽鐘,工學院,(五) 05-06 E702,30,0,0,限本班,,Seminar I,中文,https://webap0.ncue.edu.tw/DEANV2/UploadDEAN/SUBJECT/1151/52033_1EIEE2158120.pdf,https://webapss.ncue.edu.tw/Teacher/Reports/OB020.aspx?yms_year=115&yms_sms=1&emp_id=0000967
515,52032,電機博一,網路通訊協定與效能分析,,系選修,,否,3,鄧德雋,教學二館,(四) 06-08 34203,20,0,0,限本班,,Performance Evaluation of Network Protocols,無,,https://webapss.ncue.edu.tw/Teacher/Reports/OB020.aspx?yms_year=115&yms_sms=1&emp_id=0000888
516,52031,電機博二,論文,,系必修,,否,0,論文,,,50,1,1,限本系,,Thesis,無,,
517,52030,電機博二,論文指導(一),,系必修,,否,3,論文,,,20,1,1,限本班,,Thesis Supervision I,無,,
518,52029,電機博二,專題研討(上),,系必修,,否,2,阮昱霖,工學院,(四) 03-04 E702,20,1,1,限本班,,Literature Study I,中文,https://webap0.ncue.edu.tw/DEANV2/UploadDEAN/SUBJECT/1151/52029_1EIEE1021420.pdf,https://webapss.ncue.edu.tw/Teacher/Reports/OB020.aspx?yms_year=115&yms_sms=1&emp_id=0000994
519,52028,電機博一,書報討論(上),,系必修,,否,2,魏忠必,工學院,(四) 02-03 E703,20,0,0,限本班,,Seminar I,中文,https://webap0.ncue.edu.tw/DEANV2/UploadDEAN/SUBJECT/1151/52028_1EIEE1019920.pdf,https://webapss.ncue.edu.tw/Teacher/Reports/OB020.aspx?yms_year=115&yms_sms=1&emp_id=0000152
520,52027,電機四,無線通訊,,系選修,,否,3,林昭志,工學院,(五) 02-04 E504,50,11,11,限本系,,Wireless Communications,中文,https://webap0.ncue.edu.tw/DEANV2/UploadDEAN/SUBJECT/1151/52027_1EIEE0139930.pdf,https://webapss.ncue.edu.tw/Teacher/Reports/OB020.aspx?yms_year=115&yms_sms=1&emp_id=0001019
521,52026,電機四,光電子學,,系選修,,否,3,陳金嘉,教學二館,(四) 02-04 34302,50,13,13,限本系,,Optoelectronics and Photonics,中文,https://webap0.ncue.edu.tw/DEANV2/UploadDEAN/SUBJECT/1151/52026_1EIEE0152030.pdf,https://webapss.ncue.edu.tw/Teacher/Reports/OB020.aspx?yms_year=115&yms_sms=1&emp_id=9901170
522,52025,電機四,數位電源系統,,系選修,,否,3,陳冠炷,教學二館,(三) 02-04 34303,50,13,13,限本系,,Digital Power System,中文,https://webap0.ncue.edu.tw/DEANV2/UploadDEAN/SUBJECT/1151/52025_1EIEE0161430.pdf,https://webapss.ncue.edu.tw/Teacher/Reports/OB020.aspx?yms_year=115&yms_sms=1&emp_id=0001197
523,52024,電機四,影像處理,,系選修,,否,3,陳雍宗,教學一館,(一) 02-04 教學一館33204,50,20,20,限本系,,Image Processing,中文,https://webap0.ncue.edu.tw/DEANV2/UploadDEAN/SUBJECT/1151/52024_1EIEE0154130.pdf,https://webapss.ncue.edu.tw/Teacher/Reports/OB020.aspx?yms_year=115&yms_sms=1&emp_id=9901297
524,52023,電機四,研發實作專題(二),,系必修,,否,2,黃駿賢王朝興魏忠必,工學院,(一) 09 E511 (三) 09 E511 (四) 09 E511 (五) 09 E511,50,11,11,限本班,,Special Topic for Research II,中文,https://webap0.ncue.edu.tw/DEANV2/UploadDEAN/SUBJECT/1151/52023_1EIEE0011820.pdf,https://webapss.ncue.edu.tw/Teacher/Reports/OB020.aspx?yms_year=115&yms_sms=1&emp_id=0001199
525,52022,電機四,產業實作專題(二),,系必修,,否,2,陳冠炷羅鈞壎阮昱霖陳良瑞,工學院,(一) 09 E703 (三) 09 E703 (四) 09 E703 (五) 09 E703,50,13,13,限本班,,Special Topic for Industry II,中文,https://webap0.ncue.edu.tw/DEANV2/UploadDEAN/SUBJECT/1151/52022_1EIEE0011520.pdf,https://webapss.ncue.edu.tw/Teacher/Reports/OB020.aspx?yms_year=115&yms_sms=1&emp_id=0001197
526,52021,電機四,系統實作專題(二),,系必修,,否,2,黃郁文張譽鐘林昭志,工學院,(一) 09 E702 (三) 09 E702 (四) 09 E702 (五) 09 E702,50,11,11,限本班,,Special Topic for Systems II,中文,https://webap0.ncue.edu.tw/DEANV2/UploadDEAN/SUBJECT/1151/52021_1EIEE0011220.pdf,https://webapss.ncue.edu.tw/Teacher/Reports/OB020.aspx?yms_year=115&yms_sms=1&emp_id=0001196
527,52020,電機三,深度學習,,系選修,,否,3,黃駿賢,工學院,(四) 02-04 E504,50,42,42,限本系,,Deep Learning,中文,https://webap0.ncue.edu.tw/DEANV2/UploadDEAN/SUBJECT/1151/52020_1EIEE0153730.pdf,https://webapss.ncue.edu.tw/Teacher/Reports/OB020.aspx?yms_year=115&yms_sms=1&emp_id=0001199
528,52019,電機三,電力電子學,,系選修,,否,3,阮昱霖,教學二館,(三) 05-07 34302,50,38,38,限本班,,Power Electronics,中文,https://webap0.ncue.edu.tw/DEANV2/UploadDEAN/SUBJECT/1151/52019_1EIEE0012630.pdf,https://webapss.ncue.edu.tw/Teacher/Reports/OB020.aspx?yms_year=115&yms_sms=1&emp_id=0000994
529,52018,電機三,專題規劃與研究,,系必修,,否,1,王朝興,工學院,(二) 09 E702,50,39,39,限本班,,Planning and Research for Special Topic,中文,https://webap0.ncue.edu.tw/DEANV2/UploadDEAN/SUBJECT/1151/52018_1EIEE0157310.pdf,https://webapss.ncue.edu.tw/Teacher/Reports/OB020.aspx?yms_year=115&yms_sms=1&emp_id=0000765
530,52017,電機三,軟硬體共同設計,,系選修,,否,3,黃駿賢,工學院,(二) 05-07 E504,50,46,46,限本系,,Hardware Software Codesign,中文,https://webap0.ncue.edu.tw/DEANV2/UploadDEAN/SUBJECT/1151/52017_1EIEE0160030.pdf,https://webapss.ncue.edu.tw/Teacher/Reports/OB020.aspx?yms_year=115&yms_sms=1&emp_id=0001199
531,52016,電機三,通訊導論,,系選修,,否,3,黃郁文,教學二館,(二) 05-07 34301,50,5,5,限本系,,Introduction to Communication,中文,https://webap0.ncue.edu.tw/DEANV2/UploadDEAN/SUBJECT/1151/52016_1EIEE0013830.pdf,https://webapss.ncue.edu.tw/Teacher/Reports/OB020.aspx?yms_year=115&yms_sms=1&emp_id=0001196
532,52015,電機三,介面電路應用與開發,,系選修,,否,3,阮昱霖,工學院,(二) 02-04 E504,50,23,23,限本班,,Interface Circuit Applications and Development,中文,https://webap0.ncue.edu.tw/DEANV2/UploadDEAN/SUBJECT/1151/52015_1EIEE0160630.pdf,https://webapss.ncue.edu.tw/Teacher/Reports/OB020.aspx?yms_year=115&yms_sms=1&emp_id=0000994
533,52014,電機三,電機機械與技術,,系必修,,否,3,魏忠必,教學二館,(三) 02-04 34302,50,47,47,限本班,,Electric Machinery and Technology,中文,https://webap0.ncue.edu.tw/DEANV2/UploadDEAN/SUBJECT/1151/52014_1EIEE0156830.pdf,https://webapss.ncue.edu.tw/Teacher/Reports/OB020.aspx?yms_year=115&yms_sms=1&emp_id=0000152
534,52013,電機三,電磁學(二),,系必修,,否,3,羅鈞壎,教學二館,(四) 05-07 34301,50,45,45,限本班,,Electromagnetics II,中文,https://webap0.ncue.edu.tw/DEANV2/UploadDEAN/SUBJECT/1151/52013_1EIEE0004830.pdf,https://webapss.ncue.edu.tw/Teacher/Reports/OB020.aspx?yms_year=115&yms_sms=1&emp_id=0000827
535,52012,電機三,控制系統,,系必修,,否,3,鍾翼能,教學二館,(一) 06-08 34303,50,47,47,限本班,,Control System,中文,https://webap0.ncue.edu.tw/DEANV2/UploadDEAN/SUBJECT/1151/52012_1EIEE0012030.pdf,https://webapss.ncue.edu.tw/Teacher/Reports/OB020.aspx?yms_year=115&yms_sms=1&emp_id=9900354
536,52011,電機二,近代物理,,系選修,,否,3,張譽鐘,教學二館,(五) 02-04 34302,50,52,50,限本系,,Modern Physics,中文,https://webap0.ncue.edu.tw/DEANV2/UploadDEAN/SUBJECT/1151/52011_1EIEE0004330.pdf,https://webapss.ncue.edu.tw/Teacher/Reports/OB020.aspx?yms_year=115&yms_sms=1&emp_id=0000967
537,52010,電機二,邏輯設計與技術,,系必修,,否,3,王朝興,教學二館,(四) 02-04 34301,50,48,48,限本班,,Logic Design and Technology,中文,https://webap0.ncue.edu.tw/DEANV2/UploadDEAN/SUBJECT/1151/52010_1EIEE0156730.pdf,https://webapss.ncue.edu.tw/Teacher/Reports/OB020.aspx?yms_year=115&yms_sms=1&emp_id=0000765
538,52009,電機二,工程數學(二),,系必修,,否,3,羅鈞壎,教學二館,(三) 05-07 34204,50,48,48,限本班,,Engineering Mathematics II,中文,https://webap0.ncue.edu.tw/DEANV2/UploadDEAN/SUBJECT/1151/52009_1EIEE0003330.pdf,https://webapss.ncue.edu.tw/Teacher/Reports/OB020.aspx?yms_year=115&yms_sms=1&emp_id=0000827
539,52008,電機二,電路學(二),,系必修,,否,3,王朝興,教學二館,(三) 02-04 34301,50,48,48,限本班,,Circuit Theory II,中文,https://webap0.ncue.edu.tw/DEANV2/UploadDEAN/SUBJECT/1151/52008_1EIEE0007130.pdf,https://webapss.ncue.edu.tw/Teacher/Reports/OB020.aspx?yms_year=115&yms_sms=1&emp_id=0000765
540,52007,電機二,電子技術(一),,系必修,,否,2,林昭志,工學院,(二) 05-08 EB214,50,47,47,限本班,,Electronic Technology I,中文,https://webap0.ncue.edu.tw/DEANV2/UploadDEAN/SUBJECT/1151/52007_1EIEE0010120.pdf,https://webapss.ncue.edu.tw/Teacher/Reports/OB020.aspx?yms_year=115&yms_sms=1&emp_id=0001019
541,52006,電機二,電子學(一),,系必修,,否,3,陳冠炷,教學二館,(一) 02-04 34301,50,47,47,限本班,,Electronics I,中文,https://webap0.ncue.edu.tw/DEANV2/UploadDEAN/SUBJECT/1151/52006_1EIEE0006830.pdf,https://webapss.ncue.edu.tw/Teacher/Reports/OB020.aspx?yms_year=115&yms_sms=1&emp_id=0001197
542,52005,電機一,普通物理,,系必修,,否,3,張譽鐘,教學二館,(四) 05-07 34303,50,0,0,限本班,,General Physics,中文,https://webap0.ncue.edu.tw/DEANV2/UploadDEAN/SUBJECT/1151/52005_1EIEE0153430.pdf,https://webapss.ncue.edu.tw/Teacher/Reports/OB020.aspx?yms_year=115&yms_sms=1&emp_id=0000967
543,52004,電機一,計算機概論,,系必修,,否,3,楊文然,教學二館,(三) 05-07 34301,50,0,0,限本班,,Introduction to Computer Science,中文,https://webap0.ncue.edu.tw/DEANV2/UploadDEAN/SUBJECT/1151/52004_1EIEE0016930.pdf,https://webapss.ncue.edu.tw/Teacher/Reports/OB020.aspx?yms_year=115&yms_sms=1&emp_id=0000894
544,52003,電機一,微積分(一),,系必修,,否,3,黃郁文,教學二館,(一) 05-07 34301,50,0,0,限本班,,Calculus I,中文,https://webap0.ncue.edu.tw/DEANV2/UploadDEAN/SUBJECT/1151/52003_1EIEE0003830.pdf,https://webapss.ncue.edu.tw/Teacher/Reports/OB020.aspx?yms_year=115&yms_sms=1&emp_id=0001196
545,52001,電機一,生命探索發展與實踐,,校必(通識),,否,2,王可文,教學二館,(三) 03-04 34102,50,0,0,限本班,大二~大四生如要修習，以線上加簽方式,Life and Career Development and Practice,中文,https://webap0.ncue.edu.tw/DEANV2/UploadDEAN/SUBJECT/1151/52001_0CCGE0177920.pdf,https://webapss.ncue.edu.tw/Teacher/Reports/OB020.aspx?yms_year=115&yms_sms=1&emp_id=0000923
546,51038,機電夜碩二,論文,,系必修,,否,0,論文,,,60,0,3,限本系,註冊未修課(延畢生)及本學期要提論文口試者必選,Thesis,中文,https://webap0.ncue.edu.tw/DEANV2/UploadDEAN/SUBJECT/1151/51038_1EIMEE023100.pdf,
547,51037,機電夜碩二,研究專題(二),,系必修,,否,2,沈志雄謝秉澂林俊佑陳淑容曾立維王可文,工學院,(六) 10-11 E205,50,0,11,限本系,,Project of Research II,中文,https://webap0.ncue.edu.tw/DEANV2/UploadDEAN/SUBJECT/1151/51037_1EIMEE163620.pdf,https://webapss.ncue.edu.tw/Teacher/Reports/OB020.aspx?yms_year=115&yms_sms=1&emp_id=0000742
548,51036,機電夜碩一,書報討論(一),,系必修,,否,2,林俊佑謝秉澂周咏蒨徐啟華曾立維沈志雄王可文,工學院,(二) 10-11 E205,54,0,11,限本系,,Seminar I,中文,https://webap0.ncue.edu.tw/DEANV2/UploadDEAN/SUBJECT/1151/51036_1EIMEE019220.pdf,https://webapss.ncue.edu.tw/Teacher/Reports/OB020.aspx?yms_year=115&yms_sms=1&emp_id=0000856
549,51035,機電夜碩一,半導體產業與技術,,系選修,,否,3,賴永齡,工學院,(五) 10-12 E205,54,0,21,限本系,,Semiconductor Industry and Technology,無,,https://webapss.ncue.edu.tw/Teacher/Reports/OB020.aspx?yms_year=115&yms_sms=1&emp_id=0000687
550,51034,機電夜碩一,機電產品可靠度工程分析,,系選修,,否,3,鍾官榮,工學院,(一) 10-12 E205,54,0,20,限本系,,Reliability analysis for mechatronics products,中文,https://webap0.ncue.edu.tw/DEANV2/UploadDEAN/SUBJECT/1151/51034_1EIMEE157830.pdf,https://webapss.ncue.edu.tw/Teacher/Reports/OB020.aspx?yms_year=115&yms_sms=1&emp_id=0000903
551,51033,機電博二,論文,,系必修,,否,0,論文,,,60,2,2,限本系,註冊未修課(延畢生)及本學期要提論文口試者必選,Thesis,無,,
552,51032,機電碩二,論文,,系必修,,否,0,論文,,,70,7,7,限本系,註冊未修課(延畢生)及本學期要提論文口試者必選,Thesis,無,,
553,51031,機電碩博,論文指導(一),,系必修,,否,3,論文,,,60,14,14,限本系,,Thesis Supervision I,無,,
554,51030,機電碩博,書報討論(一),,系必修,,否,1,林義成,工學院,(四) 06-07 EB226,36,0,0,限本系,,Seminar I,中文,https://webap0.ncue.edu.tw/DEANV2/UploadDEAN/SUBJECT/1151/51030_1EIME3146510.pdf,https://webapss.ncue.edu.tw/Teacher/Reports/OB020.aspx?yms_year=115&yms_sms=1&emp_id=0000414
555,51029,機電碩博,精密機械,,系選修,,否,3,曾立維,教學一館,(四) 02-04 33402教室,60,6,6,限本系,,Precision Machinery,中文,https://webap0.ncue.edu.tw/DEANV2/UploadDEAN/SUBJECT/1151/51029_1EIME3159630.pdf,https://webapss.ncue.edu.tw/Teacher/Reports/OB020.aspx?yms_year=115&yms_sms=1&emp_id=0001102
556,51028,機電碩博,機械振動學,,系選修,,否,3,曾立維,教學一館,(三) 02-04 33401教室,60,0,0,限本系,,Mechanical Vibration,中文,https://webap0.ncue.edu.tw/DEANV2/UploadDEAN/SUBJECT/1151/51028_1EIME3154330.pdf,https://webapss.ncue.edu.tw/Teacher/Reports/OB020.aspx?yms_year=115&yms_sms=1&emp_id=0001102
557,51027,機電碩博,半導體製程,,系選修,,否,3,王可文,教學二館,(二) 06-08 34302,70,2,2,限本系,,Semiconductor Processes,英文,https://webap0.ncue.edu.tw/DEANV2/UploadDEAN/SUBJECT/1151/51027_1EIME3152730_EN.pdf,https://webapss.ncue.edu.tw/Teacher/Reports/OB020.aspx?yms_year=115&yms_sms=1&emp_id=0000923
558,51026,機電碩博,C#程式設計,,系選修,,否,3,周咏蒨,工學院,(二) 02-04 E205,54,0,0,限本系,,C# Programming,中文,https://webap0.ncue.edu.tw/DEANV2/UploadDEAN/SUBJECT/1151/51026_1EIME3166730.pdf,https://webapss.ncue.edu.tw/Teacher/Reports/OB020.aspx?yms_year=115&yms_sms=1&emp_id=0001217
559,51025,機電碩博,可靠度工程(一),,系選修,,是,3,鍾官榮,教學一館,(五) 02-04 33402教室,60,0,0,限本系,,Reliability Engineering I,中文,https://webap0.ncue.edu.tw/DEANV2/UploadDEAN/SUBJECT/1151/51025_1EIME3156530.pdf,https://webapss.ncue.edu.tw/Teacher/Reports/OB020.aspx?yms_year=115&yms_sms=1&emp_id=0000903
560,51024,機電四,電腦與控制專題(二),,系必修,,否,3,李建興謝秉澂曾立維,工學院,(六) 01-06 E330會議室,50,14,14,限本系,,Specialized Topics of Computer and Control II,中文,https://webap0.ncue.edu.tw/DEANV2/UploadDEAN/SUBJECT/1151/51024_1EIME0146430.pdf,https://webapss.ncue.edu.tw/Teacher/Reports/OB020.aspx?yms_year=115&yms_sms=1&emp_id=0001187
561,51023,機電四,機電整合專題(二),,系必修,,否,3,鍾官榮周咏蒨徐啟華王可文,工學院,(六) 01-06 E325會議室,50,17,17,限本系,,Specialized Topics of Mechatronics II,中文,https://webap0.ncue.edu.tw/DEANV2/UploadDEAN/SUBJECT/1151/51023_1EIME0145330.pdf,https://webapss.ncue.edu.tw/Teacher/Reports/OB020.aspx?yms_year=115&yms_sms=1&emp_id=0000903
562,51022,機電四,光電元件與系統專題(二),,系必修,,否,3,林俊佑林義成陳淑容沈志雄,工學院,(六) 01-06 E223會議室,50,12,12,限本系,,Specialized Topics of Photonic Elements and Systems II,中文,https://webap0.ncue.edu.tw/DEANV2/UploadDEAN/SUBJECT/1151/51022_1EIME0146330.pdf,https://webapss.ncue.edu.tw/Teacher/Reports/OB020.aspx?yms_year=115&yms_sms=1&emp_id=0000856
563,51021,機電三,半導體物理與元件,,系選修,,否,3,賴永齡,教學二館,(五) 06-08 34103,70,25,25,限本系,,Semiconductor Physics and Device,無,,https://webapss.ncue.edu.tw/Teacher/Reports/OB020.aspx?yms_year=115&yms_sms=1&emp_id=0000687
564,51020,機電三,機械設計,,系選修,,否,3,陳淑容,工學院,(五) 02-04 E205,54,47,47,限本系,,Machinery Design,中文,https://webap0.ncue.edu.tw/DEANV2/UploadDEAN/SUBJECT/1151/51020_1EIME0007030.pdf,https://webapss.ncue.edu.tw/Teacher/Reports/OB020.aspx?yms_year=115&yms_sms=1&emp_id=0000243
565,51019,機電三,機電系統實務,,系選修,,否,2,柯錫卿,工學院,(四) 05-08 E205,54,38,38,限本系,,Mechatronics System Workshop,中英,https://webap0.ncue.edu.tw/DEANV2/UploadDEAN/SUBJECT/1151/51019_1EIME0165320.pdf,https://webapss.ncue.edu.tw/Teacher/Reports/OB020.aspx?yms_year=115&yms_sms=1&emp_id=9901216
566,51018,機電三,影像與信號處理,,系必修,,否,3,謝秉澂,工學院,(四) 02-04 工學院EB211,61,51,51,限本系,,Image and Signals Processing,中文,https://webap0.ncue.edu.tw/DEANV2/UploadDEAN/SUBJECT/1151/51018_1EIME0164030.pdf,https://webapss.ncue.edu.tw/Teacher/Reports/OB020.aspx?yms_year=115&yms_sms=1&emp_id=0001160
567,51017,機電三,數值分析,,系選修,,否,3,徐啟華李建興,工學院,(三) 06-08 E205,54,44,44,限本系,,Numerical Analysis,中文,https://webap0.ncue.edu.tw/DEANV2/UploadDEAN/SUBJECT/1151/51017_1EIME0001230.pdf,https://webapss.ncue.edu.tw/Teacher/Reports/OB020.aspx?yms_year=115&yms_sms=1&emp_id=0001176
568,51016,機電三,自動控制,,系必修,,否,3,謝秉澂,工學院,(三) 02-04 工學院EB211,61,48,48,限本系,,Automatic Control,中文,https://webap0.ncue.edu.tw/DEANV2/UploadDEAN/SUBJECT/1151/51016_1EIME0007330.pdf,https://webapss.ncue.edu.tw/Teacher/Reports/OB020.aspx?yms_year=115&yms_sms=1&emp_id=0001160
569,51015,機電三,熱流學,,系選修,,否,3,鍾官榮,教學二館,(一) 06-08 34302,70,14,14,限本系,,Thermo-Fluid Science,中文,https://webap0.ncue.edu.tw/DEANV2/UploadDEAN/SUBJECT/1151/51015_1EIME0015830.pdf,https://webapss.ncue.edu.tw/Teacher/Reports/OB020.aspx?yms_year=115&yms_sms=1&emp_id=0000903
570,51014,機電三,深度學習,,系必修,,否,3,沈志雄,工學院,(二) 02-04 工學院EB211,61,54,54,限本系,,Deep Learning,無,,https://webapss.ncue.edu.tw/Teacher/Reports/OB020.aspx?yms_year=115&yms_sms=1&emp_id=0000742
571,51013,機電二,電磁學(一),,系必修,,否,3,賴永齡,教學二館,(五) 02-04 34103,70,40,40,限本系,,Electromagnetics I,無,,https://webapss.ncue.edu.tw/Teacher/Reports/OB020.aspx?yms_year=115&yms_sms=1&emp_id=0000687
572,51012,機電二,電子學(一),,系必修,,否,3,林俊佑,教學二館,(四) 06-08 34302,70,44,44,限本系,,Electronics I,中文,https://webap0.ncue.edu.tw/DEANV2/UploadDEAN/SUBJECT/1151/51012_1EIME0008030.pdf,https://webapss.ncue.edu.tw/Teacher/Reports/OB020.aspx?yms_year=115&yms_sms=1&emp_id=0000856
573,51011,機電二,機動學,,系選修,,否,3,徐啟華,工學院,(四) 02-04 E205,54,38,38,限本系,,Mechanism,中文,https://webap0.ncue.edu.tw/DEANV2/UploadDEAN/SUBJECT/1151/51011_1EIME0006130.pdf,https://webapss.ncue.edu.tw/Teacher/Reports/OB020.aspx?yms_year=115&yms_sms=1&emp_id=0001176
574,51010,機電二,工程材料,,系選修,,否,3,林義成,教學二館,(五) 06-08 34204,50,37,37,限本系,,Engineering Materials,中文,https://webap0.ncue.edu.tw/DEANV2/UploadDEAN/SUBJECT/1151/51010_1EIME0165230.pdf,https://webapss.ncue.edu.tw/Teacher/Reports/OB020.aspx?yms_year=115&yms_sms=1&emp_id=0000414
575,51009,機電二,工程數學(一),,系必修,,是,3,李建興,教學一館,(三) 02-04 33402教室,70,41,41,限本系,,Engineering Mathematics I,英文,https://webap0.ncue.edu.tw/DEANV2/UploadDEAN/SUBJECT/1151/51009_1EIME0000830_EN.pdf,https://webapss.ncue.edu.tw/Teacher/Reports/OB020.aspx?yms_year=115&yms_sms=1&emp_id=0001187
576,51008,機電二,動力學,,系選修,,否,3,曾立維,教學一館,(二) 06-08 33402教室,70,42,42,限本系,,Dynamics,中文,https://webap0.ncue.edu.tw/DEANV2/UploadDEAN/SUBJECT/1151/51008_1EIME0007230.pdf,https://webapss.ncue.edu.tw/Teacher/Reports/OB020.aspx?yms_year=115&yms_sms=1&emp_id=0001102
577,51007,機電二,感測與訊號處理,,系必修,,否,3,徐啟華,工學院,(一) 06-08 工學院EB211,61,41,41,限本系,,Sensing and Signal Processing,中文,https://webap0.ncue.edu.tw/DEANV2/UploadDEAN/SUBJECT/1151/51007_1EIME0163830.pdf,https://webapss.ncue.edu.tw/Teacher/Reports/OB020.aspx?yms_year=115&yms_sms=1&emp_id=0001176
578,51006,機電一,微積分(一),,系必修,,否,3,鍾官榮,教學一館,(五) 05-07 33402教室,70,0,0,限本班,,Calculus I,中文,https://webap0.ncue.edu.tw/DEANV2/UploadDEAN/SUBJECT/1151/51006_1EIME0001530.pdf,https://webapss.ncue.edu.tw/Teacher/Reports/OB020.aspx?yms_year=115&yms_sms=1&emp_id=0000903
579,51005,機電一,基本電學,,系必修,,否,3,沈志雄,教學一館,(一) 06-08 33402教室,70,0,0,限本班,,Fundamental Electronics,無,,https://webapss.ncue.edu.tw/Teacher/Reports/OB020.aspx?yms_year=115&yms_sms=1&emp_id=0000742
580,51004,機電一,工程圖學與電腦輔助繪圖,,系必修,,否,2,陳淑容,工學院,(二) 06-09 工學院EB211,61,0,0,限本班,,Engineering Graphics and Computer-Aided Drafting,中文,https://webap0.ncue.edu.tw/DEANV2/UploadDEAN/SUBJECT/1151/51004_1EIME0005220.pdf,https://webapss.ncue.edu.tw/Teacher/Reports/OB020.aspx?yms_year=115&yms_sms=1&emp_id=0000243
581,51003,機電一,計算機概論,,系必修,,否,3,周咏蒨徐啟華,教學一館,(四) 06-08 33402教室,70,0,0,限本班,,Introduction to Computer Science,中文,https://webap0.ncue.edu.tw/DEANV2/UploadDEAN/SUBJECT/1151/51003_1EIME0016730.pdf,https://webapss.ncue.edu.tw/Teacher/Reports/OB020.aspx?yms_year=115&yms_sms=1&emp_id=0001217
582,51002,機電一,普通物理,,系必修,,否,3,王可文,教學一館,(三) 06-08 33402教室,70,0,0,限本班,,General Physics,中文,https://webap0.ncue.edu.tw/DEANV2/UploadDEAN/SUBJECT/1151/51002_1EIME0002130.pdf,https://webapss.ncue.edu.tw/Teacher/Reports/OB020.aspx?yms_year=115&yms_sms=1&emp_id=0000923
583,51001,機電一,生命探索發展與實踐,,校必(通識),,否,2,王可文林俊佑,教學一館,(二) 03-04 33402教室,50,0,0,限本班,大二~大四生如要修習，以線上加簽方式,Life and Career Development and Practice,中文,https://webap0.ncue.edu.tw/DEANV2/UploadDEAN/SUBJECT/1151/51001_0CCGE0177920.pdf,https://webapss.ncue.edu.tw/Teacher/Reports/OB020.aspx?yms_year=115&yms_sms=1&emp_id=0000923
584,4A022,歷碩二,歷史科教材教法,,系選修,,否,2,李進億,白沙大樓,(二) 07-08 立心書室,20,4,4,限本系,,The Methods of History Teaching and Learning,中文,https://webap0.ncue.edu.tw/DEANV2/UploadDEAN/SUBJECT/1151/4A022_1ARHG2003820.pdf,https://webapss.ncue.edu.tw/Teacher/Reports/OB020.aspx?yms_year=115&yms_sms=1&emp_id=0001092
585,4A021,歷史與文化產業學分學程,地方文史創意導覽,,系選修,,否,2,胡其瑞,教學大樓,(二) 07-08 T206,50,12,12,可跨班系,,Creative Tour Guide of Local History,中文,https://webap0.ncue.edu.tw/DEANV2/UploadDEAN/SUBJECT/1151/4A021_1ARHG0112520.pdf,https://webapss.ncue.edu.tw/Teacher/Reports/OB020.aspx?yms_year=115&yms_sms=1&emp_id=0001165
586,4A020,歷史與文化產業學分學程,觀光日語,,系選修,,否,2,賈志琳,教學大樓,(四) 07-08 T206,50,24,24,可跨班系,,tourism Japanese,中文,https://webap0.ncue.edu.tw/DEANV2/UploadDEAN/SUBJECT/1151/4A020_1ARHG0123420.pdf,https://webapss.ncue.edu.tw/Teacher/Reports/OB020.aspx?yms_year=115&yms_sms=1&emp_id=9901230
587,4A019,歷史與文化產業學分學程,基礎日文,,系選修,,否,2,賈志琳,教學大樓,(四) 05-06 T305,50,19,19,可跨班系,,Basic Japanese,中文,https://webap0.ncue.edu.tw/DEANV2/UploadDEAN/SUBJECT/1151/4A019_1ARHG0123320.pdf,https://webapss.ncue.edu.tw/Teacher/Reports/OB020.aspx?yms_year=115&yms_sms=1&emp_id=9901230
588,4A018,歷史與文化產業學分學程,台灣民間信仰,,系選修,,否,2,邱正畧,教學大樓,(五) 03-04 T001,50,11,11,可跨班系,,Taiwanese folk beliefs,中英,https://webap0.ncue.edu.tw/DEANV2/UploadDEAN/SUBJECT/1151/4A018_1ARHG0116820.pdf,https://webapss.ncue.edu.tw/Teacher/Reports/OB020.aspx?yms_year=115&yms_sms=1&emp_id=9901053
589,4A017,歷史與文化產業學分學程,中日文化人類學,,系選修,,否,2,葉漢鰲,教學大樓,(四) 03-04 T001,50,0,0,可跨班系,,,無,,https://webapss.ncue.edu.tw/Teacher/Reports/OB020.aspx?yms_year=115&yms_sms=1&emp_id=9900489
590,4A016,歷史與文化產業學分學程,中國中古史,,系選修,,否,2,陳文豪,教學大樓,(三) 05-06 T301,50,9,9,可跨班系,,The  history in  medieval China,中文,https://webap0.ncue.edu.tw/DEANV2/UploadDEAN/SUBJECT/1151/4A016_1ARHG0116220.pdf,https://webapss.ncue.edu.tw/Teacher/Reports/OB020.aspx?yms_year=115&yms_sms=1&emp_id=9901128
591,4A015,歷史與文化產業學分學程,中國考古發現與文明,,系選修,,否,2,陳文豪,教學大樓,(二) 05-06 T301,50,7,7,可跨班系,,Chinese archaeological finds and Civilization,中文,https://webap0.ncue.edu.tw/DEANV2/UploadDEAN/SUBJECT/1151/4A015_1ARHG0111420.pdf,https://webapss.ncue.edu.tw/Teacher/Reports/OB020.aspx?yms_year=115&yms_sms=1&emp_id=9901128
592,4A014,歷史與文化產業學分學程,文史GIS與數位典藏,,系選修,,否,3,李進億,白沙大樓,(四) 02-04 歷史地圖繪製室,18,11,11,可跨班系,,Historical GIS and Digitalarchives,中文,https://webap0.ncue.edu.tw/DEANV2/UploadDEAN/SUBJECT/1151/4A014_1ARHG0112830.pdf,https://webapss.ncue.edu.tw/Teacher/Reports/OB020.aspx?yms_year=115&yms_sms=1&emp_id=0001092
593,4A013,歷史與文化產業學分學程,博物館學概論,,系選修,,否,2,莊世滋,教學大樓,(五) 05-06 T205,50,6,6,可跨班系,,Museology,中文,https://webap0.ncue.edu.tw/DEANV2/UploadDEAN/SUBJECT/1151/4A013_1ARHG0114020.pdf,https://webapss.ncue.edu.tw/Teacher/Reports/OB020.aspx?yms_year=115&yms_sms=1&emp_id=0000808
594,4A012,歷碩三,論文指導(二),,系必修,,否,3,論文,,,20,0,0,限本系,,Thesis Supervision II,無,,
595,4A011,歷碩三,論文指導(一),,系必修,,否,3,論文,,,20,1,1,限本系,,Thesis Supervision I,無,,
596,4A010,歷碩三,論文,,系必修,,否,0,論文,,,20,0,0,限本系,,Thesis,無,,
597,4A009,歷碩二,日文史學名著選讀(一),,系選修,,否,2,葉漢鰲,白沙大樓,(一) 03-04 立命書室,20,0,0,可跨班系,,Selective Readings of Works on Japanese History (I),無,,https://webapss.ncue.edu.tw/Teacher/Reports/OB020.aspx?yms_year=115&yms_sms=1&emp_id=9900489
598,4A008,歷碩二,台灣早期歷史地理專題研究,,系選修,,否,3,翁佳音,白沙大樓,(五) 06-08 立命書室,20,4,4,限本系,,Seminar on Early Modern History and Geography of Taiwan,無,,https://webapss.ncue.edu.tw/Teacher/Reports/OB020.aspx?yms_year=115&yms_sms=1&emp_id=9901242
599,4A007,歷碩二,明清區域史專題研究,,系選修,,否,3,李華彥,白沙大樓,(一) 02-04 立心書室,20,4,4,限本系,,Regional History of the Ming and Qing Dynasties.,中文,https://webap0.ncue.edu.tw/DEANV2/UploadDEAN/SUBJECT/1151/4A007_1ARHG2109530.pdf,https://webapss.ncue.edu.tw/Teacher/Reports/OB020.aspx?yms_year=115&yms_sms=1&emp_id=0001191
600,4A006,歷碩二,數位典藏與宗教文化專題研究,,系選修,,否,3,胡其瑞,白沙大樓,(三) 06-08 立命書室,20,2,2,限本系,,Special Research on Digital Archiving and Religious Culture,中文,https://webap0.ncue.edu.tw/DEANV2/UploadDEAN/SUBJECT/1151/4A006_1ARHG2118230.pdf,https://webapss.ncue.edu.tw/Teacher/Reports/OB020.aspx?yms_year=115&yms_sms=1&emp_id=0001165
601,4A005,歷碩二,台灣平埔族地權專題研究,,系選修,,否,3,李宗信,白沙大樓,(五) 02-04 立心書室,20,2,2,限本系,,Studies on the Land Rights of Pingpu People,無,,https://webapss.ncue.edu.tw/Teacher/Reports/OB020.aspx?yms_year=115&yms_sms=1&emp_id=0001007
602,4A004,歷碩一,明清人物專題探討,,系選修,,否,3,李華彥,白沙大樓,(三) 05-07 立心書室,20,6,6,限本系,,Special Study on Figures of the Ming and Qing Dynasties,無,,https://webapss.ncue.edu.tw/Teacher/Reports/OB020.aspx?yms_year=115&yms_sms=1&emp_id=0001191
603,4A003,歷碩一,台灣博物館學專題研究,,系選修,,否,3,莊世滋,白沙大樓,(三) 02-04 立命書室,20,3,3,限本系,,Special Topics on Taiwan Museology,中文,https://webap0.ncue.edu.tw/DEANV2/UploadDEAN/SUBJECT/1151/4A003_1ARHG2104630.pdf,https://webapss.ncue.edu.tw/Teacher/Reports/OB020.aspx?yms_year=115&yms_sms=1&emp_id=0000808
604,4A002,歷碩一,歷史地理與史學研究方法,,系必修,,否,3,莊世滋葉韋君李華彥顏名宏張素玢胡其瑞李建緯温振華李進億李宗信,白沙大樓,(四) 05-07 立命書室,20,0,0,限本系,,Research Method on the Historical Geography and Historiography,中文,https://webap0.ncue.edu.tw/DEANV2/UploadDEAN/SUBJECT/1151/4A002_1ARHG2002630.pdf,https://webapss.ncue.edu.tw/Teacher/Reports/OB020.aspx?yms_year=115&yms_sms=1&emp_id=0000808
605,4A001,歷碩一,歷史地理資訊系統,,系選修,,否,3,李宗信,白沙大樓,(二) 02-04 歷史地圖繪製室,20,0,0,限本系,,Historical GIS,無,,https://webapss.ncue.edu.tw/Teacher/Reports/OB020.aspx?yms_year=115&yms_sms=1&emp_id=0001007
606,48008,台文碩二,論文,,系必修,,否,0,論文,,,20,3,3,限本系,註冊未修課及提論文口試者必選,Thesis,無,,
607,48007,台文碩二,論文指導(一),,系必修,,否,3,論文,,,20,7,7,限本班,應屆碩二必選,Thesis Supervision I,無,,
608,48006,台文碩二,閩南語文教材教法,,系選修,,否,2,邱湘雲,學思樓,(三) 03-04 學思樓2102教室,20,6,6,限本系,閩南語師培必選修,Teaching Methods and Materials of  Southern Hokkien Language and Literature,無,,https://webapss.ncue.edu.tw/Teacher/Reports/OB020.aspx?yms_year=115&yms_sms=1&emp_id=0000940
609,48004,台文碩一,翻譯研究,,系選修,,否,3,劉威廷,學思樓,(五) 02-04 白沙書院(2202),20,1,1,限本系,,Seminars on Translation,中文,https://webap0.ncue.edu.tw/DEANV2/UploadDEAN/SUBJECT/1151/48004_1ARTW2104630.pdf,https://webapss.ncue.edu.tw/Teacher/Reports/OB020.aspx?yms_year=115&yms_sms=1&emp_id=0001113
610,48003,台碩博,台灣文學史專題研究,,系選修,,否,3,葉連鵬,學思樓,(二) 02-04 學思樓2102教室,20,5,5,可跨班系,合開課‎程,Topics in History of Taiwanese Literature,中文,https://webap0.ncue.edu.tw/DEANV2/UploadDEAN/SUBJECT/1151/48003_1ARTW3127430.pdf,https://webapss.ncue.edu.tw/Teacher/Reports/OB020.aspx?yms_year=115&yms_sms=1&emp_id=0000930
611,48002,台文碩一,臺灣閩南文化專題,,系選修,,否,3,吳明德,學思樓,(四) 06-08 白沙書院(2202),20,1,1,限本系,閩南語師培必選修,Seminar in Taiwan Min-nan Culture,中文,https://webap0.ncue.edu.tw/DEANV2/UploadDEAN/SUBJECT/1151/48002_1ARTW2134130.pdf,https://webapss.ncue.edu.tw/Teacher/Reports/OB020.aspx?yms_year=115&yms_sms=1&emp_id=0000901
612,48001,台碩博,漢語語法研究,,系選修,,否,3,邱湘雲,學思樓,(三) 05-07 學思樓2102教室,20,4,4,可跨班系,合開課程，本學期改為台文所主開，請國文所有意修課同學務必留意。,Seminars on Chinese Syntax,中文,https://webap0.ncue.edu.tw/DEANV2/UploadDEAN/SUBJECT/1151/48001_1ARTW3135530.pdf,https://webapss.ncue.edu.tw/Teacher/Reports/OB020.aspx?yms_year=115&yms_sms=1&emp_id=0000940
613,47022,翻譯碩二,碩士論文,,系必修,,否,0,論文,,,20,14,14,限本班,,Thesis,無,,
614,47021,翻譯碩二,論文指導(一),,系必修,,否,3,論文,,,20,9,9,限本班,,Thesis Supervision (I),無,,
615,47020,翻譯碩二,英語新聞編譯,,系選修,,否,2,廖佳慧,擷英館,(五) 07-08 13104,20,5,5,限本班,,English News Editing and Translating,中文,https://webap0.ncue.edu.tw/DEANV2/UploadDEAN/SUBJECT/1151/47020_1ARTI2105520.pdf,https://webapss.ncue.edu.tw/Teacher/Reports/OB020.aspx?yms_year=115&yms_sms=1&emp_id=9900814
616,47019,翻譯碩二,中進英口譯技巧解析(一),,系選修,,否,3,張鳳蘭,擷英館,(三) 07-09 口譯2,20,4,4,限本班,,Skills on Interpretation from Chinese-English (I),英文,https://webap0.ncue.edu.tw/DEANV2/UploadDEAN/SUBJECT/1151/47019_1ARTI2107630_EN.pdf,https://webapss.ncue.edu.tw/Teacher/Reports/OB020.aspx?yms_year=115&yms_sms=1&emp_id=0000926
617,47018,翻譯碩二,學術論文寫作,,系選修,,否,2,温婷惠,擷英館,(三) 03-04 口譯2,20,11,11,限本班,,Academic Writing,無,,https://webapss.ncue.edu.tw/Teacher/Reports/OB020.aspx?yms_year=115&yms_sms=1&emp_id=0001032
618,47017,翻譯碩二,中英外交法政筆譯(一),,組必修,,否,2,賴秉彥,擷英館,(三) 07-08 口譯1,20,7,7,限本班,,"Translation in International Relations, Laws & Politics (I)",中文,https://webap0.ncue.edu.tw/DEANV2/UploadDEAN/SUBJECT/1151/47017_1ARTI2107920.pdf,https://webapss.ncue.edu.tw/Teacher/Reports/OB020.aspx?yms_year=115&yms_sms=1&emp_id=0000855
619,47016,翻譯碩二,中英逐步口譯(三),,組必修,,否,2,張鳳蘭,擷英館,(三) 05-06 口譯2,20,4,4,限本班,,Consecutive Interpreting (III),英文,https://webap0.ncue.edu.tw/DEANV2/UploadDEAN/SUBJECT/1151/47016_1ARTI2109720_EN.pdf,https://webapss.ncue.edu.tw/Teacher/Reports/OB020.aspx?yms_year=115&yms_sms=1&emp_id=0000926
620,47015,翻譯碩二,研究方法(一),,系必修,,否,2,温婷惠,擷英館,(四) 03-04 口譯1,20,12,12,限本班,,Research Methods (I),無,,https://webapss.ncue.edu.tw/Teacher/Reports/OB020.aspx?yms_year=115&yms_sms=1&emp_id=0001032
621,47014,翻譯碩二,中英同步口譯(三),,組必修,,否,2,李姿瑩,擷英館,(五) 05-06 口譯2,20,4,4,限本班,,Simultaneous Interpreting (III),中文,https://webap0.ncue.edu.tw/DEANV2/UploadDEAN/SUBJECT/1151/47014_1ARTI2109920.pdf,https://webapss.ncue.edu.tw/Teacher/Reports/OB020.aspx?yms_year=115&yms_sms=1&emp_id=0001144
622,47013,翻譯碩二,語言學與翻譯(一),,組必修,,否,2,蔡佩舒,擷英館,(二) 05-06 口譯1,20,9,9,限本班,,Linguistics & Translation (I),中文,https://webap0.ncue.edu.tw/DEANV2/UploadDEAN/SUBJECT/1151/47013_1ARTI2002520.pdf,https://webapss.ncue.edu.tw/Teacher/Reports/OB020.aspx?yms_year=115&yms_sms=1&emp_id=0001048
623,47012,翻譯碩二,社會科學領域與翻譯(一),,組必修,,否,2,温婷惠,圖書館,(二) 03-04 電三教室,20,8,8,限本班,,Social Science & Translation (I),無,,https://webapss.ncue.edu.tw/Teacher/Reports/OB020.aspx?yms_year=115&yms_sms=1&emp_id=0001032
624,47011,翻譯碩一,影視翻譯(一),,系選修,,否,2,姜金龍,擷英館,(二) 05-06 口譯2,20,0,0,限本班,,Audiovisual Translation (I),無,,https://webapss.ncue.edu.tw/Teacher/Reports/OB020.aspx?yms_year=115&yms_sms=1&emp_id=9900798
625,47010,翻譯碩一,運動領域與翻譯,,系選修,,否,2,曾文培,擷英館,(一) 07-08 口譯1,20,0,0,限本班,,Sports & Translation,中文,https://webap0.ncue.edu.tw/DEANV2/UploadDEAN/SUBJECT/1151/47010_1ARTI2004620.pdf,https://webapss.ncue.edu.tw/Teacher/Reports/OB020.aspx?yms_year=115&yms_sms=1&emp_id=0000802
626,47009,翻譯碩一,科普領域與翻譯(一),,組必修,,否,2,蔡佩舒,擷英館,(二) 03-04 口譯1,20,0,0,限本班,,Popular Science & Translation (I),中文,https://webap0.ncue.edu.tw/DEANV2/UploadDEAN/SUBJECT/1151/47009_1ARTI2108320.pdf,https://webapss.ncue.edu.tw/Teacher/Reports/OB020.aspx?yms_year=115&yms_sms=1&emp_id=0001048
627,47008,翻譯碩一,中英逐步口譯(一),,組必修,,否,2,李姿瑩,擷英館,(四) 03-04 口譯2,20,0,0,限本班,,Consecutive Interpreting (I),中文,https://webap0.ncue.edu.tw/DEANV2/UploadDEAN/SUBJECT/1151/47008_1ARTI2109320.pdf,https://webapss.ncue.edu.tw/Teacher/Reports/OB020.aspx?yms_year=115&yms_sms=1&emp_id=0001144
628,47007,翻譯碩一,中進英口譯策略解析(一),,系選修,,否,2,張鳳蘭,擷英館,(四) 07-08 口譯2,20,0,0,限本班,,Chinese-English Interpreting Strategies (I),英文,https://webap0.ncue.edu.tw/DEANV2/UploadDEAN/SUBJECT/1151/47007_1ARTI2114820_EN.pdf,https://webapss.ncue.edu.tw/Teacher/Reports/OB020.aspx?yms_year=115&yms_sms=1&emp_id=0000926
629,47006,翻譯碩一,人文藝術領域翻譯(一),,組必修,,否,2,李姿瑩,圖書館,(三) 03-04 電三教室,20,0,0,限本班,,Humanity and Arts & Translation (I),中文,https://webap0.ncue.edu.tw/DEANV2/UploadDEAN/SUBJECT/1151/47006_1ARTI2114620.pdf,https://webapss.ncue.edu.tw/Teacher/Reports/OB020.aspx?yms_year=115&yms_sms=1&emp_id=0001144
630,47005,翻譯碩一,英美文學翻譯,,組必修,,否,2,吳保霖,擷英館,(四) 05-06 13103,20,0,0,限本班,,Translation of English and American Literature,英文,https://webap0.ncue.edu.tw/DEANV2/UploadDEAN/SUBJECT/1151/47005_1ARTI2114220_EN.pdf,https://webapss.ncue.edu.tw/Teacher/Reports/OB020.aspx?yms_year=115&yms_sms=1&emp_id=4000052
631,47004,翻譯碩一,中英同步口譯(一),,組必修,,否,2,張鳳蘭,擷英館,(四) 05-06 口譯2,20,0,0,限本班,,Simultaneous Interpreting (I),英文,https://webap0.ncue.edu.tw/DEANV2/UploadDEAN/SUBJECT/1151/47004_1ARTI2109520_EN.pdf,https://webapss.ncue.edu.tw/Teacher/Reports/OB020.aspx?yms_year=115&yms_sms=1&emp_id=0000926
632,47003,翻譯碩一,中英視譯練習(一),,組必修,,否,2,温婷惠,擷英館,(三) 05-06 口譯1,20,0,0,限本班,,Chinese-English Sight-translation (I),無,,https://webapss.ncue.edu.tw/Teacher/Reports/OB020.aspx?yms_year=115&yms_sms=1&emp_id=0001032
633,47002,翻譯碩一,中英財經商貿筆譯(一),,組必修,,否,2,賴秉彥,擷英館,(二) 07-08 口譯1,20,0,0,限本班,,Chinese-English Translation in Economical & Commercial Texts (I),中文,https://webap0.ncue.edu.tw/DEANV2/UploadDEAN/SUBJECT/1151/47002_1ARTI2001620.pdf,https://webapss.ncue.edu.tw/Teacher/Reports/OB020.aspx?yms_year=115&yms_sms=1&emp_id=0000855
634,47001,翻譯碩一,統計方法(一),,系必修,,是,2,蔡佩舒,擷英館,(五) 05-06 口譯1,20,0,0,限本班,,Statistical Methods (I),英文,https://webap0.ncue.edu.tw/DEANV2/UploadDEAN/SUBJECT/1151/47001_1ARTI2111520_EN.pdf,https://webapss.ncue.edu.tw/Teacher/Reports/OB020.aspx?yms_year=115&yms_sms=1&emp_id=0001048
635,46010,科英碩二,歌謠與韻文教學,,系選修,,否,2,黃春騰,擷英館,(四) 07-08 兒研2,20,1,1,限本班,,Songs & Nursery Rhymes for Elementary English Teaching,無,,https://webapss.ncue.edu.tw/Teacher/Reports/OB020.aspx?yms_year=115&yms_sms=1&emp_id=9900961
636,46009,科英碩一,兒童與青少年英語教材選編,,系選修,,否,2,黃春騰,擷英館,(四) 05-06 兒研2,20,0,0,限本班,,English Teaching Materials for ESL/EFL Young Learners,無,,https://webapss.ncue.edu.tw/Teacher/Reports/OB020.aspx?yms_year=115&yms_sms=1&emp_id=9900961
637,46008,科英碩二,碩士論文,,系必修,,否,0,論文,,,20,10,10,限本班,,Thesis,無,,
638,46007,科英碩二,論文指導(一),,系必修,,否,3,論文,,,20,8,8,限本班,,Thesis Supervision I,無,,
639,46006,科英碩二,英語教育研究法,,組必修,,否,3,林愛恩,擷英館,(二) 02-04 兒研1,20,8,8,限本班,,Research Methods in English Education,中文,https://webap0.ncue.edu.tw/DEANV2/UploadDEAN/SUBJECT/1151/46006_1ARCE2000230.pdf,https://webapss.ncue.edu.tw/Teacher/Reports/OB020.aspx?yms_year=115&yms_sms=1&emp_id=0001129
640,46005,科英碩二,科普新知與英語學習(一),,組必修,,是,2,陳謝鈞,擷英館,(三) 05-06 兒研1,20,6,6,限本班,,Popular Science and English Learning I,英文,https://webap0.ncue.edu.tw/DEANV2/UploadDEAN/SUBJECT/1151/46005_1ARCE2115920_EN.pdf,https://webapss.ncue.edu.tw/Teacher/Reports/OB020.aspx?yms_year=115&yms_sms=1&emp_id=0001163
641,46004,科英碩一,高級英文寫作,,系必修,,否,3,吳保霖,擷英館,(四) 02-04 兒研2,20,0,0,限本班,,Advanced English Writing,英文,https://webap0.ncue.edu.tw/DEANV2/UploadDEAN/SUBJECT/1151/46004_1ARCE2110130_EN.pdf,https://webapss.ncue.edu.tw/Teacher/Reports/OB020.aspx?yms_year=115&yms_sms=1&emp_id=4000052
642,46003,科英碩一,簡報英文與口語表達,,系必修,,是,3,陳謝鈞,擷英館,(三) 02-04 口譯1,20,0,0,限本班,,Power Point Presentation in English and Oral Skills,英文,https://webap0.ncue.edu.tw/DEANV2/UploadDEAN/SUBJECT/1151/46003_1ARCE2115630_EN.pdf,https://webapss.ncue.edu.tw/Teacher/Reports/OB020.aspx?yms_year=115&yms_sms=1&emp_id=0001163
643,46002,科英碩一,英文兒童與青少年文學,,系必修,,否,3,蕭韻華,擷英館,(二) 05-07 兒研2,20,0,0,限本班,,Children’s and Adolescent Literature in English,英文,https://webap0.ncue.edu.tw/DEANV2/UploadDEAN/SUBJECT/1151/46002_1ARCE2116130_EN.pdf,https://webapss.ncue.edu.tw/Teacher/Reports/OB020.aspx?yms_year=115&yms_sms=1&emp_id=0000925
644,46001,科英碩一,書目學及研究方法,,系必修,,是,3,林愛恩,擷英館,(一) 05-07 兒研2,20,0,0,限本班,,Bibliography and Research Method,中文,https://webap0.ncue.edu.tw/DEANV2/UploadDEAN/SUBJECT/1151/46001_1ARCE2001230.pdf,https://webapss.ncue.edu.tw/Teacher/Reports/OB020.aspx?yms_year=115&yms_sms=1&emp_id=0001129
645,44074,美一,電腦繪圖概論,,組必修,,否,3,邱文正,聲洋館,(五) 02-04 16202電腦教室二,40,10,10,可跨班系,,Introduction of Computer Graphics,無,,https://webapss.ncue.edu.tw/Teacher/Reports/OB020.aspx?yms_year=115&yms_sms=1&emp_id=0000689
646,44073,美三,作品與論文評鑑(一),,組必修,,否,1,陳世強,聲洋館,(六) 04 16205大三工作室,50,28,28,限本班,,Evaluation of Student Works I,無,,https://webapss.ncue.edu.tw/Teacher/Reports/OB020.aspx?yms_year=115&yms_sms=1&emp_id=0000604
647,44072,美藝碩二,碩士論文,,系必修,,否,0,論文,,,20,8,8,限本班,,Thesis,無,,
648,44071,美藝碩二,論文指導(一),,系必修,,否,3,論文,,,20,6,6,限本班,,Thesis Supervision I,無,,
649,44070,美四,畢業專題(一),,系必修,,否,3,陳松志張皓甯劉宗榮黃柏維歐靜雲王麗雁陳一凡鍾政岳李靜芳王曼萍魯漢平陳世強,藝薈館,(六) 02-04 15102 大四工作室,50,38,38,限本班,,Graduation project I,無,,https://webapss.ncue.edu.tw/Teacher/Reports/OB020.aspx?yms_year=115&yms_sms=1&emp_id=0001186
650,44069,美碩二,碩士論文,,系必修,,否,0,論文,,,20,7,7,限本班,,Thesis,無,,
651,44068,美碩二,論文指導(一),,系必修,,否,3,論文,,,20,7,7,限本班,,Thesis Supervision I,無,,
652,44067,美碩一,複合媒材創作研究(一),,組選修,,否,3,陳松志,學生餐廳,(五) 05-07 美碩創作教室,20,1,1,限本系,,Mixed media art studies I,無,,https://webapss.ncue.edu.tw/Teacher/Reports/OB020.aspx?yms_year=115&yms_sms=1&emp_id=0001186
653,44066,美碩一,創作實踐與論述方法,,組必修,,否,3,黃柏維,藝薈館,(五) 02-04 15105 美術系會議室,20,7,7,可跨班系,,Art Creation and Thesis Preparation,無,,https://webapss.ncue.edu.tw/Teacher/Reports/OB020.aspx?yms_year=115&yms_sms=1&emp_id=9901335
654,44065,美四,設計專題(三),,組選修,,否,3,邱文正,聲洋館,(五) 05-07 16202電腦教室二,30,4,4,可跨班系,,Special Topic in Design III,無,,https://webapss.ncue.edu.tw/Teacher/Reports/OB020.aspx?yms_year=115&yms_sms=1&emp_id=0000689
655,44064,美三,陶藝(三),,組選修,,否,3,林墡瑛,聲洋館,(五) 02-04 16106陶藝教室,20,22,20,可跨班系,,Ceramic III,無,,https://webapss.ncue.edu.tw/Teacher/Reports/OB020.aspx?yms_year=115&yms_sms=1&emp_id=9900810
656,44063,美三,視覺文化與藝術教育,,組選修,,否,3,鍾政岳文苑,聲洋館,(五) 09-11 16102小理論教室,50,13,13,限本系,,Visual Culture & Art Education,中文,https://webap0.ncue.edu.tw/DEANV2/UploadDEAN/SUBJECT/1151/44063_1ARDA0053330.pdf,https://webapss.ncue.edu.tw/Teacher/Reports/OB020.aspx?yms_year=115&yms_sms=1&emp_id=9901076
657,44062,美三,藝術創作專題(五),,組選修,,否,3,陳松志,藝薈館,(五) 02-04 15104 水墨教室,50,12,12,可跨班系,,Special Topics in Stuido Art V,無,,https://webapss.ncue.edu.tw/Teacher/Reports/OB020.aspx?yms_year=115&yms_sms=1&emp_id=0001186
658,44061,美二,膠彩(三),,組選修,,否,3,黃柏維,藝薈館,(五) 05-07 15104 水墨教室,50,13,13,可跨班系,,Chinese Gouache Painting III,無,,https://webapss.ncue.edu.tw/Teacher/Reports/OB020.aspx?yms_year=115&yms_sms=1&emp_id=9901335
659,44060,美二,東方藝術史,,系必修,,否,3,張敏琪,聲洋館,(五) 02-04 16203大理論教室,50,46,46,限本系,,Eastern Art History,中文,https://webap0.ncue.edu.tw/DEANV2/UploadDEAN/SUBJECT/1151/44060_1ARDA0181530.pdf,https://webapss.ncue.edu.tw/Teacher/Reports/OB020.aspx?yms_year=115&yms_sms=1&emp_id=0001203
660,44059,美一,基礎設計,,組選修,,否,2,邱文正,聲洋館,(四) 03-04 16202電腦教室二,40,2,2,可跨班系,,Basic Design,無,,https://webapss.ncue.edu.tw/Teacher/Reports/OB020.aspx?yms_year=115&yms_sms=1&emp_id=0000689
661,44058,美藝碩二,視覺文化藝術教育,,組選修,,否,3,張敏琪,白沙大樓,(四) 02-04 藝教1,20,5,5,可跨班系,,Visual Culture Art Education,中文,https://webap0.ncue.edu.tw/DEANV2/UploadDEAN/SUBJECT/1151/44058_1ARDA2141930.pdf,https://webapss.ncue.edu.tw/Teacher/Reports/OB020.aspx?yms_year=115&yms_sms=1&emp_id=0001203
662,44057,美藝碩一,當代藝術教育思潮,,組必修,,否,3,鄭明憲,白沙大樓,(三) 05-07 藝教1,20,0,0,可跨班系,,Research in Thought of Contemporary Art Education,中文,https://webap0.ncue.edu.tw/DEANV2/UploadDEAN/SUBJECT/1151/44057_1ARDA2142330.pdf,https://webapss.ncue.edu.tw/Teacher/Reports/OB020.aspx?yms_year=115&yms_sms=1&emp_id=9900337
663,44055,美碩一,東方媒材創作專題研究(一),,組選修,,否,3,魯漢平,藝薈館,(四) 02-04 15105 美術系會議室,20,1,1,可跨班系,,The Study of Eastern Media Creation Topics  l,中文,https://webap0.ncue.edu.tw/DEANV2/UploadDEAN/SUBJECT/1151/44055_1ARDA2181030.pdf,https://webapss.ncue.edu.tw/Teacher/Reports/OB020.aspx?yms_year=115&yms_sms=1&emp_id=0000985
664,44054,美四,美術科教學實習,,系選修,,否,2,鍾政岳張敏琪,聲洋館,(四) 09-12 16102小理論教室,50,19,19,限本系,,Teaching Practice,中文,https://webap0.ncue.edu.tw/DEANV2/UploadDEAN/SUBJECT/1151/44054_1ARDA0164120.pdf,https://webapss.ncue.edu.tw/Teacher/Reports/OB020.aspx?yms_year=115&yms_sms=1&emp_id=9901076
665,44053,美四,藝術職能實務,,組必修,,否,2,陳松志,聲洋館,(四) 05-06 16102小理論教室,50,25,25,限本班,,Artistic Practice Management,無,,https://webapss.ncue.edu.tw/Teacher/Reports/OB020.aspx?yms_year=115&yms_sms=1&emp_id=0001186
666,44052,美三,繪畫創作專題(一),,組選修,,否,3,劉宗榮,聲洋館,(四) 07-09 16205大三工作室,50,12,12,可跨班系,,Special Topic in Painting I,無,,https://webapss.ncue.edu.tw/Teacher/Reports/OB020.aspx?yms_year=115&yms_sms=1&emp_id=9901077
667,44051,美三,文化創意產業概論,,組選修,,否,2,歐慧宜,藝薈館,(四) 05-06 15104 水墨教室,50,11,11,可跨班系,,Introduction of Cultural and Creative Industry,中文,https://webap0.ncue.edu.tw/DEANV2/UploadDEAN/SUBJECT/1151/44051_1ARDA0160620.pdf,https://webapss.ncue.edu.tw/Teacher/Reports/OB020.aspx?yms_year=115&yms_sms=1&emp_id=0001070
668,44050,美三,文創產品設計(一),,組選修,,否,3,歐慧宜,聲洋館,(四) 02-04 16102小理論教室,30,8,8,可跨班系,,Product Design of Cultural Creativity (I),中文,https://webap0.ncue.edu.tw/DEANV2/UploadDEAN/SUBJECT/1151/44050_1ARDA0167130.pdf,https://webapss.ncue.edu.tw/Teacher/Reports/OB020.aspx?yms_year=115&yms_sms=1&emp_id=0001070
669,44049,美三,雕塑(三),,組選修,,否,3,王振瑋,聲洋館,(四) 02-04 16105雕塑教室,25,13,13,可跨班系,,Sculpture III,無,,https://webapss.ncue.edu.tw/Teacher/Reports/OB020.aspx?yms_year=115&yms_sms=1&emp_id=9900746
670,44048,美二,篆刻(一),,組選修,,否,2,魯漢平,藝薈館,(四) 08-09 15104 水墨教室,25,25,24,可跨班系,,Seal Engraving I,中文,https://webap0.ncue.edu.tw/DEANV2/UploadDEAN/SUBJECT/1151/44048_1ARDA0128720.pdf,https://webapss.ncue.edu.tw/Teacher/Reports/OB020.aspx?yms_year=115&yms_sms=1&emp_id=0000985
671,44047,美二,雕塑(一),,組選修,,否,3,王振瑋,聲洋館,(四) 05-07 16105雕塑教室,25,20,20,可跨班系,,Sculpture I,無,,https://webapss.ncue.edu.tw/Teacher/Reports/OB020.aspx?yms_year=115&yms_sms=1&emp_id=9900746
672,44046,美一,台灣藝術史,,系必修,,否,3,吳介祥,聲洋館,(四) 07-09 16203大理論教室,50,9,9,可跨班系,,History of Taiwanese Art,無,,https://webapss.ncue.edu.tw/Teacher/Reports/OB020.aspx?yms_year=115&yms_sms=1&emp_id=0000972
673,44045,美一,油畫(一)A,,組選修,,否,3,劉宗榮,聲洋館,(四) 05-06、14 16101素描教室(大一工作室),30,2,2,可跨班系,,Oil Painting I (A),無,,https://webapss.ncue.edu.tw/Teacher/Reports/OB020.aspx?yms_year=115&yms_sms=1&emp_id=9901077
674,44044,美一,油畫(一)B,,組選修,,否,3,陳世強,聲洋館,(四) 02-04 16101素描教室(大一工作室),30,3,3,可跨班系,,Oil Painting I (B),中文,https://webap0.ncue.edu.tw/DEANV2/UploadDEAN/SUBJECT/1151/44044_1ARDA0179330.pdf,https://webapss.ncue.edu.tw/Teacher/Reports/OB020.aspx?yms_year=115&yms_sms=1&emp_id=0000604
675,44043,美藝碩二,社區取向藝術教育,,組選修,,否,3,王麗雁,白沙大樓,(二) 02-04 藝教1,20,5,5,可跨班系,,Community-based Art Education,無,,https://webapss.ncue.edu.tw/Teacher/Reports/OB020.aspx?yms_year=115&yms_sms=1&emp_id=0000773
676,44042,美碩一,當代藝術思潮,,組必修,,否,3,吳介祥,藝薈館,(三) 05-07 15105 美術系會議室,20,8,8,可跨班系,,Issues in Contemporary Art,無,,https://webapss.ncue.edu.tw/Teacher/Reports/OB020.aspx?yms_year=115&yms_sms=1&emp_id=0000972
677,44041,美三,藝術課程發展與學習評量,,組必修,,否,3,鄭明憲,教學大樓,(四) 05-07 T201,50,16,16,可跨班系,,Curriculum development  and assessment of art education,中文,https://webap0.ncue.edu.tw/DEANV2/UploadDEAN/SUBJECT/1151/44041_1ARDA0177730.pdf,https://webapss.ncue.edu.tw/Teacher/Reports/OB020.aspx?yms_year=115&yms_sms=1&emp_id=9900337
678,44040,美三,綜合媒材(一),,組選修,,否,3,陳一凡,聲洋館,(三) 05-07 16205大三工作室,50,16,16,可跨班系,,Mixed Media I,無,,https://webapss.ncue.edu.tw/Teacher/Reports/OB020.aspx?yms_year=115&yms_sms=1&emp_id=0000534
679,44039,美三,設計專題(一),,組選修,,否,3,歐慧宜,聲洋館,(三) 02-04 16202電腦教室二,30,6,6,可跨班系,,Special Topic in Design I,中文,https://webap0.ncue.edu.tw/DEANV2/UploadDEAN/SUBJECT/1151/44039_1ARDA0135730.pdf,https://webapss.ncue.edu.tw/Teacher/Reports/OB020.aspx?yms_year=115&yms_sms=1&emp_id=0001070
680,44038,美三,策展理論與實務,,組必修,,否,3,王曼萍,教學大樓,(三) 05-07 T201,50,22,22,可跨班系,,Curatorial Theory and Practice,中文,https://webap0.ncue.edu.tw/DEANV2/UploadDEAN/SUBJECT/1151/44038_1ARDA0133130.pdf,https://webapss.ncue.edu.tw/Teacher/Reports/OB020.aspx?yms_year=115&yms_sms=1&emp_id=0001071
681,44037,美三,美術科教材教法,,系選修,,否,3,李靜芳,教學大樓,(三) 02-04 T201,50,16,16,限本系,,Materials & Methods for Fine Arts Teaching,無,,https://webapss.ncue.edu.tw/Teacher/Reports/OB020.aspx?yms_year=115&yms_sms=1&emp_id=0000752
682,44036,美二,素描(三),,組選修,,否,3,陳一凡,聲洋館,(三) 02-04 16206大二工作室,20,20,20,限本系,,Drawing III,無,,https://webapss.ncue.edu.tw/Teacher/Reports/OB020.aspx?yms_year=115&yms_sms=1&emp_id=0000534
683,44035,美二,油畫(三),,組選修,,否,3,陳世強,聲洋館,(三) 05-07 16206大二工作室,30,14,14,可跨班系,,Oil Painting III,中文,https://webap0.ncue.edu.tw/DEANV2/UploadDEAN/SUBJECT/1151/44035_1ARDA0134930.pdf,https://webapss.ncue.edu.tw/Teacher/Reports/OB020.aspx?yms_year=115&yms_sms=1&emp_id=0000604
684,44034,美一,色彩學,,組選修,,否,3,歐慧宜,聲洋館,(三) 05-07 16102小理論教室,30,26,26,可跨班系,,Colour Theory,中文,https://webap0.ncue.edu.tw/DEANV2/UploadDEAN/SUBJECT/1151/44034_1ARDA0002530.pdf,https://webapss.ncue.edu.tw/Teacher/Reports/OB020.aspx?yms_year=115&yms_sms=1&emp_id=0001070
685,44033,美一,水彩(一)A,,組選修,,否,3,陳世強,聲洋館,(三) 02-04 16101素描教室(大一工作室),30,0,0,可跨班系,,Water Color Painting I (A),中文,https://webap0.ncue.edu.tw/DEANV2/UploadDEAN/SUBJECT/1151/44033_1ARDA0128430.pdf,https://webapss.ncue.edu.tw/Teacher/Reports/OB020.aspx?yms_year=115&yms_sms=1&emp_id=0000604
686,44032,美一,認知與藝術發展,,組必修,,否,3,王麗雁,聲洋館,(三) 05-07 16203大理論教室,50,13,13,可跨班系,,Cognitive & Development of Art,無,,https://webapss.ncue.edu.tw/Teacher/Reports/OB020.aspx?yms_year=115&yms_sms=1&emp_id=0000773
687,44030,美藝碩一,藝術教育史研究,,組必修,,否,3,王麗雁,白沙大樓,(二) 05-07 藝教1,20,0,0,限本系,,Seminar in the History of Art Education,無,,https://webapss.ncue.edu.tw/Teacher/Reports/OB020.aspx?yms_year=115&yms_sms=1&emp_id=0000773
688,44029,美藝碩一,藝術治療,,組選修,,否,3,吳明富,明德館,(二) 02-04 B1多功能教室,20,6,6,可跨班系,,Art Therapy,中文,https://webap0.ncue.edu.tw/DEANV2/UploadDEAN/SUBJECT/1151/44029_1ARDA2151330.pdf,https://webapss.ncue.edu.tw/Teacher/Reports/OB020.aspx?yms_year=115&yms_sms=1&emp_id=0001164
689,44028,美碩一,繪畫創作專題研究(一),,組選修,,否,3,陳世強,學生餐廳,(二) 06-08 美碩創作教室,20,0,0,可跨班系,,Special Topic in Painting I,中文,https://webap0.ncue.edu.tw/DEANV2/UploadDEAN/SUBJECT/1151/44028_1ARDA2119830.pdf,https://webapss.ncue.edu.tw/Teacher/Reports/OB020.aspx?yms_year=115&yms_sms=1&emp_id=0000604
690,44027,美碩一,藝術創作與空間研究(一),,組選修,,否,3,陳一凡,學生餐廳,(二) 02-04 美碩創作教室,20,0,0,限本系,,Studio Art and Space Study (I),無,,https://webapss.ncue.edu.tw/Teacher/Reports/OB020.aspx?yms_year=115&yms_sms=1&emp_id=0000534
691,44026,美四,媒體藝術創作專題(一),,組選修,,是,3,黃洺緯,聲洋館,(二) 02-04 16203大理論教室,25,8,8,可跨班系,,Media Art Creation Studies I,中英,https://webap0.ncue.edu.tw/DEANV2/UploadDEAN/SUBJECT/1151/44026_1ARDA0132630.pdf,https://webapss.ncue.edu.tw/Teacher/Reports/OB020.aspx?yms_year=115&yms_sms=1&emp_id=9901358
692,44025,美三,表達性藝術治療的原則與實務,,組選修,,否,3,文苑,教學大樓,(二) 05-07 T201,50,4,4,可跨班系,,Principles and Practices of Expressive Arts Therapy,無,,https://webapss.ncue.edu.tw/Teacher/Reports/OB020.aspx?yms_year=115&yms_sms=1&emp_id=9901325
693,44024,美三,藝術創作專題(七),,組選修,,是,3,黃洺緯,藝薈館,(二) 05-07 15104 水墨教室,50,9,9,可跨班系,,Special Topics in Stuido Art VII,中英,https://webap0.ncue.edu.tw/DEANV2/UploadDEAN/SUBJECT/1151/44024_1ARDA0138430.pdf,https://webapss.ncue.edu.tw/Teacher/Reports/OB020.aspx?yms_year=115&yms_sms=1&emp_id=9901358
694,44023,美三,材料學(一),,組選修,,否,3,魯漢平,藝薈館,(二) 02-04 15104 水墨教室,50,26,26,限本系,,Material Science I,中文,https://webap0.ncue.edu.tw/DEANV2/UploadDEAN/SUBJECT/1151/44023_1ARDA0132330.pdf,https://webapss.ncue.edu.tw/Teacher/Reports/OB020.aspx?yms_year=115&yms_sms=1&emp_id=0000985
695,44022,美二,博物館學,,組必修,,否,3,李靜芳,眷舍3舍,(二) 07-09 BT201,50,17,17,可跨班系,,Museology,無,,https://webapss.ncue.edu.tw/Teacher/Reports/OB020.aspx?yms_year=115&yms_sms=1&emp_id=0000752
696,44021,美二,美學,,組必修,,否,2,吳介祥,聲洋館,(二) 05-06 16102小理論教室,50,42,42,可跨班系,,Aesthetics,無,,https://webapss.ncue.edu.tw/Teacher/Reports/OB020.aspx?yms_year=115&yms_sms=1&emp_id=0000972
697,44020,美二,影音剪輯(一),,組選修,,否,3,張皓甯,聲洋館,(二) 03-04、14 16202電腦教室二,25,11,11,可跨班系,,Media Clip1,中文,https://webap0.ncue.edu.tw/DEANV2/UploadDEAN/SUBJECT/1151/44020_1ARDA0171730.pdf,https://webapss.ncue.edu.tw/Teacher/Reports/OB020.aspx?yms_year=115&yms_sms=1&emp_id=9901165
698,44019,美二,藝術敘事與生活,,組選修,,否,2,陳育淳,教學大樓,(二) 11-12 T201,50,16,16,可跨班系,,Narrative art and life,中文,https://webap0.ncue.edu.tw/DEANV2/UploadDEAN/SUBJECT/1151/44019_1ARDA0177820.pdf,https://webapss.ncue.edu.tw/Teacher/Reports/OB020.aspx?yms_year=115&yms_sms=1&emp_id=9901266
699,44018,美二,陶藝(一),,組選修,,否,3,林墡瑛,聲洋館,(二) 03-04、14 16106陶藝教室,20,66,20,可跨班系,,Ceramic I,無,,https://webapss.ncue.edu.tw/Teacher/Reports/OB020.aspx?yms_year=115&yms_sms=1&emp_id=9900810
700,44016,美一,藝術在生活中的實踐,,組選修,,否,2,陳育淳,教學大樓,(二) 09-10 T201,50,16,16,可跨班系,,Artistic practice in life,中文,https://webap0.ncue.edu.tw/DEANV2/UploadDEAN/SUBJECT/1151/44016_1ARDA0177320.pdf,https://webapss.ncue.edu.tw/Teacher/Reports/OB020.aspx?yms_year=115&yms_sms=1&emp_id=9901266
701,44015,美藝碩一,藝術教育研究法,,組必修,,否,3,李靜芳,白沙大樓,(一) 07-09 藝教1,20,0,0,限本系,,Research Methods in Art Education,無,,https://webapss.ncue.edu.tw/Teacher/Reports/OB020.aspx?yms_year=115&yms_sms=1&emp_id=0000752
702,44014,美四,藝術與輔助療法,,組選修,,否,3,王曼萍,教學大樓,(一) 05-07 T201,30,19,19,可跨班系,,Art and alternative Therapies,中文,https://webap0.ncue.edu.tw/DEANV2/UploadDEAN/SUBJECT/1151/44014_1ARDA0182430.pdf,https://webapss.ncue.edu.tw/Teacher/Reports/OB020.aspx?yms_year=115&yms_sms=1&emp_id=0001071
703,44013,美四,3D電腦繪圖,,組選修,,否,3,邱文正,聲洋館,(一) 05-07 16202電腦教室二,30,16,16,可跨班系,,3D Computer Graphics,無,,https://webapss.ncue.edu.tw/Teacher/Reports/OB020.aspx?yms_year=115&yms_sms=1&emp_id=0000689
704,44012,美三,攝影(三),,組選修,,否,3,謝明穎,學生餐廳,(一) 05-07 攝影教室,30,21,21,可跨班系,,Photography III,中文,https://webap0.ncue.edu.tw/DEANV2/UploadDEAN/SUBJECT/1151/44012_1ARDA0172230.pdf,https://webapss.ncue.edu.tw/Teacher/Reports/OB020.aspx?yms_year=115&yms_sms=1&emp_id=9901149
705,44011,美三,錄像藝術,,組選修,,否,3,張皓甯,聲洋館,(一) 02-04 16203大理論教室,50,20,20,可跨班系,,Video Art,中文,https://webap0.ncue.edu.tw/DEANV2/UploadDEAN/SUBJECT/1151/44011_1ARDA0167030.pdf,https://webapss.ncue.edu.tw/Teacher/Reports/OB020.aspx?yms_year=115&yms_sms=1&emp_id=9901165
706,44010,美二,水墨媒材與造型(一),,組選修,,否,3,魯漢平,藝薈館,(一) 02-04 15104 水墨教室,50,6,6,可跨班系,,Medium and Style of Chinese Ink Panting I,中文,https://webap0.ncue.edu.tw/DEANV2/UploadDEAN/SUBJECT/1151/44010_1ARDA0166430.pdf,https://webapss.ncue.edu.tw/Teacher/Reports/OB020.aspx?yms_year=115&yms_sms=1&emp_id=0000985
707,44009,美二,攝影(一),,組選修,,否,3,謝明穎,學生餐廳,(一) 02-04 攝影教室,30,17,17,可跨班系,,Photography I,中文,https://webap0.ncue.edu.tw/DEANV2/UploadDEAN/SUBJECT/1151/44009_1ARDA0170230.pdf,https://webapss.ncue.edu.tw/Teacher/Reports/OB020.aspx?yms_year=115&yms_sms=1&emp_id=9901149
708,44008,美二,繪本設計(一),,組選修,,否,3,李懿倫,聲洋館,(一) 05-07 16102小理論教室,30,7,7,可跨班系,,Design Of The Picture Book(I),無,,https://webapss.ncue.edu.tw/Teacher/Reports/OB020.aspx?yms_year=115&yms_sms=1&emp_id=9901314
709,44007,美二,插畫創作(一),,組選修,,否,3,李懿倫,聲洋館,(一) 02-04 16102小理論教室,30,17,17,限本系,,Illustration Creation(I),無,,https://webapss.ncue.edu.tw/Teacher/Reports/OB020.aspx?yms_year=115&yms_sms=1&emp_id=9901314
710,44006,美一,素描(一)B,,組必修,,否,3,歐靜雲,聲洋館,(一) 07-09 16101素描教室(大一工作室),20,0,0,限本班,,Drawing I (B),無,,https://webapss.ncue.edu.tw/Teacher/Reports/OB020.aspx?yms_year=115&yms_sms=1&emp_id=9901290
711,44005,美一,素描(一)A,,組必修,,否,3,歐靜雲,聲洋館,(一) 05-06、14 16101素描教室(大一工作室),20,5,5,限本系,,Drawing I (A),無,,https://webapss.ncue.edu.tw/Teacher/Reports/OB020.aspx?yms_year=115&yms_sms=1&emp_id=9901290
712,44004,美一,水墨(一)A,,組選修,,否,3,朱忠勇,藝薈館,(一) 11-13 15104 水墨教室,20,0,0,限本班,,Chinese Ink Painting I (A),中文,https://webap0.ncue.edu.tw/DEANV2/UploadDEAN/SUBJECT/1151/44004_1ARDA0127830.pdf,https://webapss.ncue.edu.tw/Teacher/Reports/OB020.aspx?yms_year=115&yms_sms=1&emp_id=9900222
713,44003,美一,水墨(一)B,,組選修,,否,3,陳誼嘉,藝薈館,(一) 07-09 15104 水墨教室,20,1,1,限本系,,Chinese Ink Painting I (B),無,,https://webapss.ncue.edu.tw/Teacher/Reports/OB020.aspx?yms_year=115&yms_sms=1&emp_id=9900984
714,44002,美一,膠彩(一),,組選修,,否,3,陳誼嘉,藝薈館,(一) 05-06、14 15104 水墨教室,50,8,8,限本系,,Chinese Gouache Painting I,無,,https://webapss.ncue.edu.tw/Teacher/Reports/OB020.aspx?yms_year=115&yms_sms=1&emp_id=9900984
715,44001,美一,人工智慧及其應用,,校必(通識),,否,2,王曼萍,圖書館,(二) 05-06 電一教室,50,0,0,限本班,大二~大四生如要修習，以線上加簽方式,Artificial Intelligence and Its Application,中文,https://webap0.ncue.edu.tw/DEANV2/UploadDEAN/SUBJECT/1151/44001_0CCGE0181420.pdf,https://webapss.ncue.edu.tw/Teacher/Reports/OB020.aspx?yms_year=115&yms_sms=1&emp_id=0001071
716,43038,地環博二,獨立研究,,系選修,,否,3,王素芬,聲洋館,(三) 01、05、14 教學媒體研究室,1,1,1,限本班,,Independent Study,無,,https://webapss.ncue.edu.tw/Teacher/Reports/OB020.aspx?yms_year=115&yms_sms=1&emp_id=0000725
717,43037,地三,鄉村地理,,系選修,,否,3,宋郁玲,聲洋館,(三) 02-04 自然地理教室,50,30,30,可跨班系,,Discovering Rural Geography,無,,https://webapss.ncue.edu.tw/Teacher/Reports/OB020.aspx?yms_year=115&yms_sms=1&emp_id=0000939
718,43036,地碩二,論文指導(一),,系必修,,否,3,論文,,,20,7,6,限本系,,Thesis Supervision I,無,,
719,43035,地碩二,碩士論文,,系必修,,否,0,論文,,,20,7,6,限本系,,Master Thesis,無,,
720,43034,地環博二,論文指導(一),,系必修,,否,3,論文,,,20,0,0,限本系,,Thesis Supervision I,無,,
721,43033,地環博二,博士論文,,系必修,,否,0,論文,,,20,1,1,限本系,,Doctoral Dissertation,無,,
722,43032,地環博一,地理專題討論(一),,系必修,,否,2,盧沛文,聲洋館,(四) 07-08 討論室,20,0,0,限本系,,Seminar in Geography I,中文,https://webap0.ncue.edu.tw/DEANV2/UploadDEAN/SUBJECT/1151/43032_1ARGR1011820.pdf,https://webapss.ncue.edu.tw/Teacher/Reports/OB020.aspx?yms_year=115&yms_sms=1&emp_id=0001096
723,43031,地碩一,專題討論(一),,系必修,,否,2,陳毅青,聲洋館,(四) 07-08 教學媒體研究室,20,0,0,限本系,,Seminar I,中文,https://webap0.ncue.edu.tw/DEANV2/UploadDEAN/SUBJECT/1151/43031_1ARGR2131520.pdf,https://webapss.ncue.edu.tw/Teacher/Reports/OB020.aspx?yms_year=115&yms_sms=1&emp_id=0001066
724,43030,地碩博,台灣水文與水資源專論,,系選修,,否,3,邱彥瑜,聲洋館,(三) 06-08 教學媒體研究室,20,3,3,可跨班系,,Special issues of hydrology and water resource in Taiwan,中文,https://webap0.ncue.edu.tw/DEANV2/UploadDEAN/SUBJECT/1151/43030_1ARGR3137430.pdf,https://webapss.ncue.edu.tw/Teacher/Reports/OB020.aspx?yms_year=115&yms_sms=1&emp_id=4000086
725,43029,地碩博,政治生態學專論,,系選修,,否,3,朱凌毅,聲洋館,(三) 02-04 教學媒體研究室,20,6,5,可跨班系,,Political Ecology,中文,https://webap0.ncue.edu.tw/DEANV2/UploadDEAN/SUBJECT/1151/43029_1ARGR3141830.pdf,https://webapss.ncue.edu.tw/Teacher/Reports/OB020.aspx?yms_year=115&yms_sms=1&emp_id=0001206
726,43028,地碩博,文化地理學專論,,系選修,,否,3,遲恒昌,聲洋館,(二) 06-08 教學媒體研究室,20,4,4,可跨班系,,Special Topics in Cultural Geography,中文,https://webap0.ncue.edu.tw/DEANV2/UploadDEAN/SUBJECT/1151/43028_1ARGR3125330.pdf,https://webapss.ncue.edu.tw/Teacher/Reports/OB020.aspx?yms_year=115&yms_sms=1&emp_id=0001126
727,43027,地碩博,計量方法選論,,系選修,,否,3,陳清目,圖書館,(二) 02-04 電五教室,20,7,7,可跨班系,,Selected Reviews in Quantitative Methods,中文,https://webap0.ncue.edu.tw/DEANV2/UploadDEAN/SUBJECT/1151/43027_1ARGR3125230.pdf,https://webapss.ncue.edu.tw/Teacher/Reports/OB020.aspx?yms_year=115&yms_sms=1&emp_id=0001145
728,43026,地四,社會領域探究與實作專題,,組必修,,否,2,楊嵐雅,聲洋館,(三) 12-13 人文地理教室,50,26,26,限本系,,Inquiry and Practice in Social Sciences Education,中文,https://webap0.ncue.edu.tw/DEANV2/UploadDEAN/SUBJECT/1151/43026_1ARGR0140920.pdf,https://webapss.ncue.edu.tw/Teacher/Reports/OB020.aspx?yms_year=115&yms_sms=1&emp_id=9901116
729,43025,地四,地理科教材教法,,組必修,,否,2,楊嵐雅陳毅青,聲洋館,(三) 10-11 人文地理教室,50,28,28,限本系,,Methods & Materials for Geography Teaching,中文,https://webap0.ncue.edu.tw/DEANV2/UploadDEAN/SUBJECT/1151/43025_1ARGR0002120.pdf,https://webapss.ncue.edu.tw/Teacher/Reports/OB020.aspx?yms_year=115&yms_sms=1&emp_id=9901116
730,43024,地四,都市與區域經濟學,,系選修,,否,3,陳清目,聲洋館,(三) 02-04 人文地理教室,50,17,16,可跨班系,,Urban and Regional Economics,中文,https://webap0.ncue.edu.tw/DEANV2/UploadDEAN/SUBJECT/1151/43024_1ARGR0144330.pdf,https://webapss.ncue.edu.tw/Teacher/Reports/OB020.aspx?yms_year=115&yms_sms=1&emp_id=0001145
731,43023,地四,地理資訊系統應用,,系選修,,否,3,郭飛鷹,圖書館,(二) 06-08 電三教室,50,7,7,可跨班系,,Geographic Information Systems Application,中文,https://webap0.ncue.edu.tw/DEANV2/UploadDEAN/SUBJECT/1151/43023_1ARGR0007130.pdf,https://webapss.ncue.edu.tw/Teacher/Reports/OB020.aspx?yms_year=115&yms_sms=1&emp_id=0001209
732,43022,地三,交通地理學,,系選修,,否,3,劉漢奎,聲洋館,(五) 02-04 自然地理教室,50,24,24,可跨班系,,Transportation Geography,中文,https://webap0.ncue.edu.tw/DEANV2/UploadDEAN/SUBJECT/1151/43022_1ARGR0007430.pdf,https://webapss.ncue.edu.tw/Teacher/Reports/OB020.aspx?yms_year=115&yms_sms=1&emp_id=9901079
733,43021,地三,政治學,,組選修,,否,2,劉兆隆,聲洋館,(四) 07-08 自然地理教室,50,47,47,可跨班系,,Political Science,中文,https://webap0.ncue.edu.tw/DEANV2/UploadDEAN/SUBJECT/1151/43021_1ARGR0009020.pdf,https://webapss.ncue.edu.tw/Teacher/Reports/OB020.aspx?yms_year=115&yms_sms=1&emp_id=0000819
734,43020,地三,地理資訊系統運用程式,,系選修,,否,3,陳清目,圖書館,(四) 02-04 電二教室,50,17,17,可跨班系,,GIS Programming,中文,https://webap0.ncue.edu.tw/DEANV2/UploadDEAN/SUBJECT/1151/43020_1ARGR0143530.pdf,https://webapss.ncue.edu.tw/Teacher/Reports/OB020.aspx?yms_year=115&yms_sms=1&emp_id=0001145
735,43019,地三,世界史,,組選修,,否,2,李進億,聲洋館,(三) 07-08 自然地理教室,50,63,50,可跨班系,,History of World,中文,https://webap0.ncue.edu.tw/DEANV2/UploadDEAN/SUBJECT/1151/43019_1ARGR0007920.pdf,https://webapss.ncue.edu.tw/Teacher/Reports/OB020.aspx?yms_year=115&yms_sms=1&emp_id=0001092
736,43018,地三,觀光日語(一),,系選修,,否,3,曾宇良,聲洋館,(二) 06-08 自然地理教室,50,36,36,可跨班系,,Tourism Japanse (I),中文,https://webap0.ncue.edu.tw/DEANV2/UploadDEAN/SUBJECT/1151/43018_1ARGR0135930.pdf,https://webapss.ncue.edu.tw/Teacher/Reports/OB020.aspx?yms_year=115&yms_sms=1&emp_id=0000953
737,43017,地三,地理思想,,組必修,,否,3,遲恒昌,聲洋館,(一) 06-08 自然地理教室,50,31,31,限本系,,Geographic Thought,中文,https://webap0.ncue.edu.tw/DEANV2/UploadDEAN/SUBJECT/1151/43017_1ARGR0009730.pdf,https://webapss.ncue.edu.tw/Teacher/Reports/OB020.aspx?yms_year=115&yms_sms=1&emp_id=0001126
738,43016,地三,應用水文學,,系選修,,否,3,邱彥瑜,圖書館,(一) 02-04 電二教室,50,22,22,可跨班系,,Applied Hydrology,中文,https://webap0.ncue.edu.tw/DEANV2/UploadDEAN/SUBJECT/1151/43016_1ARGR0009530.pdf,https://webapss.ncue.edu.tw/Teacher/Reports/OB020.aspx?yms_year=115&yms_sms=1&emp_id=4000086
739,43015,地三,地理學研究法,,系選修,,否,0,涂建翊遲恒昌朱凌毅,聲洋館,(一) 14 自然地理教室 (二) 14 自然地理教室 (三) 14 自然地理教室,50,23,23,限本系,,Research Method in Geography,中文,https://webap0.ncue.edu.tw/DEANV2/UploadDEAN/SUBJECT/1151/43015_1ARGR0140300.pdf,https://webapss.ncue.edu.tw/Teacher/Reports/OB020.aspx?yms_year=115&yms_sms=1&emp_id=0001047
740,43014,地二,生物地理學,,組選修,,否,3,李孟芬,聲洋館,(五) 05-07 繪圖教室,50,35,34,可跨班系,,Biogeography,無,,https://webapss.ncue.edu.tw/Teacher/Reports/OB020.aspx?yms_year=115&yms_sms=1&emp_id=9900700
741,43013,地二,電腦製圖,,系選修,,否,3,邱彥瑜,圖書館,(五) 02-04 電三教室,50,61,50,可跨班系,,Graphics,中文,https://webap0.ncue.edu.tw/DEANV2/UploadDEAN/SUBJECT/1151/43013_1ARGR0144230.pdf,https://webapss.ncue.edu.tw/Teacher/Reports/OB020.aspx?yms_year=115&yms_sms=1&emp_id=4000086
742,43012,地二,經濟地理學,,組必修,,否,3,朱凌毅,聲洋館,(四) 02-04 繪圖教室,50,36,36,限本系,,Economic Geography,中文,https://webap0.ncue.edu.tw/DEANV2/UploadDEAN/SUBJECT/1151/43012_1ARGR0001630.pdf,https://webapss.ncue.edu.tw/Teacher/Reports/OB020.aspx?yms_year=115&yms_sms=1&emp_id=0001206
743,43011,地二,觀光學,,系選修,,否,3,曾宇良,聲洋館,(三) 06-08 繪圖教室,50,26,26,可跨班系,,Tourism,中文,https://webap0.ncue.edu.tw/DEANV2/UploadDEAN/SUBJECT/1151/43011_1ARGR0130430.pdf,https://webapss.ncue.edu.tw/Teacher/Reports/OB020.aspx?yms_year=115&yms_sms=1&emp_id=0000953
744,43009,地二,遙測學,,系必修,,否,3,王素芬,聲洋館,(二) 06-08 繪圖教室,50,42,41,可跨班系,,Remote Sensing,中文,https://webap0.ncue.edu.tw/DEANV2/UploadDEAN/SUBJECT/1151/43009_1ARGR0006930.pdf,https://webapss.ncue.edu.tw/Teacher/Reports/OB020.aspx?yms_year=115&yms_sms=1&emp_id=0000725
745,43008,地二,氣候學,,組必修,,否,3,涂建翊,聲洋館,(一) 06-08 繪圖教室,50,47,46,可跨班系,,Climatology,中文,https://webap0.ncue.edu.tw/DEANV2/UploadDEAN/SUBJECT/1151/43008_1ARGR0006030.pdf,https://webapss.ncue.edu.tw/Teacher/Reports/OB020.aspx?yms_year=115&yms_sms=1&emp_id=0001047
746,43007,地二,地形學,,組必修,,否,3,陳毅青,聲洋館,(一) 02-04 繪圖教室,50,43,42,可跨班系,,Geomorphology,中文,https://webap0.ncue.edu.tw/DEANV2/UploadDEAN/SUBJECT/1151/43007_1ARGR0005630.pdf,https://webapss.ncue.edu.tw/Teacher/Reports/OB020.aspx?yms_year=115&yms_sms=1&emp_id=0001066
747,43006,地一,台灣地理,,系必修,,否,3,曾宇良,聲洋館,(四) 02-04 氣候水文研究室,50,11,11,可跨班系,,Geography of Taiwan,中文,https://webap0.ncue.edu.tw/DEANV2/UploadDEAN/SUBJECT/1151/43006_1ARGR0005030.pdf,https://webapss.ncue.edu.tw/Teacher/Reports/OB020.aspx?yms_year=115&yms_sms=1&emp_id=0000953
748,43005,地一,地圖學,,系必修,,否,3,盧沛文,聲洋館,(三) 02-04 氣候水文研究室,50,10,10,可跨班系,,Cartography,中文,https://webap0.ncue.edu.tw/DEANV2/UploadDEAN/SUBJECT/1151/43005_1ARGR0006130.pdf,https://webapss.ncue.edu.tw/Teacher/Reports/OB020.aspx?yms_year=115&yms_sms=1&emp_id=0001096
749,43004,地一,自然地理學概論,,系必修,,否,3,陳毅青,聲洋館,(二) 06-08 氣候水文研究室,50,4,4,限本系,,Introduction to Physical Geography,中文,https://webap0.ncue.edu.tw/DEANV2/UploadDEAN/SUBJECT/1151/43004_1ARGR0004030.pdf,https://webapss.ncue.edu.tw/Teacher/Reports/OB020.aspx?yms_year=115&yms_sms=1&emp_id=0001066
750,43003,地一,人文地理學概論,,系必修,,否,3,宋郁玲,聲洋館,(二) 02-04 氣候水文研究室,50,5,5,限本系,,Introduction to Human Geography,無,,https://webapss.ncue.edu.tw/Teacher/Reports/OB020.aspx?yms_year=115&yms_sms=1&emp_id=0000939
751,43002,地一,統計學,,系選修,,否,3,郭飛鷹,圖書館,(一) 02-04 電三教室,50,28,28,限本系,,Statistics,中文,https://webap0.ncue.edu.tw/DEANV2/UploadDEAN/SUBJECT/1151/43002_1ARGR0001230.pdf,https://webapss.ncue.edu.tw/Teacher/Reports/OB020.aspx?yms_year=115&yms_sms=1&emp_id=0001209
752,43001,地一,生命探索發展與實踐,,校必(通識),,否,2,王素芬,聲洋館,(一) 07-08 氣候水文研究室,50,0,0,限本班,大二~大四生如要修習，以線上加簽方式,Life and Career Development and Practice,中文,https://webap0.ncue.edu.tw/DEANV2/UploadDEAN/SUBJECT/1151/43001_0CCGE0177920.pdf,https://webapss.ncue.edu.tw/Teacher/Reports/OB020.aspx?yms_year=115&yms_sms=1&emp_id=0000725
753,42064,國碩二,碩士論文,,系必修,,否,0,論文,,,50,3,3,限本系,註冊未修課以及提論文口試者必選,Thesis,無,,
754,42063,國博二,博士論文,,系必修,,否,0,論文,,,30,5,5,限本系,註冊未修課以及提論文口試者必選,Doctoral Dissertation,無,,
755,42062,國碩二,論文指導(一),,系必修,,否,3,論文,,,50,2,2,限本系,國碩二必修,Thesis Supervision I,無,,
756,42061,國博二,論文指導(一),,系必修,,否,3,論文,,,30,2,2,限本系,國博二必修,Thesis Supervision I,無,,
757,42060,國碩博,道家研究,,系選修,,否,3,楊菁,學思樓,(一) 02-04 學思樓2102教室,20,4,4,限本系,,Taoism Philosophy,中文,https://webap0.ncue.edu.tw/DEANV2/UploadDEAN/SUBJECT/1151/42060_1ARCH3120830.pdf,https://webapss.ncue.edu.tw/Teacher/Reports/OB020.aspx?yms_year=115&yms_sms=1&emp_id=0000803
758,42059,國四甲,文藝創作與展演,,系選修,,否,2,白春燕,弘道館,(五) 03-04 14402,50,21,21,限本系,,Creation and Performance of Literature,無,,https://webapss.ncue.edu.tw/Teacher/Reports/OB020.aspx?yms_year=115&yms_sms=1&emp_id=9901370
759,42057,國四乙,語言表達與溝通,,系選修,,否,2,耿志堅,弘道館,(四) 03-04 明倫堂,50,10,10,可跨班系,,Verbal Expression and Communication,中文,https://webap0.ncue.edu.tw/DEANV2/UploadDEAN/SUBJECT/1151/42057_1ARCH0162320.pdf,https://webapss.ncue.edu.tw/Teacher/Reports/OB020.aspx?yms_year=115&yms_sms=1&emp_id=9901024
760,42056,國碩博,範文教學研究,,系選修,,否,3,楊曉菁,學思樓,(四) 02-04 學思樓2102教室,20,5,5,可跨班系,,Seminars on the Teaching of Seleted Topics,中文,https://webap0.ncue.edu.tw/DEANV2/UploadDEAN/SUBJECT/1151/42056_1ARCH3156330.pdf,https://webapss.ncue.edu.tw/Teacher/Reports/OB020.aspx?yms_year=115&yms_sms=1&emp_id=0001119
761,42055,國四乙,國文科教學實習,,組必修,,否,2,楊曉菁,弘道館,(三) 05-06 14402,50,16,16,限本班,1.應修畢「國文科教材教法」後方可修習本課。2.未依規定1之順序而先修本課程致師培初檢審核未通過者，須依修讀順序修完先備課程後，再次修習本課程以符合教育部擋修之規定。,Chinese Teaching Practicum,中文,https://webap0.ncue.edu.tw/DEANV2/UploadDEAN/SUBJECT/1151/42055_1ARCH0168320.pdf,https://webapss.ncue.edu.tw/Teacher/Reports/OB020.aspx?yms_year=115&yms_sms=1&emp_id=0001119
762,42054,國一甲,新文藝及習作(一) A組,,系必修,,否,2,楊曉菁,弘道館,(三) 03-04 14402,50,0,0,限本班,,Modern Chinese Literature and Writing I,中文,https://webap0.ncue.edu.tw/DEANV2/UploadDEAN/SUBJECT/1151/42054_1ARCH0124320.pdf,https://webapss.ncue.edu.tw/Teacher/Reports/OB020.aspx?yms_year=115&yms_sms=1&emp_id=0001119
763,42053,國四甲,國文科教學實習,,組必修,,否,2,楊曉菁,弘道館,(二) 05-06 書法教室,50,29,29,限本班,1.應修畢「國文科教材教法」後方可修習本課。2.未依規定1之順序而先修本課程致師培初檢審核未通過者，須依修讀順序修完先備課程後，再次修習本課程以符合教育部擋修之規定。,Chinese Teaching Practicum,中文,https://webap0.ncue.edu.tw/DEANV2/UploadDEAN/SUBJECT/1151/42053_1ARCH0168320.pdf,https://webapss.ncue.edu.tw/Teacher/Reports/OB020.aspx?yms_year=115&yms_sms=1&emp_id=0001119
764,42052,國碩博,現代文學作家論專題,,系選修,,否,3,黃儀冠,學思樓,(三) 05-07 白沙書院(2202),20,5,4,可跨班系,,Study on modern literature writers,中文,https://webap0.ncue.edu.tw/DEANV2/UploadDEAN/SUBJECT/1151/42052_1ARCH3155430.pdf,https://webapss.ncue.edu.tw/Teacher/Reports/OB020.aspx?yms_year=115&yms_sms=1&emp_id=0000900
765,42051,國碩博,楚辭研究,,系選修,,否,3,蘇慧霜,弘道館,(三) 02-04 國研A,20,0,0,可跨班系,,Seminars on Chu Tsu,中文,https://webap0.ncue.edu.tw/DEANV2/UploadDEAN/SUBJECT/1151/42051_1ARCH3115530.pdf,https://webapss.ncue.edu.tw/Teacher/Reports/OB020.aspx?yms_year=115&yms_sms=1&emp_id=0000943
766,42050,國碩博,講唱文學研究,,系選修,,否,3,丘慧瑩,學思樓,(二) 05-07 學思樓2102教室,20,2,2,可跨班系,,Research on Talking and Singing Literature,中文,https://webap0.ncue.edu.tw/DEANV2/UploadDEAN/SUBJECT/1151/42050_1ARCH3160330.pdf,https://webapss.ncue.edu.tw/Teacher/Reports/OB020.aspx?yms_year=115&yms_sms=1&emp_id=0001002
767,42049,國碩博,古典小說與文化專題研究,,系選修,,否,3,盧世達許麗芳,弘道館,(二) 02-04 人文講堂,20,2,2,限本系,,Classical Novels and Culture,中文,https://webap0.ncue.edu.tw/DEANV2/UploadDEAN/SUBJECT/1151/42049_1ARCH3160530.pdf,https://webapss.ncue.edu.tw/Teacher/Reports/OB020.aspx?yms_year=115&yms_sms=1&emp_id=0001150
768,42048,國碩博,兒童文學專題研究,,系選修,,否,3,林素珍,弘道館,(一) 05-07 明倫堂,20,1,1,可跨班系,,Study of Children Literature,中文,https://webap0.ncue.edu.tw/DEANV2/UploadDEAN/SUBJECT/1151/42048_1ARCH3161030.pdf,https://webapss.ncue.edu.tw/Teacher/Reports/OB020.aspx?yms_year=115&yms_sms=1&emp_id=0000526
769,42047,國三甲,宋明理學,,系選修,,否,3,彭維杰,弘道館,(四) 06-08 14402,50,8,8,限本系,,Song-Ming Neo-Confucianism,中文,https://webap0.ncue.edu.tw/DEANV2/UploadDEAN/SUBJECT/1151/42047_1ARCH0066730.pdf,https://webapss.ncue.edu.tw/Teacher/Reports/OB020.aspx?yms_year=115&yms_sms=1&emp_id=9900929
770,42046,國一乙,古籍導讀,,系必修,,否,2,邱怡瑄,弘道館,(四) 07-08 14401,50,0,0,限本班,,Introduction to Chinese Classics,中文,https://webap0.ncue.edu.tw/DEANV2/UploadDEAN/SUBJECT/1151/42046_1ARCH0121020.pdf,https://webapss.ncue.edu.tw/Teacher/Reports/OB020.aspx?yms_year=115&yms_sms=1&emp_id=0001140
771,42045,國三甲,史記,,系選修,,否,3,簡承禾,弘道館,(四) 05-07 書法教室,50,40,40,限本系,,Shih Chi (The Historical Records),中文,https://webap0.ncue.edu.tw/DEANV2/UploadDEAN/SUBJECT/1151/42045_1ARCH0070130.pdf,https://webapss.ncue.edu.tw/Teacher/Reports/OB020.aspx?yms_year=115&yms_sms=1&emp_id=4000069
772,42044,國四甲,訓詁學(一),,系必修,,否,2,蘇建洲,弘道館,(四) 05-06 14401,50,36,36,限本班,,Semantics I,中文,https://webap0.ncue.edu.tw/DEANV2/UploadDEAN/SUBJECT/1151/42044_1ARCH0032820.pdf,https://webapss.ncue.edu.tw/Teacher/Reports/OB020.aspx?yms_year=115&yms_sms=1&emp_id=0000877
773,42043,國一甲,非虛構寫作,,系選修,,否,2,邱怡瑄,弘道館,(四) 03-04 14401,50,37,37,限本系,,Non-fiction Writing,中文,https://webap0.ncue.edu.tw/DEANV2/UploadDEAN/SUBJECT/1151/42043_1ARCH0171620.pdf,https://webapss.ncue.edu.tw/Teacher/Reports/OB020.aspx?yms_year=115&yms_sms=1&emp_id=0001140
774,42042,國二甲,華人社會與文化(中華文化),,系選修,,否,3,詹千慧,弘道館,(四) 02-04 14402,50,35,35,可跨班系,,Chinese Culture,無,,https://webapss.ncue.edu.tw/Teacher/Reports/OB020.aspx?yms_year=115&yms_sms=1&emp_id=0001205
775,42041,國三乙,中國哲學史(一),,系必修,,否,3,張麗珠,弘道館,(五) 05-07 書法教室,50,32,32,限本班,,History of Chinese Philosophy I,中文,https://webap0.ncue.edu.tw/DEANV2/UploadDEAN/SUBJECT/1151/42041_1ARCH0021730.pdf,https://webapss.ncue.edu.tw/Teacher/Reports/OB020.aspx?yms_year=115&yms_sms=1&emp_id=9900833
776,42040,國二甲,中國文學史(一),,系必修,,否,3,吳明德,弘道館,(五) 02-04 視聽教室(14403),50,39,39,限本班,,History of Chinese Literature (I),中文,https://webap0.ncue.edu.tw/DEANV2/UploadDEAN/SUBJECT/1151/42040_1ARCH0020630.pdf,https://webapss.ncue.edu.tw/Teacher/Reports/OB020.aspx?yms_year=115&yms_sms=1&emp_id=0000901
777,42039,國一乙,漢語語言學,,系必修,,否,3,趙詠寬,弘道館,(五) 02-04 人文講堂,50,0,0,限本班,,Chinese linguistics,中文,https://webap0.ncue.edu.tw/DEANV2/UploadDEAN/SUBJECT/1151/42039_1ARCH0166030.pdf,https://webapss.ncue.edu.tw/Teacher/Reports/OB020.aspx?yms_year=115&yms_sms=1&emp_id=9900768
778,42038,國一甲,書法,,系選修,,否,3,楊菁,弘道館,(三) 05-07 書法教室,50,32,32,限本系,111學年度(含)之後入學本系師資培育生必選之選修課。110學年度（含）之前入學學生，應修系必修「書法(一)2學分」及「書法(二)2學分」，若重複選修本課，不列入畢業學分數。,Chinese Calligraphy,中文,https://webap0.ncue.edu.tw/DEANV2/UploadDEAN/SUBJECT/1151/42038_1ARCH0168630.pdf,https://webapss.ncue.edu.tw/Teacher/Reports/OB020.aspx?yms_year=115&yms_sms=1&emp_id=0000803
779,42037,國二乙,文字學(一),,系必修,,否,2,蘇建洲,弘道館,(三) 05-06 14401,50,38,38,限本班,,Chinese Etymology I,中文,https://webap0.ncue.edu.tw/DEANV2/UploadDEAN/SUBJECT/1151/42037_1ARCH0006720.pdf,https://webapss.ncue.edu.tw/Teacher/Reports/OB020.aspx?yms_year=115&yms_sms=1&emp_id=0000877
780,42036,國二甲,散文選及習作(一) A組,,系必修,,否,2,林素珍,弘道館,(三) 05-06 人文講堂,50,41,41,限本班,,Selection of Prose & Practical Writing I,中文,https://webap0.ncue.edu.tw/DEANV2/UploadDEAN/SUBJECT/1151/42036_1ARCH0124720.pdf,https://webapss.ncue.edu.tw/Teacher/Reports/OB020.aspx?yms_year=115&yms_sms=1&emp_id=0000526
781,42035,國二甲,荀子,,系選修,,否,2,呂光華,弘道館,(三) 03-04 14201,50,18,18,限本系,,The Philosophical Writings of Hsun Tzu,中文,https://webap0.ncue.edu.tw/DEANV2/UploadDEAN/SUBJECT/1151/42035_1ARCH0164620.pdf,https://webapss.ncue.edu.tw/Teacher/Reports/OB020.aspx?yms_year=115&yms_sms=1&emp_id=9901303
782,42034,國四乙,應用文及習作(一),,系必修,,否,2,甘秉慧,弘道館,(三) 03-04 14401,50,27,27,限本班,,Practical Writing & Practice I,中文,https://webap0.ncue.edu.tw/DEANV2/UploadDEAN/SUBJECT/1151/42034_1ARCH0033020.pdf,https://webapss.ncue.edu.tw/Teacher/Reports/OB020.aspx?yms_year=115&yms_sms=1&emp_id=0000532
783,42033,國三甲,國文科教材教法,,組必修,,否,2,黃儀冠,弘道館,(三) 03-04 人文講堂,50,31,31,限本班,1.應修畢一門教育基礎課程及一門教育方法課程後，方可修習本課程。2.本課程國三甲上學期開設，國三乙下學期開設。3.未依規定1之順序而先修本課程致師培初檢審核未通過者，須依修讀順序修完先備課程後，再次修習本課程以符合教育部擋修之規定。,Methods & Materials for Chinese Teaching,中文,https://webap0.ncue.edu.tw/DEANV2/UploadDEAN/SUBJECT/1151/42033_1ARCH0048220.pdf,https://webapss.ncue.edu.tw/Teacher/Reports/OB020.aspx?yms_year=115&yms_sms=1&emp_id=0000900
784,42032,國二甲,閱讀理解與評量,,系選修,,否,3,林素珍,弘道館,(三) 02-04 視聽教室(14403),50,24,24,限本系,,Reading Comprehension and Assessment,中文,https://webap0.ncue.edu.tw/DEANV2/UploadDEAN/SUBJECT/1151/42032_1ARCH0169030.pdf,https://webapss.ncue.edu.tw/Teacher/Reports/OB020.aspx?yms_year=115&yms_sms=1&emp_id=0000526
785,42031,國三乙,詞曲選及習作(一) A組,,系必修,,否,3,丘慧瑩,學思樓,(三) 02-04 白沙書院(2202),50,31,31,限本班,,Selection of Tzu-Chu & Practical Writing I,中文,https://webap0.ncue.edu.tw/DEANV2/UploadDEAN/SUBJECT/1151/42031_1ARCH0125130.pdf,https://webapss.ncue.edu.tw/Teacher/Reports/OB020.aspx?yms_year=115&yms_sms=1&emp_id=0001002
786,42030,國二甲,唐傳奇,,系選修,,否,3,盧世達許麗芳,弘道館,(三) 02-04 書法教室,50,17,17,限本系,,Tang Dynasty Legends,中文,https://webap0.ncue.edu.tw/DEANV2/UploadDEAN/SUBJECT/1151/42030_1ARCH0003830.pdf,https://webapss.ncue.edu.tw/Teacher/Reports/OB020.aspx?yms_year=115&yms_sms=1&emp_id=0001150
787,42029,國一乙,四書(一),,系必修,,否,2,簡承禾,弘道館,(三) 01-02 14402,50,0,0,限本班,,The Four Books I,中文,https://webap0.ncue.edu.tw/DEANV2/UploadDEAN/SUBJECT/1151/42029_1ARCH0011820.pdf,https://webapss.ncue.edu.tw/Teacher/Reports/OB020.aspx?yms_year=115&yms_sms=1&emp_id=4000069
788,42028,國二甲,詩選及習作(一) A組,,系必修,,否,2,邱怡瑄,弘道館,(二) 07-08 14201,25,26,20,限本班,學號23號(含)以前選本組，非本組學生將於網路預選後取消選課。,Readings in Chinese Poetry & Writing Practice I,中文,https://webap0.ncue.edu.tw/DEANV2/UploadDEAN/SUBJECT/1151/42028_1ARCH0124520.pdf,https://webapss.ncue.edu.tw/Teacher/Reports/OB020.aspx?yms_year=115&yms_sms=1&emp_id=0001140
789,42027,國四甲,應用文及習作(一),,系必修,,否,2,簡承禾,弘道館,(二) 07-08 視聽教室(14403),50,29,29,限本班,,Practical Writing & Practice I,中文,https://webap0.ncue.edu.tw/DEANV2/UploadDEAN/SUBJECT/1151/42027_1ARCH0033020.pdf,https://webapss.ncue.edu.tw/Teacher/Reports/OB020.aspx?yms_year=115&yms_sms=1&emp_id=4000069
790,42026,國三甲,詞曲選及習作(一) A組,,系必修,,否,3,詹千慧,學思樓,(二) 05-07 白沙書院(2202),50,37,37,限本班,,Selection of Tzu-Chu & Practical Writing I,中文,https://webap0.ncue.edu.tw/DEANV2/UploadDEAN/SUBJECT/1151/42026_1ARCH0125130.pdf,https://webapss.ncue.edu.tw/Teacher/Reports/OB020.aspx?yms_year=115&yms_sms=1&emp_id=0001205
791,42025,國一乙,新文藝及習作(一) A組,,系必修,,否,2,黃儀冠,弘道館,(二) 05-06 人文講堂,50,0,0,限本班,,Modern Chinese Literature and Writing I,中文,https://webap0.ncue.edu.tw/DEANV2/UploadDEAN/SUBJECT/1151/42025_1ARCH0124320.pdf,https://webapss.ncue.edu.tw/Teacher/Reports/OB020.aspx?yms_year=115&yms_sms=1&emp_id=0000900
792,42024,國二乙,詩選及習作(一) B組,,系必修,,否,2,蘇慧霜,弘道館,(二) 05-06 視聽教室(14403),25,19,17,限本班,學號24號(含)以後選本組，非本組學生將於網路預選後取消選課。,Readings in Chinese Poetry & Writing Practice I,中文,https://webap0.ncue.edu.tw/DEANV2/UploadDEAN/SUBJECT/1151/42024_1ARCH0124620.pdf,https://webapss.ncue.edu.tw/Teacher/Reports/OB020.aspx?yms_year=115&yms_sms=1&emp_id=0000943
793,42023,國四乙,訓詁學(一),,系必修,,否,2,蘇建洲,弘道館,(二) 05-06 14401,50,26,26,限本班,,Semantics I,中文,https://webap0.ncue.edu.tw/DEANV2/UploadDEAN/SUBJECT/1151/42023_1ARCH0032820.pdf,https://webapss.ncue.edu.tw/Teacher/Reports/OB020.aspx?yms_year=115&yms_sms=1&emp_id=0000877
794,42022,國二乙,詩選及習作(一) A組,,系必修,,否,2,甘秉慧,弘道館,(二) 03-04 14402,25,19,17,限本班,學號23號(含)以前選本組，非本組學生將於網路預選後取消選課。,Readings in Chinese Poetry & Writing Practice I,中文,https://webap0.ncue.edu.tw/DEANV2/UploadDEAN/SUBJECT/1151/42022_1ARCH0124520.pdf,https://webapss.ncue.edu.tw/Teacher/Reports/OB020.aspx?yms_year=115&yms_sms=1&emp_id=0000532
795,42021,國二甲,文字學(一),,系必修,,否,2,蘇建洲,弘道館,(二) 03-04 14401,50,41,41,限本班,,Chinese Etymology I,中文,https://webap0.ncue.edu.tw/DEANV2/UploadDEAN/SUBJECT/1151/42021_1ARCH0006720.pdf,https://webapss.ncue.edu.tw/Teacher/Reports/OB020.aspx?yms_year=115&yms_sms=1&emp_id=0000877
796,42020,國一甲,世說新語,,系選修,,否,3,林素珍,弘道館,(二) 02-04 視聽教室(14403),50,9,9,限本系,,Shishuo Xinyu,中文,https://webap0.ncue.edu.tw/DEANV2/UploadDEAN/SUBJECT/1151/42020_1ARCH0061330.pdf,https://webapss.ncue.edu.tw/Teacher/Reports/OB020.aspx?yms_year=115&yms_sms=1&emp_id=0000526
797,42019,國三甲,中國哲學史(一),,系必修,,否,3,楊菁,學思樓,(二) 02-04 白沙書院(2202),50,36,36,限本班,,History of Chinese Philosophy I,中文,https://webap0.ncue.edu.tw/DEANV2/UploadDEAN/SUBJECT/1151/42019_1ARCH0021730.pdf,https://webapss.ncue.edu.tw/Teacher/Reports/OB020.aspx?yms_year=115&yms_sms=1&emp_id=0000803
798,42018,國二乙,國文文法,,系必修,,否,2,邱湘雲,弘道館,(一) 07-08 14401,50,23,23,限本班,,Chinese Grammar,中文,https://webap0.ncue.edu.tw/DEANV2/UploadDEAN/SUBJECT/1151/42018_1ARCH0004020.pdf,https://webapss.ncue.edu.tw/Teacher/Reports/OB020.aspx?yms_year=115&yms_sms=1&emp_id=0000940
799,42017,國三甲,專家詩,,系選修,,否,3,蘇慧霜,弘道館,(一) 07-09 視聽教室(14403),50,41,41,限本系,,Study of Specified Author's Poetry,中文,https://webap0.ncue.edu.tw/DEANV2/UploadDEAN/SUBJECT/1151/42017_1ARCH0064430.pdf,https://webapss.ncue.edu.tw/Teacher/Reports/OB020.aspx?yms_year=115&yms_sms=1&emp_id=0000943
800,42015,國一乙,文學概論,,系必修,,否,3,葉連鵬,弘道館,(一) 06-08 人文講堂,50,0,0,限本班,,Introduction to Literature,中文,https://webap0.ncue.edu.tw/DEANV2/UploadDEAN/SUBJECT/1151/42015_1ARCH0018530.pdf,https://webapss.ncue.edu.tw/Teacher/Reports/OB020.aspx?yms_year=115&yms_sms=1&emp_id=0000930
801,42014,國一甲,四書(一),,系必修,,否,2,楊菁,學思樓,(一) 05-06 白沙書院(2202),50,0,0,限本班,,The Four Books I,中文,https://webap0.ncue.edu.tw/DEANV2/UploadDEAN/SUBJECT/1151/42014_1ARCH0011820.pdf,https://webapss.ncue.edu.tw/Teacher/Reports/OB020.aspx?yms_year=115&yms_sms=1&emp_id=0000803
802,42013,國二乙,散文選及習作(一) A組,,系必修,,否,2,許麗芳,弘道館,(一) 05-06 書法教室,50,38,38,限本班,,Selection of Prose & Practical Writing I,中文,https://webap0.ncue.edu.tw/DEANV2/UploadDEAN/SUBJECT/1151/42013_1ARCH0124720.pdf,https://webapss.ncue.edu.tw/Teacher/Reports/OB020.aspx?yms_year=115&yms_sms=1&emp_id=0000629
803,42012,國三甲,聲韻學,,系必修,,否,2,,弘道館,(一) 05-06 14402,50,35,35,限本班,自115學年度，聲韻學改為上、下學期對開（國三甲上學、國三乙下學期）,Phonology,無,,
804,42011,國三乙,修辭學,,系必修,,否,2,甘秉慧,弘道館,(一) 05-06 14401,50,34,34,限本班,,Chinese Rhetoric,中文,https://webap0.ncue.edu.tw/DEANV2/UploadDEAN/SUBJECT/1151/42011_1ARCH0121320.pdf,https://webapss.ncue.edu.tw/Teacher/Reports/OB020.aspx?yms_year=115&yms_sms=1&emp_id=0000532
805,42010,國二甲,詩選及習作(一) B組,,系必修,,否,2,甘秉慧,弘道館,(一) 03-04 14401,25,20,15,限本班,學號24號(含)以後選本組，非本組學生將於網路預選後取消選課。,Readings in Chinese Poetry & Writing Practice I,中文,https://webap0.ncue.edu.tw/DEANV2/UploadDEAN/SUBJECT/1151/42010_1ARCH0124620.pdf,https://webapss.ncue.edu.tw/Teacher/Reports/OB020.aspx?yms_year=115&yms_sms=1&emp_id=0000532
806,42008,國四甲,文學批評,,系必修,,否,3,黃儀冠,教學大樓,(一) 05-07 T302,50,36,36,限本班,,Literary Criticism,中文,https://webap0.ncue.edu.tw/DEANV2/UploadDEAN/SUBJECT/1151/42008_1ARCH0029030.pdf,https://webapss.ncue.edu.tw/Teacher/Reports/OB020.aspx?yms_year=115&yms_sms=1&emp_id=0000900
807,42007,國二乙,中國文學史(一),,系必修,,否,3,許麗芳,弘道館,(一) 02-04 書法教室,50,39,39,限本班,,History of Chinese Literature (I),中文,https://webap0.ncue.edu.tw/DEANV2/UploadDEAN/SUBJECT/1151/42007_1ARCH0020630.pdf,https://webapss.ncue.edu.tw/Teacher/Reports/OB020.aspx?yms_year=115&yms_sms=1&emp_id=0000629
808,42002,國一乙,人工智慧及其應用,,校必(通識),,否,2,盧世達,圖書館,(二) 07-08 電一教室,50,0,0,限本班,大二~大四生如要修習，以線上加簽方式,Artificial Intelligence and Its Application,中文,https://webap0.ncue.edu.tw/DEANV2/UploadDEAN/SUBJECT/1151/42002_0CCGE0181420.pdf,https://webapss.ncue.edu.tw/Teacher/Reports/OB020.aspx?yms_year=115&yms_sms=1&emp_id=0001150
809,42001,國一甲,人工智慧及其應用,,校必(通識),,否,2,盧世達,圖書館,(一) 03-04 電一教室,50,0,0,限本班,大二~大四生如要修習，以線上加簽方式,Artificial Intelligence and Its Application,中文,https://webap0.ncue.edu.tw/DEANV2/UploadDEAN/SUBJECT/1151/42001_0CCGE0181420.pdf,https://webapss.ncue.edu.tw/Teacher/Reports/OB020.aspx?yms_year=115&yms_sms=1&emp_id=0001150
810,41067,英博一,語言教學專題,,組必修,,是,3,蓋傑富龔慧懿,擷英館,(二) 01-03 英研3(2F),20,1,1,限本系,甲(語教)組必修,Topics in Language Teaching,英文,https://webap0.ncue.edu.tw/DEANV2/UploadDEAN/SUBJECT/1151/41067_1AREN1191830_EN.pdf,https://webapss.ncue.edu.tw/Teacher/Reports/OB020.aspx?yms_year=115&yms_sms=1&emp_id=0001159
811,41066,英二,韓文(三),,系選修,,否,2,韓連善,教學大樓,(二) 07-08 T203,50,9,9,可跨班系,1.先修科目：韓文(一)(二)。2.不可採認為校通識之「初級韓文」。,Korean (Ⅲ),中英,https://webap0.ncue.edu.tw/DEANV2/UploadDEAN/SUBJECT/1151/41066_1AREN0211720.pdf,https://webapss.ncue.edu.tw/Teacher/Reports/OB020.aspx?yms_year=115&yms_sms=1&emp_id=9901062
812,41065,英一,法文(一),,系選修,,否,2,蔡明華,擷英館,(三) 03-04 語言實驗室3,50,4,4,限本系,1.本系學生應於畢業前修畢第二外語(同一語言)課程兩學期4學分。2.需修習本課程之大一英文免修生，於徵得授課教師同意後，在加退選期間線上申請加簽。3.不可採認為校通識之「初級法文」。,French (I),中文,https://webap0.ncue.edu.tw/DEANV2/UploadDEAN/SUBJECT/1151/41065_1AREN0169120.pdf,https://webapss.ncue.edu.tw/Teacher/Reports/OB020.aspx?yms_year=115&yms_sms=1&emp_id=9900792
813,41064,應用英語夜碩二,論文,,系必修,,否,0,論文,,,30,0,13,限本系,,Thesis,中文,https://webap0.ncue.edu.tw/DEANV2/UploadDEAN/SUBJECT/1151/41064_1ARENE033500.pdf,
814,41063,英三,科技運用融入英語教學,,系選修,,否,2,阮家慶,擷英館,(四) 07-08 13103,50,34,34,限本系,1.師培專門課程：(1)中等學校語文領域英語文專長[英語教學]類別科目。(2)高級中等學校外語群(加科)-英語專長[資訊應用能力]類別科目。2.非師培生選修課程,The Application of Technology into TESL,無,,https://webapss.ncue.edu.tw/Teacher/Reports/OB020.aspx?yms_year=115&yms_sms=1&emp_id=4000045
815,41062,英碩二,碩士論文,,系必修,,否,0,論文,,,30,7,7,限本系,本課程為登錄論文口試成績用，當學期申請碩士學位論文口試者必選(每學期可重複修課)。,Thesis,無,,
816,41061,英碩二,論文指導(一),,系必修,,否,3,論文,,,20,6,6,限本系,論文指導(一)及論文指導(二)應於申請學位論文口試前修畢。,Thesis Supervision (I),無,,
817,41060,英碩二,英語電腦輔助教學,,組選修,,否,3,阮家慶,擷英館,(四) 02-04 英研1(1F),20,0,0,限本系,,Computer-Assisted Language Learning,無,,https://webapss.ncue.edu.tw/Teacher/Reports/OB020.aspx?yms_year=115&yms_sms=1&emp_id=4000045
818,41059,英碩二,英語教育研究法,,組必修,,是,3,蓋傑富,擷英館,(三) 01-03 英研4(新館2F),20,7,7,限本班,甲(語教)組必修,Research Methods in English Education,英文,https://webap0.ncue.edu.tw/DEANV2/UploadDEAN/SUBJECT/1151/41059_1AREN2007030_EN.pdf,https://webapss.ncue.edu.tw/Teacher/Reports/OB020.aspx?yms_year=115&yms_sms=1&emp_id=0001159
819,41058,英碩二,語言教學測驗與評量,,組必修,,否,3,張善貿,擷英館,(二) 02-04 英研4(新館2F),20,4,4,限本班,甲(語教)組必修,Testing & Evaluation in Language Education,無,,https://webapss.ncue.edu.tw/Teacher/Reports/OB020.aspx?yms_year=115&yms_sms=1&emp_id=0000794
820,41057,英碩一,英語教學專題(1),,組選修,,是,3,趙玉芝,擷英館,(三) 02-04 英研1(1F),20,0,0,限本系,,Topics in TEFL (1),中文,https://webap0.ncue.edu.tw/DEANV2/UploadDEAN/SUBJECT/1151/41057_1AREN2154930.pdf,https://webapss.ncue.edu.tw/Teacher/Reports/OB020.aspx?yms_year=115&yms_sms=1&emp_id=0000613
821,41056,英碩一,理論語言學專題,,組必修,,否,3,龔慧懿郭育賢,擷英館,(一) 05-07 英研1(1F),20,0,0,限本系,甲(語教)組必修,Topics on Theoretical Linguistics,英文,https://webap0.ncue.edu.tw/DEANV2/UploadDEAN/SUBJECT/1151/41056_1AREN2163830_EN.pdf,https://webapss.ncue.edu.tw/Teacher/Reports/OB020.aspx?yms_year=115&yms_sms=1&emp_id=0000494
822,41055,英碩一,英國近代文學專題,,組必修,,否,3,儲湘君,擷英館,(三) 02-04 英研2(1F),20,1,1,限本系,乙(文學)組必修,Studies in Contemporary British Literature,英文,https://webap0.ncue.edu.tw/DEANV2/UploadDEAN/SUBJECT/1151/41055_1AREN2017530_EN.pdf,https://webapss.ncue.edu.tw/Teacher/Reports/OB020.aspx?yms_year=115&yms_sms=1&emp_id=0000841
823,41054,英碩一,書目學及研究方法(文學組),,組必修,,否,3,儲湘君,擷英館,(二) 03-05 英研2(1F),20,0,0,限本系,乙(文學)組必修,Bibliography & Research Methods(Literature Section),無,,https://webapss.ncue.edu.tw/Teacher/Reports/OB020.aspx?yms_year=115&yms_sms=1&emp_id=0000841
824,41053,英碩一,高級英文寫作(一)(文學組),,組必修,,否,1,,擷英館,(二) 01-02 借英語新館,20,0,0,限本系,乙(文學)組必修，與語教組寫作併班上課。,Advanced English Writing (I),無,,
825,41052,英碩一,書目學及研究方法(語言組),,組必修,,是,3,趙玉芝,擷英館,(三) 06-08 英研1(1F),20,0,0,限本系,甲(語教)組必修,Bibliography & Research Methods(Linguistics Section),中文,https://webap0.ncue.edu.tw/DEANV2/UploadDEAN/SUBJECT/1151/41052_1AREN2003430.pdf,https://webapss.ncue.edu.tw/Teacher/Reports/OB020.aspx?yms_year=115&yms_sms=1&emp_id=0000613
826,41051,英碩一,高級英文寫作(一)(語言組),,組必修,,否,1,游毓玲,擷英館,(二) 01-02 英研1(1F),20,0,0,限本系,甲(語教)組必修/線上遠距教學,Advanced English Writing (I),無,,https://webapss.ncue.edu.tw/Teacher/Reports/OB020.aspx?yms_year=115&yms_sms=1&emp_id=0000854
827,41050,英博三,博士論文,,系必修,,否,0,論文,,,20,1,1,限本系,本課程為登錄論文口試成績用，當學期申請博士學位論文口試者必選(每學期可重複修課)。,Doctoral Dissertation,無,,
828,41049,英博二,論文指導(二),,系必修,,否,3,論文,,,20,0,0,限本系,論文指導(一)及論文指導(二)應於申請博士候選人資格考試前修畢。,Thesis Supervision (II),無,,
829,41048,英博二,論文指導(一),,系必修,,否,3,論文,,,20,1,1,限本系,論文指導(一)及論文指導(二)應於申請博士候選人資格考試前修畢。,Thesis Supervision (I),無,,
830,41047,英博三,英國文學作家作品詮釋專題,,組選修,,否,3,儲湘君,擷英館,(三) 06-08 英研3(2F),20,1,1,限本系,,Seminar on Interpreting English Authors and Their Works,無,,https://webapss.ncue.edu.tw/Teacher/Reports/OB020.aspx?yms_year=115&yms_sms=1&emp_id=0000841
831,41046,英博一,語言學習專題,,組必修,,是,3,蓋傑富龔慧懿,白沙大樓,(二) 01-03 L2(待找進德教室中),20,1,1,限本系,甲(語教)組必修,Topics in Language Learning,英文,https://webap0.ncue.edu.tw/DEANV2/UploadDEAN/SUBJECT/1151/41046_1AREN1191930_EN.pdf,https://webapss.ncue.edu.tw/Teacher/Reports/OB020.aspx?yms_year=115&yms_sms=1&emp_id=0001159
832,41045,英博一,書報討論甲組,,組必修,,否,2,張善貿,擷英館,(二) 05-06 英研3(2F),20,2,2,限本系,甲(語教)組必修,Paper Discussion,無,,https://webapss.ncue.edu.tw/Teacher/Reports/OB020.aspx?yms_year=115&yms_sms=1&emp_id=0000794
833,41044,英博一,理論語言學專題研究,,組必修,,否,3,龔慧懿郭育賢,擷英館,(二) 07-09 英研3(2F),20,0,0,限本系,甲(語教)組必修,Studies on Theoretical Linguistics,英文,https://webap0.ncue.edu.tw/DEANV2/UploadDEAN/SUBJECT/1151/41044_1AREN1181530_EN.pdf,https://webapss.ncue.edu.tw/Teacher/Reports/OB020.aspx?yms_year=115&yms_sms=1&emp_id=0000494
834,41043,英博一,高級學術論文寫作甲組,,組必修,,否,2,游毓玲,擷英館,(一) 01-02 英研3(2F),20,0,0,限本系,甲(語教)組必修/線上遠距教學,Advanced Academic Writing,無,,https://webapss.ncue.edu.tw/Teacher/Reports/OB020.aspx?yms_year=115&yms_sms=1&emp_id=0000854
835,41042,英四,英語科教學實習(一),,組必修,,是,2,趙玉芝,擷英館,(五) 01-04 13101(新館),50,19,19,限本班,1.師培生組必修/非師培生選修科目。2.先修科目：英語科教材教法。,English Teaching Practicum (I),中文,https://webap0.ncue.edu.tw/DEANV2/UploadDEAN/SUBJECT/1151/41042_1AREN0024520.pdf,https://webapss.ncue.edu.tw/Teacher/Reports/OB020.aspx?yms_year=115&yms_sms=1&emp_id=0000613
836,41041,英四,討論與辯論B組,,系必修,,是,2,梅泰勒,擷英館,(五) 05-06 13103,50,24,24,限本班,英四學號為雙號者限修習本班。,Discussion & Debate,英文,https://webap0.ncue.edu.tw/DEANV2/UploadDEAN/SUBJECT/1151/41041_1AREN0167920_EN.pdf,https://webapss.ncue.edu.tw/Teacher/Reports/OB020.aspx?yms_year=115&yms_sms=1&emp_id=0001219
837,41040,英四,討論與辯論A組,,系必修,,是,2,梅泰勒,擷英館,(三) 03-04 13103,50,24,24,限本班,英四學號為單號者限修習本班。,Discussion & Debate,英文,https://webap0.ncue.edu.tw/DEANV2/UploadDEAN/SUBJECT/1151/41040_1AREN0167820_EN.pdf,https://webapss.ncue.edu.tw/Teacher/Reports/OB020.aspx?yms_year=115&yms_sms=1&emp_id=0001219
838,41039,英四,中英筆譯B組,,系必修,,否,2,賴秉彥,擷英館,(三) 05-06 13104,50,26,26,限本班,英四學號為雙號者限修習本班。,Chinese-English & English-Chinese Translating,中文,https://webap0.ncue.edu.tw/DEANV2/UploadDEAN/SUBJECT/1151/41039_1AREN0201020.pdf,https://webapss.ncue.edu.tw/Teacher/Reports/OB020.aspx?yms_year=115&yms_sms=1&emp_id=0000855
839,41038,英四,中英筆譯A組,,系必修,,否,2,廖佳慧,擷英館,(五) 05-06 13104,50,23,23,限本班,英四學號為單號者限修習本班。,Chinese-English & English-Chinese Translating,中文,https://webap0.ncue.edu.tw/DEANV2/UploadDEAN/SUBJECT/1151/41038_1AREN0200920.pdf,https://webapss.ncue.edu.tw/Teacher/Reports/OB020.aspx?yms_year=115&yms_sms=1&emp_id=9900814
840,41037,英三,日文(三),,系選修,,否,2,方若評,教學大樓,(五) 01-02 T203,50,12,12,可跨班系,1.先修科目：日文(一)(二)。2.不可採認為校通識之「初級日文」。,Japanese III,中文,https://webap0.ncue.edu.tw/DEANV2/UploadDEAN/SUBJECT/1151/41037_1AREN0168520.pdf,https://webapss.ncue.edu.tw/Teacher/Reports/OB020.aspx?yms_year=115&yms_sms=1&emp_id=9901103
841,41036,英三,英語科教材教法,,組必修,,否,2,龔慧懿,擷英館,(三) 08-09 13104,50,23,23,限本班,1.師培生組必修科目/非師培生選修。2.先修科目：教育基礎課程及教育方法課程各1科。,Methods & Materials for English Teaching,無,,https://webapss.ncue.edu.tw/Teacher/Reports/OB020.aspx?yms_year=115&yms_sms=1&emp_id=0000494
842,41035,英三,句法學,,系必修,,否,3,龔慧懿,擷英館,(一) 02-04 英語小劇場(新館2F),65,49,49,限本班,,Syntax,無,,https://webapss.ncue.edu.tw/Teacher/Reports/OB020.aspx?yms_year=115&yms_sms=1&emp_id=0000494
843,41034,英三,研究方法,,系必修,,是,2,黃瀞儀,擷英館,(五) 03-04 英語小劇場(新館2F),65,49,49,限本班,,Research Method,英文,https://webap0.ncue.edu.tw/DEANV2/UploadDEAN/SUBJECT/1151/41034_1AREN0167020_EN.pdf,https://webapss.ncue.edu.tw/Teacher/Reports/OB020.aspx?yms_year=115&yms_sms=1&emp_id=0000225
844,41033,英三,英語教學(一),,系必修,,否,2,張善貿,擷英館,(一) 07-08 13101(新館),65,50,50,限本班,,Teaching English as a Second/Foreign Language (I),無,,https://webapss.ncue.edu.tw/Teacher/Reports/OB020.aspx?yms_year=115&yms_sms=1&emp_id=0000794
845,41032,英三,美國文學(一),,系必修,,否,2,施懿芹,教學大樓,(四) 03-04 T101,65,49,49,限本班,,American Literature (I),中英,https://webap0.ncue.edu.tw/DEANV2/UploadDEAN/SUBJECT/1151/41032_1AREN0167120.pdf,https://webapss.ncue.edu.tw/Teacher/Reports/OB020.aspx?yms_year=115&yms_sms=1&emp_id=0001151
846,41031,英三,英國文學史(三),,系必修,,否,2,蕭韻華,擷英館,(四) 05-06 13101(新館),65,49,49,限本班,,History of British Literature (III),英文,https://webap0.ncue.edu.tw/DEANV2/UploadDEAN/SUBJECT/1151/41031_1AREN0005720_EN.pdf,https://webapss.ncue.edu.tw/Teacher/Reports/OB020.aspx?yms_year=115&yms_sms=1&emp_id=0000925
847,41030,英三,高級寫作練習B組,,系必修,,是,2,裴卓仕,擷英館,(二) 07-08 13103,50,24,24,限本班,英三學號為雙號者限修習本班。,Advanced Writing Practice,英文,https://webap0.ncue.edu.tw/DEANV2/UploadDEAN/SUBJECT/1151/41030_1AREN0192220_EN.pdf,https://webapss.ncue.edu.tw/Teacher/Reports/OB020.aspx?yms_year=115&yms_sms=1&emp_id=0000962
848,41029,英三,高級寫作練習A組,,系必修,,是,2,裴卓仕,擷英館,(二) 05-06 13103,50,26,26,限本班,英三學號為單號者限修習本班。,Advanced Writing Practice,英文,https://webap0.ncue.edu.tw/DEANV2/UploadDEAN/SUBJECT/1151/41029_1AREN0192120_EN.pdf,https://webapss.ncue.edu.tw/Teacher/Reports/OB020.aspx?yms_year=115&yms_sms=1&emp_id=0000962
849,41028,英三,英語會話B組,,系必修,,是,2,裴卓仕,擷英館,(五) 05-06 語言實驗室3,50,24,24,限本班,英三學號為雙號者限修習本班。,English Conversation,英文,https://webap0.ncue.edu.tw/DEANV2/UploadDEAN/SUBJECT/1151/41028_1AREN0166820_EN.pdf,https://webapss.ncue.edu.tw/Teacher/Reports/OB020.aspx?yms_year=115&yms_sms=1&emp_id=0000962
850,41027,英三,英語會話A組,,系必修,,是,2,蓋傑富,擷英館,(四) 01-02 語言實驗室3,50,26,26,限本班,英三學號為單號者限修習本班。,English Conversation,英文,https://webap0.ncue.edu.tw/DEANV2/UploadDEAN/SUBJECT/1151/41027_1AREN0166720_EN.pdf,https://webapss.ncue.edu.tw/Teacher/Reports/OB020.aspx?yms_year=115&yms_sms=1&emp_id=0001159
851,41026,英二,法文(三),,系選修,,否,2,蔡明華,擷英館,(三) 05-06 語言實驗室3,50,7,7,可跨班系,1.先修科目：法文(一)(二)。2.不可採認為校通識之「初級法文」。,French (III),中文,https://webap0.ncue.edu.tw/DEANV2/UploadDEAN/SUBJECT/1151/41026_1AREN0169320.pdf,https://webapss.ncue.edu.tw/Teacher/Reports/OB020.aspx?yms_year=115&yms_sms=1&emp_id=9900792
852,41025,英二,德文(一),,系選修,,否,2,梅泰勒,擷英館,(三) 07-08 13101(新館),50,26,26,限本系,1.本系學生應於畢業前修畢第二外語(同一語言)課程兩學期4學分。2.需修習本課程之大一英文免修生，於徵得授課教師同意後，在加退選期間線上申請加簽。3.不可採認為校通識之「初級德文」。,German I,英文,https://webap0.ncue.edu.tw/DEANV2/UploadDEAN/SUBJECT/1151/41025_1AREN0168720_EN.pdf,https://webapss.ncue.edu.tw/Teacher/Reports/OB020.aspx?yms_year=115&yms_sms=1&emp_id=0001219
853,41024,英二,口譯與視譯,,系選修,,否,2,李姿瑩,擷英館,(三) 05-06 13103,50,55,50,限本系,師培專門課程：1.中等學校語文領域英語文專長[英語文溝通能力]類別科目之一。2.高級中等學校外語群(加科)-英語專長[翻譯能力]類別科目之一。,Interpretation & Sight Translation,中文,https://webap0.ncue.edu.tw/DEANV2/UploadDEAN/SUBJECT/1151/41024_1AREN0180020.pdf,https://webapss.ncue.edu.tw/Teacher/Reports/OB020.aspx?yms_year=115&yms_sms=1&emp_id=0001144
854,41023,英二,國際會議與英文簡報,,系選修,,是,2,陳謝鈞,教學大樓,(四) 07-08 T101,50,48,48,限本系,1.師培專門課程：高級中等學校外語群(加科)-英語專長[資訊應用能力]類別科目。2.非師培生選修課程。,International Conferences and English Presentation,英文,https://webap0.ncue.edu.tw/DEANV2/UploadDEAN/SUBJECT/1151/41023_1AREN0180420_EN.pdf,https://webapss.ncue.edu.tw/Teacher/Reports/OB020.aspx?yms_year=115&yms_sms=1&emp_id=0001163
855,41022,英二,英國文學史(一),,系必修,,是,2,裴卓仕,擷英館,(四) 05-06 英語小劇場(新館2F),65,54,54,限本班,,History of British Literature (I),英文,https://webap0.ncue.edu.tw/DEANV2/UploadDEAN/SUBJECT/1151/41022_1AREN0020820_EN.pdf,https://webapss.ncue.edu.tw/Teacher/Reports/OB020.aspx?yms_year=115&yms_sms=1&emp_id=0000962
856,41021,英二,語言學概論(一),,系必修,,是,2,郭育賢,擷英館,(三) 03-04 英語小劇場(新館2F),65,54,54,限本班,,Introduction to Linguistics (I),英文,https://webap0.ncue.edu.tw/DEANV2/UploadDEAN/SUBJECT/1151/41021_1AREN0150620_EN.pdf,https://webapss.ncue.edu.tw/Teacher/Reports/OB020.aspx?yms_year=115&yms_sms=1&emp_id=0001194
857,41020,英二,英語教學概論(一),,系必修,,否,2,張善貿,擷英館,(一) 05-06 英語小劇場(新館2F),65,53,53,限本班,,Introduction to English Teaching (I),無,,https://webapss.ncue.edu.tw/Teacher/Reports/OB020.aspx?yms_year=115&yms_sms=1&emp_id=0000794
858,41019,英二,中級寫作(一)B組,,系必修,,是,2,梅泰勒,擷英館,(二) 03-04 13102,50,27,27,限本班,英二學號為雙號者限修習本班。,Intermediate Writing (I),英文,https://webap0.ncue.edu.tw/DEANV2/UploadDEAN/SUBJECT/1151/41019_1AREN0016420_EN.pdf,https://webapss.ncue.edu.tw/Teacher/Reports/OB020.aspx?yms_year=115&yms_sms=1&emp_id=0001219
859,41018,英二,中級寫作(一)A組,,系必修,,否,2,蕭韻華,擷英館,(二) 03-04 13104,50,27,27,限本班,英二學號為單號者限修習本班。,Intermediate Writing (I),英文,https://webap0.ncue.edu.tw/DEANV2/UploadDEAN/SUBJECT/1151/41018_1AREN0016320_EN.pdf,https://webapss.ncue.edu.tw/Teacher/Reports/OB020.aspx?yms_year=115&yms_sms=1&emp_id=0000925
860,41017,英二,中級聽講練習(一)B組,,系必修,,是,1,李鈞皓,擷英館,(一) 07-08 語言實驗室3,50,27,27,限本班,英二學號為雙號者限修習本班。,Intermediate Listening & Speaking Practice (I),無,,https://webapss.ncue.edu.tw/Teacher/Reports/OB020.aspx?yms_year=115&yms_sms=1&emp_id=9901094
861,41016,英二,中級聽講練習(一)A組,,系必修,,是,1,蓋傑富,擷英館,(二) 05-06 語言實驗室3,50,26,26,限本班,英二學號為單號者限修習本班。,Intermediate Listening & Speaking Practice (I),英文,https://webap0.ncue.edu.tw/DEANV2/UploadDEAN/SUBJECT/1151/41016_1AREN0010710_EN.pdf,https://webapss.ncue.edu.tw/Teacher/Reports/OB020.aspx?yms_year=115&yms_sms=1&emp_id=0001159
862,41015,應用英語夜碩一,科技與人工智慧輔助語言學習,,系選修,,否,3,阮家慶,擷英館,(四) 10-12 英研1(1F),30,0,8,限本系,,Technology and Artificial Intelligence Enhanced Language Learning,無,,https://webapss.ncue.edu.tw/Teacher/Reports/OB020.aspx?yms_year=115&yms_sms=1&emp_id=4000045
863,41014,應用英語夜碩一,跨文化溝通,,系選修,,是,3,蓋傑富,擷英館,(三) 10-12 英研1(1F),30,0,9,限本系,,Cross-Cultural Communication,英文,https://webap0.ncue.edu.tw/DEANV2/UploadDEAN/SUBJECT/1151/41014_1ARENE210730_EN.pdf,https://webapss.ncue.edu.tw/Teacher/Reports/OB020.aspx?yms_year=115&yms_sms=1&emp_id=0001159
864,41013,應用英語夜碩一,外語習得研究,,系選修,,否,3,林愛恩,擷英館,(二) 10-12 英研1(1F),30,0,5,限本系,,Studies in Foreign Language Acquisition,中文,https://webap0.ncue.edu.tw/DEANV2/UploadDEAN/SUBJECT/1151/41013_1ARENE208130.pdf,https://webapss.ncue.edu.tw/Teacher/Reports/OB020.aspx?yms_year=115&yms_sms=1&emp_id=0001129
865,41012,英一,文學與電影,,系選修,,否,2,儲湘君,擷英館,(二) 07-08 13101(新館),50,26,26,限本系,師培專門課程：中等學校語文領域英語文專長[文學]類別科目之一。,Literature and Movie,英文,https://webap0.ncue.edu.tw/DEANV2/UploadDEAN/SUBJECT/1151/41012_1AREN0213320_EN.pdf,https://webapss.ncue.edu.tw/Teacher/Reports/OB020.aspx?yms_year=115&yms_sms=1&emp_id=0000841
866,41011,英一,英語語音學,,系必修,,是,3,郭育賢,擷英館,(二) 02-04 英語小劇場(新館2F),65,0,0,限本班,,English Phonetics,英文,https://webap0.ncue.edu.tw/DEANV2/UploadDEAN/SUBJECT/1151/41011_1AREN0006130_EN.pdf,https://webapss.ncue.edu.tw/Teacher/Reports/OB020.aspx?yms_year=115&yms_sms=1&emp_id=0001194
867,41010,英一,閱讀指導B組,,系必修,,是,2,黃瀞儀,擷英館,(三) 07-08 13102,50,0,0,限本班,英一學號為雙號者限修習本班。,Guidance in Reading,英文,https://webap0.ncue.edu.tw/DEANV2/UploadDEAN/SUBJECT/1151/41010_1AREN0166420_EN.pdf,https://webapss.ncue.edu.tw/Teacher/Reports/OB020.aspx?yms_year=115&yms_sms=1&emp_id=0000225
868,41009,應用英語夜碩一,書目學及研究方法,,系必修,,否,2,蔡佩舒,擷英館,(一) 10-11 英研1(1F),30,0,3,限本系,,Bibliography and Research Method,英文,https://webap0.ncue.edu.tw/DEANV2/UploadDEAN/SUBJECT/1151/41009_1ARENE207620_EN.pdf,https://webapss.ncue.edu.tw/Teacher/Reports/OB020.aspx?yms_year=115&yms_sms=1&emp_id=0001048
869,41008,英一,閱讀指導A組,,系必修,,否,2,阮家慶,擷英館,(二) 05-06 13102,50,0,0,限本班,英一學號為單號者限修習本班。,Guidance in Reading,無,,https://webapss.ncue.edu.tw/Teacher/Reports/OB020.aspx?yms_year=115&yms_sms=1&emp_id=4000045
870,41007,英一,文學作品導讀(一),,系必修,,是,2,裴卓仕,擷英館,(四) 07-08 英語小劇場(新館2F),65,0,0,限本班,,Approach to Literature (I),英文,https://webap0.ncue.edu.tw/DEANV2/UploadDEAN/SUBJECT/1151/41007_1AREN0005120_EN.pdf,https://webapss.ncue.edu.tw/Teacher/Reports/OB020.aspx?yms_year=115&yms_sms=1&emp_id=0000962
871,41006,英一,西洋文學概論(一),,系必修,,否,2,施懿芹,教學大樓,(四) 05-06 T101,65,0,0,限本班,,Introduction to Western Literature (I),中英,https://webap0.ncue.edu.tw/DEANV2/UploadDEAN/SUBJECT/1151/41006_1AREN0008320.pdf,https://webapss.ncue.edu.tw/Teacher/Reports/OB020.aspx?yms_year=115&yms_sms=1&emp_id=0001151
872,41005,英一,基礎寫作(一)B組,,系必修,,是,2,黃瀞儀,擷英館,(一) 05-06 13102,50,0,0,限本班,英一學號為雙號者限修習本班。,Basic Writing (I),英文,https://webap0.ncue.edu.tw/DEANV2/UploadDEAN/SUBJECT/1151/41005_1AREN0016020_EN.pdf,https://webapss.ncue.edu.tw/Teacher/Reports/OB020.aspx?yms_year=115&yms_sms=1&emp_id=0000225
873,41004,英一,基礎寫作(一)A組,,系必修,,否,2,吳保霖,擷英館,(三) 05-06 13102,50,0,0,限本班,英一學號為單號者限修習本班。,Basic Writing (I),無,,https://webapss.ncue.edu.tw/Teacher/Reports/OB020.aspx?yms_year=115&yms_sms=1&emp_id=4000052
874,41003,英一,發音練習B組,,系必修,,是,1,梅泰勒,擷英館,(二) 05-06 13104,50,0,0,限本班,英一學號為雙號者限修習本班。,Pronunciation Practice,英文,https://webap0.ncue.edu.tw/DEANV2/UploadDEAN/SUBJECT/1151/41003_1AREN0212010_EN.pdf,https://webapss.ncue.edu.tw/Teacher/Reports/OB020.aspx?yms_year=115&yms_sms=1&emp_id=0001219
875,41002,英一,發音練習A組,,系必修,,是,1,梅泰勒,擷英館,(一) 05-06 語言實驗室3,50,0,0,限本班,英一學號為單號者限修習本班。,Pronunciation Practice,英文,https://webap0.ncue.edu.tw/DEANV2/UploadDEAN/SUBJECT/1151/41002_1AREN0211910_EN.pdf,https://webapss.ncue.edu.tw/Teacher/Reports/OB020.aspx?yms_year=115&yms_sms=1&emp_id=0001219
876,41001,英一,人工智慧及其應用,,校必(通識),,否,2,阮家慶,圖書館,(五) 03-04 電一教室,50,0,0,限本班,大二~大四生如要修習，以線上加簽方式,Artificial Intelligence and Its Application,無,,https://webapss.ncue.edu.tw/Teacher/Reports/OB020.aspx?yms_year=115&yms_sms=1&emp_id=4000045
877,40001,文學院,藝術概論,,系必修,,否,2,王曼萍,聲洋館,(二) 07-08 16203大理論教室,50,47,47,可跨班系,本院大學部學生修讀得列計該系系選修畢業學分；本門課程為美術系大學部美一必修課程。,Introduction to Art,中文,https://webap0.ncue.edu.tw/DEANV2/UploadDEAN/SUBJECT/1151/40001_1ARAR0100120.pdf,https://webapss.ncue.edu.tw/Teacher/Reports/OB020.aspx?yms_year=115&yms_sms=1&emp_id=0001071
878,38010,技職碩二,論文指導（一）,,系必修,,否,3,論文,,,20,3,3,限本班,,Thesis Supervision I,無,,
879,38009,技職碩二,技職教育政策分析與應用,,系選修,,否,3,石文傑,力行館,(四) 02-04 31218研討室,20,5,5,限本班,,Analysis & Application of Technical and Vocational Education Policies,中文,https://webap0.ncue.edu.tw/DEANV2/UploadDEAN/SUBJECT/1151/38009_1TCTP2102130.pdf,https://webapss.ncue.edu.tw/Teacher/Reports/OB020.aspx?yms_year=115&yms_sms=1&emp_id=0000804
880,38008,技職碩二,論文,,系必修,,否,0,論文,,,20,4,4,限本班,,Thesis,無,,
881,38005,技職碩一,人工智慧在技職教育之應用,,系選修,,否,3,陳德發,力行館,(三) 05-07 31218研討室,20,4,4,限本系,,Application of AI in Technical Vocational Education,中文,https://webap0.ncue.edu.tw/DEANV2/UploadDEAN/SUBJECT/1151/38005_1TCTP2103930.pdf,https://webapss.ncue.edu.tw/Teacher/Reports/OB020.aspx?yms_year=115&yms_sms=1&emp_id=0000739
882,38004,技職碩一,研究法（一）,,系必修,,否,3,吳錦章廖錦文,力行館,(三) 02-04 31506,20,0,0,限本班,,Research Method I,中文,https://webap0.ncue.edu.tw/DEANV2/UploadDEAN/SUBJECT/1151/38004_1TCTP2100230.pdf,https://webapss.ncue.edu.tw/Teacher/Reports/OB020.aspx?yms_year=115&yms_sms=1&emp_id=9901138
883,38003,技職碩一,技職教育課程發展,,系選修,,否,3,廖興國,力行館,(一) 02-04 31219研討室,20,0,0,限本系,,Vocational Education Curriculum Development,中文,https://webap0.ncue.edu.tw/DEANV2/UploadDEAN/SUBJECT/1151/38003_1TCTP2101230.pdf,https://webapss.ncue.edu.tw/Teacher/Reports/OB020.aspx?yms_year=115&yms_sms=1&emp_id=0001120
884,38002,技職碩一,技職教育理論與實務,,系必修,,否,3,陳繁興,力行館,(五) 05-07 31218研討室,20,0,0,限本班,,Theory and Practice Technical and Vocational Education,無,,https://webapss.ncue.edu.tw/Teacher/Reports/OB020.aspx?yms_year=115&yms_sms=1&emp_id=9901092
885,38001,技職碩一,書報討論（一）,,系必修,,否,1,陳德發廖興國,力行館,(二) 05-06 31219研討室,20,0,0,限本班,,Seminar I,中文,https://webap0.ncue.edu.tw/DEANV2/UploadDEAN/SUBJECT/1151/38001_1TCTP2100110.pdf,https://webapss.ncue.edu.tw/Teacher/Reports/OB020.aspx?yms_year=115&yms_sms=1&emp_id=0000739
886,37012,智車二,感測與介面技術,,系必修,,否,3,夏雲清,教學一館,(五) 02-04 33305教室,50,17,17,限本班,,Sensor and Interface Technology,中文,https://webap0.ncue.edu.tw/DEANV2/UploadDEAN/SUBJECT/1151/37012_1TCIV0100630.pdf,https://webapss.ncue.edu.tw/Teacher/Reports/OB020.aspx?yms_year=115&yms_sms=1&emp_id=9901327
887,37010,智車二,微處理機原理及應用,,系必修,,否,3,吳佳軒,力行館,(三) 05-07 31103,50,17,17,限本班,,Principles and Applications of Microprocessors,無,,https://webapss.ncue.edu.tw/Teacher/Reports/OB020.aspx?yms_year=115&yms_sms=1&emp_id=4000073
888,37009,智車二,車輛性能測試實驗,,系選修,,否,3,夏雲清,教學一館,(二) 05-07 33305教室,50,17,17,限本班,,Vehicle Performance Testing and Experimentation,中文,https://webap0.ncue.edu.tw/DEANV2/UploadDEAN/SUBJECT/1151/37009_1TCIV0103130.pdf,https://webapss.ncue.edu.tw/Teacher/Reports/OB020.aspx?yms_year=115&yms_sms=1&emp_id=9901327
889,37008,智車二,電動車動力系統,,系選修,,否,3,廖興國,教學一館,(二) 02-04 33305教室,50,17,17,限本班,,Electric Vehicle Power System,中文,https://webap0.ncue.edu.tw/DEANV2/UploadDEAN/SUBJECT/1151/37008_1TCIV0102630.pdf,https://webapss.ncue.edu.tw/Teacher/Reports/OB020.aspx?yms_year=115&yms_sms=1&emp_id=0001120
890,37007,智車二,人工智慧,,系必修,,否,3,陳德發,力行館,(一) 05-07 電L6(登記電腦教室中),50,17,17,限本班,,Artificial Intelligence,中文,https://webap0.ncue.edu.tw/DEANV2/UploadDEAN/SUBJECT/1151/37007_1TCIV0100730.pdf,https://webapss.ncue.edu.tw/Teacher/Reports/OB020.aspx?yms_year=115&yms_sms=1&emp_id=0000739
891,37006,智車一,智慧車輛技術,,系選修,,否,3,夏雲清,教學一館,(四) 07-09 33305教室,50,0,0,限本班,,Intelligent Vehicle Technology,中文,https://webap0.ncue.edu.tw/DEANV2/UploadDEAN/SUBJECT/1151/37006_1TCIV0101830.pdf,https://webapss.ncue.edu.tw/Teacher/Reports/OB020.aspx?yms_year=115&yms_sms=1&emp_id=9901327
892,37005,智車一,智慧車輛原理,,系必修,,否,3,廖興國,教學一館,(四) 05-06、14 33305教室,50,0,0,限本班,,Principles of Intelligent Vehicles,中文,https://webap0.ncue.edu.tw/DEANV2/UploadDEAN/SUBJECT/1151/37005_1TCIV0100330.pdf,https://webapss.ncue.edu.tw/Teacher/Reports/OB020.aspx?yms_year=115&yms_sms=1&emp_id=0001120
893,37004,智車一,電路學,,系必修,,否,3,吳佳軒,教學一館,(三) 02-04 33305教室,50,0,0,限本班,,Electric Circuits,無,,https://webapss.ncue.edu.tw/Teacher/Reports/OB020.aspx?yms_year=115&yms_sms=1&emp_id=4000073
894,37003,智車一,程式設計(一),,系必修,,否,3,吳佳軒,力行館,(二) 02-04 電L6(登記電腦教室中),50,0,0,限本班,,Program Design I,無,,https://webapss.ncue.edu.tw/Teacher/Reports/OB020.aspx?yms_year=115&yms_sms=1&emp_id=4000073
895,37002,智車一,微積分(一),,系必修,,否,3,楊介仙,力行館,(一) 02-04 31220研討室,50,0,0,限本班,,Calculus I,中英,https://webap0.ncue.edu.tw/DEANV2/UploadDEAN/SUBJECT/1151/37002_1TCIV0100130.pdf,https://webapss.ncue.edu.tw/Teacher/Reports/OB020.aspx?yms_year=115&yms_sms=1&emp_id=0000817
896,37001,智車一,生命探索發展與實踐,,校必(通識),,否,2,廖興國,教學一館,(一) 05-06 33401教室,50,0,0,限本班,大二~大四生如要修習，以線上加簽方式,Life and Career Development and Practice,中文,https://webap0.ncue.edu.tw/DEANV2/UploadDEAN/SUBJECT/1151/37001_0CCGE0177920.pdf,https://webapss.ncue.edu.tw/Teacher/Reports/OB020.aspx?yms_year=115&yms_sms=1&emp_id=0001120
897,36009,AI碩士學程一,智慧物聯網實務,,系選修,,否,3,林韋辰,力行館,(一) 05-07 31219D研討室,20,0,0,限本系,,Smart Internet of Things Practice,中文,https://webap0.ncue.edu.tw/DEANV2/UploadDEAN/SUBJECT/1151/36009_1TCAI2102430.pdf,https://webapss.ncue.edu.tw/Teacher/Reports/OB020.aspx?yms_year=115&yms_sms=1&emp_id=0001200
898,36008,AI碩士學程二,資料探勘,,系選修,,否,3,方俊修,力行館,(四) 05-07 31219研討室,20,2,2,限本系,,Data Mining,中文,https://webap0.ncue.edu.tw/DEANV2/UploadDEAN/SUBJECT/1151/36008_1TCAI2102730.pdf,https://webapss.ncue.edu.tw/Teacher/Reports/OB020.aspx?yms_year=115&yms_sms=1&emp_id=0001188
899,36007,AI碩士學程二,論文,,系必修,,否,0,論文,,,20,8,8,限本班,,Thesis,無,,
900,36006,AI碩士學程二,論文指導(一),,系必修,,否,3,論文,,,20,8,8,限本班,,Thesis Supervision I,無,,
901,36005,AI碩士學程二,專題研究(一),,系必修,,否,1,方俊修林韋辰黃維澤,力行館,(一) 05-06 31219研討室,20,8,8,限本班,,Special Research I,中文,https://webap0.ncue.edu.tw/DEANV2/UploadDEAN/SUBJECT/1151/36005_1TCAI2101810.pdf,https://webapss.ncue.edu.tw/Teacher/Reports/OB020.aspx?yms_year=115&yms_sms=1&emp_id=0001188
902,36004,AI碩士學程一,機器學習,,系選修,,否,3,林韋辰,力行館,(二) 02-04 31219研討室,20,0,0,限本系,,Machine Learning,中文,https://webap0.ncue.edu.tw/DEANV2/UploadDEAN/SUBJECT/1151/36004_1TCAI2103130.pdf,https://webapss.ncue.edu.tw/Teacher/Reports/OB020.aspx?yms_year=115&yms_sms=1&emp_id=0001200
903,36003,AI碩士學程一,Python 程式設計,,系選修,,否,3,方俊修,力行館,(三) 05-07 31219研討室,20,0,0,限本系,,Python Programming,中文,https://webap0.ncue.edu.tw/DEANV2/UploadDEAN/SUBJECT/1151/36003_1TCAI2100930.pdf,https://webapss.ncue.edu.tw/Teacher/Reports/OB020.aspx?yms_year=115&yms_sms=1&emp_id=0001188
904,36002,AI碩士學程一,人工智慧在工程的應用,,系選修,,否,3,蔡承翰,力行館,(五) 05-07 31219研討室,20,1,1,可跨班系,,Application of Artificial Intelligence in Engineering,中文,https://webap0.ncue.edu.tw/DEANV2/UploadDEAN/SUBJECT/1151/36002_1TCAI2100330.pdf,https://webapss.ncue.edu.tw/Teacher/Reports/OB020.aspx?yms_year=115&yms_sms=1&emp_id=9901364
905,36001,AI碩士學程一,書報討論（一）,,系必修,,否,2,方俊修林韋辰賴元隆黃維澤姚凱超,力行館,(五) 03-04 31220研討室,20,0,0,限本班,,Seminar I,中文,https://webap0.ncue.edu.tw/DEANV2/UploadDEAN/SUBJECT/1151/36001_1TCAI2100120.pdf,https://webapss.ncue.edu.tw/Teacher/Reports/OB020.aspx?yms_year=115&yms_sms=1&emp_id=0001188
906,34016,車輛碩二,論文,,系必修,,否,0,論文,,,20,10,10,限本系,,Thesis,無,,
907,34015,車輛碩二,論文指導(一),,系必修,,否,3,論文,,,20,9,9,限本系,,Thesis Supervision I,無,,
908,34014,車輛碩二,動力機械群教材教法,,系選修,,否,2,吳建達,教學一館,(四) 03-04 33201,20,1,1,可跨班系,先修科目:應修畢1門教育基礎課程及1門教育方法課程，方可修習本課程。,Instructional Material and Methods for the Subject of Power Mechanical Cluster,中英,https://webap0.ncue.edu.tw/DEANV2/UploadDEAN/SUBJECT/1151/34014_1TCVR2108320.pdf,https://webapss.ncue.edu.tw/Teacher/Reports/OB020.aspx?yms_year=115&yms_sms=1&emp_id=0000810
909,34013,車輛碩二,書報討論(三),,系選修,,否,1,黃裕煒,力行館,(四) 06-07 車輛所D,20,10,10,限本系,,Seminar III,中文,https://webap0.ncue.edu.tw/DEANV2/UploadDEAN/SUBJECT/1151/34013_1TCVR2003410.pdf,https://webapss.ncue.edu.tw/Teacher/Reports/OB020.aspx?yms_year=115&yms_sms=1&emp_id=9901280
910,34012,車輛碩一,車輛電子專題研究(一),,系選修,,否,3,董子嘉,力行館,(二) 06-08 車輛所B,20,0,0,限本系,,Special Topic on Automotive Electronics (I),無,,https://webapss.ncue.edu.tw/Teacher/Reports/OB020.aspx?yms_year=115&yms_sms=1&emp_id=0001212
911,34011,車輛碩一,車輛動力系統專題研究(一),,系選修,,否,3,林似霖,力行館,(二) 06-08 車輛所A,20,1,1,限本系,,Special Topic in power system  (I),中英,https://webap0.ncue.edu.tw/DEANV2/UploadDEAN/SUBJECT/1151/34011_1TCVR2106830.pdf,https://webapss.ncue.edu.tw/Teacher/Reports/OB020.aspx?yms_year=115&yms_sms=1&emp_id=0001171
912,34010,車輛碩一,車輛振動、噪音控制專題研究(一),,系選修,,否,3,吳建達,力行館,(五) 06-08 車輛所A,20,0,0,限本系,,Special Topic in Vehicle Vibration and Noise Control  (I),中英,https://webap0.ncue.edu.tw/DEANV2/UploadDEAN/SUBJECT/1151/34010_1TCVR2002130.pdf,https://webapss.ncue.edu.tw/Teacher/Reports/OB020.aspx?yms_year=115&yms_sms=1&emp_id=0000810
913,34009,車輛碩一,書報討論(一),,系必修,,否,1,楊介仙董子嘉,力行館,(四) 06-07 31220研討室,20,0,0,限本班,,Seminar I,中英,https://webap0.ncue.edu.tw/DEANV2/UploadDEAN/SUBJECT/1151/34009_1TCVR2000110.pdf,https://webapss.ncue.edu.tw/Teacher/Reports/OB020.aspx?yms_year=115&yms_sms=1&emp_id=0000817
914,34008,車輛碩一,汽車零組件設計,,系選修,,否,3,曾文功,力行館,(四) 02-04 31219研討室,20,0,0,可跨班系,,Vehicle Component Design,中英,https://webap0.ncue.edu.tw/DEANV2/UploadDEAN/SUBJECT/1151/34008_1TCVR2000330.pdf,https://webapss.ncue.edu.tw/Teacher/Reports/OB020.aspx?yms_year=115&yms_sms=1&emp_id=0000921
915,34007,車輛碩一,嵌入式微處理器系統,,系選修,,否,3,董子嘉,教學一館,(三) 06-08 教學一館33204,20,0,0,可跨班系,,Embedded Microprocessor System,中文,https://webap0.ncue.edu.tw/DEANV2/UploadDEAN/SUBJECT/1151/34007_1TCVR2000530.pdf,https://webapss.ncue.edu.tw/Teacher/Reports/OB020.aspx?yms_year=115&yms_sms=1&emp_id=0001212
916,34006,車輛碩一,汽車性能分析與設計,,系選修,,否,3,林似霖,教學一館,(三) 02-04 教學一館33204,30,0,0,可跨班系,,Analysis and Design of Automotive Performance,中英,https://webap0.ncue.edu.tw/DEANV2/UploadDEAN/SUBJECT/1151/34006_1TCVR2001930.pdf,https://webapss.ncue.edu.tw/Teacher/Reports/OB020.aspx?yms_year=115&yms_sms=1&emp_id=0001171
917,34005,車輛碩一,人工智慧應用,,系選修,,否,3,林似霖,教學一館,(五) 02-04 教學一館33204,20,1,1,可跨班系,,Application of Artificial Intelligence,中英,https://webap0.ncue.edu.tw/DEANV2/UploadDEAN/SUBJECT/1151/34005_1TCVR2108930.pdf,https://webapss.ncue.edu.tw/Teacher/Reports/OB020.aspx?yms_year=115&yms_sms=1&emp_id=0001171
918,34004,車輛碩一,車輛信號處理與控制專題研究(一),,系選修,,否,3,曾文功,力行館,(二) 02-04 車輛所B,20,0,0,限本系,,Project study of vehicle signal processing and control I,中英,https://webap0.ncue.edu.tw/DEANV2/UploadDEAN/SUBJECT/1151/34004_1TCVR2107030.pdf,https://webapss.ncue.edu.tw/Teacher/Reports/OB020.aspx?yms_year=115&yms_sms=1&emp_id=0000921
919,34003,車輛碩一,車輛監控專題研究(一),,系選修,,否,3,楊介仙,力行館,(二) 02-04 車輛所A,20,2,2,限本系,,Special Topics on Vehicle Surveillance (I),中英,https://webap0.ncue.edu.tw/DEANV2/UploadDEAN/SUBJECT/1151/34003_1TCVR2000630.pdf,https://webapss.ncue.edu.tw/Teacher/Reports/OB020.aspx?yms_year=115&yms_sms=1&emp_id=0000817
920,34002,車輛碩一,機電整合實務,,系選修,,否,3,楊介仙,力行館,(一) 05-07 31218研討室,20,0,0,可跨班系,,Mechatronics Practice,中英,https://webap0.ncue.edu.tw/DEANV2/UploadDEAN/SUBJECT/1151/34002_1TCVR2105430.pdf,https://webapss.ncue.edu.tw/Teacher/Reports/OB020.aspx?yms_year=115&yms_sms=1&emp_id=0000817
921,34001,車輛碩一,車輛動力系統技術,,系選修,,否,1,吳建達,力行館,(一) 02-04 31218研討室,20,0,0,可跨班系,,Technology of Vehicle Power System,中英,https://webap0.ncue.edu.tw/DEANV2/UploadDEAN/SUBJECT/1151/34001_1TCVR2000910.pdf,https://webapss.ncue.edu.tw/Teacher/Reports/OB020.aspx?yms_year=115&yms_sms=1&emp_id=0000810
922,32037,人力資源管理夜碩一,策略性人力資源管理,,系選修,,否,3,張火燦,力行館,(二) 10-12 31203A研討室,30,0,12,限本系,,Strategic Human Resource Management,中文,https://webap0.ncue.edu.tw/DEANV2/UploadDEAN/SUBJECT/1151/32037_1TCHRE111830.pdf,https://webapss.ncue.edu.tw/Teacher/Reports/OB020.aspx?yms_year=115&yms_sms=1&emp_id=6000258
923,32036,人力資源管理夜碩二,論文,,系必修,,否,0,論文,,,30,0,28,限本系,,Thesis,中文,https://webap0.ncue.edu.tw/DEANV2/UploadDEAN/SUBJECT/1151/32036_1TCHRE114500.pdf,
924,32035,人管碩二,日常生活統計與資料思維,,系選修,,否,3,王議賢,力行館,(一) 05-07 31203B研討室,20,11,11,限本系,,Statistics in Everyday Life and Data Thinking,中文,https://webap0.ncue.edu.tw/DEANV2/UploadDEAN/SUBJECT/1151/32035_1TCHR2121730.pdf,https://webapss.ncue.edu.tw/Teacher/Reports/OB020.aspx?yms_year=115&yms_sms=1&emp_id=0001152
925,32034,人力資源管理夜碩二,員工關係,,系選修,,否,3,蔡啟通,力行館,(六) 02-04 31219研討室,30,0,19,限本系,,Employment Relationship,中文,https://webap0.ncue.edu.tw/DEANV2/UploadDEAN/SUBJECT/1151/32034_1TCHRE112430.pdf,https://webapss.ncue.edu.tw/Teacher/Reports/OB020.aspx?yms_year=115&yms_sms=1&emp_id=0000946
926,32033,人力資源管理夜碩二,策略性任用管理,,系選修,,否,3,黃敦群,力行館,(五) 10-12 31220研討室,30,0,19,限本系,,Strategic Staffing Management,中文,https://webap0.ncue.edu.tw/DEANV2/UploadDEAN/SUBJECT/1151/32033_1TCHRE112830.pdf,https://webapss.ncue.edu.tw/Teacher/Reports/OB020.aspx?yms_year=115&yms_sms=1&emp_id=0000997
927,32032,人力資源管理夜碩二,情緒心理學,,系選修,,否,3,王議賢,力行館,(二) 10-12 31220研討室,30,0,21,限本系,,Emotional Psychology,中文,https://webap0.ncue.edu.tw/DEANV2/UploadDEAN/SUBJECT/1151/32032_1TCHRE118830.pdf,https://webapss.ncue.edu.tw/Teacher/Reports/OB020.aspx?yms_year=115&yms_sms=1&emp_id=0001152
928,32031,人力資源管理夜碩一,組織理論與管理,,系選修,,否,3,許壹傑,力行館,(六) 05-07 31220研討室,30,0,13,限本系,,Organization Theory and Management,中文,https://webap0.ncue.edu.tw/DEANV2/UploadDEAN/SUBJECT/1151/32031_1TCHRE111730.pdf,https://webapss.ncue.edu.tw/Teacher/Reports/OB020.aspx?yms_year=115&yms_sms=1&emp_id=0000704
929,32030,人力資源管理夜碩一,勞動法,,系選修,,否,3,邱駿彥,力行館,(六) 02-04 31220研討室,30,0,16,限本系,,Labor Law,中文,https://webap0.ncue.edu.tw/DEANV2/UploadDEAN/SUBJECT/1151/32030_1TCHRE115430.pdf,https://webapss.ncue.edu.tw/Teacher/Reports/OB020.aspx?yms_year=115&yms_sms=1&emp_id=6000226
930,32029,人力資源管理夜碩一,績效管理,,系選修,,否,3,洪贊凱,力行館,(三) 10-12 31220研討室,30,0,28,限本系,,Performance Management,中文,https://webap0.ncue.edu.tw/DEANV2/UploadDEAN/SUBJECT/1151/32029_1TCHRE112130.pdf,https://webapss.ncue.edu.tw/Teacher/Reports/OB020.aspx?yms_year=115&yms_sms=1&emp_id=0000780
931,32028,人力資源管理夜碩一,研究法,,系選修,,否,3,沈其泰,力行館,(一) 10-12 31220研討室,30,0,19,限本系,,Research Methods,中文,https://webap0.ncue.edu.tw/DEANV2/UploadDEAN/SUBJECT/1151/32028_1TCHRE120430.pdf,https://webapss.ncue.edu.tw/Teacher/Reports/OB020.aspx?yms_year=115&yms_sms=1&emp_id=0001091
932,32027,人管博三,情緒心理學,,系選修,,否,3,王議賢,力行館,(三) 02-04 31203D研討室,20,0,0,限本系,,Emotional Psychology,中文,https://webap0.ncue.edu.tw/DEANV2/UploadDEAN/SUBJECT/1151/32027_1TCHR3118030.pdf,https://webapss.ncue.edu.tw/Teacher/Reports/OB020.aspx?yms_year=115&yms_sms=1&emp_id=0001152
933,32026,人管博二,論文,,系必修,,否,0,論文,,,20,2,2,限本系,,Thesis,無,,
934,32025,人管博二,論文指導(一),,系必修,,否,3,論文,,,99,1,1,限本系,,Thesis Supervision I,無,,
935,32024,人管博二,人力資源管理專題研究,,系必修,,否,3,沈其泰,力行館,(二) 05-07 31211研討室,20,1,1,限本系,,Research Seminar on Human Resource Management,中文,https://webap0.ncue.edu.tw/DEANV2/UploadDEAN/SUBJECT/1151/32024_1TCHR1005430.pdf,https://webapss.ncue.edu.tw/Teacher/Reports/OB020.aspx?yms_year=115&yms_sms=1&emp_id=0001091
936,32023,人管博二,書報討論(三),,系必修,,否,1,許壹傑洪贊凱,力行館,(二) 03-04 31211研討室,20,1,1,限本系,,Seminar III,無,,https://webapss.ncue.edu.tw/Teacher/Reports/OB020.aspx?yms_year=115&yms_sms=1&emp_id=0000704
937,32022,人管博一,高等研究法,,系必修,,否,3,洪贊凱,力行館,(二) 08-09、14 31203B研討室,20,0,0,限本系,,Advanced Research Method,中文,https://webap0.ncue.edu.tw/DEANV2/UploadDEAN/SUBJECT/1151/32022_1TCHR1003730.pdf,https://webapss.ncue.edu.tw/Teacher/Reports/OB020.aspx?yms_year=115&yms_sms=1&emp_id=0000780
938,32021,人管博一,組織理論與管理專題研究,,系必修,,否,3,許壹傑,力行館,(二) 05-07 31203B研討室,20,1,1,限本系,,Research Seminar on Organization Theories and Management,中文,https://webap0.ncue.edu.tw/DEANV2/UploadDEAN/SUBJECT/1151/32021_1TCHR1003830.pdf,https://webapss.ncue.edu.tw/Teacher/Reports/OB020.aspx?yms_year=115&yms_sms=1&emp_id=0000704
939,32020,人管博一,書報討論(一),,系必修,,否,1,黃敦群,力行館,(二) 03-04 31203B研討室,20,1,1,限本系,,Seminar I,中文,https://webap0.ncue.edu.tw/DEANV2/UploadDEAN/SUBJECT/1151/32020_1TCHR1000710.pdf,https://webapss.ncue.edu.tw/Teacher/Reports/OB020.aspx?yms_year=115&yms_sms=1&emp_id=0000997
940,32019,人管碩二,論文指導(一),,系必修,,否,3,論文,,,99,27,27,限本系,,Thesis Supervision I,無,,
941,32018,人管碩二,論文,,系必修,,否,0,論文,,,99,28,28,限本系,,Thesis,無,,
942,32017,人管碩二,企業倫理,,系選修,,否,3,蔡啟通,力行館,(五) 02-04 31219研討室,20,5,5,限本班,,Enterprise Ethics,中文,https://webap0.ncue.edu.tw/DEANV2/UploadDEAN/SUBJECT/1151/32017_1TCHR2002130.pdf,https://webapss.ncue.edu.tw/Teacher/Reports/OB020.aspx?yms_year=115&yms_sms=1&emp_id=0000946
943,32016,人管碩二,資訊管理,,系選修,,否,3,鍾安宜,力行館,(四) 02-04 31220研討室,30,0,0,限本系,,Management Information System,中文,https://webap0.ncue.edu.tw/DEANV2/UploadDEAN/SUBJECT/1151/32016_1TCHR2114730.pdf,https://webapss.ncue.edu.tw/Teacher/Reports/OB020.aspx?yms_year=115&yms_sms=1&emp_id=0001043
944,32015,人管碩二,英文論文寫作,,系選修,,否,3,黃敦群,力行館,(三) 02-04 31203B研討室,20,9,9,限本系,,English Research Paper Writing,中文,https://webap0.ncue.edu.tw/DEANV2/UploadDEAN/SUBJECT/1151/32015_1TCHR2116730.pdf,https://webapss.ncue.edu.tw/Teacher/Reports/OB020.aspx?yms_year=115&yms_sms=1&emp_id=0000997
945,32014,人管碩二,商用英文(一),,系選修,,否,2,鍾安宜,力行館,(二) 07-08 31204研討室,20,2,2,限本系,,Business English I,中文,https://webap0.ncue.edu.tw/DEANV2/UploadDEAN/SUBJECT/1151/32014_1TCHR2111520.pdf,https://webapss.ncue.edu.tw/Teacher/Reports/OB020.aspx?yms_year=115&yms_sms=1&emp_id=0001043
946,32013,人管碩二,人力資源管理專題,,系必修,,否,3,蔡啟通周君倚王議賢鍾安宜洪贊凱黃敦群許壹傑沈其泰,力行館,(二) 01-02 31203A研討室 (三) 01 31203A研討室,30,27,27,限本系,,Special Topics in Human Resource Management,中文,https://webap0.ncue.edu.tw/DEANV2/UploadDEAN/SUBJECT/1151/32013_1TCHR2002430.pdf,https://webapss.ncue.edu.tw/Teacher/Reports/OB020.aspx?yms_year=115&yms_sms=1&emp_id=0000946
947,32012,人管碩二,書報討論(三),,系必修,,否,1,鍾安宜周君倚,力行館,(二) 05-06 31220研討室,30,27,27,限本系,,Seminar III,中文,https://webap0.ncue.edu.tw/DEANV2/UploadDEAN/SUBJECT/1151/32012_1TCHR2005510.pdf,https://webapss.ncue.edu.tw/Teacher/Reports/OB020.aspx?yms_year=115&yms_sms=1&emp_id=0001043
948,32011,人管碩一,生產管理,,系選修,,否,3,許壹傑,力行館,(四) 05-07 31203A研討室,30,0,0,限本系,,Production Management,中文,https://webap0.ncue.edu.tw/DEANV2/UploadDEAN/SUBJECT/1151/32011_1TCHR2114630.pdf,https://webapss.ncue.edu.tw/Teacher/Reports/OB020.aspx?yms_year=115&yms_sms=1&emp_id=0000704
949,32010,人管碩一,績效管理,,系選修,,否,3,洪贊凱,力行館,(三) 05-07 31220研討室,30,1,1,限本系,,Performance Management,中文,https://webap0.ncue.edu.tw/DEANV2/UploadDEAN/SUBJECT/1151/32010_1TCHR2001230.pdf,https://webapss.ncue.edu.tw/Teacher/Reports/OB020.aspx?yms_year=115&yms_sms=1&emp_id=0000780
950,32009,人管碩一,跨文化溝通與管理,,系選修,,否,3,周君倚,力行館,(二) 07-09 31220研討室,30,1,1,限本系,,Cross-Cultural Communication and Management,中文,https://webap0.ncue.edu.tw/DEANV2/UploadDEAN/SUBJECT/1151/32009_1TCHR2120130.pdf,https://webapss.ncue.edu.tw/Teacher/Reports/OB020.aspx?yms_year=115&yms_sms=1&emp_id=0001204
951,32008,人管碩一,情緒心理學,,系選修,,否,3,王議賢,力行館,(一) 02-04 31204研討室,30,12,12,限本系,,Emotional Psychology,中文,https://webap0.ncue.edu.tw/DEANV2/UploadDEAN/SUBJECT/1151/32008_1TCHR3118030.pdf,https://webapss.ncue.edu.tw/Teacher/Reports/OB020.aspx?yms_year=115&yms_sms=1&emp_id=0001152
952,32007,人管碩一,組織理論與管理(B),,系必修,,否,3,周君倚,力行館,(五) 05-07 31220研討室,20,0,0,限本系,學號雙號上課,Organization Theory and Management (B),中文,https://webap0.ncue.edu.tw/DEANV2/UploadDEAN/SUBJECT/1151/32007_1TCHR2120030.pdf,https://webapss.ncue.edu.tw/Teacher/Reports/OB020.aspx?yms_year=115&yms_sms=1&emp_id=0001204
953,32006,人管碩一,組織理論與管理(A),,系必修,,否,3,蔡啟通,力行館,(五) 05-07 31204研討室,20,0,0,限本系,學號單號上課,Organization Theory and Management (A),英文,https://webap0.ncue.edu.tw/DEANV2/UploadDEAN/SUBJECT/1151/32006_1TCHR2119930_EN.pdf,https://webapss.ncue.edu.tw/Teacher/Reports/OB020.aspx?yms_year=115&yms_sms=1&emp_id=0000946
954,32005,人管碩一,人力資源管理(B),,系必修,,否,3,鍾安宜,力行館,(三) 02-04 31220研討室,20,0,0,限本系,學號雙上課,Human Resource Management (B),中文,https://webap0.ncue.edu.tw/DEANV2/UploadDEAN/SUBJECT/1151/32005_1TCHR2119430.pdf,https://webapss.ncue.edu.tw/Teacher/Reports/OB020.aspx?yms_year=115&yms_sms=1&emp_id=0001043
955,32004,人管碩一,人力資源管理(A),,系必修,,否,3,沈其泰,力行館,(三) 02-04 31204研討室,20,0,0,限本系,學號單號上課,Human Resource Management (A),中文,https://webap0.ncue.edu.tw/DEANV2/UploadDEAN/SUBJECT/1151/32004_1TCHR2119330.pdf,https://webapss.ncue.edu.tw/Teacher/Reports/OB020.aspx?yms_year=115&yms_sms=1&emp_id=0001091
956,32003,人管碩一,研究法(B),,系必修,,否,3,黃敦群,力行館,(一) 05-07 31204研討室,20,0,0,限本系,學號雙號上課,Research Methods (B),中文,https://webap0.ncue.edu.tw/DEANV2/UploadDEAN/SUBJECT/1151/32003_1TCHR2119830.pdf,https://webapss.ncue.edu.tw/Teacher/Reports/OB020.aspx?yms_year=115&yms_sms=1&emp_id=0000997
957,32002,人管碩一,研究法(A),,系必修,,否,3,許壹傑,力行館,(一) 05-07 31220研討室,20,0,0,限本系,學號單號上課,Research Methods (A),中文,https://webap0.ncue.edu.tw/DEANV2/UploadDEAN/SUBJECT/1151/32002_1TCHR2119730.pdf,https://webapss.ncue.edu.tw/Teacher/Reports/OB020.aspx?yms_year=115&yms_sms=1&emp_id=0000704
958,32001,人管碩一,書報討論(一),,系必修,,否,1,王議賢,力行館,(二) 05-06 31204研討室,30,1,1,限本系,,Seminar I,中文,https://webap0.ncue.edu.tw/DEANV2/UploadDEAN/SUBJECT/1151/32001_1TCHR2000810.pdf,https://webapss.ncue.edu.tw/Teacher/Reports/OB020.aspx?yms_year=115&yms_sms=1&emp_id=0001152
959,310B4,科技碩博,書報討論(一),,系必修,,否,1,廖錦文陳德發劉晉嘉姚凱超,力行館,(二) 05-06 31221會議室,90,4,4,限本系,,Seminar I,無,,https://webapss.ncue.edu.tw/Teacher/Reports/OB020.aspx?yms_year=115&yms_sms=1&emp_id=0000861
960,310B3,科技二甲,感測器原理與應用,,系選修,,否,3,陳志清楊奕強,力行館,(五) 07-09 31601,50,29,29,限本系,,Sensor Theory and Application,無,,https://webapss.ncue.edu.tw/Teacher/Reports/OB020.aspx?yms_year=115&yms_sms=1&emp_id=9901021
961,310B2,科技四甲,電磁學(一),,組選修,,否,3,黃淳德,教學二館,(二) 02-04 師L1(待找師大教室中),50,30,30,限本班,,Electromagnetics I,無,,https://webapss.ncue.edu.tw/Teacher/Reports/OB020.aspx?yms_year=115&yms_sms=1&emp_id=9901042
962,310B1,科技博二,虛擬儀控專題研究,,組選修,,否,3,姚凱超,力行館,(三) 02-04 31218研討室,20,0,0,限本班,,Study of Virtual Instrumentation and Control,中文,https://webap0.ncue.edu.tw/DEANV2/UploadDEAN/SUBJECT/1151/310B1_1TCIE1200530.pdf,https://webapss.ncue.edu.tw/Teacher/Reports/OB020.aspx?yms_year=115&yms_sms=1&emp_id=0000781
963,310A8,科技碩二,虛擬實境與輔助學習系統,,組必修,,否,3,程于芳,湖濱館,(五) 05-07 數位學習研討室,20,4,4,限本系,,Virtual Reality & Assisted Learning System,無,,https://webapss.ncue.edu.tw/Teacher/Reports/OB020.aspx?yms_year=115&yms_sms=1&emp_id=0000884
964,310A7,科技博二,質性研究,,組選修,,否,3,張紹勳,力行館,(四) 05-07 31205研討室,20,5,5,限本系,,Qualitative Research,無,,https://webapss.ncue.edu.tw/Teacher/Reports/OB020.aspx?yms_year=115&yms_sms=1&emp_id=0000782
965,310A6,科技博二,技職教育行政與視導專題研究,,組選修,,否,3,趙志揚,力行館,(四) 05-07 31213研討室,20,1,1,限本系,,Seminar on Administration and Supervision of Technical and Vocational Education,無,,https://webapss.ncue.edu.tw/Teacher/Reports/OB020.aspx?yms_year=115&yms_sms=1&emp_id=9900841
966,310A5,科技碩二,機器人分析與控制,,組選修,,否,3,張紹勳,力行館,(四) 02-04 31205研討室,20,3,3,限本系,,Analysis and Control of Robot,無,,https://webapss.ncue.edu.tw/Teacher/Reports/OB020.aspx?yms_year=115&yms_sms=1&emp_id=0000782
967,310A4,科技碩一,機器學習,,系選修,,否,3,張紹勳,力行館,(三) 05-07 31213研討室,20,1,1,限本系,,Machine Learning,無,,https://webapss.ncue.edu.tw/Teacher/Reports/OB020.aspx?yms_year=115&yms_sms=1&emp_id=0000782
968,310A3,科技博二,技職教育課程專題研究,,組選修,,否,3,張紹勳,力行館,(三) 02-04 31213研討室,20,3,3,限本系,,Case Study of Vocational Education Curriculum,無,,https://webapss.ncue.edu.tw/Teacher/Reports/OB020.aspx?yms_year=115&yms_sms=1&emp_id=0000782
969,310A2,科技博一,工程與技術教育專題研究,,系選修,,否,3,石文傑,力行館,(二) 07-09 31218研討室,20,6,6,限本系,,Thematic Studies Engineering and Technology Education,中文,https://webap0.ncue.edu.tw/DEANV2/UploadDEAN/SUBJECT/1151/310A2_1TCIE1192430.pdf,https://webapss.ncue.edu.tw/Teacher/Reports/OB020.aspx?yms_year=115&yms_sms=1&emp_id=0000804
970,310A1,科技博二,論文指導(一),,系必修,,否,3,,,,50,12,12,限本系,,Thesis Supervision I,無,,
971,31099,科技博二,論文,,系必修,,否,0,論文,,,99,23,23,限本班,,Thesis,無,,
972,31098,科技博二,配電系統模擬與分析專題研究,,組選修,,否,3,黃維澤,力行館,(四) 02-04 31221會議室,20,0,0,限本系,,Study of Distribution System Simulation and Analysis,無,,https://webapss.ncue.edu.tw/Teacher/Reports/OB020.aspx?yms_year=115&yms_sms=1&emp_id=0001009
973,31097,科技博二,技職教育診斷與補救教學專題研究,,組選修,,否,3,廖錦文,力行館,(四) 02-04 31506,20,3,3,限本系,,Thematic studies and remedial teaching vocational education diagnosis,無,,https://webapss.ncue.edu.tw/Teacher/Reports/OB020.aspx?yms_year=115&yms_sms=1&emp_id=0000861
974,31096,科技博二,智慧型控制專題研究,,組選修,,否,3,陳德發,力行館,(二) 07-09 31601,20,1,1,限本系,,Study of Intelligent Control,中文,https://webap0.ncue.edu.tw/DEANV2/UploadDEAN/SUBJECT/1151/31096_1TCIE1198130.pdf,https://webapss.ncue.edu.tw/Teacher/Reports/OB020.aspx?yms_year=115&yms_sms=1&emp_id=0000739
975,31095,科技博二,決策分析專題研究,,組選修,,否,3,盧建余,力行館,(二) 02-04 31501,20,3,3,限本系,,Study of Making Decision,無,,https://webapss.ncue.edu.tw/Teacher/Reports/OB020.aspx?yms_year=115&yms_sms=1&emp_id=0000867
976,31094,科技博一,混沌系統理論與應用專題研究,,組選修,,否,3,黃川桂,力行館,(二) 07-09 31205研討室,20,0,0,限本系,,Study of  Chaotic System Theory and Application,無,,https://webapss.ncue.edu.tw/Teacher/Reports/OB020.aspx?yms_year=115&yms_sms=1&emp_id=9901328
977,31093,科技博一,勞動經濟與勞動法專題研究,,組選修,,否,3,趙守博,力行館,(五) 05-07 31205研討室,20,0,0,限本系,,Special Topics in Labor Economics & Labor Laws,無,,https://webapss.ncue.edu.tw/Teacher/Reports/OB020.aspx?yms_year=115&yms_sms=1&emp_id=9900321
978,31092,科技博一,技職教育歷史與哲學思想,,組選修,,否,3,廖錦文,力行館,(二) 07-09 31506,20,2,2,限本系,,History and Philosophy of Tech-Voc Education,中文,https://webap0.ncue.edu.tw/DEANV2/UploadDEAN/SUBJECT/1151/31092_1TCIE1064730.pdf,https://webapss.ncue.edu.tw/Teacher/Reports/OB020.aspx?yms_year=115&yms_sms=1&emp_id=0000861
979,31091,科技博一,結構方程模型專題研究,,組選修,,否,3,陳德發,力行館,(二) 02-04 31601,20,3,3,限本系,,Study of Structural Equation Models,中文,https://webap0.ncue.edu.tw/DEANV2/UploadDEAN/SUBJECT/1151/31091_1TCIE1201030.pdf,https://webapss.ncue.edu.tw/Teacher/Reports/OB020.aspx?yms_year=115&yms_sms=1&emp_id=0000739
980,31090,科技碩二,論文指導(一),,系必修,,否,3,論文,,,50,11,11,限本系,,Thesis Supervision I,無,,
981,31089,科技碩二,論文,,系必修,,否,0,論文,,,99,16,16,限本系,,Thesis,無,,
982,31088,科技碩二,先進CNC工具機設計與實務,,組選修,,否,3,賴元隆,力行館,(四) 02-04 31213研討室,20,1,1,限本系,,Modern CNC Machine Tools Design and Practical,中文,https://webap0.ncue.edu.tw/DEANV2/UploadDEAN/SUBJECT/1151/31088_1TCIE2194530.pdf,https://webapss.ncue.edu.tw/Teacher/Reports/OB020.aspx?yms_year=115&yms_sms=1&emp_id=0001037
983,31087,科技碩二,智慧型控制,,組選修,,否,3,方俊修,力行館,(四) 02-04 31204研討室,20,0,0,限本系,,Intelligent Control,中文,https://webap0.ncue.edu.tw/DEANV2/UploadDEAN/SUBJECT/1151/31087_1TCIE2158830.pdf,https://webapss.ncue.edu.tw/Teacher/Reports/OB020.aspx?yms_year=115&yms_sms=1&emp_id=0001188
984,31086,科技碩一,人工智慧與數位學習,,組必修,,否,3,張庭毅,湖濱館,(三) 02-04 數位學習研討室,20,0,0,限本系,605A張庭毅老師實驗室上課,Artificial Intelligence and E-Learning,中文,https://webap0.ncue.edu.tw/DEANV2/UploadDEAN/SUBJECT/1151/31086_1TCIE2102430.pdf,https://webapss.ncue.edu.tw/Teacher/Reports/OB020.aspx?yms_year=115&yms_sms=1&emp_id=0000932
985,31085,科技碩一,數位遊戲式學習,,組選修,,否,3,程于芳,湖濱館,(三) 05-07 數位學習研討室,20,1,1,限本系,,Game Based Learning,無,,https://webapss.ncue.edu.tw/Teacher/Reports/OB020.aspx?yms_year=115&yms_sms=1&emp_id=0000884
986,31084,科技碩一,英文論文導讀及寫作,,組選修,,否,3,張庭毅,湖濱館,(四) 02-04 數位學習研討室,20,0,0,限本系,605A張庭毅老師實驗室上課,Seminar in Thesis Research and Writing,中文,https://webap0.ncue.edu.tw/DEANV2/UploadDEAN/SUBJECT/1151/31084_1TCIE2103430.pdf,https://webapss.ncue.edu.tw/Teacher/Reports/OB020.aspx?yms_year=115&yms_sms=1&emp_id=0000932
987,31083,科技碩一,人工智慧應用與實務,,系選修,,否,3,陳德發劉泄嬉朱自信,力行館,(三) 02-04 31601,20,3,3,限本系,,PRACTICAL & APPLICATIONS OF ARTIFICIAL INTELLIGENCE,中文,https://webap0.ncue.edu.tw/DEANV2/UploadDEAN/SUBJECT/1151/31083_1TCIE2216130.pdf,https://webapss.ncue.edu.tw/Teacher/Reports/OB020.aspx?yms_year=115&yms_sms=1&emp_id=0000739
988,31082,科技碩一,高等工程數學,,組選修,,否,3,劉晉嘉,力行館,(二) 07-09 31213研討室,20,0,0,限本系,,Advanced Engineering Mathematics,中文,https://webap0.ncue.edu.tw/DEANV2/UploadDEAN/SUBJECT/1151/31082_1TCIE2194330.pdf,https://webapss.ncue.edu.tw/Teacher/Reports/OB020.aspx?yms_year=115&yms_sms=1&emp_id=0001010
989,31081,科技鑄造產攜專班四,產業實務(七),,系必修,,否,3,劉晉嘉,力行館,(六) 08-10 31205研討室,50,9,9,限本班,,Industry Internship VII,中文,https://webap0.ncue.edu.tw/DEANV2/UploadDEAN/SUBJECT/1151/31081_1TCIE0222230.pdf,https://webapss.ncue.edu.tw/Teacher/Reports/OB020.aspx?yms_year=115&yms_sms=1&emp_id=0001010
990,31080,科技碩博,論文指導(二),,系必修,,否,3,論文,,,20,5,5,限本系,,Thesis Supervision II,無,,
991,31079,科技碩博,專題研究(一),,組必修,,否,1,盧建余陳狄成程于芳賴元隆黃維澤,力行館,(二) 05-06 31213研討室,50,13,13,限本系,,Research I,中文,https://webap0.ncue.edu.tw/DEANV2/UploadDEAN/SUBJECT/1151/31079_1TCIE3201210.pdf,https://webapss.ncue.edu.tw/Teacher/Reports/OB020.aspx?yms_year=115&yms_sms=1&emp_id=0000867
992,31077,科技四乙,專題製作(二）,,系必修,,否,2,陳宗明陳狄成賴元隆劉晉嘉楊學成,力行館,(三) 09-10 31101演講廳,50,35,35,限本班,,Senior Advanced Design Project  II,中文,https://webap0.ncue.edu.tw/DEANV2/UploadDEAN/SUBJECT/1151/31077_1TCIE0224620.pdf,https://webapss.ncue.edu.tw/Teacher/Reports/OB020.aspx?yms_year=115&yms_sms=1&emp_id=0000998
993,31076,科技四乙,工程圖學,,系選修,,否,3,陳宗明,圖書館,(二) 02-04 電四教室,50,10,9,限本系,,Engineering Graphics,中文,https://webap0.ncue.edu.tw/DEANV2/UploadDEAN/SUBJECT/1151/31076_1TCIE0040830.pdf,https://webapss.ncue.edu.tw/Teacher/Reports/OB020.aspx?yms_year=115&yms_sms=1&emp_id=0000998
994,31075,科技四甲,專題製作(二）,,系必修,,否,2,吳信德方俊修吳佳軒王志中陳德發黃維澤姚凱超,力行館,(三) 09-10 31212研討室,50,40,40,限本班,,Senior Advanced Design Project  II,無,,https://webapss.ncue.edu.tw/Teacher/Reports/OB020.aspx?yms_year=115&yms_sms=1&emp_id=0001228
995,31074,科技四甲,物聯網技術與應用,,系選修,,否,3,陳飛旭盧建余,力行館,(一) 07-09 31213研討室,50,16,16,限本系,,IoT Techniques and Applications,中文,https://webap0.ncue.edu.tw/DEANV2/UploadDEAN/SUBJECT/1151/31074_1TCIE0212030.pdf,https://webapss.ncue.edu.tw/Teacher/Reports/OB020.aspx?yms_year=115&yms_sms=1&emp_id=9901202
996,31073,科技三乙,控制元件應用實務,,組必修,,否,3,陳文中,力行館,(五) 05-07 31505,50,21,21,限本班,請學號23號之後學生選課,Applied Practice of Control Components,中文,https://webap0.ncue.edu.tw/DEANV2/UploadDEAN/SUBJECT/1151/31073_1TCIE0224330.pdf,https://webapss.ncue.edu.tw/Teacher/Reports/OB020.aspx?yms_year=115&yms_sms=1&emp_id=9900518
997,31072,科技三乙,控制元件應用技術,,組必修,,否,3,陳文中,力行館,(五) 02-04 31505,50,21,21,限本班,請學號1-22號學生選課,Applied Technology of Control Components,中文,https://webap0.ncue.edu.tw/DEANV2/UploadDEAN/SUBJECT/1151/31072_1TCIE0177930.pdf,https://webapss.ncue.edu.tw/Teacher/Reports/OB020.aspx?yms_year=115&yms_sms=1&emp_id=9900518
998,31071,科技三乙,多媒體設計,,系選修,,否,3,程于芳,圖書館,(四) 05-07 電四教室,50,17,16,限本系,,Multimedia design,無,,https://webapss.ncue.edu.tw/Teacher/Reports/OB020.aspx?yms_year=115&yms_sms=1&emp_id=0000884
999,31070,科技三乙,控制系統(一),,系必修,,否,3,楊學成,教學一館,(四) 02-04 33304教室,50,39,39,限本班,,Control System I,中文,https://webap0.ncue.edu.tw/DEANV2/UploadDEAN/SUBJECT/1151/31070_1TCIE0017830.pdf,https://webapss.ncue.edu.tw/Teacher/Reports/OB020.aspx?yms_year=115&yms_sms=1&emp_id=0000809
1000,31069,科技三乙,機械設計(一),,組必修,,否,3,陳宗明,教學一館,(三) 05-07 33203,50,39,39,限本班,,Mechanical Engineering Design I,中文,https://webap0.ncue.edu.tw/DEANV2/UploadDEAN/SUBJECT/1151/31069_1TCIE0028030.pdf,https://webapss.ncue.edu.tw/Teacher/Reports/OB020.aspx?yms_year=115&yms_sms=1&emp_id=0000998
1001,31068,科技三乙,機械群教材教法,,系選修,,否,2,陳狄成,教學一館,(一) 03-04 33305教室,50,19,19,限本系,,Instructional Material and Methods for the Subject of Mechanical Cluster,中文,https://webap0.ncue.edu.tw/DEANV2/UploadDEAN/SUBJECT/1151/31068_1TCIE0187420.pdf,https://webapss.ncue.edu.tw/Teacher/Reports/OB020.aspx?yms_year=115&yms_sms=1&emp_id=0000818
1002,31067,科技三甲,電力系統,,組選修,,否,3,黃維澤,教學一館,(四) 05-07 33304教室,50,34,34,限本系,,Electric Power System,無,,https://webapss.ncue.edu.tw/Teacher/Reports/OB020.aspx?yms_year=115&yms_sms=1&emp_id=0001009
1003,31066,科技三甲,微處理機技術,,組必修,,否,3,吳信德,教學一館,(四) 02-04 教學一館33204,50,24,24,限本班,請學號24號之後學生選課,Microprocessor Technology,中英,https://webap0.ncue.edu.tw/DEANV2/UploadDEAN/SUBJECT/1151/31066_1TCIE0179330.pdf,https://webapss.ncue.edu.tw/Teacher/Reports/OB020.aspx?yms_year=115&yms_sms=1&emp_id=0001228
1004,31065,科技三甲,電機機械,,組必修,,否,3,王志中,教學一館,(五) 02-04 33102,50,38,38,限本班,,Electric Machinery,中文,https://webap0.ncue.edu.tw/DEANV2/UploadDEAN/SUBJECT/1151/31065_1TCIE0017430.pdf,https://webapss.ncue.edu.tw/Teacher/Reports/OB020.aspx?yms_year=115&yms_sms=1&emp_id=9900922
1005,31064,科技三甲,控制系統(一),,系必修,,否,3,方俊修,教學一館,(三) 02-04 33304教室,50,38,38,限本班,,Control System I,中文,https://webap0.ncue.edu.tw/DEANV2/UploadDEAN/SUBJECT/1151/31064_1TCIE0017830.pdf,https://webapss.ncue.edu.tw/Teacher/Reports/OB020.aspx?yms_year=115&yms_sms=1&emp_id=0001188
1006,31063,科技三甲,電力電子學,,組選修,,否,3,吳佳軒,教學一館,(二) 05-07 33404,50,27,27,限本系,,Power Electronics,無,,https://webapss.ncue.edu.tw/Teacher/Reports/OB020.aspx?yms_year=115&yms_sms=1&emp_id=4000073
1007,31062,科技三甲,電機與電子群教材教法,,系選修,,否,2,廖錦文,力行館,(二) 02-03 31506,50,21,21,限本系,,Instructional Material and Methods for the Subject of Electrical Cluster,中文,https://webap0.ncue.edu.tw/DEANV2/UploadDEAN/SUBJECT/1151/31062_1TCIE0187320.pdf,https://webapss.ncue.edu.tw/Teacher/Reports/OB020.aspx?yms_year=115&yms_sms=1&emp_id=0000861
1008,31061,科技三甲,虛擬儀控技術,,組必修,,否,3,姚凱超,力行館,(一) 05-07 力行館31102,50,17,17,限本班,請學號1-23號學生選課,Virtual instrumentation technology,中文,https://webap0.ncue.edu.tw/DEANV2/UploadDEAN/SUBJECT/1151/31061_1TCIE0218630.pdf,https://webapss.ncue.edu.tw/Teacher/Reports/OB020.aspx?yms_year=115&yms_sms=1&emp_id=0000781
1009,31060,科技三甲,電腦輔助製造技術,,系選修,,否,3,賴元隆,力行館,(一) 02-04 31603,25,18,18,限本系,,Computer-Aided Manufacturing Technology,中文,https://webap0.ncue.edu.tw/DEANV2/UploadDEAN/SUBJECT/1151/31060_1TCIE0215430.pdf,https://webapss.ncue.edu.tw/Teacher/Reports/OB020.aspx?yms_year=115&yms_sms=1&emp_id=0001037
1010,31059,科技二乙,CNC工具機技術,,系選修,,否,3,陳資文,力行館,(五) 07-09 31221會議室,50,30,30,限本班,,CNC Machine Tools Technology,無,,https://webapss.ncue.edu.tw/Teacher/Reports/OB020.aspx?yms_year=115&yms_sms=1&emp_id=9901205
1011,31058,科技二乙,電腦繪圖,,組選修,,否,3,劉晉嘉,力行館,(四) 05-07 力行館31102,50,33,33,限本系,,Computer Graphics,中文,https://webap0.ncue.edu.tw/DEANV2/UploadDEAN/SUBJECT/1151/31058_1TCIE0163930.pdf,https://webapss.ncue.edu.tw/Teacher/Reports/OB020.aspx?yms_year=115&yms_sms=1&emp_id=0001010
1012,31057,科技二乙,智慧製造實務,,組必修,,否,3,賴元隆,力行館,(三) 05-07 31205研討室,50,22,22,限本班,請學號21號之後學生選課///上課教室31202,Intelligent Manufacturing Practice,中文,https://webap0.ncue.edu.tw/DEANV2/UploadDEAN/SUBJECT/1151/31057_1TCIE0223830.pdf,https://webapss.ncue.edu.tw/Teacher/Reports/OB020.aspx?yms_year=115&yms_sms=1&emp_id=0001037
1013,31056,科技二乙,智慧製造技術,,組必修,,否,3,賴元隆,力行館,(三) 02-04 31205研討室,50,21,21,限本班,請學號1-20號學生選課///上課教室31202,Intelligent  Manufacturing Technology,中文,https://webap0.ncue.edu.tw/DEANV2/UploadDEAN/SUBJECT/1151/31056_1TCIE0215630.pdf,https://webapss.ncue.edu.tw/Teacher/Reports/OB020.aspx?yms_year=115&yms_sms=1&emp_id=0001037
1014,31055,科技二乙,機構學,,組必修,,否,3,陳狄成,教學一館,(二) 07-09 33403,50,38,38,限本班,,Mechanism,中文,https://webap0.ncue.edu.tw/DEANV2/UploadDEAN/SUBJECT/1151/31055_1TCIE0015130.pdf,https://webapss.ncue.edu.tw/Teacher/Reports/OB020.aspx?yms_year=115&yms_sms=1&emp_id=0000818
1015,31054,科技二乙,動力學,,組必修,,否,3,劉晉嘉,教學一館,(二) 02-04 33202,50,38,38,限本班,,Dynamics,中文,https://webap0.ncue.edu.tw/DEANV2/UploadDEAN/SUBJECT/1151/31054_1TCIE0215530.pdf,https://webapss.ncue.edu.tw/Teacher/Reports/OB020.aspx?yms_year=115&yms_sms=1&emp_id=0001010
1016,31053,科技二乙,工程數學(一),,系必修,,否,3,楊學成,教學一館,(一) 05-07 33304教室,50,38,38,限本班,,Engineering Mathematics I,中文,https://webap0.ncue.edu.tw/DEANV2/UploadDEAN/SUBJECT/1151/31053_1TCIE0024930.pdf,https://webapss.ncue.edu.tw/Teacher/Reports/OB020.aspx?yms_year=115&yms_sms=1&emp_id=0000809
1017,31052,科技二甲,應用日語(一),,系選修,,否,3,潘兆祥,教學一館,(五) 05-07 33305教室,50,12,12,限本系,,Applied Japanese I,中文,https://webap0.ncue.edu.tw/DEANV2/UploadDEAN/SUBJECT/1151/31052_1TCIE0191930.pdf,https://webapss.ncue.edu.tw/Teacher/Reports/OB020.aspx?yms_year=115&yms_sms=1&emp_id=9900875
1018,31051,科技二甲,電路學(一),,組必修,,否,3,盧建余,教學一館,(三) 05-07 33303,50,39,39,限本班,,Electric Circuits I,無,,https://webapss.ncue.edu.tw/Teacher/Reports/OB020.aspx?yms_year=115&yms_sms=1&emp_id=0000867
1019,31050,科技二甲,工程數學(一),,系必修,,否,3,盧建余,教學一館,(三) 02-04 33303,50,41,41,限本班,,Engineering Mathematics I,無,,https://webapss.ncue.edu.tw/Teacher/Reports/OB020.aspx?yms_year=115&yms_sms=1&emp_id=0000867
1020,31049,科技二甲,技術及職業教育概論,,組選修,,否,3,陳定宏,力行館,(二) 10-12 31212研討室,50,55,50,限本系,,Introduction of Technical and Vocational Education,中文,https://webap0.ncue.edu.tw/DEANV2/UploadDEAN/SUBJECT/1151/31049_1TCIE0225030.pdf,https://webapss.ncue.edu.tw/Teacher/Reports/OB020.aspx?yms_year=115&yms_sms=1&emp_id=9901050
1021,31048,科技二甲,邏輯設計,,組必修,,否,3,林韋辰,教學一館,(二) 05-07 33302教室,50,41,41,限本班,,Digital Logic Design,中文,https://webap0.ncue.edu.tw/DEANV2/UploadDEAN/SUBJECT/1151/31048_1TCIE0177030.pdf,https://webapss.ncue.edu.tw/Teacher/Reports/OB020.aspx?yms_year=115&yms_sms=1&emp_id=0001200
1022,31047,科技二甲,可程式控制實務,,組必修,,否,3,石文傑,力行館,(一) 08-09、14 31314研究室,50,22,22,限本班,請學號23號之後學生選課,Programmable Logic Controller Practice,中文,https://webap0.ncue.edu.tw/DEANV2/UploadDEAN/SUBJECT/1151/31047_1TCIE0223730.pdf,https://webapss.ncue.edu.tw/Teacher/Reports/OB020.aspx?yms_year=115&yms_sms=1&emp_id=0000804
1023,31046,科技二甲,可程式控制技術,,組必修,,否,3,石文傑,力行館,(一) 05-07 31314研究室,50,20,20,限本班,請學號1-22號學生選課,Technical for Programmable Logic Controller,中文,https://webap0.ncue.edu.tw/DEANV2/UploadDEAN/SUBJECT/1151/31046_1TCIE0179030.pdf,https://webapss.ncue.edu.tw/Teacher/Reports/OB020.aspx?yms_year=115&yms_sms=1&emp_id=0000804
1024,31045,科技一乙,機械加工實務,,組必修,,否,3,陳狄成,力行館,(四) 08-09、14 31106,50,0,0,限本班,請學號19之後號學生選課,Mechanical Machining Practice,中文,https://webap0.ncue.edu.tw/DEANV2/UploadDEAN/SUBJECT/1151/31045_1TCIE0223330.pdf,https://webapss.ncue.edu.tw/Teacher/Reports/OB020.aspx?yms_year=115&yms_sms=1&emp_id=0000818
1025,31044,科技一乙,機械加工技術,,組必修,,否,3,陳狄成,力行館,(四) 05-07 31106,50,0,0,限本班,請學號1-18號同學選課,Mechanical Machining Technology,中文,https://webap0.ncue.edu.tw/DEANV2/UploadDEAN/SUBJECT/1151/31044_1TCIE0177730.pdf,https://webapss.ncue.edu.tw/Teacher/Reports/OB020.aspx?yms_year=115&yms_sms=1&emp_id=0000818
1026,31043,科技一乙,機械製造,,組必修,,否,3,陳狄成,教學一館,(三) 05-07 33304教室,50,0,0,限本班,,Mechanical Manufacturing,中文,https://webap0.ncue.edu.tw/DEANV2/UploadDEAN/SUBJECT/1151/31043_1TCIE0015630.pdf,https://webapss.ncue.edu.tw/Teacher/Reports/OB020.aspx?yms_year=115&yms_sms=1&emp_id=0000818
1027,31042,科技一乙,普通物理,,系必修,,否,3,陳宗明,教學一館,(二) 05-07 33304教室,50,0,0,限本班,,General Physics,中文,https://webap0.ncue.edu.tw/DEANV2/UploadDEAN/SUBJECT/1151/31042_1TCIE0025930.pdf,https://webapss.ncue.edu.tw/Teacher/Reports/OB020.aspx?yms_year=115&yms_sms=1&emp_id=0000998
1028,31041,科技一乙,微積分(一),,系必修,,否,3,楊學成,教學一館,(二) 02-04 33203,50,0,0,限本班,,Calculus I,中文,https://webap0.ncue.edu.tw/DEANV2/UploadDEAN/SUBJECT/1151/31041_1TCIE0025630.pdf,https://webapss.ncue.edu.tw/Teacher/Reports/OB020.aspx?yms_year=115&yms_sms=1&emp_id=0000809
1029,31040,科技一乙,工業4.0導論,,組選修,,否,3,郭伯仁,教學一館,(一) 07-09 33305教室,50,0,0,限本班,,Introduction to Industry 4.0,中文,https://webap0.ncue.edu.tw/DEANV2/UploadDEAN/SUBJECT/1151/31040_1TCIE0224830.pdf,https://webapss.ncue.edu.tw/Teacher/Reports/OB020.aspx?yms_year=115&yms_sms=1&emp_id=9901247
1030,31039,科技一乙,計算機概論,,系必修,,否,3,張庭毅,教學一館,(一) 02-04 33304教室,50,0,0,限本班,,Introduction to Computer Science,中文,https://webap0.ncue.edu.tw/DEANV2/UploadDEAN/SUBJECT/1151/31039_1TCIE0050530.pdf,https://webapss.ncue.edu.tw/Teacher/Reports/OB020.aspx?yms_year=115&yms_sms=1&emp_id=0000932
1031,31038,科技一甲,電子技術,,組必修,,否,3,方俊修,力行館,(五) 05-07 31503電子電路實驗室,50,0,0,限本班,請學號20號之後同學選課,Electronic Technology,中文,https://webap0.ncue.edu.tw/DEANV2/UploadDEAN/SUBJECT/1151/31038_1TCIE0178830.pdf,https://webapss.ncue.edu.tw/Teacher/Reports/OB020.aspx?yms_year=115&yms_sms=1&emp_id=0001188
1032,31037,科技一甲,電機技術,,組必修,,否,3,廖錦文,力行館,(四) 05-07 31506,50,0,0,限本班,請學號1-19號同學選課,Electrical Technology,中文,https://webap0.ncue.edu.tw/DEANV2/UploadDEAN/SUBJECT/1151/31037_1TCIE0180630.pdf,https://webapss.ncue.edu.tw/Teacher/Reports/OB020.aspx?yms_year=115&yms_sms=1&emp_id=0000861
1033,31036,科技一甲,普通物理,,系必修,,否,3,楊學成,教學一館,(三) 05-07 33305教室,50,0,0,限本班,,General Physics,中文,https://webap0.ncue.edu.tw/DEANV2/UploadDEAN/SUBJECT/1151/31036_1TCIE0025930.pdf,https://webapss.ncue.edu.tw/Teacher/Reports/OB020.aspx?yms_year=115&yms_sms=1&emp_id=0000809
1034,31035,科技一甲,微積分(一),,系必修,,否,3,盧建余,教學一館,(二) 07-09 33303,50,0,0,限本班,,Calculus I,無,,https://webapss.ncue.edu.tw/Teacher/Reports/OB020.aspx?yms_year=115&yms_sms=1&emp_id=0000867
1035,31034,科技一甲,計算機概論,,系必修,,否,3,張庭毅,教學一館,(二) 02-04 33304教室,50,0,0,限本班,,Introduction to Computer Science,中文,https://webap0.ncue.edu.tw/DEANV2/UploadDEAN/SUBJECT/1151/31034_1TCIE0050530.pdf,https://webapss.ncue.edu.tw/Teacher/Reports/OB020.aspx?yms_year=115&yms_sms=1&emp_id=0000932
1036,31033,科技一甲,電子學(一),,組必修,,否,3,吳信德,教學一館,(一) 07-09 33303,50,0,0,限本班,,Electronics I,中英,https://webap0.ncue.edu.tw/DEANV2/UploadDEAN/SUBJECT/1151/31033_1TCIE0016730.pdf,https://webapss.ncue.edu.tw/Teacher/Reports/OB020.aspx?yms_year=115&yms_sms=1&emp_id=0001228
1037,31032,科技機電產攜專班三,工業管理,,系選修,,否,3,許麗秋,力行館,(六) 05-07 31212研討室,50,26,25,限本班,,Industrial Management,中文,https://webap0.ncue.edu.tw/DEANV2/UploadDEAN/SUBJECT/1151/31032_1TCIE0049730.pdf,https://webapss.ncue.edu.tw/Teacher/Reports/OB020.aspx?yms_year=115&yms_sms=1&emp_id=9901349
1038,31030,科技鑄造產攜專班四,產業實務專題研討(七),,系必修,,否,2,陳狄成方俊修,力行館,(六) 11-12 31205研討室,50,9,9,限本班,,Seminar on Industry Internship VII,中文,https://webap0.ncue.edu.tw/DEANV2/UploadDEAN/SUBJECT/1151/31030_1TCIE0222320.pdf,https://webapss.ncue.edu.tw/Teacher/Reports/OB020.aspx?yms_year=115&yms_sms=1&emp_id=0000818
1039,31028,科技鑄造產攜專班四,控制元件應用技術,,系必修,,否,3,楊學成,力行館,(五) 09-11 31204研討室,50,9,9,限本班,,Applied Technology of Control Components,中文,https://webap0.ncue.edu.tw/DEANV2/UploadDEAN/SUBJECT/1151/31028_1TCIE0177930.pdf,https://webapss.ncue.edu.tw/Teacher/Reports/OB020.aspx?yms_year=115&yms_sms=1&emp_id=0000809
1040,31027,科技鑄造產攜專班四,模具設計與製造技術,,系必修,,否,3,陳狄成,力行館,(六) 02-04 31213研討室,50,9,9,限本班,,Mold Design and Manufacturing Technology,中文,https://webap0.ncue.edu.tw/DEANV2/UploadDEAN/SUBJECT/1151/31027_1TCIE0178130.pdf,https://webapss.ncue.edu.tw/Teacher/Reports/OB020.aspx?yms_year=115&yms_sms=1&emp_id=0000818
1041,31026,科技機電產攜專班三,實務專題研討(二),,系必修,,否,2,廖錦文林韋辰吳佳軒石文傑陳德發楊學成,力行館,(六) 11-12 31204研討室,50,17,16,限本班,,Seminar on Industry Internship II,中文,https://webap0.ncue.edu.tw/DEANV2/UploadDEAN/SUBJECT/1151/31026_1TCIE0226420.pdf,https://webapss.ncue.edu.tw/Teacher/Reports/OB020.aspx?yms_year=115&yms_sms=1&emp_id=0000861
1042,31025,科技機電產攜專班三,產業實務(五),,系必修,,否,3,廖錦文林韋辰吳佳軒石文傑陳德發楊學成,力行館,(六) 08-10 31204研討室,50,16,15,限本班,,Industry Internship V,中文,https://webap0.ncue.edu.tw/DEANV2/UploadDEAN/SUBJECT/1151/31025_1TCIE0221830.pdf,https://webapss.ncue.edu.tw/Teacher/Reports/OB020.aspx?yms_year=115&yms_sms=1&emp_id=0000861
1043,31024,科技機電產攜專班三,資料庫系統,,系必修,,否,3,吳信德,力行館,(五) 07-09 力行館31102,50,16,15,限本班,,Database System,中英,https://webap0.ncue.edu.tw/DEANV2/UploadDEAN/SUBJECT/1151/31024_1TCIE0226830.pdf,https://webapss.ncue.edu.tw/Teacher/Reports/OB020.aspx?yms_year=115&yms_sms=1&emp_id=0001228
1044,31023,科技機電產攜專班三,機構學,,系必修,,否,3,劉晉嘉,力行館,(五) 10-12 31213研討室,50,16,15,限本班,,Mechanism,中文,https://webap0.ncue.edu.tw/DEANV2/UploadDEAN/SUBJECT/1151/31023_1TCIE0015130.pdf,https://webapss.ncue.edu.tw/Teacher/Reports/OB020.aspx?yms_year=115&yms_sms=1&emp_id=0001010
1045,31022,科技機電產攜專班三,控制系統,,系必修,,否,3,方俊修,力行館,(六) 02-04 31212研討室,50,16,15,限本班,,Control System,中文,https://webap0.ncue.edu.tw/DEANV2/UploadDEAN/SUBJECT/1151/31022_1TCIE0041730.pdf,https://webapss.ncue.edu.tw/Teacher/Reports/OB020.aspx?yms_year=115&yms_sms=1&emp_id=0001188
1046,31021,科技機電產攜專班二,產業實務(三),,系必修,,否,3,石文傑林韋辰吳佳軒陳德發楊學成廖錦文,力行館,(六) 08-10 31213研討室,50,17,17,限本班,,Industry Internship III,中文,https://webap0.ncue.edu.tw/DEANV2/UploadDEAN/SUBJECT/1151/31021_1TCIE0228530.pdf,https://webapss.ncue.edu.tw/Teacher/Reports/OB020.aspx?yms_year=115&yms_sms=1&emp_id=0000804
1047,31019,科技機電產攜專班二,感測器原理,,系必修,,否,3,廖錦文,力行館,(六) 02-04 31506,50,16,16,限本班,,Sensor Theory,中文,https://webap0.ncue.edu.tw/DEANV2/UploadDEAN/SUBJECT/1151/31019_1TCIE0227330.pdf,https://webapss.ncue.edu.tw/Teacher/Reports/OB020.aspx?yms_year=115&yms_sms=1&emp_id=0000861
1048,31018,科技機電產攜專班二,電腦數值控制機械,,系必修,,否,3,陳資文,力行館,(五) 10-12 31603,50,17,17,限本班,,Computer Numerical Control Machinery,無,,https://webapss.ncue.edu.tw/Teacher/Reports/OB020.aspx?yms_year=115&yms_sms=1&emp_id=9901205
1049,31017,科技機電產攜專班一,產業實務(一),,系必修,,否,3,楊學成林韋辰吳佳軒石文傑陳德發廖錦文,力行館,(六) 08-10 31212研討室,50,0,0,限本班,,Industry Internship I,中文,https://webap0.ncue.edu.tw/DEANV2/UploadDEAN/SUBJECT/1151/31017_1TCIE0220830.pdf,https://webapss.ncue.edu.tw/Teacher/Reports/OB020.aspx?yms_year=115&yms_sms=1&emp_id=0000809
1050,31016,科技機電產攜專班一,機械製造,,系必修,,否,3,陳狄成,力行館,(六) 05-07 力行館31102,50,0,0,限本班,,Mechanical Manufacturing,中文,https://webap0.ncue.edu.tw/DEANV2/UploadDEAN/SUBJECT/1151/31016_1TCIE0015630.pdf,https://webapss.ncue.edu.tw/Teacher/Reports/OB020.aspx?yms_year=115&yms_sms=1&emp_id=0000818
1051,31015,科技機電產攜專班一,程式設計,,系必修,,否,3,林韋辰,力行館,(六) 02-04 力行館31102,50,0,0,限本班,,Program Design,中文,https://webap0.ncue.edu.tw/DEANV2/UploadDEAN/SUBJECT/1151/31015_1TCIE0050630.pdf,https://webapss.ncue.edu.tw/Teacher/Reports/OB020.aspx?yms_year=115&yms_sms=1&emp_id=0001200
1052,31014,科技機電產攜專班一,應用數學(一),,系必修,,否,3,盧建余,力行館,(五) 07-09 31212研討室,50,0,0,限本班,,Applied Mathematics I,無,,https://webapss.ncue.edu.tw/Teacher/Reports/OB020.aspx?yms_year=115&yms_sms=1&emp_id=0000867
1053,31013,技職行管夜碩二,電腦在行政上的應用,,系選修,,否,2,石文傑,力行館,(二) 10-13 31221會議室,30,0,12,限本系,"雙週上課,第1次上課9/22",Computer Application in Administration,中文,https://webap0.ncue.edu.tw/DEANV2/UploadDEAN/SUBJECT/1151/31013_1TCIEE020820.pdf,https://webapss.ncue.edu.tw/Teacher/Reports/OB020.aspx?yms_year=115&yms_sms=1&emp_id=0000804
1054,31012,技職行管夜碩二,機器學習,,系選修,,否,2,張紹勳,力行館,(一) 10-13 31221會議室,30,0,13,限本系,"雙週上課,第1次上課9/21",Machine Learning,無,,https://webapss.ncue.edu.tw/Teacher/Reports/OB020.aspx?yms_year=115&yms_sms=1&emp_id=0000782
1055,31011,技職行管夜碩二,區塊鏈與加密貨幣,,系選修,,否,2,張庭毅,力行館,(一) 10-13 31221會議室,30,0,13,限本系,"單週上課,第1次上課9/14",Block Chain and Cryptocurrency,中文,https://webap0.ncue.edu.tw/DEANV2/UploadDEAN/SUBJECT/1151/31011_1TCIEE218320.pdf,https://webapss.ncue.edu.tw/Teacher/Reports/OB020.aspx?yms_year=115&yms_sms=1&emp_id=0000932
1056,31010,技職行管夜碩二,書報討論(一),,系必修,,否,1,黃維澤,力行館,(二) 10-13 31221會議室,30,0,12,限本系,"單週上課,第1次上課9/15",Seminar I,無,,https://webapss.ncue.edu.tw/Teacher/Reports/OB020.aspx?yms_year=115&yms_sms=1&emp_id=0001009
1057,31009,技職行管夜碩二,論文,,系必修,,否,0,論文,,,30,0,14,限本系,,Thesis,中文,https://webap0.ncue.edu.tw/DEANV2/UploadDEAN/SUBJECT/1151/31009_1TCIEE023600.pdf,
1058,31008,技職行管夜碩一,技職教育理論與實務,,系選修,,否,2,陳繁興,力行館,(四) 10-13 31221會議室,30,0,12,限本系,"單週上課,第1次上課9/17",Theory and Practice Voc-Tech Education,無,,https://webapss.ncue.edu.tw/Teacher/Reports/OB020.aspx?yms_year=115&yms_sms=1&emp_id=9901092
1059,31007,技職行管夜碩一,產業品質設計方法,,系選修,,否,2,陳狄成,力行館,(三) 10-13 31221會議室,30,0,15,限本系,"雙週上課,第1次上課9/23",Industrial Quality Design Methods,中文,https://webap0.ncue.edu.tw/DEANV2/UploadDEAN/SUBJECT/1151/31007_1TCIEB202020.pdf,https://webapss.ncue.edu.tw/Teacher/Reports/OB020.aspx?yms_year=115&yms_sms=1&emp_id=0000818
1060,31006,技職行管夜碩一,產業技術理論與實務,,系選修,,否,2,姚凱超,力行館,(二) 10-13 31204研討室,30,0,14,限本系,"雙週上課,第1次上課9/22",Theoretical Basis and Practical Experience on Industry and Technology,中文,https://webap0.ncue.edu.tw/DEANV2/UploadDEAN/SUBJECT/1151/31006_1TCIEB201520.pdf,https://webapss.ncue.edu.tw/Teacher/Reports/OB020.aspx?yms_year=115&yms_sms=1&emp_id=0000781
1061,31005,技職行管夜碩一,研究法(一),,系必修,,否,2,廖錦文,力行館,(三) 10-13 31506,30,0,15,限本系,"單週上課,第1次上課9/16",Research Methods I,中文,https://webap0.ncue.edu.tw/DEANV2/UploadDEAN/SUBJECT/1151/31005_1TCIEE000120.pdf,https://webapss.ncue.edu.tw/Teacher/Reports/OB020.aspx?yms_year=115&yms_sms=1&emp_id=0000861
1062,31004,技職行管夜碩一,基本統計,,系必修,,否,2,陳德發,力行館,(二) 10-13 31204研討室,30,0,14,限本系,"單週上課,第1次上課9/15",Statistics Method,中文,https://webap0.ncue.edu.tw/DEANV2/UploadDEAN/SUBJECT/1151/31004_1TCIEE019520.pdf,https://webapss.ncue.edu.tw/Teacher/Reports/OB020.aspx?yms_year=115&yms_sms=1&emp_id=0000739
1063,31003,科技機電產攜專班一,生命探索發展與實踐,,校必(通識),,否,2,楊學成黃維澤,教學一館,(五) 12-13 33302教室,50,0,0,限本班,大二~大四生如要修習，以線上加簽方式,Life and Career Development and Practice,中文,https://webap0.ncue.edu.tw/DEANV2/UploadDEAN/SUBJECT/1151/31003_0CCGE0177920.pdf,https://webapss.ncue.edu.tw/Teacher/Reports/OB020.aspx?yms_year=115&yms_sms=1&emp_id=0000809
1064,31002,科技一乙,生命探索發展與實踐,,校必(通識),,否,2,賴元隆黃維澤,教學一館,(一) 05-06 33302教室,50,0,0,限本班,大二~大四生如要修習，以線上加簽方式,Life and Career Development and Practice,中文,https://webap0.ncue.edu.tw/DEANV2/UploadDEAN/SUBJECT/1151/31002_0CCGE0177920.pdf,https://webapss.ncue.edu.tw/Teacher/Reports/OB020.aspx?yms_year=115&yms_sms=1&emp_id=0001037
1065,31001,科技一甲,生命探索發展與實踐,,校必(通識),,否,2,吳信德黃維澤,教學二館,(一) 05-06 34102,50,0,0,限本班,大二~大四生如要修習，以線上加簽方式,Life and Career Development and Practice,中英,https://webap0.ncue.edu.tw/DEANV2/UploadDEAN/SUBJECT/1151/31001_0CCGE0177920.pdf,https://webapss.ncue.edu.tw/Teacher/Reports/OB020.aspx?yms_year=115&yms_sms=1&emp_id=0001228
1066,29015,理學位碩一,國際數位學伴,,系選修,,是,2,王妙媛周睿鈺,教學大樓,(五) 06-07 T502電腦教室,20,0,0,限本系,,International Companions for Online Learning,英文,https://webap0.ncue.edu.tw/DEANV2/UploadDEAN/SUBJECT/1151/29015_1SCMB2110120_EN.pdf,https://webapss.ncue.edu.tw/Teacher/Reports/OB020.aspx?yms_year=115&yms_sms=1&emp_id=0000805
1067,29014,理學位碩一,資料分析,,系選修,,是,3,連怡斌,巧思館,(三) 05-07 數研B,20,0,0,可跨班系,,Data Analysis,英文,https://webap0.ncue.edu.tw/DEANV2/UploadDEAN/SUBJECT/1151/29014_1SCMB2105830_EN.pdf,https://webapss.ncue.edu.tw/Teacher/Reports/OB020.aspx?yms_year=115&yms_sms=1&emp_id=0000474
1068,29013,理學位碩三,專題討論(三),,系必修,,是,2,周睿鈺,格致館,(一) 03-04 科教所圓環教室SE101,20,2,2,限本系,,Seminar III,無,,https://webapss.ncue.edu.tw/Teacher/Reports/OB020.aspx?yms_year=115&yms_sms=1&emp_id=0001036
1069,29012,理學位碩四,碩士論文,,系必修,,否,0,,,,20,0,0,限本班,,Thesis,無,,
1070,29011,理學位碩三,碩士論文,,系必修,,否,0,,,,20,0,0,限本班,,Thesis,無,,
1071,29010,理學位碩二,碩士論文,,系必修,,否,0,,,,20,1,1,限本班,,Thesis,無,,
1072,29009,理學位碩二,論文指導(二),,系必修,,是,3,,,,20,0,0,可跨班系,,Thesis Supervision II,無,,
1073,29008,理學位碩二,論文指導(一),,系必修,,是,3,,,,20,0,0,可跨班系,,Thesis Supervision I,無,,
1074,29007,理學位碩一,科技英文寫作,,系選修,,是,3,曾文培,教學大樓,(五) 02-04 T303,20,0,0,限本班,,English Writing in Science and Technology,英文,https://webap0.ncue.edu.tw/DEANV2/UploadDEAN/SUBJECT/1151/29007_1SCMB2109230_EN.pdf,https://webapss.ncue.edu.tw/Teacher/Reports/OB020.aspx?yms_year=115&yms_sms=1&emp_id=0000802
1075,29006,理學位碩一,科學教育研究法,,系選修,,是,3,鄭夢慈,理學一館,(四) 02-04 BIO321研究生室,20,0,0,可跨班系,,Research Methods of Science Education,無,,https://webapss.ncue.edu.tw/Teacher/Reports/OB020.aspx?yms_year=115&yms_sms=1&emp_id=0000993
1076,29005,理學位碩一,有機金屬化學,,系選修,,是,3,黃瑞賢,理學一館,(五) 05-07 化學系會議室,20,0,0,可跨班系,,Organometallic Chemistry,無,,https://webapss.ncue.edu.tw/Teacher/Reports/OB020.aspx?yms_year=115&yms_sms=1&emp_id=0000638
1077,29004,理學位碩一,奈米材料(一),,系選修,,是,3,劉嘉吉,教學大樓,(三) 06-08 T203,20,1,1,可跨班系,,Nano-Materials I,無,,https://webapss.ncue.edu.tw/Teacher/Reports/OB020.aspx?yms_year=115&yms_sms=1&emp_id=0000590
1078,29003,理學位碩二,校外實習(一),,系選修,,是,9,黃啓炎高琨哲,格致館,(四) 01-09 理學院國際學程會議室,20,0,0,限本班,,Cooperative Internship I (Co-Op I),無,,https://webapss.ncue.edu.tw/Teacher/Reports/OB020.aspx?yms_year=115&yms_sms=1&emp_id=0000729
1079,29002,理學位碩一,酵母菌學專論(一),,系選修,,是,2,周睿鈺,格致館,(一) 08-09 周睿鈺老師實驗室,20,1,1,可跨班系,,Special Topics in Yeast Biology I,英文,https://webap0.ncue.edu.tw/DEANV2/UploadDEAN/SUBJECT/1151/29002_1SCMB2104720_EN.pdf,https://webapss.ncue.edu.tw/Teacher/Reports/OB020.aspx?yms_year=115&yms_sms=1&emp_id=0001036
1080,29001,理學位碩一,專題討論(一),,系必修,,是,3,黃瑞賢,格致館,(一) 02-04 圓環教室(格致館一樓),20,0,0,可跨班系,,Seminar I,無,,https://webapss.ncue.edu.tw/Teacher/Reports/OB020.aspx?yms_year=115&yms_sms=1&emp_id=0000638
1081,28006,統資碩二,論文指導(一),,系必修,,否,3,論文,,,20,6,6,可跨班系,,Thesis Supervision I,無,,
1082,28005,統資碩二,碩士論文,,系必修,,否,0,論文,,,20,4,4,可跨班系,,Thesis,無,,
1083,28004,統資碩一,機器學習,,系選修,,否,3,魏裕中,巧思館,(二) 02-04 數研C,20,0,0,可跨班系,,Introduction to Machine Learning,中英,https://webap0.ncue.edu.tw/DEANV2/UploadDEAN/SUBJECT/1151/28004_1SCSI2110430.pdf,https://webapss.ncue.edu.tw/Teacher/Reports/OB020.aspx?yms_year=115&yms_sms=1&emp_id=0001110
1084,28003,統資碩一,數理統計(一),,組必修,,否,3,魏裕中,巧思館,(三) 02-04 數研A,20,3,3,可跨班系,,Mathematical Statistics I,中英,https://webap0.ncue.edu.tw/DEANV2/UploadDEAN/SUBJECT/1151/28003_1SCSI2102730.pdf,https://webapss.ncue.edu.tw/Teacher/Reports/OB020.aspx?yms_year=115&yms_sms=1&emp_id=0001110
1085,28002,統資碩二,長期追蹤資料分析專題(一),,系選修,,否,3,蔡秒玉,巧思館,(四) 06-08 數學系21402,20,3,3,可跨班系,,Topics in Longitudinal Data Analysis I,中文,https://webap0.ncue.edu.tw/DEANV2/UploadDEAN/SUBJECT/1151/28002_1SCSI2001330.pdf,https://webapss.ncue.edu.tw/Teacher/Reports/OB020.aspx?yms_year=115&yms_sms=1&emp_id=0000880
1086,28001,統資碩一,資料分析(一),,組必修,,否,3,蔡秒玉,巧思館,(三) 06-08 數研C,20,1,1,可跨班系,,Data Analysis I,中文,https://webap0.ncue.edu.tw/DEANV2/UploadDEAN/SUBJECT/1151/28001_1SCSI2000330.pdf,https://webapss.ncue.edu.tw/Teacher/Reports/OB020.aspx?yms_year=115&yms_sms=1&emp_id=0000880
1087,26021,光電碩博,半導體光學專題研究(一),,系選修,,否,3,石豫臺,格致館,(一) 03-04、14 光研1,20,3,3,可跨班系,,Special Topics in Semiconductor Optics I,無,,https://webapss.ncue.edu.tw/Teacher/Reports/OB020.aspx?yms_year=115&yms_sms=1&emp_id=0000719
1088,26020,光電碩博,光學透鏡設計與製造實務,,系選修,,否,3,葉天守,格致館,(五) 02-04 22411四樓會議室,20,1,1,可跨班系,,Practical Technology of Optical Lens Design and Fabrication,中文,https://webap0.ncue.edu.tw/DEANV2/UploadDEAN/SUBJECT/1151/26020_1SCPO3140830.pdf,https://webapss.ncue.edu.tw/Teacher/Reports/OB020.aspx?yms_year=115&yms_sms=1&emp_id=9901276
1089,26019,光電碩博,光電半導體元件,,系選修,,否,3,黃滿芳,格致館,(三) 07-09 22110一樓會議室,20,1,1,可跨班系,,Optoelectronic Devices,中文,https://webap0.ncue.edu.tw/DEANV2/UploadDEAN/SUBJECT/1151/26019_1SCPO3128330.pdf,https://webapss.ncue.edu.tw/Teacher/Reports/OB020.aspx?yms_year=115&yms_sms=1&emp_id=0000738
1090,26018,光電碩博,有機薄膜電晶體專題研究(一),,系選修,,否,3,王右武,格致館,(二) 06-08 光研1,20,3,3,可跨班系,,Monographic Study of Organic Thin Film Transistor I,中文,https://webap0.ncue.edu.tw/DEANV2/UploadDEAN/SUBJECT/1151/26018_1SCPO3127330.pdf,https://webapss.ncue.edu.tw/Teacher/Reports/OB020.aspx?yms_year=115&yms_sms=1&emp_id=0000899
1091,26017,光電碩博,半導體產業實習(一),,系選修,,否,3,蕭輔力,格致館,(五) 06-08 22411四樓會議室,20,1,1,可跨班系,,Practice in semiconductor industry I,無,,https://webapss.ncue.edu.tw/Teacher/Reports/OB020.aspx?yms_year=115&yms_sms=1&emp_id=0000979
1092,26016,光電碩博,光子晶體專題研究(一),,系選修,,否,3,蕭輔力,格致館,(二) 02-04 光研1,20,0,0,可跨班系,,Special Topics in Photonic Crystal I,無,,https://webapss.ncue.edu.tw/Teacher/Reports/OB020.aspx?yms_year=115&yms_sms=1&emp_id=0000979
1093,26015,光電碩博,幾何光學,,系選修,,否,3,蕭輔力,格致館,(四) 02-04 22411四樓會議室,20,2,2,可跨班系,,Geometrical Optics,無,,https://webapss.ncue.edu.tw/Teacher/Reports/OB020.aspx?yms_year=115&yms_sms=1&emp_id=0000979
1094,26014,光電碩博,液晶光學專題研究(一),,系選修,,是,3,黃啓炎,格致館,(一) 06-08 光研1,20,0,0,可跨班系,,Special Topics in Liquid Crystal Displays I,無,,https://webapss.ncue.edu.tw/Teacher/Reports/OB020.aspx?yms_year=115&yms_sms=1&emp_id=0000729
1095,26013,光電碩博,物理光學,,系選修,,否,3,郭西川,格致館,(四) 06-08 22411四樓會議室,20,0,0,可跨班系,,Physical Optics,無,,https://webapss.ncue.edu.tw/Teacher/Reports/OB020.aspx?yms_year=115&yms_sms=1&emp_id=0000616
1096,26012,光電碩博,奈米光電專題討論,,系必修,,否,2,蕭輔力,格致館,(五) 05、14 光研1,20,9,9,限本系,,Seminar in Nano-optical electronics,無,,https://webapss.ncue.edu.tw/Teacher/Reports/OB020.aspx?yms_year=115&yms_sms=1&emp_id=0000979
1097,26011,光電碩博,顯示技術專題討論,,系必修,,否,2,王右武,格致館,(二) 05、14 光研1,20,4,4,限本系,,Seminar in display technology,中文,https://webap0.ncue.edu.tw/DEANV2/UploadDEAN/SUBJECT/1151/26011_1SCPO3136620.pdf,https://webapss.ncue.edu.tw/Teacher/Reports/OB020.aspx?yms_year=115&yms_sms=1&emp_id=0000899
1098,26010,光電碩博,半導體材料暨元件專題討論,,系必修,,否,2,黃滿芳,格致館,(三) 05、14 光研1,20,1,1,限本系,,Seminar in material and device of semiconductor,無,,https://webapss.ncue.edu.tw/Teacher/Reports/OB020.aspx?yms_year=115&yms_sms=1&emp_id=0000738
1099,26009,光電碩博,光資訊專題討論,,系必修,,否,2,郭西川,格致館,(四) 05、14 光研1,20,0,0,限本系,,Seminar in optical information,無,,https://webapss.ncue.edu.tw/Teacher/Reports/OB020.aspx?yms_year=115&yms_sms=1&emp_id=0000616
1100,26008,光電碩博,論文指導(二),,系必修,,否,3,論文,,,50,2,2,限本系,,Thesis Supervision II,無,,
1101,26007,光電碩博,論文指導(一),,系必修,,否,3,論文,,,50,9,9,限本系,,Thesis Supervision I,無,,
1102,26006,光電碩博,論文,,系必修,,否,0,論文,,,50,9,9,限本系,1. 本課程為登錄論文口試成績用，當學期申請碩博士學位論文口試者必選。　2. 當學期未選其他課程者必選。　3. 每學期可重複修課。,Thesis,無,,
1103,26005,科技應用與管理夜碩一,行銷管理,,系選修,,否,3,程立民,教學大樓,(二) 10-12 T102,50,0,26,限本系,,Marketing Management,中英,https://webap0.ncue.edu.tw/DEANV2/UploadDEAN/SUBJECT/1151/26005_1SCPOE135930.pdf,https://webapss.ncue.edu.tw/Teacher/Reports/OB020.aspx?yms_year=115&yms_sms=1&emp_id=6000257
1104,26004,科技應用與管理夜碩一,科技創新應用講座,,系選修,,否,3,張木生蔡其明江瑞德黃炳文,教學大樓,(三) 10-12 T102,50,0,27,限本系,,Science and Technology Innovation Lecture,無,,https://webapss.ncue.edu.tw/Teacher/Reports/OB020.aspx?yms_year=115&yms_sms=1&emp_id=9901268
1105,26003,科技應用與管理夜碩一,研究方法,,系選修,,否,3,蕭輔力柯錫卿湯玉珍,教學大樓,(六) 02-04 T102,50,0,17,限本系,,Research Methods,中英,https://webap0.ncue.edu.tw/DEANV2/UploadDEAN/SUBJECT/1151/26003_1SCPOE136130.pdf,https://webapss.ncue.edu.tw/Teacher/Reports/OB020.aspx?yms_year=115&yms_sms=1&emp_id=0000979
1106,26002,科技應用與管理夜碩二,專題研究(二),,系必修,,否,2,湯玉珍葉天守洪志明劉少勲柯錫卿蕭輔力,教學大樓,(六) 05-06 T102,50,0,14,限本班,,Special Topics on Photonics II,中英,https://webap0.ncue.edu.tw/DEANV2/UploadDEAN/SUBJECT/1151/26002_1SCPOE000420.pdf,https://webapss.ncue.edu.tw/Teacher/Reports/OB020.aspx?yms_year=115&yms_sms=1&emp_id=0000848
1107,26001,科技應用與管理夜碩二,論文,,系必修,,否,0,論文,,,50,0,10,限本系,1. 本課程為登錄論文口試成績用，當學期申請碩士學位論文口試者必選。　2. 當學期未選其他課程者必選。　3. 每學期可重複修課。,Thesis,中文,https://webap0.ncue.edu.tw/DEANV2/UploadDEAN/SUBJECT/1151/26001_1SCPOE001800.pdf,
1108,25043,化碩一,高等生物化學,,系選修,,否,3,洪義盛,理學一館,(二) 01-03 化學系會議室,20,0,0,可跨班系,,Advanced Biological Chemistry,中文,https://webap0.ncue.edu.tw/DEANV2/UploadDEAN/SUBJECT/1151/25043_1SCCH2129530.pdf,https://webapss.ncue.edu.tw/Teacher/Reports/OB020.aspx?yms_year=115&yms_sms=1&emp_id=0000864
1109,25042,化三,感測器原理與應用,,系選修,,否,3,江昌嶽,教學大樓,(四) 02-04 T205,50,53,50,可跨班系,,Principles and Application of Sensors,中文,https://webap0.ncue.edu.tw/DEANV2/UploadDEAN/SUBJECT/1151/25042_1SCCH0142230.pdf,https://webapss.ncue.edu.tw/Teacher/Reports/OB020.aspx?yms_year=115&yms_sms=1&emp_id=0001202
1110,25041,化碩二,論文,,系必修,,否,0,論文,理學一館,(六) 05-06 化學系會議室,40,12,12,限本系,,Thesis,無,,
1111,25040,化碩二,論文指導(一),,系必修,,否,3,論文,理學一館,(二) 05-07 化學系會議室,30,24,24,限本系,,Thesis Supervision I,無,,
1112,25039,化碩二,化學書報討論(三),,系必修,,否,2,陳以昇,格致館,(四) 03-04 圓環教室(格致館一樓),30,27,20,限本系,,Seminar III,無,,https://webapss.ncue.edu.tw/Teacher/Reports/OB020.aspx?yms_year=115&yms_sms=1&emp_id=0001233
1113,25038,化碩一,有機金屬化學,,系選修,,否,3,黃瑞賢,教學大樓,(五) 02-04 T202,20,1,1,可跨班系,,Organometallic Chemistry,無,,https://webapss.ncue.edu.tw/Teacher/Reports/OB020.aspx?yms_year=115&yms_sms=1&emp_id=0000638
1114,25037,化碩一,生物分析化學,,系選修,,否,3,劉敏瑛,教學大樓,(四) 05-07 T205,20,0,0,可跨班系,,Bioanalysis Chemistry,無,,https://webapss.ncue.edu.tw/Teacher/Reports/OB020.aspx?yms_year=115&yms_sms=1&emp_id=0000885
1115,25036,化碩一,觸媒化學,,系選修,,否,3,高琨哲,教學大樓,(三) 02-04 T301,20,1,1,可跨班系,,Catalytic Chemistry,中文,https://webap0.ncue.edu.tw/DEANV2/UploadDEAN/SUBJECT/1151/25036_1SCCH2129030.pdf,https://webapss.ncue.edu.tw/Teacher/Reports/OB020.aspx?yms_year=115&yms_sms=1&emp_id=0001121
1116,25035,化碩一,高等有機化學,,系選修,,否,3,許銘華,教學大樓,(二) 02-04 T301,20,0,0,可跨班系,,Advanced Organic Chemistry,無,,https://webapss.ncue.edu.tw/Teacher/Reports/OB020.aspx?yms_year=115&yms_sms=1&emp_id=0001088
1117,25034,化碩一,化學研究技術,,系選修,,否,3,陳以昇,教學大樓,(一) 05-07 T301,20,0,0,可跨班系,,Chemical Research Techniques,無,,https://webapss.ncue.edu.tw/Teacher/Reports/OB020.aspx?yms_year=115&yms_sms=1&emp_id=0001233
1118,25033,化碩一,分子光譜學,,系選修,,否,3,吳安台,教學大樓,(一) 02-04 T202,20,1,1,可跨班系,,Molecular Spectroscopic Chemistry,中文,https://webap0.ncue.edu.tw/DEANV2/UploadDEAN/SUBJECT/1151/25033_1SCCH2129830.pdf,https://webapss.ncue.edu.tw/Teacher/Reports/OB020.aspx?yms_year=115&yms_sms=1&emp_id=0000879
1119,25032,化碩一,專題研究(一),,系必修,,否,3,黃瑞賢林泱蔚,教學大樓,(二) 05-07 T006,30,1,1,限本系,,Research I,無,,https://webapss.ncue.edu.tw/Teacher/Reports/OB020.aspx?yms_year=115&yms_sms=1&emp_id=0000638
1120,25031,化碩一,化學書報討論(一),,系必修,,否,2,曹峯溢,教學大樓,(四) 03-04 T301,30,0,0,限本系,,Seminar I,中文,https://webap0.ncue.edu.tw/DEANV2/UploadDEAN/SUBJECT/1151/25031_1SCCH2003120.pdf,https://webapss.ncue.edu.tw/Teacher/Reports/OB020.aspx?yms_year=115&yms_sms=1&emp_id=0001166
1121,25030,化四,專題研究有機物化組(三),,系選修,,否,2,張智煒,理學一館,(五) 08-09 研究討論室1,50,6,6,可跨班系,,Research in Organic and Physical Chemistry III,無,,https://webapss.ncue.edu.tw/Teacher/Reports/OB020.aspx?yms_year=115&yms_sms=1&emp_id=0001013
1122,25029,化四,專題研究無機分析組(三),,系選修,,否,2,劉敏瑛,格致館,(五) 08-09 三樓有機實驗室,50,4,4,可跨班系,,Research in Inorganic and Analytical Chemistry III,無,,https://webapss.ncue.edu.tw/Teacher/Reports/OB020.aspx?yms_year=115&yms_sms=1&emp_id=0000885
1123,25028,化四,有機光譜分析,,系選修,,否,3,吳安台,教學大樓,(五) 02-04 T205,50,28,28,可跨班系,,Organic Spectroscopy,中文,https://webap0.ncue.edu.tw/DEANV2/UploadDEAN/SUBJECT/1151/25028_1SCCH0009930.pdf,https://webapss.ncue.edu.tw/Teacher/Reports/OB020.aspx?yms_year=115&yms_sms=1&emp_id=0000879
1124,25027,化四,螢光光譜學,,系選修,,否,3,張智煒,教學大樓,(四) 02-04 T102,50,22,22,限本系,,Principle of fluorescence spectroscopy,無,,https://webapss.ncue.edu.tw/Teacher/Reports/OB020.aspx?yms_year=115&yms_sms=1&emp_id=0001013
1125,25026,化四,物化特論,,系選修,,否,3,胡景瀚,教學大樓,(三) 02-04 T205,50,49,49,可跨班系,,Special Topics in Physical Chemistry,中文,https://webap0.ncue.edu.tw/DEANV2/UploadDEAN/SUBJECT/1151/25026_1SCCH0135830.pdf,https://webapss.ncue.edu.tw/Teacher/Reports/OB020.aspx?yms_year=115&yms_sms=1&emp_id=0000633
1126,25025,化四,化學科教學實習,,系選修,,否,2,洪義盛,教學大樓,(一) 03-04 T102 (三) 07-08 T205,50,9,9,限本系,,Chemistry Teaching Practicum,中文,https://webap0.ncue.edu.tw/DEANV2/UploadDEAN/SUBJECT/1151/25025_1SCCH0136120.pdf,https://webapss.ncue.edu.tw/Teacher/Reports/OB020.aspx?yms_year=115&yms_sms=1&emp_id=0000864
1127,25024,化四,材料化學,,系選修,,否,3,高琨哲,教學大樓,(一) 05-07 T205,50,57,50,可跨班系,,Material Chemistry,中文,https://webap0.ncue.edu.tw/DEANV2/UploadDEAN/SUBJECT/1151/25024_1SCCH0128530.pdf,https://webapss.ncue.edu.tw/Teacher/Reports/OB020.aspx?yms_year=115&yms_sms=1&emp_id=0001121
1128,25023,化四,專題討論有機無機組(一),,系必修,,否,2,吳安台,教學大樓,(四) 08-09 T205,20,42,20,限本系,,Seminar in Organic and Inorganic Chemistry I,中文,https://webap0.ncue.edu.tw/DEANV2/UploadDEAN/SUBJECT/1151/25023_1SCCH0120720.pdf,https://webapss.ncue.edu.tw/Teacher/Reports/OB020.aspx?yms_year=115&yms_sms=1&emp_id=0000879
1129,25022,化四,專題討論化教組(一),,系必修,,否,2,洪義盛,教學大樓,(四) 08-09 T102,20,6,6,限本系,,Seminar in Chemical Education I,中文,https://webap0.ncue.edu.tw/DEANV2/UploadDEAN/SUBJECT/1151/25022_1SCCH0121220.pdf,https://webapss.ncue.edu.tw/Teacher/Reports/OB020.aspx?yms_year=115&yms_sms=1&emp_id=0000864
1130,25021,化四,專題討論物化分析組(一),,系必修,,否,2,胡景瀚,教學大樓,(四) 08-09 T301,20,4,4,限本系,,Seminar in Physical and Analytical Chemistry I,中文,https://webap0.ncue.edu.tw/DEANV2/UploadDEAN/SUBJECT/1151/25021_1SCCH0120920.pdf,https://webapss.ncue.edu.tw/Teacher/Reports/OB020.aspx?yms_year=115&yms_sms=1&emp_id=0000633
1131,25020,化三,專題研究無機分析組(一),,系選修,,否,2,江昌嶽,理學一館,(五) 08-09 研究討論室2,50,7,7,可跨班系,,Research in Inorganic and Analytical Chemistry I,中文,https://webap0.ncue.edu.tw/DEANV2/UploadDEAN/SUBJECT/1151/25020_1SCCH0140520.pdf,https://webapss.ncue.edu.tw/Teacher/Reports/OB020.aspx?yms_year=115&yms_sms=1&emp_id=0001202
1132,25019,化三,專題研究有機物化組(一),,系選修,,否,2,曹峯溢,理學一館,(五) 08-09 化學系會議室,50,23,23,可跨班系,,Research in Organic and Physical Chemistry I,中文,https://webap0.ncue.edu.tw/DEANV2/UploadDEAN/SUBJECT/1151/25019_1SCCH0140120.pdf,https://webapss.ncue.edu.tw/Teacher/Reports/OB020.aspx?yms_year=115&yms_sms=1&emp_id=0001166
1133,25018,化三,儀器分析(一),,系選修,,否,3,劉敏瑛,教學大樓,(二) 02-04 T105,50,57,50,可跨班系,,Instrumental Analysis I,無,,https://webapss.ncue.edu.tw/Teacher/Reports/OB020.aspx?yms_year=115&yms_sms=1&emp_id=0000885
1134,25017,化三,生物化學(一),,系選修,,否,3,洪義盛,教學大樓,(五) 02-04 T102,50,50,49,可跨班系,,Biochemistry I,中文,https://webap0.ncue.edu.tw/DEANV2/UploadDEAN/SUBJECT/1151/25017_1SCCH0016130.pdf,https://webapss.ncue.edu.tw/Teacher/Reports/OB020.aspx?yms_year=115&yms_sms=1&emp_id=0000864
1135,25016,化三,無機化學(一),,系必修,,否,3,李漢文,教學大樓,(四) 05-07 T102,60,63,60,限本系,,Inorganic Chemistry I,無,,https://webapss.ncue.edu.tw/Teacher/Reports/OB020.aspx?yms_year=115&yms_sms=1&emp_id=0000741
1136,25015,化三,物理化學實驗(一),,系必修,,否,1,張智煒,理學一館,(三) 05-07 B1普通化學實驗室,55,53,53,限本系,,Physical Chemistry Laboratory I,無,,https://webapss.ncue.edu.tw/Teacher/Reports/OB020.aspx?yms_year=115&yms_sms=1&emp_id=0001013
1137,25014,化三,物理化學(二),,系必修,,否,3,高琨哲,教學大樓,(五) 05-07 T102,60,65,61,限本系,,Physical Chemistry II,中文,https://webap0.ncue.edu.tw/DEANV2/UploadDEAN/SUBJECT/1151/25014_1SCCH0014830.pdf,https://webapss.ncue.edu.tw/Teacher/Reports/OB020.aspx?yms_year=115&yms_sms=1&emp_id=0001121
1138,25013,化二,化學數學,,系選修,,否,2,胡景瀚,教學大樓,(五) 03-04 T002,50,48,48,可跨班系,,Mathematics in Chemistry,中文,https://webap0.ncue.edu.tw/DEANV2/UploadDEAN/SUBJECT/1151/25013_1SCCH0012320.pdf,https://webapss.ncue.edu.tw/Teacher/Reports/OB020.aspx?yms_year=115&yms_sms=1&emp_id=0000633
1139,25012,化二,化學研究入門(一),,系選修,,否,2,張智煒,教學大樓,(二) 03-04 T205,50,45,45,可跨班系,,Introduction to Chemistry (I),無,,https://webapss.ncue.edu.tw/Teacher/Reports/OB020.aspx?yms_year=115&yms_sms=1&emp_id=0001013
1140,25011,化二,分析化學實驗(一),,系必修,,否,1,江昌嶽,理學一館,(一) 05-07 B1普通化學實驗室,55,52,52,限本系,,Analytical Chemistry Laboratory I,中文,https://webap0.ncue.edu.tw/DEANV2/UploadDEAN/SUBJECT/1151/25011_1SCCH0013810.pdf,https://webapss.ncue.edu.tw/Teacher/Reports/OB020.aspx?yms_year=115&yms_sms=1&emp_id=0001202
1141,25010,化二,分析化學(一),,系必修,,否,3,江昌嶽,教學大樓,(三) 02-04 T202,60,53,53,限本系,,Analytical Chemistry I,中文,https://webap0.ncue.edu.tw/DEANV2/UploadDEAN/SUBJECT/1151/25010_1SCCH0013730.pdf,https://webapss.ncue.edu.tw/Teacher/Reports/OB020.aspx?yms_year=115&yms_sms=1&emp_id=0001202
1142,25009,化二,有機化學實驗(一),,系必修,,否,1,許銘華,格致館,(四) 05-07 三樓有機實驗室,55,46,46,限本系,,Organic Chemistry Laboratory I,無,,https://webapss.ncue.edu.tw/Teacher/Reports/OB020.aspx?yms_year=115&yms_sms=1&emp_id=0001088
1143,25008,化二,有機化學(一),,系必修,,否,4,許銘華,教學大樓,(一) 03-04 T105 (四) 03-04 T002,65,52,52,限本系,,Organic Chemistry I,無,,https://webapss.ncue.edu.tw/Teacher/Reports/OB020.aspx?yms_year=115&yms_sms=1&emp_id=0001088
1144,25007,化一,普通生物學(一),,系選修,,否,2,周文己,教學大樓,(二) 03-04 T303,50,0,0,限本班,,Biology I,中文,https://webap0.ncue.edu.tw/DEANV2/UploadDEAN/SUBJECT/1151/25007_1SCCH0001720.pdf,https://webapss.ncue.edu.tw/Teacher/Reports/OB020.aspx?yms_year=115&yms_sms=1&emp_id=0001085
1145,25006,化一,普通物理實驗(一),,系選修,,否,1,林詩茵,學生餐廳,(五) 02-04 普物實驗室,50,0,0,限本班,,General Physics Lab. I,無,,https://webapss.ncue.edu.tw/Teacher/Reports/OB020.aspx?yms_year=115&yms_sms=1&emp_id=0001065
1146,25005,化一,普通物理(一),,系必修,,否,3,石豫臺,教學大樓,(二) 07-08 T002 (三) 05 T205,60,0,0,限本班,,General Physics I,無,,https://webapss.ncue.edu.tw/Teacher/Reports/OB020.aspx?yms_year=115&yms_sms=1&emp_id=0000719
1147,25004,化一,微積分(一),,系必修,,否,2,蘇宣文,教學大樓,(一) 05-06 T105,60,0,0,限本班,,Calculus I,無,,https://webapss.ncue.edu.tw/Teacher/Reports/OB020.aspx?yms_year=115&yms_sms=1&emp_id=0000727
1148,25003,化一,普通化學實驗(一),,系必修,,否,1,陳以昇,理學一館,(五) 07-09 B1普通化學實驗室,55,0,0,限本班,,General Chemistry Laboratory I,無,,https://webapss.ncue.edu.tw/Teacher/Reports/OB020.aspx?yms_year=115&yms_sms=1&emp_id=0001233
1149,25002,化一,普通化學(一),,系必修,,否,3,胡景瀚林泱蔚,教學大樓,(一) 07-09 T202,60,0,0,限本班,,General Chemistry I,中文,https://webap0.ncue.edu.tw/DEANV2/UploadDEAN/SUBJECT/1151/25002_1SCCH0013230.pdf,https://webapss.ncue.edu.tw/Teacher/Reports/OB020.aspx?yms_year=115&yms_sms=1&emp_id=0000633
1150,25001,化一,生命探索發展與實踐,,校必(通識),,否,2,林泱蔚,教學大樓,(四) 05-06 T301,50,0,0,限本班,大二~大四生如要修習，以線上加簽方式,Life and Career Development and Practice,無,,https://webapss.ncue.edu.tw/Teacher/Reports/OB020.aspx?yms_year=115&yms_sms=1&emp_id=0000995
1151,24058,生碩二,碩士論文,,系必修,,否,0,論文,,,20,6,6,限本班,,Thesis,無,,
1152,24057,生技碩一,分子生物學專論(一),,組選修,,是,2,王妙媛,格致館,(一) 08-09 王老師實驗室,20,0,0,限本系,,Special Topics in Molecular Biology I,中英,https://webap0.ncue.edu.tw/DEANV2/UploadDEAN/SUBJECT/1151/24057_1SCBI2021420.pdf,https://webapss.ncue.edu.tw/Teacher/Reports/OB020.aspx?yms_year=115&yms_sms=1&emp_id=0000805
1153,24056,生三,科學學習、教育與傳播,,系選修,,否,2,鄭夢慈,理學一館,(四) 07-08 BIO108教室,50,19,19,可跨班系,,"Science Learning, Education, and Communication",無,,https://webapss.ncue.edu.tw/Teacher/Reports/OB020.aspx?yms_year=115&yms_sms=1&emp_id=0000993
1154,24055,生二,遺傳學實驗,,系必修,,否,1,劉儼毅,格致館,(一) 07-09 23302,50,34,34,可跨班系,,Genetics Laboratory,中文,https://webap0.ncue.edu.tw/DEANV2/UploadDEAN/SUBJECT/1151/24055_1SCBI0051910.pdf,https://webapss.ncue.edu.tw/Teacher/Reports/OB020.aspx?yms_year=115&yms_sms=1&emp_id=0001174
1155,24054,生一,普通物理(一),,系選修,,否,3,石豫臺,教學大樓,(一) 05 T101 (三) 03-04 T206,50,0,0,限本班,,General Physics I,無,,https://webapss.ncue.edu.tw/Teacher/Reports/OB020.aspx?yms_year=115&yms_sms=1&emp_id=0000719
1156,24053,生碩二,論文指導(二),,系必修,,否,3,論文,,,20,2,2,限本系,供提早入學學生選課,Thesis Supervision II,無,,
1157,24052,生碩二,論文指導(一),,系必修,,否,3,論文,,,40,2,2,限本系,,Thesis Supervision I,無,,
1158,24051,生碩二,生物教育專題研究(上),,組必修,,否,2,周文己,理學一館,(一) 05-06 BIO109討論室,20,0,0,限本系,,Research in Biology Education I,中文,https://webap0.ncue.edu.tw/DEANV2/UploadDEAN/SUBJECT/1151/24051_1SCBI2186620.pdf,https://webapss.ncue.edu.tw/Teacher/Reports/OB020.aspx?yms_year=115&yms_sms=1&emp_id=0001085
1159,24050,生碩二,生物多樣性專題討論,,組必修,,否,2,林宗岐温育德,理學一館,(五) 03-04 BIO109討論室,20,4,4,限本系,,Seminar in Biodiversity,中文,https://webap0.ncue.edu.tw/DEANV2/UploadDEAN/SUBJECT/1151/24050_1SCBI2185620.pdf,https://webapss.ncue.edu.tw/Teacher/Reports/OB020.aspx?yms_year=115&yms_sms=1&emp_id=0000849
1160,24049,生碩一,生物教育研究法,,組選修,,否,2,周文己,理學一館,(三) 03-04 BIO321研究生室,20,0,0,限本系,,Research Method in Biology Education,中文,https://webap0.ncue.edu.tw/DEANV2/UploadDEAN/SUBJECT/1151/24049_1SCBI2073020.pdf,https://webapss.ncue.edu.tw/Teacher/Reports/OB020.aspx?yms_year=115&yms_sms=1&emp_id=0001085
1161,24048,生碩一,學習理論,,組選修,,否,2,周文己,理學一館,(二) 05-06 BIO321研究生室,20,0,0,限本系,,Learning Theories,中文,https://webap0.ncue.edu.tw/DEANV2/UploadDEAN/SUBJECT/1151/24048_1SCBI2064720.pdf,https://webapss.ncue.edu.tw/Teacher/Reports/OB020.aspx?yms_year=115&yms_sms=1&emp_id=0001085
1162,24047,生碩一,病毒學,,組選修,,否,2,賴吉永,格致館,(四) 02-03 23302,20,0,0,限本系,,Virology,無,,https://webapss.ncue.edu.tw/Teacher/Reports/OB020.aspx?yms_year=115&yms_sms=1&emp_id=0000657
1163,24046,生碩一,生物多樣性,,組選修,,否,2,林宗岐,理學一館,(三) 05-06 BIO103教室,20,1,1,限本系,,Biodiversity,無,,https://webapss.ncue.edu.tw/Teacher/Reports/OB020.aspx?yms_year=115&yms_sms=1&emp_id=0000849
1164,24045,生碩一,昆蟲學專論(二),,組選修,,否,2,林宗岐周睿鈺,理學一館,(一) 07-08 林老師實驗室,20,2,2,限本系,,Entomology II,無,,https://webapss.ncue.edu.tw/Teacher/Reports/OB020.aspx?yms_year=115&yms_sms=1&emp_id=0000849
1165,24044,生碩一,生物教育專題討論(上),,組必修,,否,2,鄭夢慈,理學一館,(一) 05-06 BIO108教室,20,0,0,限本系,,Seminar in Biology Education I,無,,https://webapss.ncue.edu.tw/Teacher/Reports/OB020.aspx?yms_year=115&yms_sms=1&emp_id=0000993
1166,24043,生碩一,生物多樣性專題討論,,組必修,,否,2,周睿鈺,理學一館,(五) 03-04 BIO108教室,20,0,0,限本系,,Seminar in Biodiversity,中文,https://webap0.ncue.edu.tw/DEANV2/UploadDEAN/SUBJECT/1151/24043_1SCBI2185620.pdf,https://webapss.ncue.edu.tw/Teacher/Reports/OB020.aspx?yms_year=115&yms_sms=1&emp_id=0001036
1167,24042,生技碩二,碩士論文,,系必修,,否,0,論文,,,20,0,0,限本系,,Thesis,無,,
1168,24041,生技碩二,論文指導(二),,系必修,,否,3,論文,,,20,0,0,限本系,供提早入學學生選課,Thesis Supervision II,無,,
1169,24040,生技碩二,論文指導(一),,系必修,,否,3,論文,,,40,2,2,限本系,,Thesis Supervision I,無,,
1170,24039,生技碩二,生物技術專題討論,,組必修,,否,2,耿全福,理學一館,(五) 03-04 老師實驗室2,20,1,1,限本系,,Seminar in Biotechnology,無,,https://webapss.ncue.edu.tw/Teacher/Reports/OB020.aspx?yms_year=115&yms_sms=1&emp_id=0000825
1171,24038,生技碩二,細胞分子專題討論,,組必修,,否,2,李奇英,理學一館,(五) 03-04 老師實驗室1,20,0,0,限本系,,Seminar in Cellular and Molecular Biology,中文,https://webap0.ncue.edu.tw/DEANV2/UploadDEAN/SUBJECT/1151/24038_1SCBI2185520.pdf,https://webapss.ncue.edu.tw/Teacher/Reports/OB020.aspx?yms_year=115&yms_sms=1&emp_id=0000582
1172,24037,生技碩一,計算生物學專論(一),,組選修,,否,2,劉儼毅,理學一館,(一) 01-02 劉老師實驗室,20,1,1,限本系,,Special Topics on Computational Biology (I),中文,https://webap0.ncue.edu.tw/DEANV2/UploadDEAN/SUBJECT/1151/24037_1SCBI2225820.pdf,https://webapss.ncue.edu.tw/Teacher/Reports/OB020.aspx?yms_year=115&yms_sms=1&emp_id=0001174
1173,24036,生技碩一,生物資訊及應用,,組選修,,否,3,蕭乃文,圖書館,(四) 07-09 電五教室,20,1,1,限本系,,Bioinformatics and Application,中文,https://webap0.ncue.edu.tw/DEANV2/UploadDEAN/SUBJECT/1151/24036_1SCBI2219130.pdf,https://webapss.ncue.edu.tw/Teacher/Reports/OB020.aspx?yms_year=115&yms_sms=1&emp_id=0000882
1174,24035,生技碩一,生物資訊學專論(二),,組選修,,否,2,蕭乃文,理學一館,(五) 07-08 蕭老師實驗室,20,0,0,限本系,,Special Topics in Bioinformatics II,中文,https://webap0.ncue.edu.tw/DEANV2/UploadDEAN/SUBJECT/1151/24035_1SCBI2164020.pdf,https://webapss.ncue.edu.tw/Teacher/Reports/OB020.aspx?yms_year=115&yms_sms=1&emp_id=0000882
1175,24034,生技碩一,分子保健機制專論(二),,組選修,,否,2,謝秋蘭,理學一館,(五) 07-08 謝老師實驗室,20,0,0,限本系,,Special Topic in Molecular Action of  Nutraceutics  Ⅱ,中文,https://webap0.ncue.edu.tw/DEANV2/UploadDEAN/SUBJECT/1151/24034_1SCBI2217720.pdf,https://webapss.ncue.edu.tw/Teacher/Reports/OB020.aspx?yms_year=115&yms_sms=1&emp_id=0000980
1176,24033,生技碩一,分子保健專論(二),,組選修,,否,2,謝秋蘭,理學一館,(五) 05-06 謝老師實驗室,20,0,0,限本系,,Special Topic of Molecular Nutraceutics II,中文,https://webap0.ncue.edu.tw/DEANV2/UploadDEAN/SUBJECT/1151/24033_1SCBI2163320.pdf,https://webapss.ncue.edu.tw/Teacher/Reports/OB020.aspx?yms_year=115&yms_sms=1&emp_id=0000980
1177,24032,生技碩一,抗氧化酵素,,組選修,,否,3,耿全福,理學一館,(二) 07-09 BIO423專題討論室,20,0,0,限本系,,Antioxidant Enzymes,無,,https://webapss.ncue.edu.tw/Teacher/Reports/OB020.aspx?yms_year=115&yms_sms=1&emp_id=0000825
1178,24031,生技碩一,自由基專論(一),,組選修,,否,2,耿全福,理學一館,(五) 01-02 BIO423專題討論室,20,0,0,限本系,,Special Topic in Free Radical Biology I,無,,https://webapss.ncue.edu.tw/Teacher/Reports/OB020.aspx?yms_year=115&yms_sms=1&emp_id=0000825
1179,24030,生技碩一,基礎生物科技核心技術,,組選修,,否,2,耿全福,格致館,(三) 03-04 23202,20,0,0,限本系,,Biotechnology Core Techniques,無,,https://webapss.ncue.edu.tw/Teacher/Reports/OB020.aspx?yms_year=115&yms_sms=1&emp_id=0000825
1180,24029,生技碩一,細胞分子專題討論,,組必修,,否,2,蕭乃文,格致館,(五) 03-04 老師實驗室,20,1,1,限本系,,Seminar in Cellular and Molecular Biology,中文,https://webap0.ncue.edu.tw/DEANV2/UploadDEAN/SUBJECT/1151/24029_1SCBI2185520.pdf,https://webapss.ncue.edu.tw/Teacher/Reports/OB020.aspx?yms_year=115&yms_sms=1&emp_id=0000882
1181,24028,生技碩一,生物技術專題討論,,組必修,,否,2,謝秋蘭,理學一館,(五) 03-04 BIO103教室,20,0,0,限本系,,Seminar in Biotechnology,中文,https://webap0.ncue.edu.tw/DEANV2/UploadDEAN/SUBJECT/1151/24028_1SCBI2217120.pdf,https://webapss.ncue.edu.tw/Teacher/Reports/OB020.aspx?yms_year=115&yms_sms=1&emp_id=0000980
1182,24027,生四,生物科教材教法,,系選修,,否,2,周文己龔雍任,理學一館,(三) 08-09 BIO103教室,50,21,21,限本班,,Instructional Materials & Teaching Methods in Biology,中文,https://webap0.ncue.edu.tw/DEANV2/UploadDEAN/SUBJECT/1151/24027_1SCBI0159720.pdf,https://webapss.ncue.edu.tw/Teacher/Reports/OB020.aspx?yms_year=115&yms_sms=1&emp_id=0001085
1183,24026,生四,動物生理學(二),,系必修,,否,2,李奇英,教學大樓,(五) 01-02 T501(至會議系統借用),50,44,44,可跨班系,,Animal Physiology II,中文,https://webap0.ncue.edu.tw/DEANV2/UploadDEAN/SUBJECT/1151/24026_1SCBI0032620.pdf,https://webapss.ncue.edu.tw/Teacher/Reports/OB020.aspx?yms_year=115&yms_sms=1&emp_id=0000582
1184,24025,生四,專題討論(二),,系必修,,否,3,王妙媛林忠毅賴吉永,教學大樓,(二) 02-04 T206,50,39,39,限本系,,Seminar II,中英,https://webap0.ncue.edu.tw/DEANV2/UploadDEAN/SUBJECT/1151/24025_1SCBI0159630.pdf,https://webapss.ncue.edu.tw/Teacher/Reports/OB020.aspx?yms_year=115&yms_sms=1&emp_id=0000805
1185,24024,生四,演化生物學,,系必修,,否,3,姜鈴,理學一館,(一) 02-04 BIO103教室,50,45,45,可跨班系,,Evolution Biology,中英,https://webap0.ncue.edu.tw/DEANV2/UploadDEAN/SUBJECT/1151/24024_1SCBI0156330.pdf,https://webapss.ncue.edu.tw/Teacher/Reports/OB020.aspx?yms_year=115&yms_sms=1&emp_id=0000634
1186,24023,生三,生物實驗教學法,,系選修,,否,2,龔雍任,格致館,(三) 06-07 23202,50,28,28,可跨班系,,Methods of Biology Experiment,中文,https://webap0.ncue.edu.tw/DEANV2/UploadDEAN/SUBJECT/1151/24023_1SCBI0170320.pdf,https://webapss.ncue.edu.tw/Teacher/Reports/OB020.aspx?yms_year=115&yms_sms=1&emp_id=9901239
1187,24022,生三,動物生理學實驗,,系必修,,否,1,李奇英,格致館,(二) 05-07 23302,50,31,31,可跨班系,,Animal Physiology Laboratory,無,,https://webapss.ncue.edu.tw/Teacher/Reports/OB020.aspx?yms_year=115&yms_sms=1&emp_id=0000582
1188,24021,生三,微生物多樣性,,系選修,,否,3,賴吉永,理學一館,(五) 05-07 BIO108教室,50,28,28,可跨班系,,Microbial Diversity,無,,https://webapss.ncue.edu.tw/Teacher/Reports/OB020.aspx?yms_year=115&yms_sms=1&emp_id=0000657
1189,24020,生三,昆蟲生態學,,系選修,,否,2,林宗岐,理學一館,(二) 08-09 BIO108教室,50,29,29,可跨班系,,Insect Ecology,無,,https://webapss.ncue.edu.tw/Teacher/Reports/OB020.aspx?yms_year=115&yms_sms=1&emp_id=0000849
1190,24019,生三,細胞生物學,,系必修,,否,3,王妙媛,理學一館,(三) 02-04 BIO103教室,50,32,32,可跨班系,,Cell Biology,中文,https://webap0.ncue.edu.tw/DEANV2/UploadDEAN/SUBJECT/1151/24019_1SCBI0033830.pdf,https://webapss.ncue.edu.tw/Teacher/Reports/OB020.aspx?yms_year=115&yms_sms=1&emp_id=0000805
1191,24018,生三,動物生理學(一),,系必修,,否,2,李奇英,教學大樓,(二) 03-04 T501(至會議系統借用),50,36,36,可跨班系,,Animal Physiology I,中文,https://webap0.ncue.edu.tw/DEANV2/UploadDEAN/SUBJECT/1151/24018_1SCBI0032520.pdf,https://webapss.ncue.edu.tw/Teacher/Reports/OB020.aspx?yms_year=115&yms_sms=1&emp_id=0000582
1192,24017,生三,生態學概論,,系必修,,否,3,周睿鈺,理學一館,(四) 02-04 BIO108教室,50,35,35,可跨班系,,Principles of Ecology,中文,https://webap0.ncue.edu.tw/DEANV2/UploadDEAN/SUBJECT/1151/24017_1SCBI0028730.pdf,https://webapss.ncue.edu.tw/Teacher/Reports/OB020.aspx?yms_year=115&yms_sms=1&emp_id=0001036
1193,24016,生二,植物生態學,,系選修,,否,2,林忠毅,格致館,(五) 07-08 23302,50,17,17,可跨班系,,Plant ecology,中文,https://webap0.ncue.edu.tw/DEANV2/UploadDEAN/SUBJECT/1151/24016_1SCBI0221920.pdf,https://webapss.ncue.edu.tw/Teacher/Reports/OB020.aspx?yms_year=115&yms_sms=1&emp_id=9900968
1194,24015,生二,微生物免疫學,,系選修,,否,3,賴吉永,理學一館,(一) 02-03 BIO108教室 (三) 07 BIO108教室,50,33,33,可跨班系,,Microbiology and Immunology,無,,https://webapss.ncue.edu.tw/Teacher/Reports/OB020.aspx?yms_year=115&yms_sms=1&emp_id=0000657
1195,24014,生二,無脊椎動物學,,系選修,,否,3,姜鈴,理學一館,(四) 07-09 BIO103教室,50,26,26,可跨班系,,The Invertebrates,中英,https://webap0.ncue.edu.tw/DEANV2/UploadDEAN/SUBJECT/1151/24014_1SCBI0040730.pdf,https://webapss.ncue.edu.tw/Teacher/Reports/OB020.aspx?yms_year=115&yms_sms=1&emp_id=0000634
1196,24013,生二,真菌學,,系選修,,否,3,周睿鈺,理學一館,(三) 02-04 BIO108教室,50,26,26,可跨班系,,Mycology,中文,https://webap0.ncue.edu.tw/DEANV2/UploadDEAN/SUBJECT/1151/24013_1SCBI0156030.pdf,https://webapss.ncue.edu.tw/Teacher/Reports/OB020.aspx?yms_year=115&yms_sms=1&emp_id=0001036
1197,24011,生二,遺傳學,,系必修,,否,3,劉儼毅,教學大樓,(四) 02-04 T206,50,32,32,可跨班系,,Genetics,中文,https://webap0.ncue.edu.tw/DEANV2/UploadDEAN/SUBJECT/1151/24011_1SCBI0051830.pdf,https://webapss.ncue.edu.tw/Teacher/Reports/OB020.aspx?yms_year=115&yms_sms=1&emp_id=0001174
1198,24010,生二,生物化學實驗,,系必修,,否,1,温育德,格致館,(二) 03-05 23202,50,32,32,可跨班系,,Biochemistry Laboratory,中文,https://webap0.ncue.edu.tw/DEANV2/UploadDEAN/SUBJECT/1151/24010_1SCBI0155910.pdf,https://webapss.ncue.edu.tw/Teacher/Reports/OB020.aspx?yms_year=115&yms_sms=1&emp_id=0000763
1199,24009,生二,生物化學,,系必修,,否,3,温育德,教學大樓,(二) 06-08 T001,50,38,38,可跨班系,,Biochemistry,中文,https://webap0.ncue.edu.tw/DEANV2/UploadDEAN/SUBJECT/1151/24009_1SCBI0155830.pdf,https://webapss.ncue.edu.tw/Teacher/Reports/OB020.aspx?yms_year=115&yms_sms=1&emp_id=0000763
1200,24008,生二,生物學研究法,,系必修,,否,2,周睿鈺,理學一館,(三) 05-06 BIO108教室,50,39,39,可跨班系,,Methodology in Biology,中文,https://webap0.ncue.edu.tw/DEANV2/UploadDEAN/SUBJECT/1151/24008_1SCBI0183420.pdf,https://webapss.ncue.edu.tw/Teacher/Reports/OB020.aspx?yms_year=115&yms_sms=1&emp_id=0001036
1201,24007,生二,生物統計學,,系必修,,否,3,林宗岐,教學大樓,(一) 04-06 T206,50,33,33,可跨班系,,Biostatistics,無,,https://webapss.ncue.edu.tw/Teacher/Reports/OB020.aspx?yms_year=115&yms_sms=1&emp_id=0000849
1202,24006,生一,普通化學(一),,系選修,,否,2,曹峯溢,教學大樓,(四) 05-06 T206,50,0,0,限本班,,General Chemistry I,中文,https://webap0.ncue.edu.tw/DEANV2/UploadDEAN/SUBJECT/1151/24006_1SCBI0158920.pdf,https://webapss.ncue.edu.tw/Teacher/Reports/OB020.aspx?yms_year=115&yms_sms=1&emp_id=0001166
1203,24005,生一,園藝學原理,,系選修,,否,2,何偉真,理學一館,(一) 07-08 BIO103教室,50,0,0,限本班,,Horticulture Science,無,,https://webapss.ncue.edu.tw/Teacher/Reports/OB020.aspx?yms_year=115&yms_sms=1&emp_id=9900078
1204,24004,生一,沿海生物資源,,系選修,,否,3,姜鈴,理學一館,(二) 07-09 BIO103教室,50,0,0,限本班,,Coastal Biological Resources,中文,https://webap0.ncue.edu.tw/DEANV2/UploadDEAN/SUBJECT/1151/24004_1SCBI0220930.pdf,https://webapss.ncue.edu.tw/Teacher/Reports/OB020.aspx?yms_year=115&yms_sms=1&emp_id=0000634
1205,24003,生一,普通生物學實驗(一),,系必修,,否,1,周文己耿全福,格致館,(三) 05-07 23302,50,3,3,可跨班系,,Biology Laboratory I,無,,https://webapss.ncue.edu.tw/Teacher/Reports/OB020.aspx?yms_year=115&yms_sms=1&emp_id=0001085
1206,24002,生一,普通生物學(一),,系必修,,否,3,周文己耿全福,理學一館,(四) 02-04 BIO103教室,50,0,0,限本班,,Biology I,無,,https://webapss.ncue.edu.tw/Teacher/Reports/OB020.aspx?yms_year=115&yms_sms=1&emp_id=0001085
1207,24001,生一,生命探索發展與實踐,,校必(通識),,否,2,謝秋蘭,教學大樓,(四) 07-08 T103,50,0,0,限本班,大二~大四生如要修習，以線上加簽方式,Life and Career Development and Practice,中文,https://webap0.ncue.edu.tw/DEANV2/UploadDEAN/SUBJECT/1151/24001_0CCGE0177920.pdf,https://webapss.ncue.edu.tw/Teacher/Reports/OB020.aspx?yms_year=115&yms_sms=1&emp_id=0000980
1208,23077,物二甲,力學(一),,系選修,,否,3,柯宜謀,格致館,(一) 05-07 22101教室,50,14,14,限本班,,Mechanics I,中文,https://webap0.ncue.edu.tw/DEANV2/UploadDEAN/SUBJECT/1151/23077_1SCPH0015630.pdf,https://webapss.ncue.edu.tw/Teacher/Reports/OB020.aspx?yms_year=115&yms_sms=1&emp_id=0000893
1209,23076,物三乙,光電子學導論,,系選修,,否,3,石豫臺,教學大樓,(二) 03-04 T102 (三) 02 T105,50,14,14,限本班,,Introduction to optoelectronics,無,,https://webapss.ncue.edu.tw/Teacher/Reports/OB020.aspx?yms_year=115&yms_sms=1&emp_id=0000719
1210,23075,物碩博,統計力學(二),,系選修,,否,3,鄭智豪,格致館,(二) 06-08 22411四樓會議室,20,3,3,可跨班系,,Statistical Mechanics II,無,,https://webapss.ncue.edu.tw/Teacher/Reports/OB020.aspx?yms_year=115&yms_sms=1&emp_id=0000934
1211,23074,物碩博,奈米材料(一),,系選修,,是,3,劉嘉吉,教學大樓,(四) 06-08 T303,20,0,0,可跨班系,,Nano-Materials I,無,,https://webapss.ncue.edu.tw/Teacher/Reports/OB020.aspx?yms_year=115&yms_sms=1&emp_id=0000590
1212,23073,物三甲,半導體製程基礎,,系選修,,否,3,黃滿芳,格致館,(四) 06-08 22110一樓會議室,50,31,31,限本系,,Semiconductor Process Basics,中文,https://webap0.ncue.edu.tw/DEANV2/UploadDEAN/SUBJECT/1151/23073_1SCPH0181330.pdf,https://webapss.ncue.edu.tw/Teacher/Reports/OB020.aspx?yms_year=115&yms_sms=1&emp_id=0000738
1213,23072,物一乙,基礎微積分(一),,系選修,,否,1,郭西川,教學大樓,(一) 09 T206,50,0,0,限本班,,Fundamental Calculus I,無,,https://webapss.ncue.edu.tw/Teacher/Reports/OB020.aspx?yms_year=115&yms_sms=1&emp_id=0000616
1214,23071,物一甲,普通物理演習(一),,系選修,,否,1,黄士羽,教學大樓,(四) 06 T104,50,0,0,限本班,,Practice in General Physics I,無,,https://webapss.ncue.edu.tw/Teacher/Reports/OB020.aspx?yms_year=115&yms_sms=1&emp_id=0001211
1215,23070,物四甲,固態物理導論(一),,系選修,,否,3,林晉緯,教學大樓,(二) 06 T205 (四) 03-04 T207,50,30,30,限本系,,Introduction to Solid State Physics I,中英,https://webap0.ncue.edu.tw/DEANV2/UploadDEAN/SUBJECT/1151/23070_1SCPH0025230.pdf,https://webapss.ncue.edu.tw/Teacher/Reports/OB020.aspx?yms_year=115&yms_sms=1&emp_id=0001222
1216,23069,物碩博,專題討論(一),,組必修,,否,1,林杰黄士羽,格致館,(三) 05-06 22101教室,20,3,3,可跨班系,,Seminar I,中文,https://webap0.ncue.edu.tw/DEANV2/UploadDEAN/SUBJECT/1151/23069_1SCPH3128010.pdf,https://webapss.ncue.edu.tw/Teacher/Reports/OB020.aspx?yms_year=115&yms_sms=1&emp_id=0001201
1217,23068,物碩博,物理教育專題(一),,系選修,,否,3,林詩茵,格致館,(三) 02-04 22403教學實驗室,20,1,1,可跨班系,,Project in Physics Education I,無,,https://webapss.ncue.edu.tw/Teacher/Reports/OB020.aspx?yms_year=115&yms_sms=1&emp_id=0001065
1218,23067,物博一,專題討論(一),,組必修,,是,1,黃啓炎,格致館,(一) 02-03 22110一樓會議室,20,0,0,可跨班系,此課程供全英組博士班學生優先選課。Priority enrollment for PhD Program of Physics International Program.,Seminar I,無,,https://webapss.ncue.edu.tw/Teacher/Reports/OB020.aspx?yms_year=115&yms_sms=1&emp_id=0000729
1219,23065,物三甲,光電元件專題研究(上),,系選修,,否,3,王右武,格致館,(一) 01 光研1 (二) 01 光研1 (三) 01 光研1,50,0,0,限本系,請先取得老師同意...再以授權方式加選。,Special Topics on photonic devices I,中文,https://webap0.ncue.edu.tw/DEANV2/UploadDEAN/SUBJECT/1151/23065_1SCPH0013630.pdf,https://webapss.ncue.edu.tw/Teacher/Reports/OB020.aspx?yms_year=115&yms_sms=1&emp_id=0000899
1220,23064,物三甲,能源材料專題研究(上),,系選修,,否,3,黄士羽,格致館,(二) 14 物研D (三) 14 物研D (四) 14 物研D,50,0,0,限本系,請先取得老師同意...再以授權方式加選。,Energy Materials I,無,,https://webapss.ncue.edu.tw/Teacher/Reports/OB020.aspx?yms_year=115&yms_sms=1&emp_id=0001211
1221,23063,物三甲,天文物理專題研究(上),,系選修,,否,3,胡欽評林杰,格致館,(一) 01 物研E (二) 01 物研E (三) 01 物研E,50,0,0,限本系,請先取得老師同意...再以授權方式加選。,Special Topics on Astrophysics I,中文,https://webap0.ncue.edu.tw/DEANV2/UploadDEAN/SUBJECT/1151/23063_1SCPH0180630.pdf,https://webapss.ncue.edu.tw/Teacher/Reports/OB020.aspx?yms_year=115&yms_sms=1&emp_id=0001122
1222,23062,物三甲,兆赫科技專題研究(上),,系選修,,否,3,游博文,格致館,(三) 14 物研C (四) 01 物研C (五) 14 物研C,50,0,0,限本系,請先取得老師同意...再以授權方式加選。,Special Topics on Terahertz Technology (I),無,,https://webapss.ncue.edu.tw/Teacher/Reports/OB020.aspx?yms_year=115&yms_sms=1&emp_id=0001148
1223,23061,物三甲,凝態理論專題研究(上),,系選修,,否,3,鄭智豪,格致館,(一) 14 物研E (二) 14 物研E (三) 14 物研E,50,0,0,限本系,請先取得老師同意...再以授權方式加選。,Special Topics on Condensed Matter Theory I,無,,https://webapss.ncue.edu.tw/Teacher/Reports/OB020.aspx?yms_year=115&yms_sms=1&emp_id=0000934
1224,23060,物三甲,新穎材料專題研究(上),,系選修,,否,3,王柏堯,格致館,(一) 01 物研D (二) 01 物研D (三) 01 物研D,50,0,0,限本系,請先取得老師同意...再以授權方式加選。,Special Topics on Novel Materials I,無,,https://webapss.ncue.edu.tw/Teacher/Reports/OB020.aspx?yms_year=115&yms_sms=1&emp_id=0001046
1225,23059,物三甲,物理教育專題研究(上),,系選修,,否,3,鄭孟斐林詩茵,格致館,(一) 01 22403教學實驗室 (二) 01 22403教學實驗室 (三) 01 22403教學實驗室,50,0,0,限本系,請先取得老師同意...再以授權方式加選。,Special Topics in Physics Education I,中文,https://webap0.ncue.edu.tw/DEANV2/UploadDEAN/SUBJECT/1151/23059_1SCPH0013330.pdf,https://webapss.ncue.edu.tw/Teacher/Reports/OB020.aspx?yms_year=115&yms_sms=1&emp_id=0001029
1226,23058,物三甲,熱電材料專題研究(上),,系選修,,否,3,劉嘉吉,格致館,(一) 01 物研C (二) 01 物研C (三) 01 物研C,50,0,0,限本系,請先取得老師同意...再以授權方式加選。,Special Topics in Thermoelectric Materials I,無,,https://webapss.ncue.edu.tw/Teacher/Reports/OB020.aspx?yms_year=115&yms_sms=1&emp_id=0000590
1227,23057,物碩博,物理教材教法研究,,系選修,,否,3,林詩茵,格致館,(二) 07-09 22403教學實驗室,20,0,0,可跨班系,,Seminar in Methods and Materials for Teaching the Physics,無,,https://webapss.ncue.edu.tw/Teacher/Reports/OB020.aspx?yms_year=115&yms_sms=1&emp_id=0001065
1228,23056,物碩博,磁性物理,,系選修,,否,3,柯宜謀,格致館,(三) 07-09 22411四樓會議室,20,1,1,可跨班系,,Physics of Magnetism,中文,https://webap0.ncue.edu.tw/DEANV2/UploadDEAN/SUBJECT/1151/23056_1SCPH3167730.pdf,https://webapss.ncue.edu.tw/Teacher/Reports/OB020.aspx?yms_year=115&yms_sms=1&emp_id=0000893
1229,23055,物碩博,科學教育專題,,系選修,,否,3,林建隆,格致館,(二) 02-04 22403教學實驗室,20,0,0,可跨班系,,Introduction to Theory and Practice in Science Education,中文,https://webap0.ncue.edu.tw/DEANV2/UploadDEAN/SUBJECT/1151/23055_1SCPH3169030.pdf,https://webapss.ncue.edu.tw/Teacher/Reports/OB020.aspx?yms_year=115&yms_sms=1&emp_id=9901329
1230,23053,物碩博,物理教育專論,,系選修,,否,3,鄭孟斐,格致館,(五) 02-04 22403教學實驗室,20,2,2,可跨班系,,Special Topics in Physics Education,中文,https://webap0.ncue.edu.tw/DEANV2/UploadDEAN/SUBJECT/1151/23053_1SCPH3128630.pdf,https://webapss.ncue.edu.tw/Teacher/Reports/OB020.aspx?yms_year=115&yms_sms=1&emp_id=0001029
1231,23052,物碩博,物理教學活動設計(一),,系選修,,否,3,鄭孟斐,格致館,(三) 07-09 22403教學實驗室,20,4,4,可跨班系,,Activity Design in Physics Education I,中文,https://webap0.ncue.edu.tw/DEANV2/UploadDEAN/SUBJECT/1151/23052_1SCPH3162830.pdf,https://webapss.ncue.edu.tw/Teacher/Reports/OB020.aspx?yms_year=115&yms_sms=1&emp_id=0001029
1232,23051,物碩博,固態物理(一),,系選修,,是,3,洪連輝,格致館,(四) 02-04 22110一樓會議室,20,0,0,可跨班系,,Solid State Physics I,英文,https://webap0.ncue.edu.tw/DEANV2/UploadDEAN/SUBJECT/1151/23051_1SCPH3128230_EN.pdf,https://webapss.ncue.edu.tw/Teacher/Reports/OB020.aspx?yms_year=115&yms_sms=1&emp_id=0000503
1233,23048,物碩博,論文指導(二),,系必修,,否,3,論文,,,50,3,3,限本系,,Thesis Supervision II,無,,
1234,23047,物碩博,論文指導(一),,系必修,,否,3,論文,,,50,8,8,限本系,,Thesis Supervision I,無,,
1235,23046,物碩博,論文,,系必修,,否,0,論文,,,50,4,4,限本系,1. 本課程為登錄論文口試成績用，當學期申請碩博士學位論文口試者必選。　2. 當學期未選其他課程者必選。　3. 每學期可重複修課。,Thesis,無,,
1236,23045,物三甲,奈米電子專題研究(上),,系選修,,否,3,吳憲昌蕭輔力,格致館,(一) 01 物研B (二) 01 物研B (三) 01 物研B,50,0,0,限本系,請先取得老師同意...再以授權方式加選。,Special Topics on Nano-electronics I,中文,https://webap0.ncue.edu.tw/DEANV2/UploadDEAN/SUBJECT/1151/23045_1SCPH0016830.pdf,https://webapss.ncue.edu.tw/Teacher/Reports/OB020.aspx?yms_year=115&yms_sms=1&emp_id=0000933
1237,23044,物三甲,理論物理專題研究(上),,系選修,,否,3,林世昀,格致館,(一) 01 物研A (二) 01 物研A (三) 01 物研A,50,0,0,限本系,請先取得老師同意...再以授權方式加選。,Special Topics in Theoretical Physics I,無,,https://webapss.ncue.edu.tw/Teacher/Reports/OB020.aspx?yms_year=115&yms_sms=1&emp_id=0000988
1238,23043,物四甲,電磁波系統與元件技術(上),,系選修,,否,3,游博文,格致館,(四) 09 物研A (五) 01-02 物研A,50,13,13,限本系,,Techniques of Systems and Components for Electromagnetic Waves (I),無,,https://webapss.ncue.edu.tw/Teacher/Reports/OB020.aspx?yms_year=115&yms_sms=1&emp_id=0001148
1239,23042,物四甲,物理科教學應用與實作,,系選修,,否,2,鄭孟斐,格致館,(四) 03-04 22403教學實驗室,50,2,2,限本系,,Physics Teaching Application and Practice,中文,https://webap0.ncue.edu.tw/DEANV2/UploadDEAN/SUBJECT/1151/23042_1SCPH0178820.pdf,https://webapss.ncue.edu.tw/Teacher/Reports/OB020.aspx?yms_year=115&yms_sms=1&emp_id=0001029
1240,23041,物四甲,物理科教材教法,,系選修,,否,2,鄭孟斐,格致館,(三) 05-06 22403教學實驗室,50,10,10,限本系,,Methods and Materials in Teaching Physics,中文,https://webap0.ncue.edu.tw/DEANV2/UploadDEAN/SUBJECT/1151/23041_1SCPH0181020.pdf,https://webapss.ncue.edu.tw/Teacher/Reports/OB020.aspx?yms_year=115&yms_sms=1&emp_id=0001029
1241,23040,物四甲,半導體物理導論,,系選修,,否,3,洪連輝,格致館,(二) 02-04 22411四樓會議室,50,31,31,限本系,,Introduction to Semiconductor Physics,中文,https://webap0.ncue.edu.tw/DEANV2/UploadDEAN/SUBJECT/1151/23040_1SCPH0155430.pdf,https://webapss.ncue.edu.tw/Teacher/Reports/OB020.aspx?yms_year=115&yms_sms=1&emp_id=0000503
1242,23039,物三甲,量子物理(一),,系必修,,否,3,鄭智豪,教學大樓,(一) 07 T206 (五) 05-06 T103,50,35,35,限本班,,Quantum Physics I,無,,https://webapss.ncue.edu.tw/Teacher/Reports/OB020.aspx?yms_year=115&yms_sms=1&emp_id=0000934
1243,23038,物三乙,量子物理(一),,系必修,,否,3,林世昀,教學大樓,(三) 08 T207 (四) 06-07 T207,50,31,30,限本班,,Quantum Physics I,無,,https://webapss.ncue.edu.tw/Teacher/Reports/OB020.aspx?yms_year=115&yms_sms=1&emp_id=0000988
1244,23036,物三乙,熱物理學,,組必修,,否,3,劉嘉吉,格致館,(二) 06-08 22101教室,50,31,30,限本班,,Thermal Physics,無,,https://webapss.ncue.edu.tw/Teacher/Reports/OB020.aspx?yms_year=115&yms_sms=1&emp_id=0000590
1245,23035,物三乙,電子學(一),,組必修,,否,3,沈志雄,教學大樓,(五) 05-07 T207,50,30,29,限本班,,Electronics I,中文,https://webap0.ncue.edu.tw/DEANV2/UploadDEAN/SUBJECT/1151/23035_1SCPH0002630.pdf,https://webapss.ncue.edu.tw/Teacher/Reports/OB020.aspx?yms_year=115&yms_sms=1&emp_id=0000742
1246,23034,物三甲,雷射導論,,系選修,,否,3,蕭輔力,格致館,(五) 02-04 22101教室,50,61,50,限本系,,Introduction of principles of laser,無,,https://webapss.ncue.edu.tw/Teacher/Reports/OB020.aspx?yms_year=115&yms_sms=1&emp_id=0000979
1247,23033,物三甲,光學(一),,組必修,,否,3,林晉緯,教學大樓,(二) 08-09 T207 (四) 09 T207,50,35,35,限本班,,Optics I,中英,https://webap0.ncue.edu.tw/DEANV2/UploadDEAN/SUBJECT/1151/23033_1SCPH0142730.pdf,https://webapss.ncue.edu.tw/Teacher/Reports/OB020.aspx?yms_year=115&yms_sms=1&emp_id=0001222
1248,23032,物三甲,實驗物理(三),,系必修,,否,3,黃滿芳,湖濱館,(二) 05-07 近物實驗室,50,35,35,限本班,,Basic Experimental Physics III,中文,https://webap0.ncue.edu.tw/DEANV2/UploadDEAN/SUBJECT/1151/23032_1SCPH0009930.pdf,https://webapss.ncue.edu.tw/Teacher/Reports/OB020.aspx?yms_year=115&yms_sms=1&emp_id=0000738
1249,23031,物三甲,物理數學(三),,系選修,,否,3,林杰,教學大樓,(一) 08-09 T207 (四) 02 T207,50,40,40,限本系,,Mathematical Methods  for Physicists III,中文,https://webap0.ncue.edu.tw/DEANV2/UploadDEAN/SUBJECT/1151/23031_1SCPH0006030.pdf,https://webapss.ncue.edu.tw/Teacher/Reports/OB020.aspx?yms_year=115&yms_sms=1&emp_id=0001201
1250,23030,物三甲,天文物理導論,,系選修,,否,3,胡欽評,格致館,(一) 02-04 22101教室,50,38,38,限本系,,Introduction to Astrophysics,中文,https://webap0.ncue.edu.tw/DEANV2/UploadDEAN/SUBJECT/1151/23030_1SCPH0146230.pdf,https://webapss.ncue.edu.tw/Teacher/Reports/OB020.aspx?yms_year=115&yms_sms=1&emp_id=0001122
1251,23029,物二乙,實驗物理(一),,系必修,,否,3,吳憲昌,湖濱館,(四) 06-08 近物實驗室,50,40,40,限本班,,Basic Experimental Physics I,中文,https://webap0.ncue.edu.tw/DEANV2/UploadDEAN/SUBJECT/1151/23029_1SCPH0142130.pdf,https://webapss.ncue.edu.tw/Teacher/Reports/OB020.aspx?yms_year=115&yms_sms=1&emp_id=0000933
1252,23028,物二乙,電磁學(一),,系必修,,否,3,林世昀,教學大樓,(二) 05-06 T207 (三) 07 T207,50,40,40,限本班,,Electromagnetics I,無,,https://webapss.ncue.edu.tw/Teacher/Reports/OB020.aspx?yms_year=115&yms_sms=1&emp_id=0000988
1253,23027,物二乙,物理數學演習(一),,系選修,,否,1,林琳,教學大樓,(三) 02 T207,50,39,39,限本班,,Mathematical Physics Tutorial I,中文,https://webap0.ncue.edu.tw/DEANV2/UploadDEAN/SUBJECT/1151/23027_1SCPH0180810.pdf,https://webapss.ncue.edu.tw/Teacher/Reports/OB020.aspx?yms_year=115&yms_sms=1&emp_id=0000685
1254,23026,物二乙,物理數學(一),,系必修,,否,3,林琳,教學大樓,(二) 04 T207 (三) 05-06 T207,50,40,40,限本班,,Mathematical Methods  for Physicists I,中文,https://webap0.ncue.edu.tw/DEANV2/UploadDEAN/SUBJECT/1151/23026_1SCPH0005630.pdf,https://webapss.ncue.edu.tw/Teacher/Reports/OB020.aspx?yms_year=115&yms_sms=1&emp_id=0000685
1255,23025,物二乙,力學(一),,組必修,,否,3,胡欽評,教學大樓,(二) 02 T207 (三) 03-04 T207,50,39,39,限本班,,Mechanics I,中文,https://webap0.ncue.edu.tw/DEANV2/UploadDEAN/SUBJECT/1151/23025_1SCPH0015630.pdf,https://webapss.ncue.edu.tw/Teacher/Reports/OB020.aspx?yms_year=115&yms_sms=1&emp_id=0001122
1256,23024,物二甲,電子學(一),,組必修,,否,3,王右武,格致館,(五) 05-07 22101教室,50,35,35,限本班,,Electronics I,中文,https://webap0.ncue.edu.tw/DEANV2/UploadDEAN/SUBJECT/1151/23024_1SCPH0002630.pdf,https://webapss.ncue.edu.tw/Teacher/Reports/OB020.aspx?yms_year=115&yms_sms=1&emp_id=0000899
1257,23023,物二甲,電磁學(一),,系必修,,否,3,游博文,格致館,(四) 06-08 22101教室,50,36,36,限本班,,Electromagnetics I,無,,https://webapss.ncue.edu.tw/Teacher/Reports/OB020.aspx?yms_year=115&yms_sms=1&emp_id=0001148
1258,23022,物二甲,書報討論,,系選修,,否,2,王柏堯,格致館,(四) 03-04 22101教室,50,45,45,限本系,,Journal Discussion,無,,https://webapss.ncue.edu.tw/Teacher/Reports/OB020.aspx?yms_year=115&yms_sms=1&emp_id=0001046
1259,23021,物二甲,電子學實驗(一),,組必修,,否,1,王右武,湖濱館,(三) 05-07 電子學實驗室,50,36,36,限本班,,Experiments of Electronics I,中文,https://webap0.ncue.edu.tw/DEANV2/UploadDEAN/SUBJECT/1151/23021_1SCPH0003010.pdf,https://webapss.ncue.edu.tw/Teacher/Reports/OB020.aspx?yms_year=115&yms_sms=1&emp_id=0000899
1260,23020,物二甲,實驗物理(一),,系必修,,否,3,吳憲昌,湖濱館,(三) 02-04 近物實驗室,50,36,36,限本班,,Basic Experimental Physics I,中文,https://webap0.ncue.edu.tw/DEANV2/UploadDEAN/SUBJECT/1151/23020_1SCPH0142130.pdf,https://webapss.ncue.edu.tw/Teacher/Reports/OB020.aspx?yms_year=115&yms_sms=1&emp_id=0000933
1261,23019,物二甲,物理數學演習(一),,系選修,,否,1,林杰,教學大樓,(三) 09 T207,50,34,34,限本班,,Mathematical Physics Tutorial I,中文,https://webap0.ncue.edu.tw/DEANV2/UploadDEAN/SUBJECT/1151/23019_1SCPH0180810.pdf,https://webapss.ncue.edu.tw/Teacher/Reports/OB020.aspx?yms_year=115&yms_sms=1&emp_id=0001201
1262,23018,物二甲,物理數學(一),,系必修,,否,3,林杰,教學大樓,(二) 03-04 T103 (三) 08 T103,50,36,36,限本班,,Mathematical Methods  for Physicists I,中文,https://webap0.ncue.edu.tw/DEANV2/UploadDEAN/SUBJECT/1151/23018_1SCPH0005630.pdf,https://webapss.ncue.edu.tw/Teacher/Reports/OB020.aspx?yms_year=115&yms_sms=1&emp_id=0001201
1263,23016,物二甲,材料科學導論(一),,系選修,,否,3,王柏堯,教學大樓,(五) 02-04 T207,50,40,40,限本系,,Introduction to Material Science I,無,,https://webapss.ncue.edu.tw/Teacher/Reports/OB020.aspx?yms_year=115&yms_sms=1&emp_id=0001046
1264,23015,物一甲,程式語言,,系必選,,否,3,林晉緯,教學大樓,(三) 07-09 電L3(登記電腦教室中),50,0,0,限本班,,Programming Language,中英,https://webap0.ncue.edu.tw/DEANV2/UploadDEAN/SUBJECT/1151/23015_1SCPH0003830.pdf,https://webapss.ncue.edu.tw/Teacher/Reports/OB020.aspx?yms_year=115&yms_sms=1&emp_id=0001222
1265,23014,物一乙,普通物理(一),,系必修,,否,4,柯宜謀,教學大樓,(三) 03-04 22101教室 (五) 03-04 T206,50,0,0,限本班,,General Physics I,中文,https://webap0.ncue.edu.tw/DEANV2/UploadDEAN/SUBJECT/1151/23014_1SCPH0016140.pdf,https://webapss.ncue.edu.tw/Teacher/Reports/OB020.aspx?yms_year=115&yms_sms=1&emp_id=0000893
1266,23014,物一乙,普通物理(一),,系必修,,否,4,柯宜謀,格致館,(三) 03-04 22101教室 (五) 03-04 T206,50,0,0,限本班,,General Physics I,中文,https://webap0.ncue.edu.tw/DEANV2/UploadDEAN/SUBJECT/1151/23014_1SCPH0016140.pdf,https://webapss.ncue.edu.tw/Teacher/Reports/OB020.aspx?yms_year=115&yms_sms=1&emp_id=0000893
1267,23013,物一乙,程式語言,,系必選,,否,3,鄭智豪,教學大樓,(三) 07-09 電L2(登記電腦教室中),50,0,0,限本班,,Programming Language,無,,https://webapss.ncue.edu.tw/Teacher/Reports/OB020.aspx?yms_year=115&yms_sms=1&emp_id=0000934
1268,23012,物一乙,微積分(一),,系必修,,否,4,郭西川,教學大樓,(二) 07-08 T103 (三) 05-06 T102,50,0,0,限本班,,Calculus I,中文,https://webap0.ncue.edu.tw/DEANV2/UploadDEAN/SUBJECT/1151/23012_1SCPH0168340.pdf,https://webapss.ncue.edu.tw/Teacher/Reports/OB020.aspx?yms_year=115&yms_sms=1&emp_id=0000616
1269,23011,物一乙,普通物理實驗(一),,系必修,,否,1,王柏堯,學生餐廳,(二) 02-04 普物實驗室,50,0,0,限本班,,General Physics Lab. I,無,,https://webapss.ncue.edu.tw/Teacher/Reports/OB020.aspx?yms_year=115&yms_sms=1&emp_id=0001046
1270,23010,物一乙,普通化學(一),,系選修,,否,3,許銘華,教學大樓,(一) 05-07 T207,50,0,0,限本班,,General Chemistry I,無,,https://webapss.ncue.edu.tw/Teacher/Reports/OB020.aspx?yms_year=115&yms_sms=1&emp_id=0001088
1271,23009,物一乙,普通物理演習(一),,系選修,,否,1,柯宜謀,教學大樓,(一) 04 T207,50,0,0,限本班,,Practice in General Physics I,中文,https://webap0.ncue.edu.tw/DEANV2/UploadDEAN/SUBJECT/1151/23009_1SCPH0176810.pdf,https://webapss.ncue.edu.tw/Teacher/Reports/OB020.aspx?yms_year=115&yms_sms=1&emp_id=0000893
1272,23008,物一甲,普通化學實驗(一),,系選修,,否,1,曹峯溢,理學一館,(四) 07-09 B1普通化學實驗室,50,0,0,限本系,,General Chemistry Laboratory I,中文,https://webap0.ncue.edu.tw/DEANV2/UploadDEAN/SUBJECT/1151/23008_1SCPH0002310.pdf,https://webapss.ncue.edu.tw/Teacher/Reports/OB020.aspx?yms_year=115&yms_sms=1&emp_id=0001166
1273,23007,物一甲,普通物理實驗(一),,系必修,,否,1,黄士羽,學生餐廳,(四) 02-04 普物實驗室,50,0,0,限本班,,General Physics Lab. I,無,,https://webapss.ncue.edu.tw/Teacher/Reports/OB020.aspx?yms_year=115&yms_sms=1&emp_id=0001211
1274,23006,物一甲,普通化學(一),,系選修,,否,3,張智煒,教學大樓,(一) 05-07 T102,50,0,0,限本班,,General Chemistry I,無,,https://webapss.ncue.edu.tw/Teacher/Reports/OB020.aspx?yms_year=115&yms_sms=1&emp_id=0001013
1275,23005,物一甲,普通物理(一),,系必修,,否,4,黄士羽,教學大樓,(二) 03-04 22101教室 (三) 03-04 T102,50,0,0,限本班,,General Physics I,無,,https://webapss.ncue.edu.tw/Teacher/Reports/OB020.aspx?yms_year=115&yms_sms=1&emp_id=0001211
1276,23005,物一甲,普通物理(一),,系必修,,否,4,黄士羽,格致館,(二) 03-04 22101教室 (三) 03-04 T102,50,0,0,限本班,,General Physics I,無,,https://webapss.ncue.edu.tw/Teacher/Reports/OB020.aspx?yms_year=115&yms_sms=1&emp_id=0001211
1277,23004,物一甲,微積分(一),,系必修,,否,4,林琳,教學大樓,(一) 08-09 T103 (二) 07-08 T105,50,0,0,限本班,,Calculus I,中文,https://webap0.ncue.edu.tw/DEANV2/UploadDEAN/SUBJECT/1151/23004_1SCPH0168340.pdf,https://webapss.ncue.edu.tw/Teacher/Reports/OB020.aspx?yms_year=115&yms_sms=1&emp_id=0000685
1278,23003,物一甲,基礎微積分(一),,系選修,,否,1,林琳,教學大樓,(二) 09 T105,50,0,0,限本班,,Fundamental Calculus I,中文,https://webap0.ncue.edu.tw/DEANV2/UploadDEAN/SUBJECT/1151/23003_1SCPH0176410.pdf,https://webapss.ncue.edu.tw/Teacher/Reports/OB020.aspx?yms_year=115&yms_sms=1&emp_id=0000685
1279,23002,物一乙,生命探索發展與實踐,,校必(通識),,否,2,謝秋蘭吳憲昌,教學大樓,(四) 05-06 T103,50,0,0,限本班,大二~大四生如要修習，以線上加簽方式,Life and Career Development and Practice,中文,https://webap0.ncue.edu.tw/DEANV2/UploadDEAN/SUBJECT/1151/23002_0CCGE0177920.pdf,https://webapss.ncue.edu.tw/Teacher/Reports/OB020.aspx?yms_year=115&yms_sms=1&emp_id=0000980
1280,23001,物一甲,生命探索發展與實踐,,校必(通識),,否,2,王右武吳憲昌,教學大樓,(五) 03-04 T105,50,0,0,限本班,大二~大四生如要修習，以線上加簽方式,Life and Career Development and Practice,中文,https://webap0.ncue.edu.tw/DEANV2/UploadDEAN/SUBJECT/1151/23001_0CCGE0177920.pdf,https://webapss.ncue.edu.tw/Teacher/Reports/OB020.aspx?yms_year=115&yms_sms=1&emp_id=0000899
1281,22061,數三乙,幾何學(一),,系選修,,否,3,蕭守仁,巧思館,(一) 06-08 數學系21110,50,11,11,限本班,,Geometry I,中文,https://webap0.ncue.edu.tw/DEANV2/UploadDEAN/SUBJECT/1151/22061_1SCMA0181130.pdf,https://webapss.ncue.edu.tw/Teacher/Reports/OB020.aspx?yms_year=115&yms_sms=1&emp_id=0000501
1282,22060,數博四,論文指導(一),,系必修,,否,3,論文,,,20,1,1,可跨班系,,Thesis Supervision I,無,,
1283,22059,數博四,博士論文,,系必修,,否,0,論文,,,20,1,1,可跨班系,,Doctoral Dissertation,無,,
1284,22058,數碩二,論文指導(一),,系必修,,否,3,論文,,,20,7,7,可跨班系,,Thesis Supervision I,無,,
1285,22057,數碩二,碩士論文,,系必修,,否,0,論文,,,20,5,5,可跨班系,,Thesis,無,,
1286,22056,數四乙,數學科教學實習(一),,系選修,,否,2,蔡宗龍,巧思館,(五) 01-04 數研D,50,0,0,限本班,新進教師:實授3學時.蔡宗龍老師實授1學時,Teaching Practicurn in Mathemtics(I),中文,https://webap0.ncue.edu.tw/DEANV2/UploadDEAN/SUBJECT/1151/22056_1SCMA0168020.pdf,https://webapss.ncue.edu.tw/Teacher/Reports/OB020.aspx?yms_year=115&yms_sms=1&emp_id=0000984
1287,22055,數三甲,數學科教材教法,,系選修,,否,2,鄭章華,巧思館,(一) 03-04 數學系21402,50,16,16,限本班,,Content and Method in Mathematics Teaching,中文,https://webap0.ncue.edu.tw/DEANV2/UploadDEAN/SUBJECT/1151/22055_1SCMA0022220.pdf,https://webapss.ncue.edu.tw/Teacher/Reports/OB020.aspx?yms_year=115&yms_sms=1&emp_id=0001139
1288,22054,數三甲,電腦網路,,組選修,,否,3,陳星琳,巧思館,(一) 02-04 數學系21205電腦教室,50,27,27,限本班,,Computer Networks,中文,https://webap0.ncue.edu.tw/DEANV2/UploadDEAN/SUBJECT/1151/22054_1SCMA0041130.pdf,https://webapss.ncue.edu.tw/Teacher/Reports/OB020.aspx?yms_year=115&yms_sms=1&emp_id=9901090
1289,22053,數三甲,作業系統,,組必修,,否,3,陳巧旻,巧思館,(五) 05-07 數學系21108,50,43,43,限本班,,Operating Systems,無,,https://webapss.ncue.edu.tw/Teacher/Reports/OB020.aspx?yms_year=115&yms_sms=1&emp_id=0001218
1290,22052,數一乙,計算機概論,,系必修,,否,3,陳巧旻,巧思館,(五) 02-04 數學系21108,50,0,0,限本班,,Introduction to Computer Science,無,,https://webapss.ncue.edu.tw/Teacher/Reports/OB020.aspx?yms_year=115&yms_sms=1&emp_id=0001218
1291,22051,數碩一,資訊隱藏,,組選修,,否,3,冷輝世,巧思館,(四) 02-04 數學系21206,20,3,3,可跨班系,,Introduction to Data hiding,中文,https://webap0.ncue.edu.tw/DEANV2/UploadDEAN/SUBJECT/1151/22051_1SCMA3182230.pdf,https://webapss.ncue.edu.tw/Teacher/Reports/OB020.aspx?yms_year=115&yms_sms=1&emp_id=0000132
1292,22050,數二甲,物件導向程式設計,,組選修,,否,3,冷輝世,巧思館,(四) 06-08 數學系21205電腦教室,50,28,28,限本班,,Object Oriented Program Design,中文,https://webap0.ncue.edu.tw/DEANV2/UploadDEAN/SUBJECT/1151/22050_1SCMA0041830.pdf,https://webapss.ncue.edu.tw/Teacher/Reports/OB020.aspx?yms_year=115&yms_sms=1&emp_id=0000132
1293,22049,數二乙,資料結構,,組必修,,否,3,冷輝世,巧思館,(五) 05-07 數學系21205電腦教室,50,27,27,限本班,,Data Structure,中文,https://webap0.ncue.edu.tw/DEANV2/UploadDEAN/SUBJECT/1151/22049_1SCMA0041330.pdf,https://webapss.ncue.edu.tw/Teacher/Reports/OB020.aspx?yms_year=115&yms_sms=1&emp_id=0000132
1294,22048,數一甲,計算機概論,,系必修,,否,3,冷輝世,巧思館,(五) 02-04 數學系21205電腦教室,50,0,0,限本班,,Introduction to Computer Science,中文,https://webap0.ncue.edu.tw/DEANV2/UploadDEAN/SUBJECT/1151/22048_1SCMA0040630.pdf,https://webapss.ncue.edu.tw/Teacher/Reports/OB020.aspx?yms_year=115&yms_sms=1&emp_id=0000132
1295,22047,數碩博,資料探勘,,系選修,,否,3,蔡政容,巧思館,(五) 02-04 數研A,20,1,1,可跨班系,,Data Mining,中文,https://webap0.ncue.edu.tw/DEANV2/UploadDEAN/SUBJECT/1151/22047_1SCMA3153130.pdf,https://webapss.ncue.edu.tw/Teacher/Reports/OB020.aspx?yms_year=115&yms_sms=1&emp_id=0000969
1296,22046,數三甲,計算機組織與結構,,組選修,,否,3,蔡政容,巧思館,(四) 06-08 21403,50,35,35,限本班,,Computer Organization and Architecture,中文,https://webap0.ncue.edu.tw/DEANV2/UploadDEAN/SUBJECT/1151/22046_1SCMA0157430.pdf,https://webapss.ncue.edu.tw/Teacher/Reports/OB020.aspx?yms_year=115&yms_sms=1&emp_id=0000969
1297,22045,數碩博,資訊安全專題(二),,系選修,,否,3,曾育民,巧思館,(一) 06-08 數學系21206,20,2,2,可跨班系,,Topics in Information Security II,中文,https://webap0.ncue.edu.tw/DEANV2/UploadDEAN/SUBJECT/1151/22045_1SCMA3174730.pdf,https://webapss.ncue.edu.tw/Teacher/Reports/OB020.aspx?yms_year=115&yms_sms=1&emp_id=0000751
1298,22044,數碩博,生物統計,,系選修,,否,3,許秋婷,巧思館,(四) 05-06、14 數研B,20,1,1,可跨班系,,Biostatistics,無,,https://webapss.ncue.edu.tw/Teacher/Reports/OB020.aspx?yms_year=115&yms_sms=1&emp_id=9900999
1299,22043,數一甲,統計科學導論,,系選修,,否,3,楊洪鼎,巧思館,(二) 03-04 數研E (三) 05 數研E,65,0,0,限本班,,Introduction to Statistical Science,中文,https://webap0.ncue.edu.tw/DEANV2/UploadDEAN/SUBJECT/1151/22043_1SCMA0190030.pdf,https://webapss.ncue.edu.tw/Teacher/Reports/OB020.aspx?yms_year=115&yms_sms=1&emp_id=0001225
1300,22042,數碩博,半母數迴歸分析,,系選修,,否,3,楊洪鼎,巧思館,(一) 05-07 數研B,20,2,2,可跨班系,,Semi-parametric regression analysis,中文,https://webap0.ncue.edu.tw/DEANV2/UploadDEAN/SUBJECT/1151/22042_1SCMA3175430.pdf,https://webapss.ncue.edu.tw/Teacher/Reports/OB020.aspx?yms_year=115&yms_sms=1&emp_id=0001225
1301,22041,數碩博,應用貝氏統計方法專題(一),,系選修,,否,3,魏裕中,巧思館,(二) 05-07 數研B,20,2,2,可跨班系,,Topics in Applied Bayesian Statistical Methods I,中英,https://webap0.ncue.edu.tw/DEANV2/UploadDEAN/SUBJECT/1151/22041_1SCMA3192430.pdf,https://webapss.ncue.edu.tw/Teacher/Reports/OB020.aspx?yms_year=115&yms_sms=1&emp_id=0001110
1302,22040,數四甲,應用統計(二),,組選修,,否,3,李信宏,巧思館,(二) 07-08 數學系21110 (四) 06 數學系21110,50,20,20,限本班,,Applied Statistics II,中文,https://webap0.ncue.edu.tw/DEANV2/UploadDEAN/SUBJECT/1151/22040_1SCMA0024130.pdf,https://webapss.ncue.edu.tw/Teacher/Reports/OB020.aspx?yms_year=115&yms_sms=1&emp_id=0000550
1303,22039,數三甲,統計學,,系必修,,否,3,李信宏,巧思館,(二) 05 數學系21108 (四) 02-03 數學系21110,50,36,36,限本班,,Statistics,中文,https://webap0.ncue.edu.tw/DEANV2/UploadDEAN/SUBJECT/1151/22039_1SCMA0023530.pdf,https://webapss.ncue.edu.tw/Teacher/Reports/OB020.aspx?yms_year=115&yms_sms=1&emp_id=0000550
1304,22038,數碩博,高等機率論(一),,系選修,,否,3,蕭守仁,巧思館,(二) 02-04 數研F,20,1,1,可跨班系,,Advanced Probability Theory I,中文,https://webap0.ncue.edu.tw/DEANV2/UploadDEAN/SUBJECT/1151/22038_1SCMA3170030.pdf,https://webapss.ncue.edu.tw/Teacher/Reports/OB020.aspx?yms_year=115&yms_sms=1&emp_id=0000501
1305,22036,數四甲,隨機過程,,組選修,,否,3,蕭守仁,巧思館,(二) 06 數學系21109 (四) 07-08 數學系21109,50,28,28,限本班,,Stochastic Process,中文,https://webap0.ncue.edu.tw/DEANV2/UploadDEAN/SUBJECT/1151/22036_1SCMA0015730.pdf,https://webapss.ncue.edu.tw/Teacher/Reports/OB020.aspx?yms_year=115&yms_sms=1&emp_id=0000501
1306,22035,數三乙,統計學,,系必修,,否,3,蕭守仁,巧思館,(二) 07-08 數學系21109 (四) 04 數學系21109,50,23,23,限本班,,Statistics,中文,https://webap0.ncue.edu.tw/DEANV2/UploadDEAN/SUBJECT/1151/22035_1SCMA0023530.pdf,https://webapss.ncue.edu.tw/Teacher/Reports/OB020.aspx?yms_year=115&yms_sms=1&emp_id=0000501
1307,22034,數碩博,統計諮詢理論與實務,,系選修,,否,3,連怡斌黃靜惠陳彥中,巧思館,(二) 05-07 數研C,20,2,2,可跨班系,,Statistics Consultancy-Theory and Practice,中文,https://webap0.ncue.edu.tw/DEANV2/UploadDEAN/SUBJECT/1151/22034_1SCMA3189630.pdf,https://webapss.ncue.edu.tw/Teacher/Reports/OB020.aspx?yms_year=115&yms_sms=1&emp_id=0000474
1308,22033,數二甲,代數學(一),,系必修,,否,3,林政輝,巧思館,(二) 03-04 21403 (四) 04 21403,80,75,50,限本班,,Algebra I,中文,https://webap0.ncue.edu.tw/DEANV2/UploadDEAN/SUBJECT/1151/22033_1SCMA0015430.pdf,https://webapss.ncue.edu.tw/Teacher/Reports/OB020.aspx?yms_year=115&yms_sms=1&emp_id=0001208
1309,22032,數碩博,代數通論(一),,組選修,,否,3,林政輝,巧思館,(三) 02-04 數研B,20,0,0,可跨班系,,Algebra (I),中文,https://webap0.ncue.edu.tw/DEANV2/UploadDEAN/SUBJECT/1151/22032_1SCMA3187130.pdf,https://webapss.ncue.edu.tw/Teacher/Reports/OB020.aspx?yms_year=115&yms_sms=1&emp_id=0001208
1310,22031,數碩博,模論專題 (一),,系選修,,否,3,劉承楷,巧思館,(二) 06-08 數學系21402,20,1,1,可跨班系,,Topics in Module Theory (Ⅰ),中文,https://webap0.ncue.edu.tw/DEANV2/UploadDEAN/SUBJECT/1151/22031_1SCMA3183930.pdf,https://webapss.ncue.edu.tw/Teacher/Reports/OB020.aspx?yms_year=115&yms_sms=1&emp_id=0000881
1311,22030,數三甲,代數學(三),,組必修,,否,3,劉承楷,巧思館,(三) 05-07 數學系21210,50,35,35,限本班,,Algebra III,中文,https://webap0.ncue.edu.tw/DEANV2/UploadDEAN/SUBJECT/1151/22030_1SCMA0018930.pdf,https://webapss.ncue.edu.tw/Teacher/Reports/OB020.aspx?yms_year=115&yms_sms=1&emp_id=0000881
1312,22029,數一甲,線性代數(一),,系必修,,否,3,劉承楷,巧思館,(二) 02 數學系21108 (四) 02-03 數學系21108,50,0,0,限本班,,Linear Algebra I,無,,https://webapss.ncue.edu.tw/Teacher/Reports/OB020.aspx?yms_year=115&yms_sms=1&emp_id=0000881
1313,22028,數二甲,高等微積分(一),,系必修,,否,4,陳佑威,巧思館,(一) 03-04 數學系21110 (二) 05 數學系21110 (三) 03-04 數學系21110,50,38,38,限本班,,Advanced Calculus I,中文,https://webap0.ncue.edu.tw/DEANV2/UploadDEAN/SUBJECT/1151/22028_1SCMA0014740.pdf,https://webapss.ncue.edu.tw/Teacher/Reports/OB020.aspx?yms_year=115&yms_sms=1&emp_id=0001220
1314,22027,數二甲,高等微積分探究(一),,系選修,,否,1,陳佑威,巧思館,(二) 06 數學系21110,50,37,37,限本班,,Exploration of   Advanced  Calculus I,無,,https://webapss.ncue.edu.tw/Teacher/Reports/OB020.aspx?yms_year=115&yms_sms=1&emp_id=0001220
1315,22026,數二乙,高等微積分探究(一),,系選修,,否,1,陳俞碩,巧思館,(二) 06 數學系21210,50,34,34,限本班,,Exploration of   Advanced  Calculus I,中文,https://webap0.ncue.edu.tw/DEANV2/UploadDEAN/SUBJECT/1151/22026_1SCMA0186310.pdf,https://webapss.ncue.edu.tw/Teacher/Reports/OB020.aspx?yms_year=115&yms_sms=1&emp_id=0001189
1316,22025,數二乙,高等微積分(一),,系必修,,否,4,陳俞碩,巧思館,(一) 03-04 數學系21210 (二) 05 數學系21210 (三) 03-04 數學系21210,50,35,35,限本班,,Advanced Calculus I,中文,https://webap0.ncue.edu.tw/DEANV2/UploadDEAN/SUBJECT/1151/22025_1SCMA0014740.pdf,https://webapss.ncue.edu.tw/Teacher/Reports/OB020.aspx?yms_year=115&yms_sms=1&emp_id=0001189
1317,22024,數四甲,賽局理論,,系選修,,否,3,周忠強,巧思館,(二) 02-04 數學系21110,50,35,35,限本班,,Game Theory,中文,https://webap0.ncue.edu.tw/DEANV2/UploadDEAN/SUBJECT/1151/22024_1SCMA0000530.pdf,https://webapss.ncue.edu.tw/Teacher/Reports/OB020.aspx?yms_year=115&yms_sms=1&emp_id=0000595
1318,22023,數一乙,數學導論,,系選修,,否,3,周忠強,巧思館,(四) 06-08 數學系21108,50,0,0,限本班,,Introduction to Mathematics,中文,https://webap0.ncue.edu.tw/DEANV2/UploadDEAN/SUBJECT/1151/22023_1SCMA0035530.pdf,https://webapss.ncue.edu.tw/Teacher/Reports/OB020.aspx?yms_year=115&yms_sms=1&emp_id=0000595
1319,22022,數二甲,離散數學,,組必修,,否,3,周忠強,巧思館,(五) 02-04 數學系21109,50,30,30,限本班,,Discrete Mathematics,中文,https://webap0.ncue.edu.tw/DEANV2/UploadDEAN/SUBJECT/1151/22022_1SCMA0033830.pdf,https://webapss.ncue.edu.tw/Teacher/Reports/OB020.aspx?yms_year=115&yms_sms=1&emp_id=0000595
1320,22021,數四乙,中學數學課程(一),,系選修,,否,3,李國瑋,巧思館,(三) 06-08 數研A,50,16,16,限本班,,Topics in Secondary Mathematics Curriculum I,無,,https://webapss.ncue.edu.tw/Teacher/Reports/OB020.aspx?yms_year=115&yms_sms=1&emp_id=0001137
1321,22020,數三乙,複變數函數論(一),,系必修,,否,3,李國瑋,巧思館,(二) 03-04 數學系21402 (四) 03 數學系21402,50,24,24,限本班,,Complex Variables I,無,,https://webapss.ncue.edu.tw/Teacher/Reports/OB020.aspx?yms_year=115&yms_sms=1&emp_id=0001137
1322,22019,數四甲,微分幾何(二),,組選修,,否,3,李國瑋,巧思館,(二) 05 21403 (三) 03-04 21403,50,21,21,限本班,,Differential Geometry II,無,,https://webapss.ncue.edu.tw/Teacher/Reports/OB020.aspx?yms_year=115&yms_sms=1&emp_id=0001137
1323,22018,數博三,常微分方程書報討論(一),,系選修,,否,2,陳志有,巧思館,(二) 07-08 數研A,20,1,1,可跨班系,,Seminar on Ordinary Differential Eguations I,無,,https://webapss.ncue.edu.tw/Teacher/Reports/OB020.aspx?yms_year=115&yms_sms=1&emp_id=0001072
1324,22017,數二乙,微分方程(一),,系必修,,否,3,陳志有,巧思館,(三) 06-08 數學系21402,50,37,37,限本班,,Differential Equations I,無,,https://webapss.ncue.edu.tw/Teacher/Reports/OB020.aspx?yms_year=115&yms_sms=1&emp_id=0001072
1325,22016,數碩一,分析通論(一),,組必修,,否,3,陳志有,巧思館,(四) 02-04 數研A,20,0,0,可跨班系,,Analysis I,無,,https://webapss.ncue.edu.tw/Teacher/Reports/OB020.aspx?yms_year=115&yms_sms=1&emp_id=0001072
1326,22015,數二甲,微分方程(一),,系必修,,否,3,蘇宣文,巧思館,(二) 02 數學系21210 (三) 07-08 數學系21110,50,38,38,限本班,,Differential Equations I,無,,https://webapss.ncue.edu.tw/Teacher/Reports/OB020.aspx?yms_year=115&yms_sms=1&emp_id=0000727
1327,22014,數一甲,微積分探究(一),,系選修,,否,1,蘇宣文,巧思館,(三) 06 數學系21108,50,0,0,限本班,,Exploration  of  Calculus I,無,,https://webapss.ncue.edu.tw/Teacher/Reports/OB020.aspx?yms_year=115&yms_sms=1&emp_id=0000727
1328,22013,數一甲,微積分(一),,系必修,,否,4,蘇宣文,巧思館,(一) 03-04 數學系21108 (三) 03-04 數學系21108,50,0,0,限本班,,Calculus I,無,,https://webapss.ncue.edu.tw/Teacher/Reports/OB020.aspx?yms_year=115&yms_sms=1&emp_id=0000727
1329,22012,數一乙,數學軟體導論(一),,系選修,,否,1,劉康滿,巧思館,(一) 06 數學系21205電腦教室,50,0,0,限本班,,Introduction to Mathematical Software(Ⅰ),無,,https://webapss.ncue.edu.tw/Teacher/Reports/OB020.aspx?yms_year=115&yms_sms=1&emp_id=0000513
1330,22011,數一甲,數學軟體導論(一),,系選修,,否,1,劉康滿,巧思館,(一) 07 數學系21205電腦教室,50,0,0,限本班,,Introduction to Mathematical Software(Ⅰ),無,,https://webapss.ncue.edu.tw/Teacher/Reports/OB020.aspx?yms_year=115&yms_sms=1&emp_id=0000513
1331,22010,數三甲,數值分析(一),,組選修,,否,3,劉康滿,巧思館,(五) 02-04 數學系21110,60,53,50,限本班,,Numerical Analysis I,中文,https://webap0.ncue.edu.tw/DEANV2/UploadDEAN/SUBJECT/1151/22010_1SCMA0019030.pdf,https://webapss.ncue.edu.tw/Teacher/Reports/OB020.aspx?yms_year=115&yms_sms=1&emp_id=0000513
1332,22009,數一乙,線性代數(一),,系必修,,否,3,劉康滿,巧思館,(二) 02 數學系21109 (四) 02-03 數學系21109,50,0,0,限本班,,Linear Algebra I,無,,https://webapss.ncue.edu.tw/Teacher/Reports/OB020.aspx?yms_year=115&yms_sms=1&emp_id=0000513
1333,22008,數四甲,中學數學課程(一),,系選修,,否,3,蔡宗龍,巧思館,(三) 07-09 數研D,50,20,20,限本班,,Topics in Secondary Mathematics Curriculum I,中文,https://webap0.ncue.edu.tw/DEANV2/UploadDEAN/SUBJECT/1151/22008_1SCMA0188730.pdf,https://webapss.ncue.edu.tw/Teacher/Reports/OB020.aspx?yms_year=115&yms_sms=1&emp_id=0000984
1334,22007,數四甲,數學科教學實習(一),,系選修,,否,2,蔡宗龍,巧思館,(五) 05-08 數研D,50,0,0,限本班,,Teaching Practicurn in Mathemtics(I),中文,https://webap0.ncue.edu.tw/DEANV2/UploadDEAN/SUBJECT/1151/22007_1SCMA0168020.pdf,https://webapss.ncue.edu.tw/Teacher/Reports/OB020.aspx?yms_year=115&yms_sms=1&emp_id=0000984
1335,22006,數一乙,微積分探究(一),,系選修,,否,1,蔡宗龍,巧思館,(三) 06 數學系21109,50,0,0,限本班,,Exploration  of  Calculus I,中文,https://webap0.ncue.edu.tw/DEANV2/UploadDEAN/SUBJECT/1151/22006_1SCMA0185510.pdf,https://webapss.ncue.edu.tw/Teacher/Reports/OB020.aspx?yms_year=115&yms_sms=1&emp_id=0000984
1336,22005,數一乙,微積分(一),,系必修,,否,4,蔡宗龍,巧思館,(一) 03-04 數學系21109 (三) 03-04 數學系21109,50,0,0,限本班,,Calculus I,中文,https://webap0.ncue.edu.tw/DEANV2/UploadDEAN/SUBJECT/1151/22005_1SCMA0039540.pdf,https://webapss.ncue.edu.tw/Teacher/Reports/OB020.aspx?yms_year=115&yms_sms=1&emp_id=0000984
1337,22004,數一甲,數學導論,,系選修,,否,3,曾旭堯,巧思館,(二) 07-09 數學系21108,50,0,0,限本班,,Introduction to Mathematics,中文,https://webap0.ncue.edu.tw/DEANV2/UploadDEAN/SUBJECT/1151/22004_1SCMA0035530.pdf,https://webapss.ncue.edu.tw/Teacher/Reports/OB020.aspx?yms_year=115&yms_sms=1&emp_id=0000462
1338,22003,數三甲,複變數函數論(一),,系必修,,否,3,曾旭堯,巧思館,(三) 02-04 數學系21402,50,37,37,限本班,,Complex Variables I,中文,https://webap0.ncue.edu.tw/DEANV2/UploadDEAN/SUBJECT/1151/22003_1SCMA0157230.pdf,https://webapss.ncue.edu.tw/Teacher/Reports/OB020.aspx?yms_year=115&yms_sms=1&emp_id=0000462
1339,22002,數一乙,生命探索發展與實踐,,校必(通識),,否,2,李國瑋曾旭堯,巧思館,(一) 07-08 數研E,50,0,0,限本班,大二~大四生如要修習，以線上加簽方式,Life and Career Development and Practice,無,,https://webapss.ncue.edu.tw/Teacher/Reports/OB020.aspx?yms_year=115&yms_sms=1&emp_id=0001137
1340,22001,數一甲,生命探索發展與實踐,,校必(通識),,否,2,李國瑋曾旭堯,巧思館,(一) 05-06 數研E,50,0,0,限本班,大二~大四生如要修習，以線上加簽方式,Life and Career Development and Practice,無,,https://webapss.ncue.edu.tw/Teacher/Reports/OB020.aspx?yms_year=115&yms_sms=1&emp_id=0001137
1341,21030,數理創意教學境外一,合作學習,,系選修,,否,2,秦爾聰,,,30,0,23,限本班,115/8/31至115/9/4下午5-8節至馬來西亞上課,Cooperative Learning,中文,https://webap0.ncue.edu.tw/DEANV2/UploadDEAN/SUBJECT/1151/21030_1SCSEG153720.pdf,https://webapss.ncue.edu.tw/Teacher/Reports/OB020.aspx?yms_year=115&yms_sms=1&emp_id=0000762
1342,21029,數理創意教學境外一,批判思考,,系選修,,否,2,秦爾聰,,,30,0,23,限本班,115/8/31至115/9/4上午1-4節至馬來西亞上課,Critical Thinking,中文,https://webap0.ncue.edu.tw/DEANV2/UploadDEAN/SUBJECT/1151/21029_1SCSEG154520.pdf,https://webapss.ncue.edu.tw/Teacher/Reports/OB020.aspx?yms_year=115&yms_sms=1&emp_id=0000762
1343,21028,數理創意教學境外一,科學教育專題討論,,系必修,,否,2,段曉林,,,30,0,23,限本班,115/12/14至115/12/18至馬來西亞上課,Research Seminar in Science Education,無,,https://webapss.ncue.edu.tw/Teacher/Reports/OB020.aspx?yms_year=115&yms_sms=1&emp_id=0000242
1344,21027,STEM教育創新與應用碩一,STEM學習心理學,,系選修,,否,2,温媺純,理學一館,(三) 12-13 教學實驗室,30,0,5,限本班,,Psychology of STEM Learning,無,,https://webapss.ncue.edu.tw/Teacher/Reports/OB020.aspx?yms_year=115&yms_sms=1&emp_id=0000774
1345,21026,STEM教育創新與應用碩一,合作學習與小組互動,,系選修,,否,2,秦爾聰,理學一館,(三) 10-11 教學實驗室,30,0,4,限本班,,Cooperative Learning and Group Interaction,中文,https://webap0.ncue.edu.tw/DEANV2/UploadDEAN/SUBJECT/1151/21026_1SCSEE162120.pdf,https://webapss.ncue.edu.tw/Teacher/Reports/OB020.aspx?yms_year=115&yms_sms=1&emp_id=0000762
1346,21025,STEM教育創新與應用碩一,科學教育研究法,,系選修,,否,2,簡頌沛黃莉郁鄭章華,理學一館,(二) 12-13 教學實驗室,30,0,5,限本班,,Research Methods of Science Education,無,,https://webapss.ncue.edu.tw/Teacher/Reports/OB020.aspx?yms_year=115&yms_sms=1&emp_id=0001111
1347,21024,科碩博,科學活動設計,,系選修,,否,3,温媺純,理學一館,(一) 06-08 教學實驗室,20,2,2,限本系,,Science Activity Design,中文,https://webap0.ncue.edu.tw/DEANV2/UploadDEAN/SUBJECT/1151/21024_1SCSE3120130.pdf,https://webapss.ncue.edu.tw/Teacher/Reports/OB020.aspx?yms_year=115&yms_sms=1&emp_id=0000774
1348,21023,科碩博,非制式科學學習專題研究(一),,系選修,,否,1,林淑梤,理學一館,(四) 06 教室二,20,0,0,限本系,,Topics in Informal Science Learning (I),中文,https://webap0.ncue.edu.tw/DEANV2/UploadDEAN/SUBJECT/1151/21023_1SCSE3150310.pdf,https://webapss.ncue.edu.tw/Teacher/Reports/OB020.aspx?yms_year=115&yms_sms=1&emp_id=0001030
1349,21022,科碩博,數理科測驗與評量,,系選修,,否,3,林淑梤,理學一館,(一) 02-04 教室二,20,0,0,限本系,,Measurement and Evaluation in Science/Mathematics Education,中文,https://webap0.ncue.edu.tw/DEANV2/UploadDEAN/SUBJECT/1151/21022_1SCSE3139930.pdf,https://webapss.ncue.edu.tw/Teacher/Reports/OB020.aspx?yms_year=115&yms_sms=1&emp_id=0001030
1350,21021,STEM教育創新與應用碩一,STEM專論,,系必修,,否,2,林淑梤段曉林秦爾聰,理學一館,(二) 10-11 教學實驗室,30,0,5,限本班,,Seminar on STEM Education,中文,https://webap0.ncue.edu.tw/DEANV2/UploadDEAN/SUBJECT/1151/21021_1SCSEE160820.pdf,https://webapss.ncue.edu.tw/Teacher/Reports/OB020.aspx?yms_year=115&yms_sms=1&emp_id=0001030
1351,21020,科博一,數學教育理論與研究,,系選修,,否,3,秦爾聰,理學一館,(三) 05-07 教室二,20,0,0,限本系,,Theories and Research on Science/Mathematics Education,中文,https://webap0.ncue.edu.tw/DEANV2/UploadDEAN/SUBJECT/1151/21020_1SCSE1141430.pdf,https://webapss.ncue.edu.tw/Teacher/Reports/OB020.aspx?yms_year=115&yms_sms=1&emp_id=0000762
1352,21019,科碩博,合作學習,,系選修,,否,3,秦爾聰,理學一館,(四) 07-09 教室二,20,4,4,限本系,,Cooperative Learning,中文,https://webap0.ncue.edu.tw/DEANV2/UploadDEAN/SUBJECT/1151/21019_1SCSE3140130.pdf,https://webapss.ncue.edu.tw/Teacher/Reports/OB020.aspx?yms_year=115&yms_sms=1&emp_id=0000762
1353,21018,科碩博,數學教育專題討論,,系選修,,否,3,秦爾聰,理學一館,(一) 02-04 教室一,20,1,1,限本系,,Research Seminar in Mathematics Education,中文,https://webap0.ncue.edu.tw/DEANV2/UploadDEAN/SUBJECT/1151/21018_1SCSE3136730.pdf,https://webapss.ncue.edu.tw/Teacher/Reports/OB020.aspx?yms_year=115&yms_sms=1&emp_id=0000762
1354,21017,科博二,科學/數學師資培育理論與研究,,系選修,,否,3,段曉林,理學一館,(二) 05-07 教室一,20,0,0,限本系,,Theories and Research on Science/Mathematics Teacher Education,中文,https://webap0.ncue.edu.tw/DEANV2/UploadDEAN/SUBJECT/1151/21017_1SCSE1141330.pdf,https://webapss.ncue.edu.tw/Teacher/Reports/OB020.aspx?yms_year=115&yms_sms=1&emp_id=0000242
1355,21016,科碩博,電腦在科學教育上的應用,,系選修,,否,3,黃莉郁,理學一館,(三) 06-08 教室一,20,0,0,限本系,,Applying Computer on Science Education,中文,https://webap0.ncue.edu.tw/DEANV2/UploadDEAN/SUBJECT/1151/21016_1SCSE3139130.pdf,https://webapss.ncue.edu.tw/Teacher/Reports/OB020.aspx?yms_year=115&yms_sms=1&emp_id=0001131
1356,21015,科碩博,運算思維與創客,,系選修,,否,3,黃莉郁,理學一館,(二) 07-09 教學實驗室,20,1,1,限本系,,Computational Thinking and Maker,中文,https://webap0.ncue.edu.tw/DEANV2/UploadDEAN/SUBJECT/1151/21015_1SCSE3158230.pdf,https://webapss.ncue.edu.tw/Teacher/Reports/OB020.aspx?yms_year=115&yms_sms=1&emp_id=0001131
1357,21014,科碩博,數理學習專題研究(二),,系選修,,否,1,鄭章華,理學一館,(三) 06  鄭章華老師研究室,20,3,3,限本系,,Topics in Science/Mathematics Learning (II),中文,https://webap0.ncue.edu.tw/DEANV2/UploadDEAN/SUBJECT/1151/21014_1SCSE3152210.pdf,https://webapss.ncue.edu.tw/Teacher/Reports/OB020.aspx?yms_year=115&yms_sms=1&emp_id=0001139
1358,21013,科博二,高等科學教育專題討論(三),,系選修,,否,2,秦爾聰,理學一館,(二) 05-06 科教所會議室,20,0,0,限本系,,Advanced Research Seminar on Science Education (III),中文,https://webap0.ncue.edu.tw/DEANV2/UploadDEAN/SUBJECT/1151/21013_1SCSE1007220.pdf,https://webapss.ncue.edu.tw/Teacher/Reports/OB020.aspx?yms_year=115&yms_sms=1&emp_id=0000762
1359,21012,科碩博,數理教育統計,,系選修,,否,3,鄭章華,理學一館,(一) 06-08 教室一,20,1,1,限本系,,Science/Mathematics Educational Statistics,中文,https://webap0.ncue.edu.tw/DEANV2/UploadDEAN/SUBJECT/1151/21012_1SCSE3136030.pdf,https://webapss.ncue.edu.tw/Teacher/Reports/OB020.aspx?yms_year=115&yms_sms=1&emp_id=0001139
1360,21011,科碩博,質的資料分析,,系選修,,否,3,段曉林,理學一館,(三) 02-04 教學實驗室,20,2,2,限本系,,Qualitative Data Analysis,中文,https://webap0.ncue.edu.tw/DEANV2/UploadDEAN/SUBJECT/1151/21011_1SCSE3120730.pdf,https://webapss.ncue.edu.tw/Teacher/Reports/OB020.aspx?yms_year=115&yms_sms=1&emp_id=0000242
1361,21010,科博一,高等科學教育專題討論(一),,系必修,,否,2,林淑梤,理學一館,(一) 06-07 教室二,20,0,0,限本系,,Advanced Research Seminar on Science Education (I),中文,https://webap0.ncue.edu.tw/DEANV2/UploadDEAN/SUBJECT/1151/21010_1SCSE1012720.pdf,https://webapss.ncue.edu.tw/Teacher/Reports/OB020.aspx?yms_year=115&yms_sms=1&emp_id=0001030
1362,21009,科碩二,科學教育專題討論(二),,系必修,,否,2,簡頌沛温媺純,理學一館,(二) 05-06 教學實驗室,20,6,6,限本系,,Research Seminar on Science Education (II),中文,https://webap0.ncue.edu.tw/DEANV2/UploadDEAN/SUBJECT/1151/21009_1SCSE2012420.pdf,https://webapss.ncue.edu.tw/Teacher/Reports/OB020.aspx?yms_year=115&yms_sms=1&emp_id=0001111
1363,21008,科碩一,科學教育研究法,,系必修,,否,3,鄭章華黃莉郁,理學一館,(三) 02-04 教室一,20,0,0,限本系,,Research Methods of Science Education,中文,https://webap0.ncue.edu.tw/DEANV2/UploadDEAN/SUBJECT/1151/21008_1SCSE2007030.pdf,https://webapss.ncue.edu.tw/Teacher/Reports/OB020.aspx?yms_year=115&yms_sms=1&emp_id=0001139
1364,21007,科碩一,科學教育專論,,系必修,,否,3,林淑梤段曉林秦爾聰,理學一館,(二) 02-04 教室一,20,0,0,限本系,,Special Topics on Science Education,中文,https://webap0.ncue.edu.tw/DEANV2/UploadDEAN/SUBJECT/1151/21007_1SCSE2007530.pdf,https://webapss.ncue.edu.tw/Teacher/Reports/OB020.aspx?yms_year=115&yms_sms=1&emp_id=0001030
1365,21006,科博四,論文指導(二),,系必修,,否,3,論文,,,20,1,1,限本系,,Thesis Supervision (II),無,,
1366,21005,科博四,論文指導(一),,系必修,,否,3,論文,,,20,1,1,限本系,,Thesis Supervision (I),無,,
1367,21004,科博四,博士論文,,系必修,,否,0,論文,,,20,2,2,限本系,,Doctoral Dissertation,無,,
1368,21003,科碩二,論文指導(二),,系必修,,否,3,論文,,,20,3,3,限本系,,Thesis Supervision (II),無,,
1369,21002,科碩二,論文指導(一),,系必修,,否,3,論文,,,20,5,5,限本系,,Thesis Supervision (I),無,,
1370,21001,科碩二,碩士論文,,系必修,,否,0,論文,,,20,8,8,限本系,,Master Thesis,無,,
1371,20105,理學院,科學大數據專題(一),,系選修,,否,3,胡欽評林杰蕭乃文,教學大樓,(一) 14 T205 (二) 14 T205 (三) 14 T205,50,14,14,可跨班系,,Special Topics on Big Data Science (I),中文,https://webap0.ncue.edu.tw/DEANV2/UploadDEAN/SUBJECT/1151/20105_1SCSC0101930.pdf,https://webapss.ncue.edu.tw/Teacher/Reports/OB020.aspx?yms_year=115&yms_sms=1&emp_id=0001122
1372,20104,理學院,探究與實作課程設計,,系選修,,否,2,温育德,教學大樓,(五) 05-06 T301,50,11,11,可跨班系,,Inquiry and practice:Curriculum design,中文,https://webap0.ncue.edu.tw/DEANV2/UploadDEAN/SUBJECT/1151/20104_1SCSC0100520.pdf,https://webapss.ncue.edu.tw/Teacher/Reports/OB020.aspx?yms_year=115&yms_sms=1&emp_id=0000763
1373,20103,理學院,探究與實作課程設計,,系選修,,否,2,林建隆,教學大樓,(五) 05-06 T206,50,18,18,可跨班系,,Inquiry and practice:Curriculum design,中文,https://webap0.ncue.edu.tw/DEANV2/UploadDEAN/SUBJECT/1151/20103_1SCSC0100520.pdf,https://webapss.ncue.edu.tw/Teacher/Reports/OB020.aspx?yms_year=115&yms_sms=1&emp_id=9901329
1374,20102,理學院,地球科學(一),,系選修,,否,2,孫立中,教學大樓,(五) 01-02 T105,60,6,6,可跨班系,,Earth Science I,無,,https://webapss.ncue.edu.tw/Teacher/Reports/OB020.aspx?yms_year=115&yms_sms=1&emp_id=9900225
1375,20101,理學院,地球科學(一),,系選修,,否,2,涂建翊,教學大樓,(二) 07-08 T202,50,45,45,可跨班系,,Earth Science I,中文,https://webap0.ncue.edu.tw/DEANV2/UploadDEAN/SUBJECT/1151/20101_1SCSC0100320.pdf,https://webapss.ncue.edu.tw/Teacher/Reports/OB020.aspx?yms_year=115&yms_sms=1&emp_id=0001047
1376,19022,高照原民專班四,臨床實習(一),,系選修,,否,6,孫曉芬瑪芽·芭拉拉菲,教學大樓,(七) 05-10 校外實習,50,25,25,限本班,全時校外實習,Elective Clinical Practicum I,中文,https://webap0.ncue.edu.tw/DEANV2/UploadDEAN/SUBJECT/1151/19022_1EDIP0108560.pdf,https://webapss.ncue.edu.tw/Teacher/Reports/OB020.aspx?yms_year=115&yms_sms=1&emp_id=9901304
1377,19021,高照原民專班四,進階照顧服務實習,,系必修,,否,3,孫曉芬瑪芽·芭拉拉菲,教學大樓,(七) 02-04 校外實習,50,25,25,限本班,全時校外實習,Advanced Care Services Internship,中文,https://webap0.ncue.edu.tw/DEANV2/UploadDEAN/SUBJECT/1151/19021_1EDIP0107930.pdf,https://webapss.ncue.edu.tw/Teacher/Reports/OB020.aspx?yms_year=115&yms_sms=1&emp_id=9901304
1378,19020,高照原民專班三,原住民族文化概論,,系選修,,否,3,怡懋．蘇米,教學大樓,(四) 02-04 T306,50,16,16,限本系,選修,Introduction of Indigenous Culture,中文,https://webap0.ncue.edu.tw/DEANV2/UploadDEAN/SUBJECT/1151/19020_1EDIP0106030.pdf,https://webapss.ncue.edu.tw/Teacher/Reports/OB020.aspx?yms_year=115&yms_sms=1&emp_id=0001193
1379,19019,高照原民專班三,進階照顧實務,,系選修,,否,3,徐賀筠,教學大樓,(二) 02-04 T306,50,17,17,限本系,選修,Advanced Care Practice,中文,https://webap0.ncue.edu.tw/DEANV2/UploadDEAN/SUBJECT/1151/19019_1EDIP0107830.pdf,https://webapss.ncue.edu.tw/Teacher/Reports/OB020.aspx?yms_year=115&yms_sms=1&emp_id=9901260
1380,19018,高照原民專班三,失智症照顧,,系選修,,否,3,瑪芽·芭拉拉菲,教學大樓,(三) 02-04 T001,50,17,17,限本系,選修,Dementia care,中文,https://webap0.ncue.edu.tw/DEANV2/UploadDEAN/SUBJECT/1151/19018_1EDIP0107030.pdf,https://webapss.ncue.edu.tw/Teacher/Reports/OB020.aspx?yms_year=115&yms_sms=1&emp_id=4000090
1381,19016,高照原民專班三,老人服務事業設立經營與管理,,系必修,,否,3,徐祖選,教學大樓,(二) 05-07 T306,50,17,17,限本系,,"Establishment, Operation and Management of Services for the Elderly",中文,https://webap0.ncue.edu.tw/DEANV2/UploadDEAN/SUBJECT/1151/19016_1EDIP0106830.pdf,https://webapss.ncue.edu.tw/Teacher/Reports/OB020.aspx?yms_year=115&yms_sms=1&emp_id=0001143
1382,19015,高照原民專班三,長照機構品質與評鑑,,系必修,,否,3,林秀英,教學大樓,(四) 05-07 T203,50,17,17,限本系,,Quality and Evaluation of Long-term Care Institutions,中文,https://webap0.ncue.edu.tw/DEANV2/UploadDEAN/SUBJECT/1151/19015_1EDIP0106930.pdf,https://webapss.ncue.edu.tw/Teacher/Reports/OB020.aspx?yms_year=115&yms_sms=1&emp_id=9901263
1383,19014,高照原民專班三,照顧服務實習,,系必修,,否,3,林淑卿,教學大樓,(六) 02-04 T105,50,17,17,限本班,,Care Services Internship,中文,https://webap0.ncue.edu.tw/DEANV2/UploadDEAN/SUBJECT/1151/19014_1EDIP0106730.pdf,https://webapss.ncue.edu.tw/Teacher/Reports/OB020.aspx?yms_year=115&yms_sms=1&emp_id=9901338
1384,19013,高照原民專班二,老人休閒產業與旅遊規劃,,系選修,,否,3,徐祖選,教學大樓,(三) 02-04 T306,50,29,29,限本系,選修,Leisure Industry and Tourism Planning for the Elderly,中文,https://webap0.ncue.edu.tw/DEANV2/UploadDEAN/SUBJECT/1151/19013_1EDIP0107430.pdf,https://webapss.ncue.edu.tw/Teacher/Reports/OB020.aspx?yms_year=115&yms_sms=1&emp_id=0001143
1385,19012,高照原民專班二,社區健康評估,,系選修,,否,3,施芊卉,教學大樓,(三) 05-07 T306,50,26,26,限本系,選修,Community Health Assessment,中文,https://webap0.ncue.edu.tw/DEANV2/UploadDEAN/SUBJECT/1151/19012_1EDIP0107230.pdf,https://webapss.ncue.edu.tw/Teacher/Reports/OB020.aspx?yms_year=115&yms_sms=1&emp_id=9901343
1386,19011,高照原民專班二,照顧服務實習,,系必修,,否,3,林淑卿,教學大樓,(六) 05-07 T105,50,29,29,限本班,,Care Services Internship,中文,https://webap0.ncue.edu.tw/DEANV2/UploadDEAN/SUBJECT/1151/19011_1EDIP0106730.pdf,https://webapss.ncue.edu.tw/Teacher/Reports/OB020.aspx?yms_year=115&yms_sms=1&emp_id=9901338
1387,19010,高照原民專班二,原住民族語(一),,系必修,,否,3,邱孟玲,教學大樓,(五) 02-04 T306,50,31,31,限本系,,Indigenous Languages(1),中文,https://webap0.ncue.edu.tw/DEANV2/UploadDEAN/SUBJECT/1151/19010_1EDIP0106330.pdf,https://webapss.ncue.edu.tw/Teacher/Reports/OB020.aspx?yms_year=115&yms_sms=1&emp_id=9901292
1388,19009,高照原民專班二,高齡健康促進理論與實務,,系必修,,否,3,黃筱晶,教學大樓,(四) 05-07 T306,50,29,29,限本系,,Health Promotion for Older Adults: Theory and Practice,中文,https://webap0.ncue.edu.tw/DEANV2/UploadDEAN/SUBJECT/1151/19009_1EDIP0101830.pdf,https://webapss.ncue.edu.tw/Teacher/Reports/OB020.aspx?yms_year=115&yms_sms=1&emp_id=9901342
1389,19007,高照原民專班一,非營利組織概論,,系選修,,否,3,邱孟玲,教學大樓,(五) 05-07 T305,50,0,0,限本系,選修;,Introduction to Non-Profit Organizations,中文,https://webap0.ncue.edu.tw/DEANV2/UploadDEAN/SUBJECT/1151/19007_1EDIP0100630.pdf,https://webapss.ncue.edu.tw/Teacher/Reports/OB020.aspx?yms_year=115&yms_sms=1&emp_id=9901292
1390,19006,高照原民專班一,老人服務事業與福利,,系選修,,否,3,徐祖選,教學大樓,(二) 02-04 T305,50,0,0,限本系,選修;,Business of Senior Citizen Services and Welfares,中文,https://webap0.ncue.edu.tw/DEANV2/UploadDEAN/SUBJECT/1151/19006_1EDIP0100730.pdf,https://webapss.ncue.edu.tw/Teacher/Reports/OB020.aspx?yms_year=115&yms_sms=1&emp_id=0001143
1391,19005,高照原民專班一,身體檢查評估,,系必修,,否,3,瑪芽·芭拉拉菲,教學大樓,(三) 07-09 T305,50,0,0,限本系,,Physical Examination and Evaluation,中文,https://webap0.ncue.edu.tw/DEANV2/UploadDEAN/SUBJECT/1151/19005_1EDIP0108030.pdf,https://webapss.ncue.edu.tw/Teacher/Reports/OB020.aspx?yms_year=115&yms_sms=1&emp_id=4000090
1392,19004,高照原民專班一,高齡健康概論,,系必修,,否,3,怡懋．蘇米,教學大樓,(三) 02-04 T305,50,0,0,限本系,,Introduction to Ageing and Health,中文,https://webap0.ncue.edu.tw/DEANV2/UploadDEAN/SUBJECT/1151/19004_1EDIP0100130.pdf,https://webapss.ncue.edu.tw/Teacher/Reports/OB020.aspx?yms_year=115&yms_sms=1&emp_id=0001193
1393,19003,高照原民專班一,解剖與生理學概論,,系必修,,否,3,瑪芽·芭拉拉菲陳運泰,教學大樓,(二) 05-07 T305,50,0,0,限本系,必修,Introduction to Anatomy and Physiology,中文,https://webap0.ncue.edu.tw/DEANV2/UploadDEAN/SUBJECT/1151/19003_1EDIP0100330.pdf,https://webapss.ncue.edu.tw/Teacher/Reports/OB020.aspx?yms_year=115&yms_sms=1&emp_id=4000090
1394,19002,高照原民專班一,心理學概論,,系必修,,否,3,徐祖選,教學大樓,(四) 02-04 T305,50,0,0,限本系,必修,Introduction to Psychology,中文,https://webap0.ncue.edu.tw/DEANV2/UploadDEAN/SUBJECT/1151/19002_1EDIP0100230.pdf,https://webapss.ncue.edu.tw/Teacher/Reports/OB020.aspx?yms_year=115&yms_sms=1&emp_id=0001143
1395,19001,高照原民專班一,人工智慧及其應用,,校必(通識),,否,2,阮家慶,圖書館,(五) 01-02 電一教室,50,0,0,限本班,大二~大四生如要修習，以線上加簽方式,Artificial Intelligence and Its Application,無,,https://webapss.ncue.edu.tw/Teacher/Reports/OB020.aspx?yms_year=115&yms_sms=1&emp_id=4000045
1396,13024,教育創新與人力發展二,論文,,系必修,,否,0,論文,,,30,0,24,限本系,,Masters' Thesis,中文,https://webap0.ncue.edu.tw/DEANV2/UploadDEAN/SUBJECT/1151/13024_1EDEDE157300.pdf,
1397,13023,教育創新與人力發展二,健康促進與管理研究,,系選修,,否,2,邱俊杰,明德館,(四) 10-13 視聽教室,30,0,20,限本班,雙數週上課，第一次上課為9月24日。,Studies in Health Promotion and Management,無,,https://webapss.ncue.edu.tw/Teacher/Reports/OB020.aspx?yms_year=115&yms_sms=1&emp_id=9901361
1398,13022,教育創新與人力發展二,教育暨行為科學學術論文評析,,系選修,,否,2,林國楨,明德館,(四) 10-13 視聽教室,30,0,17,限本班,單數週上課，第一次上課為9月17日。,Studies in Evaluation for Education and Behavioral Science Articles,中文,https://webap0.ncue.edu.tw/DEANV2/UploadDEAN/SUBJECT/1151/13022_1EDEDE157520.pdf,https://webapss.ncue.edu.tw/Teacher/Reports/OB020.aspx?yms_year=115&yms_sms=1&emp_id=0000775
1399,13021,教育創新與人力發展二,公共治理與政策分析研究,,系選修,,否,2,李靜儀,明德館,(一) 12-13 視聽教室,30,0,20,限本班,,Studies in Analysis of Public Governance and Policy,無,,https://webapss.ncue.edu.tw/Teacher/Reports/OB020.aspx?yms_year=115&yms_sms=1&emp_id=9901344
1400,13020,教育創新與人力發展二,心理與教育統計學,,系必修,,否,2,龔心怡,明德館,(一) 10-11 視聽教室,30,0,20,限本班,,Statistical Method for Psychology and Education,無,,https://webapss.ncue.edu.tw/Teacher/Reports/OB020.aspx?yms_year=115&yms_sms=1&emp_id=0000801
1401,13019,教育創新與人力發展一,組織領導與團體動力研究,,系選修,,否,2,林國楨,明德館,(三) 10-13 視聽教室,30,0,19,限本班,雙數週上課，第一次上課為9月22日。,Studies in Organizational Leadership and Group Dynamics,中文,https://webap0.ncue.edu.tw/DEANV2/UploadDEAN/SUBJECT/1151/13019_1EDEDE158320.pdf,https://webapss.ncue.edu.tw/Teacher/Reports/OB020.aspx?yms_year=115&yms_sms=1&emp_id=0000775
1402,13018,教育創新與人力發展一,組織行為研究,,系選修,,否,2,王智弘,明德館,(三) 10-13 視聽教室,30,0,19,限本班,單數週上課，第一次上課為9月15日。,Studies in Organizational Behavior,無,,https://webapss.ncue.edu.tw/Teacher/Reports/OB020.aspx?yms_year=115&yms_sms=1&emp_id=0000814
1403,13017,教育創新與人力發展一,教育與哲學創新研究,,系選修,,否,2,楊忠斌,明德館,(二) 10-13 視聽教室,30,0,19,限本班,雙數週上課，第一次上課為9月22日。,Studies in Education and philosophy Innovation,中文,https://webap0.ncue.edu.tw/DEANV2/UploadDEAN/SUBJECT/1151/13017_1EDEDE162020.pdf,https://webapss.ncue.edu.tw/Teacher/Reports/OB020.aspx?yms_year=115&yms_sms=1&emp_id=0000760
1404,13016,教育創新與人力發展一,行為與教育科學研究法,,系必修,,否,2,林素卿,明德館,(二) 10-13 視聽教室,30,0,19,限本班,單數週上課，第一次上課為９月１５日。,Behavior and Educational Research Methods,無,,https://webapss.ncue.edu.tw/Teacher/Reports/OB020.aspx?yms_year=115&yms_sms=1&emp_id=0000761
1405,13015,教博一,教育問題專題研究,,系選修,,否,3,林國楨,明德館,(五) 08-10 視聽教室,20,9,9,限本系,,Studies of Educational Problems and Issues,中文,https://webap0.ncue.edu.tw/DEANV2/UploadDEAN/SUBJECT/1151/13015_1EDED1107430.pdf,https://webapss.ncue.edu.tw/Teacher/Reports/OB020.aspx?yms_year=115&yms_sms=1&emp_id=0000775
1406,13014,教碩博,班級經營專題研究,,系選修,,否,3,林國楨,明德館,(五) 05-07 視聽教室,20,11,11,限本系,,Seminar on Classroom Management,中文,https://webap0.ncue.edu.tw/DEANV2/UploadDEAN/SUBJECT/1151/13014_1EDED3151430.pdf,https://webapss.ncue.edu.tw/Teacher/Reports/OB020.aspx?yms_year=115&yms_sms=1&emp_id=0000775
1407,13013,教博一,現代心理學與教育專題研究,,系選修,,否,3,龔心怡,明德館,(三) 08-10 教研Ａ,20,3,3,限本系,,Seminar on Modern Psychology and Education,無,,https://webapss.ncue.edu.tw/Teacher/Reports/OB020.aspx?yms_year=115&yms_sms=1&emp_id=0000801
1408,13012,教博一,教育社會學專題研究,,系選修,,否,3,楊忠斌,明德館,(三) 08-10 教研B,20,4,4,限本系,,Seminar on the Sociology of Education,中文,https://webap0.ncue.edu.tw/DEANV2/UploadDEAN/SUBJECT/1151/13012_1EDED1008730.pdf,https://webapss.ncue.edu.tw/Teacher/Reports/OB020.aspx?yms_year=115&yms_sms=1&emp_id=0000760
1409,13011,教碩博,調查設計專題研究,,系選修,,否,3,龔心怡,明德館,(三) 05-07 教研Ａ,20,6,6,限本系,,Seminar on Survey Design Research,無,,https://webapss.ncue.edu.tw/Teacher/Reports/OB020.aspx?yms_year=115&yms_sms=1&emp_id=0000801
1410,13010,教碩博,多變項分析專題研究,,系選修,,否,3,王智弘,明德館,(一) 02-04 視聽教室,20,10,10,可跨班系,,Multivariate Statistical Analysis,中文,https://webap0.ncue.edu.tw/DEANV2/UploadDEAN/SUBJECT/1151/13010_1EDED3102230.pdf,https://webapss.ncue.edu.tw/Teacher/Reports/OB020.aspx?yms_year=115&yms_sms=1&emp_id=0000814
1411,13009,教碩一,心理測驗專題研究,,系選修,,否,3,王智弘,明德館,(三) 02-04 視聽教室,20,17,17,可跨班系,,psychological testing,英文,https://webap0.ncue.edu.tw/DEANV2/UploadDEAN/SUBJECT/1151/13009_1EDED3166230_EN.pdf,https://webapss.ncue.edu.tw/Teacher/Reports/OB020.aspx?yms_year=115&yms_sms=1&emp_id=0000814
1412,13008,教碩一,教育哲學研究,,系選修,,否,3,楊忠斌,明德館,(二) 05-07 視聽教室,20,10,10,限本系,,Seminar on Educational Philosophy,中文,https://webap0.ncue.edu.tw/DEANV2/UploadDEAN/SUBJECT/1151/13008_1EDED2009030.pdf,https://webapss.ncue.edu.tw/Teacher/Reports/OB020.aspx?yms_year=115&yms_sms=1&emp_id=0000760
1413,13007,教博一,教師專業發展專題研究,,系選修,,否,3,林素卿,明德館,(二) 05-07 教研Ａ,20,3,3,限本系,,Seminar of Teacher Professional Development,無,,https://webapss.ncue.edu.tw/Teacher/Reports/OB020.aspx?yms_year=115&yms_sms=1&emp_id=0000761
1414,13006,教碩一,教育研究法,,系必修,,否,3,吳璧如,明德館,(二) 02-04 視聽教室,20,0,0,限本系,,Methods of Educational Research,中文,https://webap0.ncue.edu.tw/DEANV2/UploadDEAN/SUBJECT/1151/13006_1EDED2008830.pdf,https://webapss.ncue.edu.tw/Teacher/Reports/OB020.aspx?yms_year=115&yms_sms=1&emp_id=0000575
1415,13005,教碩二,論文指導(一),,系必修,,否,3,論文,,,30,19,19,限本系,,Thesis Supervision I,無,,
1416,13004,教碩二,論文,,系必修,,否,0,論文,,,30,19,19,限本系,,Thesis,無,,
1417,13003,教碩博,高等教育統計學與統計軟體應用(一),,系必修,,否,2,黃瓊蓉,明德館,(二) 06-07 11401,20,2,2,限本系,碩士班必修、博士班選修,Advanced Educational Statistics & the Application of Statistics Software I,中文,https://webap0.ncue.edu.tw/DEANV2/UploadDEAN/SUBJECT/1151/13003_1EDED3150720.pdf,https://webapss.ncue.edu.tw/Teacher/Reports/OB020.aspx?yms_year=115&yms_sms=1&emp_id=0000576
1418,13002,教博二,論文,,系必修,,否,0,論文,,,20,6,6,限本系,,Thesis,無,,
1419,13001,教博二,論文指導(一),,系必修,,否,3,論文,,,20,2,2,限本系,,Thesis Supervision I,無,,
1420,12073,特殊教育碩士在職專班一,輔助科技之應用,,系選修,,否,3,黃宜君,至善館,(三) 10-12 12301,30,0,9,限本班,,Application of Assistive Technology,無,,https://webapss.ncue.edu.tw/Teacher/Reports/OB020.aspx?yms_year=115&yms_sms=1&emp_id=0000966
1421,12072,特殊教育碩士在職專班一,特殊教育評量,,系必修,,否,3,王智弘,至善館,(一) 10-12 12302,30,0,18,限本班,,Special Education Assessment,中文,https://webap0.ncue.edu.tw/DEANV2/UploadDEAN/SUBJECT/1151/12072_1EDSEE193430.pdf,https://webapss.ncue.edu.tw/Teacher/Reports/OB020.aspx?yms_year=115&yms_sms=1&emp_id=0000814
1422,12071,特教三,輔助科技應用,,組選修,,否,2,鄧佳宜,至善館,(四) 07-08 12301,50,40,40,限本班,特教學程(身障)特需5選1課程,Application of assistive technology,中文,https://webap0.ncue.edu.tw/DEANV2/UploadDEAN/SUBJECT/1151/12071_1EDSE0177720.pdf,https://webapss.ncue.edu.tw/Teacher/Reports/OB020.aspx?yms_year=115&yms_sms=1&emp_id=9901179
1423,12070,特教三,定向行動,,組選修,,否,2,陳慧芬,至善館,(四) 03-04 12301,50,36,36,限本班,1.特教學程(身障)特需5選1課程。2.為視覺障礙需求次專長課程，須先修畢視覺障礙,Orientation and Mobility,中文,https://webap0.ncue.edu.tw/DEANV2/UploadDEAN/SUBJECT/1151/12070_1EDSE0164720.pdf,https://webapss.ncue.edu.tw/Teacher/Reports/OB020.aspx?yms_year=115&yms_sms=1&emp_id=9900990
1424,12069,特教三,輕度認知障礙學生之課程設計,,組選修,,否,2,洪雅惠,至善館,(三) 01-02 12301,50,32,32,限本班,"認知與學習需求次專長課程，須先修畢認知與學習需求次專長先修課程(112學年度為輕度障礙教育,113學年度為智能障礙及學習障礙)",Curriculum Design for Students with Mild Cognitive Disability,中文,https://webap0.ncue.edu.tw/DEANV2/UploadDEAN/SUBJECT/1151/12069_1EDSE0189420.pdf,https://webapss.ncue.edu.tw/Teacher/Reports/OB020.aspx?yms_year=115&yms_sms=1&emp_id=0000862
1425,12068,特教三,視覺障礙學生教材教法,,組選修,,否,2,張家瑞,至善館,(三) 05-06 12301,50,29,29,限本班,"為視覺障礙需求次專長課程,須先修畢視覺障礙",Instructional Strategies for Teaching Students with Visual Impairments,中文,https://webap0.ncue.edu.tw/DEANV2/UploadDEAN/SUBJECT/1151/12068_1EDSE0186020.pdf,https://webapss.ncue.edu.tw/Teacher/Reports/OB020.aspx?yms_year=115&yms_sms=1&emp_id=0001127
1426,12067,特教三,集中式特教班班級經營,,系選修,,否,2,詹孟琦,至善館,(三) 03-04 12210視聽教室,50,40,40,限本班,,Classroom Management at Self-Contained Classes,中文,https://webap0.ncue.edu.tw/DEANV2/UploadDEAN/SUBJECT/1151/12067_1EDSE0184520.pdf,https://webapss.ncue.edu.tw/Teacher/Reports/OB020.aspx?yms_year=115&yms_sms=1&emp_id=0000914
1427,12066,特教三,學習功能輕微缺損學生教材教法,,組必修,,否,2,洪雅惠,至善館,(四) 05-06 12301,50,34,34,限本班,1.特教學程(身障)教育方法必修2.須先修畢學習策略3.特殊教育教學實習(一)的先修課程,Methods and Strategies for Teaching Students with Mild Disabilities,中文,https://webap0.ncue.edu.tw/DEANV2/UploadDEAN/SUBJECT/1151/12066_1EDSE0184120.pdf,https://webapss.ncue.edu.tw/Teacher/Reports/OB020.aspx?yms_year=115&yms_sms=1&emp_id=0000862
1428,12065,特教三,融合教育理論與通用設計,,組選修,,否,2,張家瑞,至善館,(二) 08-09 12301,50,35,35,限本班,"認知與學習需求次專長課程，須先修畢認知與學習需求次專長先修課程(112學年度為輕度障礙教育,113學年度為智能障礙及學習障礙)",Inclusive Education and Universal Design for Learning,中文,https://webap0.ncue.edu.tw/DEANV2/UploadDEAN/SUBJECT/1151/12065_1EDSE0187520.pdf,https://webapss.ncue.edu.tw/Teacher/Reports/OB020.aspx?yms_year=115&yms_sms=1&emp_id=0001127
1429,12064,特教三,社會技巧,,組必修,,否,2,田凱倩,至善館,(二) 03-04 12120教材教法與實習室,50,40,40,限本班,特教學程(身障)特需必修，(資優)特需2選1,Social Skills,中文,https://webap0.ncue.edu.tw/DEANV2/UploadDEAN/SUBJECT/1151/12064_1EDSE0179820.pdf,https://webapss.ncue.edu.tw/Teacher/Reports/OB020.aspx?yms_year=115&yms_sms=1&emp_id=0000989
1430,12063,特教三,行為功能評量,,組選修,,否,2,田凱倩,至善館,(二) 06-07 12120教材教法與實習室,50,40,40,限本班,為情緒與行為需求次專長課程，須先修畢自閉症及情緒行為障礙。,Functional Behavioral Assessment,中文,https://webap0.ncue.edu.tw/DEANV2/UploadDEAN/SUBJECT/1151/12063_1EDSE0177420.pdf,https://webapss.ncue.edu.tw/Teacher/Reports/OB020.aspx?yms_year=115&yms_sms=1&emp_id=0000989
1431,12062,特教三,個別化教育計畫之規劃與實施,,組必修,,否,2,詹孟琦,至善館,(二) 01-02 12301,50,40,40,限本班,1.特教學程(身障)教育方法必修2.須先修畢特殊教育導論及特殊教育課程調整與教學設計,Development & Implementation of Individualized Education Program,中文,https://webap0.ncue.edu.tw/DEANV2/UploadDEAN/SUBJECT/1151/12062_1EDSE0179220.pdf,https://webapss.ncue.edu.tw/Teacher/Reports/OB020.aspx?yms_year=115&yms_sms=1&emp_id=0000914
1432,12061,特教三,素養導向課程設計與教學,,組選修,,否,2,洪雅惠,至善館,(一) 05-06 12301,50,37,37,限本班,特教學程(身障)教育實踐選修3選1,Design and Implement for Competence-based Curriculum,中文,https://webap0.ncue.edu.tw/DEANV2/UploadDEAN/SUBJECT/1151/12061_1EDSE0185720.pdf,https://webapss.ncue.edu.tw/Teacher/Reports/OB020.aspx?yms_year=115&yms_sms=1&emp_id=0000862
1433,12060,特教三,資賦優異學生教材教法(二),,組必修,,否,2,張靖卿,至善館,(一) 03-04 12301,50,8,8,限本班,1.特教學程(資優)教育方法必修2.須先修畢資優教育課程模式,Teaching Materials & Method for the Talented & Gifted(II),中文,https://webap0.ncue.edu.tw/DEANV2/UploadDEAN/SUBJECT/1151/12060_1EDSE0014920.pdf,https://webapss.ncue.edu.tw/Teacher/Reports/OB020.aspx?yms_year=115&yms_sms=1&emp_id=0000913
1434,12059,特教三,資賦優異學生教材教法(一),,組必修,,否,2,張靖卿,至善館,(一) 01-02 12301,50,8,8,限本班,1.特教學程(資優)教育方法必修2.須先修畢資優教育課程模式,Teaching Materials & Method for the Talented & Gifted(I),中文,https://webap0.ncue.edu.tw/DEANV2/UploadDEAN/SUBJECT/1151/12059_1EDSE0014820.pdf,https://webapss.ncue.edu.tw/Teacher/Reports/OB020.aspx?yms_year=115&yms_sms=1&emp_id=0000913
1435,12058,特殊教育碩士在職專班二,論文指導,,系必修,,否,4,論文,,,30,0,4,限本班,,Thesis Supervision,中文,https://webap0.ncue.edu.tw/DEANV2/UploadDEAN/SUBJECT/1151/12058_1EDSEE170940.pdf,
1436,12057,特碩博,資賦優異低成就學生的診斷與處遇,,組選修,,否,3,賴翠媛,至善館,(二) 06-08 特研d,20,4,4,可跨班系,,Diagnosis & Treatment for Gifted Underachivers,中文,https://webap0.ncue.edu.tw/DEANV2/UploadDEAN/SUBJECT/1151/12057_1EDSE3188930.pdf,https://webapss.ncue.edu.tw/Teacher/Reports/OB020.aspx?yms_year=115&yms_sms=1&emp_id=0000918
1437,12056,特碩二,碩士論文,,系必修,,否,0,論文,,,20,15,15,可跨班系,,Thesis,無,,
1438,12055,特碩二,論文指導(一),,系必修,,否,3,論文,,,20,11,11,可跨班系,,Thesis Supervision I,無,,
1439,12054,特碩二,資賦優異學生學習策略研究,,組必修,,否,3,賴翠媛,至善館,(四) 02-04 特研c,20,3,3,可跨班系,,Study on Learning Strategies for the Gifted,中文,https://webap0.ncue.edu.tw/DEANV2/UploadDEAN/SUBJECT/1151/12054_1EDSE2161830.pdf,https://webapss.ncue.edu.tw/Teacher/Reports/OB020.aspx?yms_year=115&yms_sms=1&emp_id=0000918
1440,12053,特碩二,合作諮詢,,組必修,,否,3,黃宜君,至善館,(三) 02-04 特研e,20,7,7,可跨班系,,Collaboration & Consultation,無,,https://webapss.ncue.edu.tw/Teacher/Reports/OB020.aspx?yms_year=115&yms_sms=1&emp_id=0000966
1441,12052,特碩二,資賦優異教學設計與實務,,組必修,,否,3,張靖卿,至善館,(二) 02-04 特研b,20,2,2,可跨班系,,Instruction and Practice for Gifted Students,中文,https://webap0.ncue.edu.tw/DEANV2/UploadDEAN/SUBJECT/1151/12052_1EDSE2161930.pdf,https://webapss.ncue.edu.tw/Teacher/Reports/OB020.aspx?yms_year=115&yms_sms=1&emp_id=0000913
1442,12051,特碩二,特殊教育學生診斷與評量,,組必修,,否,3,吳訓生,至善館,(一) 02-04 特研e,20,8,8,可跨班系,,Diagnosis and Assessment of Exceptional Students,中文,https://webap0.ncue.edu.tw/DEANV2/UploadDEAN/SUBJECT/1151/12051_1EDSE2174830.pdf,https://webapss.ncue.edu.tw/Teacher/Reports/OB020.aspx?yms_year=115&yms_sms=1&emp_id=9901357
1443,12050,特碩一,特殊教育議題與趨勢,,系必修,,否,3,賴翠媛,至善館,(四) 05-07 特研b,20,1,1,可跨班系,,Issues and Trends in Special Education,中文,https://webap0.ncue.edu.tw/DEANV2/UploadDEAN/SUBJECT/1151/12050_1EDSE2017930.pdf,https://webapss.ncue.edu.tw/Teacher/Reports/OB020.aspx?yms_year=115&yms_sms=1&emp_id=0000918
1444,12049,特碩一,高等教育統計學,,系必修,,否,3,周台傑,至善館,(二) 02-04 12303,20,8,8,可跨班系,,Advanced Educational Statistics,中文,https://webap0.ncue.edu.tw/DEANV2/UploadDEAN/SUBJECT/1151/12049_1EDSE2190830.pdf,https://webapss.ncue.edu.tw/Teacher/Reports/OB020.aspx?yms_year=115&yms_sms=1&emp_id=9901218
1445,12048,特博二,博士論文,,系必修,,否,0,論文,,,20,4,4,可跨班系,,Doctoral Dissertation,無,,
1446,12047,特博二,論文指導(一),,系必修,,否,3,論文,,,20,4,4,可跨班系,,Thesis Supervision I,無,,
1447,12046,特博二,特殊教育個案專題研究,,系必修,,否,3,楊雅惠,至善館,(三) 05-07 特研d,20,2,2,可跨班系,,Seminar in Case of Special Education,中文,https://webap0.ncue.edu.tw/DEANV2/UploadDEAN/SUBJECT/1151/12046_1EDSE1012630.pdf,https://webapss.ncue.edu.tw/Teacher/Reports/OB020.aspx?yms_year=115&yms_sms=1&emp_id=0000850
1448,12045,特博二,身心障礙學生有效教學研究,,組選修,,否,3,張靖卿,至善館,(三) 02-04 特研c,20,0,0,可跨班系,,Effective Instruction for Students with Disabilities,中文,https://webap0.ncue.edu.tw/DEANV2/UploadDEAN/SUBJECT/1151/12045_1EDSE1168430.pdf,https://webapss.ncue.edu.tw/Teacher/Reports/OB020.aspx?yms_year=115&yms_sms=1&emp_id=0000913
1449,12044,特博二,特殊教育學生評量專題研究,,系必修,,否,3,吳訓生,至善館,(一) 06-08 特研c,20,3,3,可跨班系,,Seminar in Assessment of Exceptional Students,中文,https://webap0.ncue.edu.tw/DEANV2/UploadDEAN/SUBJECT/1151/12044_1EDSE1168230.pdf,https://webapss.ncue.edu.tw/Teacher/Reports/OB020.aspx?yms_year=115&yms_sms=1&emp_id=9901357
1450,12043,特博一,研究方法論,,系必修,,否,3,陳怡慧,至善館,(五) 02-04 特研d,20,2,2,可跨班系,,Methodology of Quantitative & Qualitative Research,中文,https://webap0.ncue.edu.tw/DEANV2/UploadDEAN/SUBJECT/1151/12043_1EDSE1011730.pdf,https://webapss.ncue.edu.tw/Teacher/Reports/OB020.aspx?yms_year=115&yms_sms=1&emp_id=0000898
1451,12042,特博一,特殊教育思潮,,系必修,,否,3,楊雅惠,至善館,(二) 02-04 特研d,20,0,0,可跨班系,,Thoughts of Special Education,中文,https://webap0.ncue.edu.tw/DEANV2/UploadDEAN/SUBJECT/1151/12042_1EDSE1018030.pdf,https://webapss.ncue.edu.tw/Teacher/Reports/OB020.aspx?yms_year=115&yms_sms=1&emp_id=0000850
1452,12041,特四乙,專業合作與家庭支援實務,,組選修,,否,2,林翠英,至善館,(四) 07-08 12303,50,27,27,限本班,為情緒與行為需求次專長課程，須先修畢自閉症及情緒行為障礙,Partnerships with Special Needs Families: Communication and Collaboration,中文,https://webap0.ncue.edu.tw/DEANV2/UploadDEAN/SUBJECT/1151/12041_1EDSE0185820.pdf,https://webapss.ncue.edu.tw/Teacher/Reports/OB020.aspx?yms_year=115&yms_sms=1&emp_id=9901356
1453,12040,特四乙,特殊教育教學實習(二),,組必修,,否,2,詹孟琦,至善館,(四) 01-04 12303,50,32,32,限本班,1.特教學程(身障)教育實踐必修2.須先修畢學習功能嚴重缺損學生教材教法,Practicum in Special Education II,中文,https://webap0.ncue.edu.tw/DEANV2/UploadDEAN/SUBJECT/1151/12040_1EDSE0014020.pdf,https://webapss.ncue.edu.tw/Teacher/Reports/OB020.aspx?yms_year=115&yms_sms=1&emp_id=0000914
1454,12039,特四乙,融合教育理論與通用設計,,組選修,,否,2,張家瑞,至善館,(二) 03-04 12402,50,21,21,限本班,"認知與學習需求次專長課程，須先修畢認知與學習需求次專長先修課程(112學年度為輕度障礙教育,113學年度為智能障礙及學習障礙)",Inclusive Education and Universal Design for Learning,中文,https://webap0.ncue.edu.tw/DEANV2/UploadDEAN/SUBJECT/1151/12039_1EDSE0187520.pdf,https://webapss.ncue.edu.tw/Teacher/Reports/OB020.aspx?yms_year=115&yms_sms=1&emp_id=0001127
1455,12038,特四乙,正向行為支持工作倫理,,組選修,,否,2,田凱倩,至善館,(一) 05-06 12303,50,30,30,限本班,為情緒與行為需求次專長課程，須先修畢自閉症及情緒行為障礙,Ethics of Positive Behavior Support,中文,https://webap0.ncue.edu.tw/DEANV2/UploadDEAN/SUBJECT/1151/12038_1EDSE0181320.pdf,https://webapss.ncue.edu.tw/Teacher/Reports/OB020.aspx?yms_year=115&yms_sms=1&emp_id=0000989
1456,12037,特四乙,資源教室經營與實務,,系選修,,否,2,李式群,至善館,(一) 03-04 12303,50,28,28,限本班,"認知與學習需求次專長課程，須先修畢認知與學習需求次專長先修課程(112學年度為輕度障礙教育,113學年度為智能障礙及學習障礙)，本課程將聘任兼任教師李式群老師授課",Resource Program: Classroom Management and Implementation,中文,https://webap0.ncue.edu.tw/DEANV2/UploadDEAN/SUBJECT/1151/12037_1EDSE0186220.pdf,https://webapss.ncue.edu.tw/Teacher/Reports/OB020.aspx?yms_year=115&yms_sms=1&emp_id=9901063
1457,12036,特四甲,輕度認知障礙學生之鑑定與輔導,,組選修,,否,2,洪雅惠,至善館,(五) 05-06 12303,50,49,49,限本班,"認知與學習需求次專長課程，須先修畢認知與學習需求次專長先修課程(112學年度為輕度障礙教育,113學年度為智能障礙及學習障礙)",The identification and instruction of students with mind cognitive disabilities,中文,https://webap0.ncue.edu.tw/DEANV2/UploadDEAN/SUBJECT/1151/12036_1EDSE0189520.pdf,https://webapss.ncue.edu.tw/Teacher/Reports/OB020.aspx?yms_year=115&yms_sms=1&emp_id=0000862
1458,12035,特四甲,認知與學習障礙學生教學實務,,組選修,,否,2,洪雅惠熊怡淇,至善館,(五) 03-04 12303,50,43,43,限本班,"認知與學習需求次專長課程，須先修畢認知與學習需求次專長先修課程(112學年度為輕度障礙教育,113學年度為智能障礙及學習障礙)",Teaching Practice for Students with Cognitive and Learning Disabilities,中文,https://webap0.ncue.edu.tw/DEANV2/UploadDEAN/SUBJECT/1151/12035_1EDSE0186420.pdf,https://webapss.ncue.edu.tw/Teacher/Reports/OB020.aspx?yms_year=115&yms_sms=1&emp_id=0000862
1459,12034,特四甲,專業合作與家庭支援實務,,組選修,,否,2,林翠英,至善館,(四) 05-06 12302,50,29,29,限本班,為情緒與行為需求次專長課程，須先修畢自閉症及情緒行為障礙,Partnerships with Special Needs Families: Communication and Collaboration,中文,https://webap0.ncue.edu.tw/DEANV2/UploadDEAN/SUBJECT/1151/12034_1EDSE0185820.pdf,https://webapss.ncue.edu.tw/Teacher/Reports/OB020.aspx?yms_year=115&yms_sms=1&emp_id=9901356
1460,12033,特四甲,特殊教育教學實習(二),,組必修,,否,2,張家瑞黃羚雅,至善館,(四) 01-04 12302,50,30,30,限本班,1.特教學程(身障)教育實踐必修2.須先修畢學習功能嚴重缺損學生教材教法,Practicum in Special Education II,中文,https://webap0.ncue.edu.tw/DEANV2/UploadDEAN/SUBJECT/1151/12033_1EDSE0014020.pdf,https://webapss.ncue.edu.tw/Teacher/Reports/OB020.aspx?yms_year=115&yms_sms=1&emp_id=0001127
1461,12032,特四甲,資優教育專題研究,,組必修,,否,2,顏富明,至善館,(三) 03-04 12120教材教法與實習室,50,14,14,限本班,特教學程(資優)教育基礎必修,Seminar in Gifted Education,中文,https://webap0.ncue.edu.tw/DEANV2/UploadDEAN/SUBJECT/1151/12032_1EDSE0015020.pdf,https://webapss.ncue.edu.tw/Teacher/Reports/OB020.aspx?yms_year=115&yms_sms=1&emp_id=9901086
1462,12031,特四甲,正向行為支持工作倫理,,組選修,,否,2,田凱倩,至善館,(一) 03-04 12302,50,31,31,限本班,為情緒與行為需求次專長課程，須先修畢自閉症及情緒行為障礙。,Ethics of Positive Behavior Support,中文,https://webap0.ncue.edu.tw/DEANV2/UploadDEAN/SUBJECT/1151/12031_1EDSE0181320.pdf,https://webapss.ncue.edu.tw/Teacher/Reports/OB020.aspx?yms_year=115&yms_sms=1&emp_id=0000989
1463,12030,特四甲,資源教室經營與實務,,系選修,,否,2,李式群,至善館,(一) 01-02 12302,50,31,31,限本班,"認知與學習需求次專長課程，須先修畢認知與學習需求次專長先修課程(112學年度為輕度障礙教育,113學年度為智能障礙及學習障礙)，本課程將聘任兼任教師李式群老師授課",Resource Program: Classroom Management and Implementation,中文,https://webap0.ncue.edu.tw/DEANV2/UploadDEAN/SUBJECT/1151/12030_1EDSE0186220.pdf,https://webapss.ncue.edu.tw/Teacher/Reports/OB020.aspx?yms_year=115&yms_sms=1&emp_id=9901063
1464,12028,特教二,手語,,組選修,,否,3,楊雅惠林昱廷,至善館,(四) 07-09 12403,50,32,32,限本班,為聽力與語言需求次專長課程，須先修畢聽覺障礙,Sign Language,中文,https://webap0.ncue.edu.tw/DEANV2/UploadDEAN/SUBJECT/1151/12028_1EDSE0187230.pdf,https://webapss.ncue.edu.tw/Teacher/Reports/OB020.aspx?yms_year=115&yms_sms=1&emp_id=0000850
1465,12027,特教二,生活管理,,組必修,,否,2,周玫君,至善館,(四) 01-02 12403,50,34,34,限本班,1.特教學程(身障)特需必修2.學習功能嚴重缺損學生教材教法先修課程,Life Managing,無,,https://webapss.ncue.edu.tw/Teacher/Reports/OB020.aspx?yms_year=115&yms_sms=1&emp_id=9901352
1466,12026,特教二,情緒行為障礙,,組選修,,否,2,田凱倩,至善館,(三) 05-06 12403,50,33,33,限本班,情緒與行為需求次專長先修課程,Introduction to Emotional and Behavioral Disorders,中文,https://webap0.ncue.edu.tw/DEANV2/UploadDEAN/SUBJECT/1151/12026_1EDSE0165020.pdf,https://webapss.ncue.edu.tw/Teacher/Reports/OB020.aspx?yms_year=115&yms_sms=1&emp_id=0000989
1467,12025,特教二,特殊教育課程理念與規劃,,組必修,,否,2,田凱倩,至善館,(三) 03-04 12403,50,34,34,限本班,,Concept and Planning for Special Education Curriculum,中文,https://webap0.ncue.edu.tw/DEANV2/UploadDEAN/SUBJECT/1151/12025_1EDSE0179120.pdf,https://webapss.ncue.edu.tw/Teacher/Reports/OB020.aspx?yms_year=115&yms_sms=1&emp_id=0000989
1468,12024,特教二,資賦優異教育概論,,組必修,,否,2,張靖卿,至善館,(二) 06-07 12403,50,22,22,限本班,1.特教學程(資優)教育基礎必修2.資優教育課程模式先修課程,Introduction for Gifted Education,中文,https://webap0.ncue.edu.tw/DEANV2/UploadDEAN/SUBJECT/1151/12024_1EDSE0167720.pdf,https://webapss.ncue.edu.tw/Teacher/Reports/OB020.aspx?yms_year=115&yms_sms=1&emp_id=0000913
1469,12023,特教二,心理與教育測驗,,系必修,,否,2,黃瓊蓉,明德館,(二) 03-04 11401,50,34,34,限本班,,Measurement in Psychology & Education,中文,https://webap0.ncue.edu.tw/DEANV2/UploadDEAN/SUBJECT/1151/12023_1EDSE0006320.pdf,https://webapss.ncue.edu.tw/Teacher/Reports/OB020.aspx?yms_year=115&yms_sms=1&emp_id=0000576
1470,12022,特教一,特殊教育導論,,系必修,,否,3,王敬儒,至善館,(四) 01-03 12401,50,0,0,限本班,特教學程(身障/資優)教育基礎必修,Introduction to Special Education,中文,https://webap0.ncue.edu.tw/DEANV2/UploadDEAN/SUBJECT/1151/12022_1EDSE0018430.pdf,https://webapss.ncue.edu.tw/Teacher/Reports/OB020.aspx?yms_year=115&yms_sms=1&emp_id=9901309
1471,12021,特教一,視覺障礙,,組選修,,否,2,張家瑞,至善館,(三) 01-02 12401,50,0,0,限本班,視覺障礙需求次專長先修課程,Visual Impairment,中文,https://webap0.ncue.edu.tw/DEANV2/UploadDEAN/SUBJECT/1151/12021_1EDSE0017720.pdf,https://webapss.ncue.edu.tw/Teacher/Reports/OB020.aspx?yms_year=115&yms_sms=1&emp_id=0001127
1472,12020,特教一,聽覺障礙,,組選修,,否,2,楊雅惠,至善館,(二) 07-08 12401,50,0,0,限本班,聽力與語言需求次專長先修課程,Hearing Impairment,中文,https://webap0.ncue.edu.tw/DEANV2/UploadDEAN/SUBJECT/1151/12020_1EDSE0019920.pdf,https://webapss.ncue.edu.tw/Teacher/Reports/OB020.aspx?yms_year=115&yms_sms=1&emp_id=0000850
1473,12019,特教一,創造力教育,,組必修,,否,2,陳宥妤,至善館,(二) 05-06 12401,50,0,0,限本班,特教學程(資優)特需必修,Creativity,中文,https://webap0.ncue.edu.tw/DEANV2/UploadDEAN/SUBJECT/1151/12019_1EDSE0019320.pdf,https://webapss.ncue.edu.tw/Teacher/Reports/OB020.aspx?yms_year=115&yms_sms=1&emp_id=9901183
1474,12018,特教一,心理與教育統計,,系必修,,否,2,王智弘,至善館,(一) 05-06 12401,50,0,0,限本班,,Basic Statistics in Psychology & Education,中文,https://webap0.ncue.edu.tw/DEANV2/UploadDEAN/SUBJECT/1151/12018_1EDSE0006920.pdf,https://webapss.ncue.edu.tw/Teacher/Reports/OB020.aspx?yms_year=115&yms_sms=1&emp_id=0000814
1475,12017,特殊教育碩士在職專班二,論文,,系必修,,否,0,論文,,,30,0,10,限本系,,Thesis,中文,https://webap0.ncue.edu.tw/DEANV2/UploadDEAN/SUBJECT/1151/12017_1EDSEE171000.pdf,
1476,12016,特殊教育碩士在職專班二,個別化教育計畫與實務,,系必修,,否,3,張家瑞,至善館,(三) 10-12 12302,30,0,8,限本系,,Individualized-Education Design and Practice,中文,https://webap0.ncue.edu.tw/DEANV2/UploadDEAN/SUBJECT/1151/12016_1EDSEE189930.pdf,https://webapss.ncue.edu.tw/Teacher/Reports/OB020.aspx?yms_year=115&yms_sms=1&emp_id=0001127
1477,12015,特殊教育碩士在職專班二,社會及行為科學研究法,,系必修,,否,3,陳怡慧,至善館,(二) 10-12 12302,30,0,8,限本系,,Research Methods of Social & Behavioral Science,中文,https://webap0.ncue.edu.tw/DEANV2/UploadDEAN/SUBJECT/1151/12015_1EDSEE187030.pdf,https://webapss.ncue.edu.tw/Teacher/Reports/OB020.aspx?yms_year=115&yms_sms=1&emp_id=0000898
1478,12013,特殊教育碩士在職專班一,適應行為評量與教學專題研究,,系選修,,否,2,林翠英,至善館,(二) 10-11 12301,30,0,9,限本班,,Seminar in adaptive behavior assessment and instruction for individuals with disabilities,中文,https://webap0.ncue.edu.tw/DEANV2/UploadDEAN/SUBJECT/1151/12013_1EDSEE173720.pdf,https://webapss.ncue.edu.tw/Teacher/Reports/OB020.aspx?yms_year=115&yms_sms=1&emp_id=9901356
1479,12011,特復碩二,應用行為分析專題研究,,系選修,,否,3,鳳華,至善館,(四) 05-07 特研a,20,2,2,限本系,,Seminar in Apply Behavior Analysis,中文,https://webap0.ncue.edu.tw/DEANV2/UploadDEAN/SUBJECT/1151/12011_1EDSE3176630.pdf,https://webapss.ncue.edu.tw/Teacher/Reports/OB020.aspx?yms_year=115&yms_sms=1&emp_id=0000543
1480,12010,特復碩三,駐地實習(A),,系選修,,否,3,鄭鈴諭,至善館,(五) 05-07 12120教材教法與實習室,20,5,5,限本班,,Internship (A),無,,https://webapss.ncue.edu.tw/Teacher/Reports/OB020.aspx?yms_year=115&yms_sms=1&emp_id=9901175
1481,12009,特復碩三,應用行為分析實習,,系選修,,否,4,鳳華,至善館,(五) 01-04 12120教材教法與實習室,20,2,2,限本班,,Field Experience of ABA,無,,https://webapss.ncue.edu.tw/Teacher/Reports/OB020.aspx?yms_year=115&yms_sms=1&emp_id=0000543
1482,12008,特復碩二,復健諮商實習(二),,系必修,,否,2,黃宜君鳳華,湖濱館,(一) 01 湖濱3樓討論室 (二) 01 湖濱3樓討論室,20,9,9,限本班,,Field Experience/Practicum of Special Education & Rehabilitation Counseling (II),無,,https://webapss.ncue.edu.tw/Teacher/Reports/OB020.aspx?yms_year=115&yms_sms=1&emp_id=0000966
1483,12007,特復碩二,諮商倫理,,系選修,,否,3,陳嘉雯,至善館,(一) 05-07 12120教材教法與實習室,20,7,7,限本系,,Ethics in Counseling,中文,https://webap0.ncue.edu.tw/DEANV2/UploadDEAN/SUBJECT/1151/12007_1EDSE2195030.pdf,https://webapss.ncue.edu.tw/Teacher/Reports/OB020.aspx?yms_year=115&yms_sms=1&emp_id=9901317
1484,12006,特復碩二,諮商與心理治療實務,,系選修,,否,3,李華璋,至善館,(三) 05-07 12120教材教法與實習室,20,7,7,限本系,,Practice of Counseling & Psychotherapy,無,,https://webapss.ncue.edu.tw/Teacher/Reports/OB020.aspx?yms_year=115&yms_sms=1&emp_id=9900800
1485,12004,特復碩一,復健醫學與復健諮商,,系選修,,否,3,黃宜君,至善館,(四) 02-04 12120教材教法與實習室,20,0,0,限本系,,Rehabilitation Medicine and Rehabilitation Counseling,無,,https://webapss.ncue.edu.tw/Teacher/Reports/OB020.aspx?yms_year=115&yms_sms=1&emp_id=0000966
1486,12003,特復碩一,自閉症專題研究,,系選修,,否,3,鳳華,至善館,(二) 05-07 特研a,20,4,4,限本系,,Professional Seminar in Autism,中文,https://webap0.ncue.edu.tw/DEANV2/UploadDEAN/SUBJECT/1151/12003_1EDSE2024830.pdf,https://webapss.ncue.edu.tw/Teacher/Reports/OB020.aspx?yms_year=115&yms_sms=1&emp_id=0000543
1487,12002,特復碩一,復健諮商議題與趨勢,,組必修,,否,3,黃宜君,至善館,(二) 02-04 特研a,20,0,0,限本系,,Issues and Trends in Rehabilitation Counseling,無,,https://webapss.ncue.edu.tw/Teacher/Reports/OB020.aspx?yms_year=115&yms_sms=1&emp_id=0000966
1488,12001,特教一,人工智慧及其應用,,校必(通識),,否,2,陳怡慧,圖書館,(五) 05-06 電四教室,50,0,0,限本班,大二~大四生如要修習，以線上加簽方式,Artificial Intelligence and Its Application,中文,https://webap0.ncue.edu.tw/DEANV2/UploadDEAN/SUBJECT/1151/12001_0CCGE0181420.pdf,https://webapss.ncue.edu.tw/Teacher/Reports/OB020.aspx?yms_year=115&yms_sms=1&emp_id=0000898
1489,110A8,心理健康與諮詢夜碩三A,論文指導,,系必修,,否,4,論文,,,30,0,4,限本班,,Thesis Supervision,中文,https://webap0.ncue.edu.tw/DEANV2/UploadDEAN/SUBJECT/1151/110A8_1EDGCE155740.pdf,
1490,110A7,輔碩三,駐地實習A丙組,,系選修,,否,3,李華璋,明德館,(五) 06-08 博士班教室二,20,9,9,限本系,此為碩三學年課程，前學期通過全職實習申請者，方得選修；採分組督導修習，請對應督導老師選擇組別。本組12人以內修習為宜。,Internship A,無,,https://webapss.ncue.edu.tw/Teacher/Reports/OB020.aspx?yms_year=115&yms_sms=1&emp_id=9900800
1491,110A6,心理健康與諮詢夜碩二A,質性研究與計畫寫作,,系選修,,否,2,林淑華,明德館,(三) 10-13 11201,25,0,6,限本班,雙數週上課，每次4小時。第一堂課為９月２３日。,Qualitative Research and Proposal Writing,中文,https://webap0.ncue.edu.tw/DEANV2/UploadDEAN/SUBJECT/1151/110A6_1EDGCE162820.pdf,https://webapss.ncue.edu.tw/Teacher/Reports/OB020.aspx?yms_year=115&yms_sms=1&emp_id=0001141
1492,110A5,心理健康與諮詢夜碩二A,論文,,系必修,,否,0,論文,,,90,0,38,限本系,延修生維持學籍及本學期欲畢業者(提學位考)必選。,Thesis,中文,https://webap0.ncue.edu.tw/DEANV2/UploadDEAN/SUBJECT/1151/110A5_1EDGCE145500.pdf,
1493,110A4,心理健康與諮詢夜碩二B,情緒管理與壓力調適研究,,系選修,,否,2,鄭鈴諭,明德館,(六) 01-04 11103,30,0,7,限本班,單數週上課，每次4小時。第一堂課為９月１９日。,Seminar in Emotional Management and Stress Adaptation,無,,https://webapss.ncue.edu.tw/Teacher/Reports/OB020.aspx?yms_year=115&yms_sms=1&emp_id=9901175
1494,110A3,心理健康與諮詢夜碩二B,正念與存在藝術治療研究,,系選修,,否,2,吳明富,明德館,(三) 10-13 B1多功能教室,25,0,18,限本班,雙數週上課，每次4小時。第一堂課為９月２３日。,The Study on Mindfulness and Existential Arts Therapy,中文,https://webap0.ncue.edu.tw/DEANV2/UploadDEAN/SUBJECT/1151/110A3_1EDGCE162320.pdf,https://webapss.ncue.edu.tw/Teacher/Reports/OB020.aspx?yms_year=115&yms_sms=1&emp_id=0001164
1495,110A2,心理健康與諮詢夜碩二B,專題論文寫作,,系選修,,否,2,怡懋．蘇米,明德館,(三) 10-13 11202,30,0,7,限本班,單數週上課，每次4小時。第一堂課為９月１６日。,Feature Thesis Writing,無,,https://webapss.ncue.edu.tw/Teacher/Reports/OB020.aspx?yms_year=115&yms_sms=1&emp_id=0001193
1496,110A1,心理健康與諮詢夜碩二B,團體輔導研究,,系必修,,否,2,陳尚綾,明德館,(二) 10-11 團體諮商室 (二) 12-13 團諮室1(G01),30,0,21,限本班,雙數週上課，每次4小時。第一堂課為９月２２日。,Seminar in Group Guidance,中文,https://webap0.ncue.edu.tw/DEANV2/UploadDEAN/SUBJECT/1151/110A1_1EDGCE145320.pdf,https://webapss.ncue.edu.tw/Teacher/Reports/OB020.aspx?yms_year=115&yms_sms=1&emp_id=0000433
1497,11099,心理健康與諮詢夜碩二B,會談技巧,,系必修,,否,2,梁翠梅,明德館,(二) 10-13 碩士班教室一,25,0,19,限本班,單數週上課，每次4小時。第一堂課為９月１５日。,Interviewing Skills,中文,https://webap0.ncue.edu.tw/DEANV2/UploadDEAN/SUBJECT/1151/11099_1EDGCE145220.pdf,https://webapss.ncue.edu.tw/Teacher/Reports/OB020.aspx?yms_year=115&yms_sms=1&emp_id=9900293
1498,11098,心理健康與諮詢夜碩二B,心理評量研究與應用,,系選修,,否,2,黃景逸,明德館,(一) 10-11 測驗實務教室,30,0,10,限本班,每週上課2小時。第一堂課為９月１４日。,Seminar on psychological assessment and Application,中文,https://webap0.ncue.edu.tw/DEANV2/UploadDEAN/SUBJECT/1151/11098_1EDGCE162620.pdf,https://webapss.ncue.edu.tw/Teacher/Reports/OB020.aspx?yms_year=115&yms_sms=1&emp_id=0001221
1499,11097,心理健康與諮詢夜碩二A,正念心理治療研究,,系選修,,否,2,陳尚綾,明德館,(四) 10-13 B1多功能教室,30,0,14,限本班,雙數週上課，每次4小時。第一堂課為９月２４日。,Seminar in Mindfulness Psychotherapy,中文,https://webap0.ncue.edu.tw/DEANV2/UploadDEAN/SUBJECT/1151/11097_1EDGCE166520.pdf,https://webapss.ncue.edu.tw/Teacher/Reports/OB020.aspx?yms_year=115&yms_sms=1&emp_id=0000433
1500,11096,心理健康與諮詢夜碩二A,正向心理學研究,,系選修,,否,2,孫繼光,明德館,(四) 10-13 11401,30,0,9,限本班,單數週上課，每次4小時。第一堂課為９月１７日。,Seminar in Positive Psychology,無,,https://webapss.ncue.edu.tw/Teacher/Reports/OB020.aspx?yms_year=115&yms_sms=1&emp_id=0001178
1501,11095,心理健康與諮詢夜碩二A,婚姻與家庭諮商研究,,系選修,,否,2,程婉若,明德館,(三) 10-13 11201,30,0,5,限本班,單數週上課，每次4小時。第一堂課為９月１６日。,Seminar in Marriage and Family Counseling,無,,https://webapss.ncue.edu.tw/Teacher/Reports/OB020.aspx?yms_year=115&yms_sms=1&emp_id=0001020
1502,11094,心理健康與諮詢夜碩二A,會談技巧,,系必修,,否,2,梁翠梅,明德館,(二) 10-13 碩士班教室一,25,0,14,限本班,雙數週上課，每次4小時。第一堂課為９月２２日。,Interviewing Skills,中文,https://webap0.ncue.edu.tw/DEANV2/UploadDEAN/SUBJECT/1151/11094_1EDGCE145220.pdf,https://webapss.ncue.edu.tw/Teacher/Reports/OB020.aspx?yms_year=115&yms_sms=1&emp_id=9900293
1503,11093,心理健康與諮詢夜碩二A,團體輔導研究,,系必修,,否,2,陳尚綾,明德館,(二) 10-11 團體諮商室 (二) 12-13 團諮室1(G01),30,0,14,限本班,單數週上課，每次4小時。第一堂課為９月１５日。,Seminar in Group Guidance,中文,https://webap0.ncue.edu.tw/DEANV2/UploadDEAN/SUBJECT/1151/11093_1EDGCE145320.pdf,https://webapss.ncue.edu.tw/Teacher/Reports/OB020.aspx?yms_year=115&yms_sms=1&emp_id=0000433
1504,11092,心理健康與諮詢夜碩一B,員工協助方案研究,,系必修,,否,2,鍾燕宜,明德館,(二) 10-13 測驗實務教室,30,0,16,限本班,雙數週上課，每次4小時。第一堂課為９月２２日。,Seminar in Employee Assistance Programs,中英,https://webap0.ncue.edu.tw/DEANV2/UploadDEAN/SUBJECT/1151/11092_1EDGCE142820.pdf,https://webapss.ncue.edu.tw/Teacher/Reports/OB020.aspx?yms_year=115&yms_sms=1&emp_id=9900466
1505,11091,心理健康與諮詢夜碩一B,研究方法與計畫寫作,,系必修,,否,2,王翊涵,明德館,(二) 10-13 11202,25,0,17,限本班,單數週上課，每次4小時。第一堂課為９月１５日。,Research Methods and Proposal Writing,中文,https://webap0.ncue.edu.tw/DEANV2/UploadDEAN/SUBJECT/1151/11091_1EDGCE162720.pdf,https://webapss.ncue.edu.tw/Teacher/Reports/OB020.aspx?yms_year=115&yms_sms=1&emp_id=0001045
1506,11090,心理健康與諮詢夜碩一B,諮商理論研究,,系必修,,否,2,林淑君,明德館,(一) 10-11 11202,30,0,17,限本班,每週上課2小時。第一堂課為９月１４日。,Seminar in Counseling Theories,中文,https://webap0.ncue.edu.tw/DEANV2/UploadDEAN/SUBJECT/1151/11090_1EDGCE144820.pdf,https://webapss.ncue.edu.tw/Teacher/Reports/OB020.aspx?yms_year=115&yms_sms=1&emp_id=0001079
1507,11089,心理健康與諮詢夜碩一A,諮商理論研究,,系必修,,否,2,羅家玲,明德館,(四) 10-13 團體諮商室,25,0,15,限本班,雙數週上課，每次4小時。第一堂課為９月２４日。,Seminar in Counseling Theories,中文,https://webap0.ncue.edu.tw/DEANV2/UploadDEAN/SUBJECT/1151/11089_1EDGCE144820.pdf,https://webapss.ncue.edu.tw/Teacher/Reports/OB020.aspx?yms_year=115&yms_sms=1&emp_id=0000434
1508,11088,心理健康與諮詢夜碩一A,研究方法與計畫寫作,,系必修,,否,2,趙淑珠,明德館,(三) 10-13 碩士班教室一,25,0,14,限本班,單數週上課，每次4小時。第一堂課為９月１６日。,Research Methods and Proposal Writing,中文,https://webap0.ncue.edu.tw/DEANV2/UploadDEAN/SUBJECT/1151/11088_1EDGCE162720.pdf,https://webapss.ncue.edu.tw/Teacher/Reports/OB020.aspx?yms_year=115&yms_sms=1&emp_id=0000568
1509,11087,心理健康與諮詢夜碩一A,員工協助方案研究,,系必修,,否,2,鍾燕宜,明德館,(二) 10-13 測驗實務教室,30,0,15,限本班,單數週上課，每次4小時。第一堂課為９月１５日。,Seminar in Employee Assistance Programs,中英,https://webap0.ncue.edu.tw/DEANV2/UploadDEAN/SUBJECT/1151/11087_1EDGCE142820.pdf,https://webapss.ncue.edu.tw/Teacher/Reports/OB020.aspx?yms_year=115&yms_sms=1&emp_id=9900466
1510,11086,心理健康與諮詢夜碩一A,心理諮詢研究,,系必修,,否,2,陳雪均,明德館,(一) 10-11 碩士班教室一,25,0,14,限本班,每週上課2小時。第一堂課為９月１４日。,Seminar in Psychological Consultation,中文,https://webap0.ncue.edu.tw/DEANV2/UploadDEAN/SUBJECT/1151/11086_1EDGCE167020.pdf,https://webapss.ncue.edu.tw/Teacher/Reports/OB020.aspx?yms_year=115&yms_sms=1&emp_id=0001130
1511,11085,輔博二,心理評量專題研究,,系選修,,否,3,,明德館,(四) 02-04 博士班教室一,20,0,0,限本班,此課程擬調整（教師待聘中)，請於加退選期間再進行加選。,Seminar in Psychological Assessment,無,,
1512,11084,輔婚家碩三,駐地實習A,,組選修,,否,3,林淑君,明德館,(五) 03-05 碩士班教室一,20,11,11,限本系,此為碩三學年課程，前學期通過全職實習申請者，方得選修；採分組督導修習，請對應督導老師選擇組別。本組15人以內修習為宜。,Internship A,中文,https://webap0.ncue.edu.tw/DEANV2/UploadDEAN/SUBJECT/1151/11084_1EDGC2152030.pdf,https://webapss.ncue.edu.tw/Teacher/Reports/OB020.aspx?yms_year=115&yms_sms=1&emp_id=0001079
1513,11083,輔婚家碩二,論文,,系必修,,否,0,論文,,,20,3,3,限本系,本學期欲畢業者必選。(學位考用),Thesis,無,,
1514,11082,輔婚家碩二,論文指導(二),,系必修,,否,3,論文,,,30,6,6,限本系,未請定指導教授完成者，勿選此門課程；誤選者，若無法取得成績，學分費與成績責任請自負。,Thesis Supervision II,無,,
1515,11081,輔婚家碩二,伴侶諮商研究,,組必修,,否,3,程婉若,明德館,(三) 06-08 博士班教室二,20,12,12,限本系,,Couple Therapy,無,,https://webapss.ncue.edu.tw/Teacher/Reports/OB020.aspx?yms_year=115&yms_sms=1&emp_id=0001020
1516,11080,輔婚家碩二,結構學派家族治療,,組選修,,否,3,董智慧,明德館,(三) 02-04 博士班教室二,20,7,7,限本系,,Structure Family Therapy,中英,https://webap0.ncue.edu.tw/DEANV2/UploadDEAN/SUBJECT/1151/11080_1EDGC2165230.pdf,https://webapss.ncue.edu.tw/Teacher/Reports/OB020.aspx?yms_year=115&yms_sms=1&emp_id=9900916
1517,11079,輔婚家碩二,諮商實務,,組必修,,否,3,王翊涵,明德館,(二) 06-08 碩士班教室一,20,1,1,限本班,先修科目為[家庭諮商研究]。此課程有擋修，請於加退選期間再進行加選。,Counseling Pre-practicum,中文,https://webap0.ncue.edu.tw/DEANV2/UploadDEAN/SUBJECT/1151/11079_1EDGC2155330.pdf,https://webapss.ncue.edu.tw/Teacher/Reports/OB020.aspx?yms_year=115&yms_sms=1&emp_id=0001045
1518,11078,輔婚家碩二,心理評量研究,,組選修,,否,3,張泰銓,明德館,(一) 06-08 測驗實務教室,20,21,20,限本系,輔碩二和婚碩二兩班選修人數，請盡量均衡。強烈建議先修過大學層級心理測驗或同等內容課程；另請一位教師協同教學。,Measurement and Appraisal in Counseling,中文,https://webap0.ncue.edu.tw/DEANV2/UploadDEAN/SUBJECT/1151/11078_1EDGC2149130.pdf,https://webapss.ncue.edu.tw/Teacher/Reports/OB020.aspx?yms_year=115&yms_sms=1&emp_id=0001175
1519,11077,輔碩三,駐地實習A甲組,,系選修,,否,3,陳尚綾,明德館,(五) 06-08 測驗實務教室,20,10,10,限本班,此為碩三學年課程，前學期通過全職實習申請者，方得選修；採分組督導修習，請對應督導老師選擇組別。本組15人以內修習為宜。,Internship A,中文,https://webap0.ncue.edu.tw/DEANV2/UploadDEAN/SUBJECT/1151/11077_1EDGC2080730.pdf,https://webapss.ncue.edu.tw/Teacher/Reports/OB020.aspx?yms_year=115&yms_sms=1&emp_id=0000433
1520,11076,輔碩三,駐地實習A乙組,,系選修,,否,3,羅家玲,明德館,(五) 03-05 團諮室1(G01),20,10,10,限本班,此為碩三學年課程，前學期通過全職實習申請者，方得選修；採分組督導修習，請對應督導老師選擇組別。本組15人以內修習為宜。,Internship A,中文,https://webap0.ncue.edu.tw/DEANV2/UploadDEAN/SUBJECT/1151/11076_1EDGC2080830.pdf,https://webapss.ncue.edu.tw/Teacher/Reports/OB020.aspx?yms_year=115&yms_sms=1&emp_id=0000434
1521,11075,輔碩二,論文,,系必修,,否,0,論文,,,40,10,10,限本系,本學期欲畢業者必選。(學位考用),Thesis,無,,
1522,11074,輔碩二,論文指導(一),,系必修,,否,3,論文,,,40,20,20,限本系,未請定指導教授完成者，勿選此門課程；誤選者，若無法取得成績，學費與成績責任請自負。,Thesis Supervision I,無,,
1523,11072,輔碩二,諮商實習(B),,系必修,,否,3,陳尚綾,明德館,(一) 02-04 博士班教室二,20,10,10,限本系,請依本系相關實習辦法於前一期申請實習成功，方能選修。此課程有擋修，請於加退選期間再進行加選。,Counseling Practicum (B),中文,https://webap0.ncue.edu.tw/DEANV2/UploadDEAN/SUBJECT/1151/11072_1EDGC2113530.pdf,https://webapss.ncue.edu.tw/Teacher/Reports/OB020.aspx?yms_year=115&yms_sms=1&emp_id=0000433
1524,11071,輔碩二,諮商倫理與法規研究,,系必修,,否,3,韓楷檉,明德館,(三) 02-04 碩士班教室一,30,30,30,限本系,,Seminar on Ethical  & Legal  Issues in Counseling,中文,https://webap0.ncue.edu.tw/DEANV2/UploadDEAN/SUBJECT/1151/11071_1EDGC2147530.pdf,https://webapss.ncue.edu.tw/Teacher/Reports/OB020.aspx?yms_year=115&yms_sms=1&emp_id=9900201
1525,11070,輔碩二,表創性藝術治療倫理與督導,,系選修,,否,3,吳明富,明德館,(二) 06-08 B1多功能教室,20,5,5,限本系,,Expressive-Creative Arts Therapies Ethics and Supervision,中文,https://webap0.ncue.edu.tw/DEANV2/UploadDEAN/SUBJECT/1151/11070_1EDGC2163430.pdf,https://webapss.ncue.edu.tw/Teacher/Reports/OB020.aspx?yms_year=115&yms_sms=1&emp_id=0001164
1526,11069,輔碩二,諮商實習(A),,系必修,,否,3,陳尚綾,明德館,(一) 07-09 博士班教室二,20,21,20,限本系,請依本系相關實習辦法於前一期申請實習成功，方能選修。此課程有擋修，請於加退選期間再進行加選。,Counseling Practicum (A),中文,https://webap0.ncue.edu.tw/DEANV2/UploadDEAN/SUBJECT/1151/11069_1EDGC2113430.pdf,https://webapss.ncue.edu.tw/Teacher/Reports/OB020.aspx?yms_year=115&yms_sms=1&emp_id=0000433
1527,11068,輔碩二,心理評量研究,,系必修,,否,3,張泰銓,明德館,(一) 03-04、14 測驗實務教室,20,20,20,限本班,輔碩二和婚碩二兩班選修人數，請盡量均衡。強烈建議先修過大學層級心理測驗或同等內容課程；另請一位教師協同教學。,Measurement and Appraisal in Counseling,中文,https://webap0.ncue.edu.tw/DEANV2/UploadDEAN/SUBJECT/1151/11068_1EDGC2064630.pdf,https://webapss.ncue.edu.tw/Teacher/Reports/OB020.aspx?yms_year=115&yms_sms=1&emp_id=0001175
1528,11067,輔婚家碩一,研究方法,,系必修,,否,3,劉淑慧,明德館,(四) 06-08 碩士班教室一,20,0,0,限本系,本課程與輔碩一[研究方法]修習人數請均衡。,Research Methods,中文,https://webap0.ncue.edu.tw/DEANV2/UploadDEAN/SUBJECT/1151/11067_1EDGC2064330.pdf,https://webapss.ncue.edu.tw/Teacher/Reports/OB020.aspx?yms_year=115&yms_sms=1&emp_id=0000472
1529,11066,輔婚家碩一,伴侶、婚姻與家庭研究,,組必修,,否,3,趙淑珠,明德館,(三) 02-04  階梯教室(輔諮),20,0,0,限本班,,"Seminar in Couple, Marriage and Family Studies",中文,https://webap0.ncue.edu.tw/DEANV2/UploadDEAN/SUBJECT/1151/11066_1EDGC2153130.pdf,https://webapss.ncue.edu.tw/Teacher/Reports/OB020.aspx?yms_year=115&yms_sms=1&emp_id=0000568
1530,11064,輔碩一,研究方法,,系必修,,否,3,劉淑慧,明德館,(四) 02-04 碩士班教室一,20,0,0,限本班,本課程與婚碩一[研究方法]修習人數請均衡。,Research Methods,中文,https://webap0.ncue.edu.tw/DEANV2/UploadDEAN/SUBJECT/1151/11064_1EDGC2064330.pdf,https://webapss.ncue.edu.tw/Teacher/Reports/OB020.aspx?yms_year=115&yms_sms=1&emp_id=0000472
1531,11063,輔碩一,學術定向與專業成長,,系必修,,否,1,孫繼光,明德館,(三) 05-06 借明德館演講廳,42,1,1,限本系,,Academic and Professional Development,無,,https://webapss.ncue.edu.tw/Teacher/Reports/OB020.aspx?yms_year=115&yms_sms=1&emp_id=0001178
1532,11062,輔碩一,諮商理論研究,,系必修,,否,3,林淑君,明德館,(一) 06-08 碩士班教室一,40,0,0,限本班,先備科目為學士班的[諮商技巧](實務課程)。,Theories in Counseling,中文,https://webap0.ncue.edu.tw/DEANV2/UploadDEAN/SUBJECT/1151/11062_1EDGC2132330.pdf,https://webapss.ncue.edu.tw/Teacher/Reports/OB020.aspx?yms_year=115&yms_sms=1&emp_id=0001079
1533,11061,輔導碩博,質性研究,,系選修,,否,3,趙淑珠,明德館,(四) 02-04 測驗實務教室,20,17,17,限本系,,Qualitative Research,中文,https://webap0.ncue.edu.tw/DEANV2/UploadDEAN/SUBJECT/1151/11061_1EDGC3163330.pdf,https://webapss.ncue.edu.tw/Teacher/Reports/OB020.aspx?yms_year=115&yms_sms=1&emp_id=0000568
1534,11060,輔導碩博,榮格心理治療專題研究,,系選修,,否,3,陳雪均,明德館,(三) 02-04 測驗實務教室,20,3,3,限本系,實際課程時間與欲修課者共同討論決定,Seminar of Jungian Psychotherapy,中文,https://webap0.ncue.edu.tw/DEANV2/UploadDEAN/SUBJECT/1151/11060_1EDGC3155830.pdf,https://webapss.ncue.edu.tw/Teacher/Reports/OB020.aspx?yms_year=115&yms_sms=1&emp_id=0001130
1535,11059,輔導碩博,表創性藝術治療評估與處遇,,系選修,,否,3,吳明富,明德館,(四) 06-08 B1多功能教室,20,8,8,限本系,,Expressive-Creative Arts Therapies Assessment and Intervention,中文,https://webap0.ncue.edu.tw/DEANV2/UploadDEAN/SUBJECT/1151/11059_1EDGC3167630.pdf,https://webapss.ncue.edu.tw/Teacher/Reports/OB020.aspx?yms_year=115&yms_sms=1&emp_id=0001164
1536,11058,輔導碩博,性別暴力防治專題研究,,系選修,,否,3,葉怡伶,明德館,(三) 06-08 博士班教室一,20,6,6,限本系,,Seminar in Gender-based Violence Prevention,無,,https://webapss.ncue.edu.tw/Teacher/Reports/OB020.aspx?yms_year=115&yms_sms=1&emp_id=0001105
1537,11056,輔導碩博,心理劇專題研究,,系選修,,否,3,鄒繼礎,明德館,(三) 06-08 B1多功能教室,20,13,13,限本系,,Seminar in Psychodrama,無,,https://webapss.ncue.edu.tw/Teacher/Reports/OB020.aspx?yms_year=115&yms_sms=1&emp_id=9901279
1538,11055,輔導碩博,多變量分析,,系選修,,否,3,林清文,明德館,(二) 02-04 博士班教室一,20,10,10,限本系,,Multivariate Statistical Analysis,中文,https://webap0.ncue.edu.tw/DEANV2/UploadDEAN/SUBJECT/1151/11055_1EDGC3166330.pdf,https://webapss.ncue.edu.tw/Teacher/Reports/OB020.aspx?yms_year=115&yms_sms=1&emp_id=9901232
1539,11054,輔導碩博,多元文化諮商研究,,系選修,,否,3,王翊涵,明德館,(二) 02-04 碩士班教室一,20,6,6,限本系,,Seminar in Multicultural Counseling,中文,https://webap0.ncue.edu.tw/DEANV2/UploadDEAN/SUBJECT/1151/11054_1EDGC3112630.pdf,https://webapss.ncue.edu.tw/Teacher/Reports/OB020.aspx?yms_year=115&yms_sms=1&emp_id=0001045
1540,11053,輔博三,論文,,系必修,,否,0,論文,,,20,2,2,限本系,本學期欲畢業者必選。(學籍用),Thesis,無,,
1541,11052,輔博三,論文指導(一),,系必修,,否,3,論文,,,20,5,5,限本系,此課程為與指導教授meeting；未請定指導教授者，請盡速辦理。,Thesis Supervision I,無,,
1542,11051,輔博二,進階團體諮商實務,,系選修,,否,3,謝麗紅,明德館,(二) 06-08 教研B,20,3,3,限本班,需先修博班[團體諮商專題研究],Advanced Group Counseling Practicum,中文,https://webap0.ncue.edu.tw/DEANV2/UploadDEAN/SUBJECT/1151/11051_1EDGC1060130.pdf,https://webapss.ncue.edu.tw/Teacher/Reports/OB020.aspx?yms_year=115&yms_sms=1&emp_id=0000073
1543,11050,輔博二,家庭諮商專題研究,,系選修,,否,3,郭麗安,明德館,(二) 06-08 博士班教室一,20,4,4,限本系,,Seminar in Family Counseling,中文,https://webap0.ncue.edu.tw/DEANV2/UploadDEAN/SUBJECT/1151/11050_1EDGC1058530.pdf,https://webapss.ncue.edu.tw/Teacher/Reports/OB020.aspx?yms_year=115&yms_sms=1&emp_id=9901127
1544,11049,輔博二,諮商與督導實作(一),,系必修,,否,3,林淑華,明德館,(二) 06-08 博士班教室二,20,3,3,限本系,請依本系相關實習(實作)辦法於前一期申請實習成功，方能選修。此課程有擋修，請於加退選期間再進行加選。,Counseling and Supervision Practice I,中文,https://webap0.ncue.edu.tw/DEANV2/UploadDEAN/SUBJECT/1151/11049_1EDGC1163130.pdf,https://webapss.ncue.edu.tw/Teacher/Reports/OB020.aspx?yms_year=115&yms_sms=1&emp_id=0001141
1545,11048,輔博二,進階諮商實務,,系必修,,否,3,謝麗紅,明德館,(四) 06-08 博士班教室一,20,3,3,限本班,需先修碩班[諮商實務]與博班[諮商理論專題研究],Advanced Counseling Practicum,中文,https://webap0.ncue.edu.tw/DEANV2/UploadDEAN/SUBJECT/1151/11048_1EDGC1060030.pdf,https://webapss.ncue.edu.tw/Teacher/Reports/OB020.aspx?yms_year=115&yms_sms=1&emp_id=0000073
1546,11047,輔博一,諮商理論專題研究,,系必修,,否,3,羅家玲,明德館,(三) 02-04 博士班教室一,20,0,0,限本班,需先修碩班[諮商理論研究],Seminar in Counseling Theories,無,,https://webapss.ncue.edu.tw/Teacher/Reports/OB020.aspx?yms_year=115&yms_sms=1&emp_id=0000434
1547,11045,輔四乙,社會工作實習(一),,組選修,,否,3,白倩如葉怡伶林武雄黃瑞杉王翊涵藍元杉,明德館,(五) 07-09 11102,50,14,14,限本班,請依本系社工實習作業規定申請通過後，方能選修。,Social Work Practicum I,中文,https://webap0.ncue.edu.tw/DEANV2/UploadDEAN/SUBJECT/1151/11045_1EDGC0156330.pdf,https://webapss.ncue.edu.tw/Teacher/Reports/OB020.aspx?yms_year=115&yms_sms=1&emp_id=0001027
1548,11044,輔四乙,性別暴力防治,,系選修,,否,3,葉怡伶,明德館,(四) 07-09 214視聽教室,50,23,23,限本班,,Gender-based Violence Prevention,無,,https://webapss.ncue.edu.tw/Teacher/Reports/OB020.aspx?yms_year=115&yms_sms=1&emp_id=0001105
1549,11043,輔四乙,社會福利行政,,組選修,,否,3,黃瑞杉,明德館,(三) 10-12 11102,50,19,19,限本班,社工學程考證必備課程,Social Welfare Administration,無,,https://webapss.ncue.edu.tw/Teacher/Reports/OB020.aspx?yms_year=115&yms_sms=1&emp_id=9901039
1550,11042,輔四乙,個別諮商實習(一)B組,,系必修,,否,3,陳雪均,明德館,(四) 02-04 個別諮商室,30,14,14,限本班,基於教學設計，請A、B兩組選修人數盡量均衡(符合本班修習條件第19位~+延修生)為宜。此課程有擋修，請於加退選期間再進行加選。,Individual Counseling Practicum I,中文,https://webap0.ncue.edu.tw/DEANV2/UploadDEAN/SUBJECT/1151/11042_1EDGC0075430.pdf,https://webapss.ncue.edu.tw/Teacher/Reports/OB020.aspx?yms_year=115&yms_sms=1&emp_id=0001130
1551,11041,輔四乙,團體諮商實習(一)A組,,系必修,,否,4,梁翠梅,明德館,(三) 06-09 團體諮商室,30,10,10,限本班,基於教學設計，以本班前18位修習為佳(S1211101起符合修習條件者18位)。此課程有擋修，請於加退選期間再進行加選。,Group Counseling Practicum I,中文,https://webap0.ncue.edu.tw/DEANV2/UploadDEAN/SUBJECT/1151/11041_1EDGC0075040.pdf,https://webapss.ncue.edu.tw/Teacher/Reports/OB020.aspx?yms_year=115&yms_sms=1&emp_id=9900293
1552,11040,輔四乙,團體諮商實習(一)B組,,系必修,,否,4,鍾國誠,明德館,(二) 06-09 團體諮商室,30,14,14,限本班,基於教學設計，以本班第19位後選修本組(符合本班修習條件第19位~+延修生)為宜。此課程有擋修，請於加退選期間再進行加選。,Group Counseling Practicum I,無,,https://webapss.ncue.edu.tw/Teacher/Reports/OB020.aspx?yms_year=115&yms_sms=1&emp_id=9901287
1553,11039,輔四乙,方案設計與評估,,組選修,,否,3,白倩如,明德館,(三) 02-04 11202,50,20,20,限本班,「社會工作學分學程必修」以及「修習社會工作實習（二）前必修課程」,Program Planning and Evaluation,中文,https://webap0.ncue.edu.tw/DEANV2/UploadDEAN/SUBJECT/1151/11039_1EDGC0102530.pdf,https://webapss.ncue.edu.tw/Teacher/Reports/OB020.aspx?yms_year=115&yms_sms=1&emp_id=0001027
1554,11038,輔四乙,個別諮商實習(一)A組,,系必修,,否,3,程婉若,明德館,(一) 06-08 個別諮商室,30,11,11,限本班,基於教學設計，請A、B兩組選修人數盡量均衡(約S1211101起符合修習條件者18位)為宜。此課程有擋修，請於加退選期間再進行加選。,Individual Counseling Practicum I,無,,https://webapss.ncue.edu.tw/Teacher/Reports/OB020.aspx?yms_year=115&yms_sms=1&emp_id=0001020
1555,11036,輔四甲,團體諮商實習(一)B組,,系必修,,否,4,羅家玲劉均安,明德館,(四) 03-06 團體諮商室,30,16,16,限本班,基於教學設計，請A、B兩組選修人數盡量均衡(符合本班修習條件第23位~+延修生)為宜。此課程有擋修，請於加退選期間再進行加選。擬有新進教師協同開設.,Group Counseling Practicum I,中文,https://webap0.ncue.edu.tw/DEANV2/UploadDEAN/SUBJECT/1151/11036_1EDGC0074740.pdf,https://webapss.ncue.edu.tw/Teacher/Reports/OB020.aspx?yms_year=115&yms_sms=1&emp_id=0000434
1556,11035,輔四甲,個別諮商實習(一)B組,,系必修,,否,3,陳尚綾,明德館,(三) 07-09 個別諮商室,30,21,21,限本班,基於教學設計，請A、B兩組選修人數盡量均衡(符合本班修習條件第23位~+延修生)為宜。此課程有擋修，請於加退選期間再進行加選。,Individual Counseling Practicum I,中文,https://webap0.ncue.edu.tw/DEANV2/UploadDEAN/SUBJECT/1151/11035_1EDGC0075430.pdf,https://webapss.ncue.edu.tw/Teacher/Reports/OB020.aspx?yms_year=115&yms_sms=1&emp_id=0000433
1557,11034,輔四甲,學校方案規劃與評估,,組選修,,否,3,林淑華,明德館,(三) 02-04 11103,50,33,33,限本班,此課程有擋修，請於加退選期間再進行加選。國中綜合領域輔導專長必選備課程。,School Planning and Evaluation,中文,https://webap0.ncue.edu.tw/DEANV2/UploadDEAN/SUBJECT/1151/11034_1EDGC0158830.pdf,https://webapss.ncue.edu.tw/Teacher/Reports/OB020.aspx?yms_year=115&yms_sms=1&emp_id=0001141
1558,11033,輔四甲,輔導活動教學實習(一),,組選修,,否,2,吳寶嘉林淑華,明德館,(二) 10-11 11402,50,36,36,限本班,此為教育學程專業課程，需先修「輔導活動教材教法」方能選修。此課程有擋修，請於加退選期間再進行加選。,Counseling Activities Practicum(I),中文,https://webap0.ncue.edu.tw/DEANV2/UploadDEAN/SUBJECT/1151/11033_1EDGC0045020.pdf,https://webapss.ncue.edu.tw/Teacher/Reports/OB020.aspx?yms_year=115&yms_sms=1&emp_id=9901293
1559,11032,輔四甲,個別諮商實習(一)A組,,系必修,,否,3,林淑華,明德館,(二) 02 11201 (二) 03-04 個別諮商室,30,22,22,限本班,基於教學設計，請A、B兩組選修人數盡量均衡為佳(約S1211001起符合修習條件者22位)。此課程有擋修，請於加退選期間再進行加選。,Individual Counseling Practicum I,中文,https://webap0.ncue.edu.tw/DEANV2/UploadDEAN/SUBJECT/1151/11032_1EDGC0074330.pdf,https://webapss.ncue.edu.tw/Teacher/Reports/OB020.aspx?yms_year=115&yms_sms=1&emp_id=0001141
1560,11031,輔四甲,團體諮商實習(一)A組,,系必修,,否,4,卓翠玲,明德館,(一) 06-09 團體諮商室,30,21,21,限本班,基於教學設計，請A、B兩組選修人數盡量均衡為佳(約S1211001起符合修習條件者22位)。此課程有擋修，請於加退選期間再進行加選。,Group Counseling Practicum I,中文,https://webap0.ncue.edu.tw/DEANV2/UploadDEAN/SUBJECT/1151/11031_1EDGC0075040.pdf,https://webapss.ncue.edu.tw/Teacher/Reports/OB020.aspx?yms_year=115&yms_sms=1&emp_id=9901029
1561,11030,輔三乙,醫務暨精神醫務社會工作,,系選修,,否,3,陳亮螢,明德館,(五) 02-04 11103,50,29,29,限本系,,Medical and Psychiatric Social Work,無,,https://webapss.ncue.edu.tw/Teacher/Reports/OB020.aspx?yms_year=115&yms_sms=1&emp_id=9901365
1562,11029,輔三乙,犯罪矯正與行為輔導,,系選修,,否,3,黃景逸,明德館,(四) 06-08 11103,50,19,19,限本系,,Crime Correction and Behavior Guidance,中文,https://webap0.ncue.edu.tw/DEANV2/UploadDEAN/SUBJECT/1151/11029_1EDGC0159830.pdf,https://webapss.ncue.edu.tw/Teacher/Reports/OB020.aspx?yms_year=115&yms_sms=1&emp_id=0001221
1563,11028,輔三乙,青少年表達性媒材實務,,系選修,,否,3,吳明富,明德館,(四) 02-04 B1多功能教室,30,30,30,限本班,基於教學設計與場地因素，建議30人以內修習為宜。,The Practice of Expressive Arts for Adolescents,中文,https://webap0.ncue.edu.tw/DEANV2/UploadDEAN/SUBJECT/1151/11028_1EDGC0100730.pdf,https://webapss.ncue.edu.tw/Teacher/Reports/OB020.aspx?yms_year=115&yms_sms=1&emp_id=0001164
1564,11027,輔三乙,社會研究法,,組選修,,否,3,謝毅興,明德館,(三) 06-08 11201,50,35,35,限本系,社工考照必備，考研究所選備，歡迎選修。,Social Research Methods,中文,https://webap0.ncue.edu.tw/DEANV2/UploadDEAN/SUBJECT/1151/11027_1EDGC0102930.pdf,https://webapss.ncue.edu.tw/Teacher/Reports/OB020.aspx?yms_year=115&yms_sms=1&emp_id=0000874
1565,11026,輔三乙,團體輔導,,系必修,,否,3,王翊涵,明德館,(三) 02-04 11201,50,33,33,限本班,,Group Guidance,中文,https://webap0.ncue.edu.tw/DEANV2/UploadDEAN/SUBJECT/1151/11026_1EDGC0043930.pdf,https://webapss.ncue.edu.tw/Teacher/Reports/OB020.aspx?yms_year=115&yms_sms=1&emp_id=0001045
1566,11025,輔三乙,諮商技巧,,系必修,,否,3,賴佳琪,明德館,(二) 05-07 11402,50,31,31,限本班,,Counseling Pre-practicum,中文,https://webap0.ncue.edu.tw/DEANV2/UploadDEAN/SUBJECT/1151/11025_1EDGC0043830.pdf,https://webapss.ncue.edu.tw/Teacher/Reports/OB020.aspx?yms_year=115&yms_sms=1&emp_id=9901152
1567,11024,輔三甲,心理諮詢概論,,組選修,,否,2,蘇桂慧,明德館,(三) 10-11 11103,50,36,36,限本班,中等學校輔導教師必備課程,Psychological Consultation,中文,https://webap0.ncue.edu.tw/DEANV2/UploadDEAN/SUBJECT/1151/11024_1EDGC0104520.pdf,https://webapss.ncue.edu.tw/Teacher/Reports/OB020.aspx?yms_year=115&yms_sms=1&emp_id=9901074
1568,11023,輔三甲,學習輔導,,組選修,,否,3,劉均安,明德館,(三) 06-08 11103,50,0,0,限本班,中等學校輔導教師必備課程.,Learning Guidance,無,,https://webapss.ncue.edu.tw/Teacher/Reports/OB020.aspx?yms_year=115&yms_sms=1&emp_id=0001231
1569,11022,輔三甲,團體輔導,,系必修,,否,3,程婉若,明德館,(二) 06-08 11103,50,29,29,限本班,,Group Guidance,無,,https://webapss.ncue.edu.tw/Teacher/Reports/OB020.aspx?yms_year=115&yms_sms=1&emp_id=0001020
1570,11021,輔三甲,發展心理學,,組選修,,否,3,張泰銓,明德館,(五) 02-04 11402,50,38,38,限本系,"建議先修過普通心理學,歡迎各年級同學選修,若人數較多,以高年級優先選課.",Developmental Psychology,中文,https://webap0.ncue.edu.tw/DEANV2/UploadDEAN/SUBJECT/1151/11021_1EDGC0049730.pdf,https://webapss.ncue.edu.tw/Teacher/Reports/OB020.aspx?yms_year=115&yms_sms=1&emp_id=0001175
1571,11020,輔三甲,個案管理,,組選修,,否,2,白倩如,明德館,(四) 07-08 11402,50,61,50,限本系,教師專業課程重要選備課程,Case Management,中文,https://webap0.ncue.edu.tw/DEANV2/UploadDEAN/SUBJECT/1151/11020_1EDGC0159120.pdf,https://webapss.ncue.edu.tw/Teacher/Reports/OB020.aspx?yms_year=115&yms_sms=1&emp_id=0001027
1572,11019,輔三甲,諮商技巧,,系必修,,否,3,陳雪均,明德館,(一) 06-08 11103,50,37,37,限本班,,Counseling Pre-practicum,中文,https://webap0.ncue.edu.tw/DEANV2/UploadDEAN/SUBJECT/1151/11019_1EDGC0043830.pdf,https://webapss.ncue.edu.tw/Teacher/Reports/OB020.aspx?yms_year=115&yms_sms=1&emp_id=0001130
1573,11018,輔三甲,危機處理,,組選修,,否,3,林淑君,明德館,(一) 02-04 11103,50,38,38,限本班,中等學校輔導教師必備課程,Crisis Intervention,中文,https://webap0.ncue.edu.tw/DEANV2/UploadDEAN/SUBJECT/1151/11018_1EDGC0047930.pdf,https://webapss.ncue.edu.tw/Teacher/Reports/OB020.aspx?yms_year=115&yms_sms=1&emp_id=0001079
1574,11017,輔二乙,社會個案工作,,組選修,,否,3,林武雄,明德館,(四) 06-08 11201,50,27,27,限本班,社工學程必備課程,Social Case Work,中英,https://webap0.ncue.edu.tw/DEANV2/UploadDEAN/SUBJECT/1151/11017_1EDGC0132730.pdf,https://webapss.ncue.edu.tw/Teacher/Reports/OB020.aspx?yms_year=115&yms_sms=1&emp_id=9901155
1575,11016,輔二乙,心理與教育測驗,,系必修,,否,3,張泰銓,明德館,(二) 05-07 11202,50,24,24,限本班,建議先修過心理與教育統計,Measurement in Psychology & Education,中文,https://webap0.ncue.edu.tw/DEANV2/UploadDEAN/SUBJECT/1151/11016_1EDGC0017130.pdf,https://webapss.ncue.edu.tw/Teacher/Reports/OB020.aspx?yms_year=115&yms_sms=1&emp_id=0001175
1576,11015,輔二乙,學校社會工作,,系選修,,否,3,賴宏維,明德館,(一) 10-12 11103,50,26,26,限本系,,School Social Work,無,,https://webapss.ncue.edu.tw/Teacher/Reports/OB020.aspx?yms_year=115&yms_sms=1&emp_id=9901238
1577,11014,輔二甲,人格心理學,,系必修,,否,3,孫繼光,明德館,(五) 02-04  階梯教室(輔諮),80,67,67,限本班,,Psychology of Personality,無,,https://webapss.ncue.edu.tw/Teacher/Reports/OB020.aspx?yms_year=115&yms_sms=1&emp_id=0001178
1578,11013,輔二甲,戶外探索設計與實施,,組選修,,否,2,梁峻晢,明德館,(二) 10-11 11103,50,42,42,限本系,國中綜合領域輔導專長必選備課程,Outdoor Adventure Programming,中文,https://webap0.ncue.edu.tw/DEANV2/UploadDEAN/SUBJECT/1151/11013_1EDGC0144520.pdf,https://webapss.ncue.edu.tw/Teacher/Reports/OB020.aspx?yms_year=115&yms_sms=1&emp_id=9900848
1579,11012,輔二甲,青少年問題與輔導,,組選修,,否,3,葉怡伶,明德館,(二) 06-08 214視聽教室,50,37,37,限本班,國中綜合領域輔導專長必備課程,Adolescent Problems and Counseling,無,,https://webapss.ncue.edu.tw/Teacher/Reports/OB020.aspx?yms_year=115&yms_sms=1&emp_id=0001105
1580,11011,輔二甲,心理與教育測驗,,系必修,,否,3,黃景逸,明德館,(二) 02-04 測驗實務教室,50,37,37,限本班,擬另請一位教師協同教學。,Measurement in Psychology & Education,中文,https://webap0.ncue.edu.tw/DEANV2/UploadDEAN/SUBJECT/1151/11011_1EDGC0017130.pdf,https://webapss.ncue.edu.tw/Teacher/Reports/OB020.aspx?yms_year=115&yms_sms=1&emp_id=0001221
1581,11010,輔二甲,未來想像與生涯調適,,組選修,,否,2,賴佳琪,明德館,(一) 03-04 11201,50,34,34,限本班,高中綜合活動領域生涯規劃科必備課程,Future Imagination and Career Adjustment,中文,https://webap0.ncue.edu.tw/DEANV2/UploadDEAN/SUBJECT/1151/11010_1EDGC0158920.pdf,https://webapss.ncue.edu.tw/Teacher/Reports/OB020.aspx?yms_year=115&yms_sms=1&emp_id=9901152
1582,11009,輔一乙,普通心理學,,系必修,,否,3,謝毅興,明德館,(四) 05-07 11202,50,0,0,限本班,,Introduction to Psychology,中文,https://webap0.ncue.edu.tw/DEANV2/UploadDEAN/SUBJECT/1151/11009_1EDGC0013030.pdf,https://webapss.ncue.edu.tw/Teacher/Reports/OB020.aspx?yms_year=115&yms_sms=1&emp_id=0000874
1583,11008,輔一乙,輔導原理,,系必修,,否,3,劉均安,明德館,(三) 02-04 11102,50,0,0,限本班,擬由新進教師開設,Principles to Guidance,無,,https://webapss.ncue.edu.tw/Teacher/Reports/OB020.aspx?yms_year=115&yms_sms=1&emp_id=0001231
1584,11007,輔一乙,社會心理學,,組選修,,否,3,白倩如,明德館,(三) 06-08 11202,50,0,0,限本班,社工學程必備課程,Social Psychology,中文,https://webap0.ncue.edu.tw/DEANV2/UploadDEAN/SUBJECT/1151/11007_1EDGC0050330.pdf,https://webapss.ncue.edu.tw/Teacher/Reports/OB020.aspx?yms_year=115&yms_sms=1&emp_id=0001027
1585,11006,輔一甲,人際關係,,系選修,,否,2,孫旻暐,明德館,(四) 10-11 11103,50,0,0,限本班,,Interpersonal Relationship,無,,https://webapss.ncue.edu.tw/Teacher/Reports/OB020.aspx?yms_year=115&yms_sms=1&emp_id=9900831
1586,11005,輔一甲,普通心理學,,系必修,,否,3,謝毅興,明德館,(四) 02-04 11201,50,0,0,限本班,,Introduction to Psychology,中文,https://webap0.ncue.edu.tw/DEANV2/UploadDEAN/SUBJECT/1151/11005_1EDGC0013030.pdf,https://webapss.ncue.edu.tw/Teacher/Reports/OB020.aspx?yms_year=115&yms_sms=1&emp_id=0000874
1587,11004,輔一甲,輔導原理,,系必修,,否,3,胡志偉,明德館,(二) 10-12 11102,50,0,0,限本班,,Principles to Guidance,中文,https://webap0.ncue.edu.tw/DEANV2/UploadDEAN/SUBJECT/1151/11004_1EDGC0027130.pdf,https://webapss.ncue.edu.tw/Teacher/Reports/OB020.aspx?yms_year=115&yms_sms=1&emp_id=9901350
1588,11003,輔一甲,生涯定向,,系選修,,否,2,劉均安,明德館,(二) 03-04 11102,50,0,0,限本班,教師專門必備課程-生涯規劃科,career orientation,無,,https://webapss.ncue.edu.tw/Teacher/Reports/OB020.aspx?yms_year=115&yms_sms=1&emp_id=0001231
1589,11002,輔一乙,人工智慧及其應用,,校必(通識),,否,2,黃景逸,圖書館,(一) 07-08 電一教室,50,0,0,限本班,大二~大四生如要修習，以線上加簽方式,Artificial Intelligence and Its Application,中文,https://webap0.ncue.edu.tw/DEANV2/UploadDEAN/SUBJECT/1151/11002_0CCGE0181420.pdf,https://webapss.ncue.edu.tw/Teacher/Reports/OB020.aspx?yms_year=115&yms_sms=1&emp_id=0001221
1590,11001,輔一甲,人工智慧及其應用,,校必(通識),,否,2,黃景逸,圖書館,(一) 05-06 電一教室,50,0,0,限本班,大二~大四生如要修習，以線上加簽方式,Artificial Intelligence and Its Application,中文,https://webap0.ncue.edu.tw/DEANV2/UploadDEAN/SUBJECT/1151/11001_0CCGE0181420.pdf,https://webapss.ncue.edu.tw/Teacher/Reports/OB020.aspx?yms_year=115&yms_sms=1&emp_id=0001221
1591,10101,性別平權學分學程,性別研究導論,,系必修,,否,3,趙淑珠,明德館,(四) 06-08 11401,50,14,14,可跨班系,課程內容含9小時女性主義理論導論及性別刻板化之影響,Introduction to Gender Studies,中文,https://webap0.ncue.edu.tw/DEANV2/UploadDEAN/SUBJECT/1151/10101_1EDEC0101130.pdf,https://webapss.ncue.edu.tw/Teacher/Reports/OB020.aspx?yms_year=115&yms_sms=1&emp_id=0000568
1592,00568,教育學程,學習評量,,師培必修,,否,2,黃瓊蓉,明德館,(一) 05-06 11401,50,30,30,可跨班系,本課程為教育方法課程之一；提醒修習教材教法及教學實習前需修畢至少1門教育基礎課程及至少1門教育方法課程。,Assessment in Learning,中文,https://webap0.ncue.edu.tw/DEANV2/UploadDEAN/SUBJECT/1151/00568_0CCET0116520.pdf,https://webapss.ncue.edu.tw/Teacher/Reports/OB020.aspx?yms_year=115&yms_sms=1&emp_id=0000576
1593,00567,教育學程,教育概論,,師培必修,,否,2,黃瓊蓉,明德館,(一) 01-02 11401,50,13,13,可跨班系,本課程為教育基礎課程之一；提醒修習教材教法及教學實習前需修畢至少1門教育基礎課程及至少1門教育方法課程。,Introduction to Education,中文,https://webap0.ncue.edu.tw/DEANV2/UploadDEAN/SUBJECT/1151/00567_0CCET0002420.pdf,https://webapss.ncue.edu.tw/Teacher/Reports/OB020.aspx?yms_year=115&yms_sms=1&emp_id=0000576
1594,00566,教育學程,數位學習概論,,師培選修,,否,2,林逸程,教學大樓,(一) 05-06 T502電腦教室,50,18,18,可跨班系,師培選修課程,Introduction to E-Learning,中文,https://webap0.ncue.edu.tw/DEANV2/UploadDEAN/SUBJECT/1151/00566_0CCET0116820.pdf,https://webapss.ncue.edu.tw/Teacher/Reports/OB020.aspx?yms_year=115&yms_sms=1&emp_id=0001107
1595,00565,教育學程,特殊教育導論,,師培選修,,否,3,王智弘,明德館,(三) 05-07 11402,50,12,12,限本班,本課程第一階段僅開放大三、大四(含)以上、碩二(含)以上及博二(含)以上師資生方能選課,Introduction to Special Education,中文,https://webap0.ncue.edu.tw/DEANV2/UploadDEAN/SUBJECT/1151/00565_0CCET0000630.pdf,https://webapss.ncue.edu.tw/Teacher/Reports/OB020.aspx?yms_year=115&yms_sms=1&emp_id=0000814
1596,00564,教育學程,多元文化教育,,師培選修,,否,2,胡其瑞,教學大樓,(二) 05-06 T104,50,58,50,可跨班系,人文關懷系列課程,Multicultural Education,中文,https://webap0.ncue.edu.tw/DEANV2/UploadDEAN/SUBJECT/1151/00564_0CCET0005120.pdf,https://webapss.ncue.edu.tw/Teacher/Reports/OB020.aspx?yms_year=115&yms_sms=1&emp_id=0001165
1597,00563,教育學程,學校行政,,師培選修,,否,2,鄭曜忠,教學大樓,(一) 07-08 T401,50,33,33,可跨班系,教育專業課程選修科目，本課程亦為本校公職人員學程課程之一。,School Administration,中文,https://webap0.ncue.edu.tw/DEANV2/UploadDEAN/SUBJECT/1151/00563_0CCET0000320.pdf,https://webapss.ncue.edu.tw/Teacher/Reports/OB020.aspx?yms_year=115&yms_sms=1&emp_id=0001106
1598,00562,教育學程,比較教育,,師培選修,,否,2,洪雯柔,教學大樓,(三) 10-11 T401,50,22,22,可跨班系,本課程為教育專業課程選修及公職人員學分學程相關課程,Comparative Education,無,,https://webapss.ncue.edu.tw/Teacher/Reports/OB020.aspx?yms_year=115&yms_sms=1&emp_id=9901245
1599,00561,教育學程,鄉土教育,,師培選修,,否,2,莊世滋,教學大樓,(四) 03-04 T401,50,26,26,可跨班系,人文關懷系列課程,Homeland Education,中文,https://webap0.ncue.edu.tw/DEANV2/UploadDEAN/SUBJECT/1151/00561_0CCET0003120.pdf,https://webapss.ncue.edu.tw/Teacher/Reports/OB020.aspx?yms_year=115&yms_sms=1&emp_id=0000808
1600,00560,教育學程,性別平等教育,,師培選修,,否,2,蔡素琴,教學大樓,(四) 07-08 T402,50,33,33,可跨班系,人文關懷系列課程之一,Education for Gender Equity,中文,https://webap0.ncue.edu.tw/DEANV2/UploadDEAN/SUBJECT/1151/00560_0CCET0116720.pdf,https://webapss.ncue.edu.tw/Teacher/Reports/OB020.aspx?yms_year=115&yms_sms=1&emp_id=9900869
1601,00559,教育學程,數位力與教學專業實作,,師培必修,,否,2,鄭曜忠,教學大樓,(一) 03-04 T401,50,21,21,可跨班系,教育實踐課程(原教學專業實作)1.本課程包含三大主題：(1)觀議課、(2)微型教學、(3)數位教學，每個主題均含理論與實作。2.約1/5教學時數於週間進行觀議課及微型教學，實施時間依授課老師與修課師資生共同排定。3.欲修課之師資生應先修習「教育基礎課程」及「教育方法課程」各1門。建議尚未修習完成上列課程者暫緩選修本課程，以免影響學習成效。4.本課程為鄭曜忠老師調整113學年度前(含)開設之「中等教育實作與服務學習」課程所開設之課程，因此部分內容相同，請修習過鄭老師開設之「中等教育實作與服務學習」的師資生切勿再選修本課程。,Digital Competence and Teaching Professional Practice,中文,https://webap0.ncue.edu.tw/DEANV2/UploadDEAN/SUBJECT/1151/00559_0CCET0118920.pdf,https://webapss.ncue.edu.tw/Teacher/Reports/OB020.aspx?yms_year=115&yms_sms=1&emp_id=0001106
1602,00558,教育學程,數位力與教學專業實作,,師培必修,,否,2,鄭曜忠,教學大樓,(一) 01-02 T401,50,13,13,可跨班系,教育實踐課程(原教學專業實作)1.本課程包含三大主題：(1)觀議課、(2)微型教學、(3)數位教學，每個主題均含理論與實作。2.約1/5教學時數於週間進行觀議課及微型教學，實施時間依授課老師與修課師資生共同排定。3.欲修課之師資生應先修習「教育基礎課程」及「教育方法課程」各1門。建議尚未修習完成上列課程者暫緩選修本課程，以免影響學習成效。4.本課程為鄭曜忠老師調整113學年度前(含)開設之「中等教育實作與服務學習」課程所開設之課程，因此部分內容相同，請修習過鄭老師開設之「中等教育實作與服務學習」的師資生切勿再選修本課程。,Digital Competence and Teaching Professional Practice,中文,https://webap0.ncue.edu.tw/DEANV2/UploadDEAN/SUBJECT/1151/00558_0CCET0118920.pdf,https://webapss.ncue.edu.tw/Teacher/Reports/OB020.aspx?yms_year=115&yms_sms=1&emp_id=0001106
1603,00557,教育學程,數位力與教學專業實作,,師培必修,,否,2,簡頌沛,教學大樓,(三) 05-06 T104,50,38,38,可跨班系,教育實踐課程(原教學專業實作)，本課程建議高年級且修過教學原理與實務再選課，部分週次主題為數位教學能力培養。,Digital Competence and Teaching Professional Practice,中文,https://webap0.ncue.edu.tw/DEANV2/UploadDEAN/SUBJECT/1151/00557_0CCET0118920.pdf,https://webapss.ncue.edu.tw/Teacher/Reports/OB020.aspx?yms_year=115&yms_sms=1&emp_id=0001111
1604,00556,教育學程,數位力與教學專業實作,,師培必修,,否,2,簡頌沛,教學大樓,(一) 05-06 T104,50,30,30,可跨班系,教育實踐課程(原教學專業實作)，本課程建議高年級且修過教學原理與實務再選課，部分週次主題為數位教學能力培養。,Digital Competence and Teaching Professional Practice,中文,https://webap0.ncue.edu.tw/DEANV2/UploadDEAN/SUBJECT/1151/00556_0CCET0118920.pdf,https://webapss.ncue.edu.tw/Teacher/Reports/OB020.aspx?yms_year=115&yms_sms=1&emp_id=0001111
1605,00555,教育學程,跨領域教學應用與實作,,師培必修,,否,2,劉世雄,教學大樓,(三) 03-04 T402,50,14,14,可跨班系,"本課程為教育實踐課程之一,建議先修習教學原理與實務後再選修此課程",Cross-disciplinary teaching application and implementation,無,,https://webapss.ncue.edu.tw/Teacher/Reports/OB020.aspx?yms_year=115&yms_sms=1&emp_id=0000928
1606,00554,教育學程,跨領域教學應用與實作,,師培必修,,否,2,段曉林,教學大樓,(四) 03-04 T104,50,65,50,可跨班系,教育實踐課程。本課程以STEM教學進行跨域整合,Cross-disciplinary teaching application and implementation,中文,https://webap0.ncue.edu.tw/DEANV2/UploadDEAN/SUBJECT/1151/00554_0CCET0115220.pdf,https://webapss.ncue.edu.tw/Teacher/Reports/OB020.aspx?yms_year=115&yms_sms=1&emp_id=0000242
1607,00553,教育學程,中等教育實作與服務學習,,師培必修,,否,2,張誌原,教學大樓,(二) 07-08 T205,50,53,50,可跨班系,教育實踐課程，本課程搭配計畫執行，實際運作仍以授課老師與修習同學討論為主,Practice and Service Learning in Secondary Education,中文,https://webap0.ncue.edu.tw/DEANV2/UploadDEAN/SUBJECT/1151/00553_0CCET0115020.pdf,https://webapss.ncue.edu.tw/Teacher/Reports/OB020.aspx?yms_year=115&yms_sms=1&emp_id=0001073
1608,00552,教育學程,中等教育實作與服務學習,,師培必修,,否,2,王妙媛,教學大樓,(二) 07-08 T502電腦教室,50,72,50,可跨班系,教育實踐課程，本課程搭配計畫執行，實際運作仍以授課老師與修習同學討論為主,Practice and Service Learning in Secondary Education,中文,https://webap0.ncue.edu.tw/DEANV2/UploadDEAN/SUBJECT/1151/00552_0CCET0115020.pdf,https://webapss.ncue.edu.tw/Teacher/Reports/OB020.aspx?yms_year=115&yms_sms=1&emp_id=0000805
1609,00551,教育學程,課程發展與設計,,師培必修,,否,2,劉世雄,教學大樓,(一) 10-11 T402,50,34,34,可跨班系,"教育方法課程，本課程建議先修習教學原理與實務再選修此課程,提醒修習教材教法及教學實習前需修畢1門教育基礎課程及1門教育方法課程。",Curriculum Development & Design,無,,https://webapss.ncue.edu.tw/Teacher/Reports/OB020.aspx?yms_year=115&yms_sms=1&emp_id=0000928
1610,00550,教育學程,課程發展與設計,,師培必修,,否,2,劉世雄,教學大樓,(一) 07-08 T402,50,40,40,可跨班系,"教育方法課程，本課程建議先修習教學原理與實務後再選修此課程,提醒修習教材教法及教學實習前需修畢1門教育基礎課程及1門教育方法課程。",Curriculum Development & Design,無,,https://webapss.ncue.edu.tw/Teacher/Reports/OB020.aspx?yms_year=115&yms_sms=1&emp_id=0000928
1611,00549,教育學程,輔導原理與實務,,師培必修,,否,2,蔡素琴劉淑慧,教學大樓,(四) 05-06 T402,50,10,10,可跨班系,本課程為教育方法課程之一；提醒修習教材教法及教學實習前需修畢至少1門教育基礎課程及至少1門教育方法課程。,Principles & Practice of Guidance,中文,https://webap0.ncue.edu.tw/DEANV2/UploadDEAN/SUBJECT/1151/00549_0CCET0000220.pdf,https://webapss.ncue.edu.tw/Teacher/Reports/OB020.aspx?yms_year=115&yms_sms=1&emp_id=9900869
1612,00548,教育學程,教學媒體與運用,,師培必修,,否,2,曾旭堯,教學大樓,(二) 05-06 T502電腦教室,50,36,36,可跨班系,115架構師資生必修課程；提醒修習教材教法及教學實習前需修畢至少1門教育基礎課程及至少1門教育方法課程。,Instructional Media and Application,中文,https://webap0.ncue.edu.tw/DEANV2/UploadDEAN/SUBJECT/1151/00548_0CCET0116420.pdf,https://webapss.ncue.edu.tw/Teacher/Reports/OB020.aspx?yms_year=115&yms_sms=1&emp_id=0000462
1613,00547,教育學程,教學媒體與運用,,師培必修,,否,2,陳謝鈞,教學大樓,(四) 05-06 T401,50,4,4,可跨班系,115架構師資生必修課程；提醒修習教材教法及教學實習前需修畢至少1門教育基礎課程及至少1門教育方法課程。,Instructional Media and Application,中文,https://webap0.ncue.edu.tw/DEANV2/UploadDEAN/SUBJECT/1151/00547_0CCET0116420.pdf,https://webapss.ncue.edu.tw/Teacher/Reports/OB020.aspx?yms_year=115&yms_sms=1&emp_id=0001163
1614,00546,教育學程,教學媒體與運用,,師培必修,,否,2,張誌原,教學大樓,(四) 05-06 T502電腦教室,50,25,25,可跨班系,115架構師資生必修課程；提醒修習教材教法及教學實習前需修畢至少1門教育基礎課程及至少1門教育方法課程。,Instructional Media and Application,中文,https://webap0.ncue.edu.tw/DEANV2/UploadDEAN/SUBJECT/1151/00546_0CCET0116420.pdf,https://webapss.ncue.edu.tw/Teacher/Reports/OB020.aspx?yms_year=115&yms_sms=1&emp_id=0001073
1615,00545,教育學程,教學媒體與運用,,師培必修,,否,2,張誌原,教學大樓,(四) 03-04 T502電腦教室,50,26,26,可跨班系,115架構師資生必修課程；提醒修習教材教法及教學實習前需修畢至少1門教育基礎課程及至少1門教育方法課程。,Instructional Media and Application,中文,https://webap0.ncue.edu.tw/DEANV2/UploadDEAN/SUBJECT/1151/00545_0CCET0116420.pdf,https://webapss.ncue.edu.tw/Teacher/Reports/OB020.aspx?yms_year=115&yms_sms=1&emp_id=0001073
1616,00544,教育學程,教學媒體與運用,,師培必修,,否,2,阮家慶,圖書館,(五) 07-08 電二教室,50,35,35,可跨班系,115架構師資生必修課程；提醒修習教材教法及教學實習前需修畢至少1門教育基礎課程及至少1門教育方法課程。,Instructional Media and Application,無,,https://webapss.ncue.edu.tw/Teacher/Reports/OB020.aspx?yms_year=115&yms_sms=1&emp_id=4000045
1617,00543,教育學程,教學媒體與運用,,師培必修,,否,2,阮家慶,圖書館,(二) 03-04 電二教室,50,10,10,可跨班系,115架構師資生必修課程；提醒修習教材教法及教學實習前需修畢至少1門教育基礎課程及至少1門教育方法課程。,Instructional Media and Application,無,,https://webapss.ncue.edu.tw/Teacher/Reports/OB020.aspx?yms_year=115&yms_sms=1&emp_id=4000045
1618,00542,教育學程,教學媒體與運用,,師培必修,,否,2,王妙媛,教學大樓,(一) 03-04 T502電腦教室,50,28,28,可跨班系,115架構師資生必修課程；提醒修習教材教法及教學實習前需修畢至少1門教育基礎課程及至少1門教育方法課程。,Instructional Media and Application,中文,https://webap0.ncue.edu.tw/DEANV2/UploadDEAN/SUBJECT/1151/00542_0CCET0116420.pdf,https://webapss.ncue.edu.tw/Teacher/Reports/OB020.aspx?yms_year=115&yms_sms=1&emp_id=0000805
1619,00541,教育學程,教學原理與實務,,師培必修,,否,2,劉世雄,教學大樓,(二) 07-08 T402,50,17,17,可跨班系,因授課內容聚焦在中等教育的師資培育，會比較少包含特殊教育的內容。建議修過教育心理學再修此課程。本課程教育方法課程，提醒修習教材教法及教學實習前需修畢1門教育基礎課程及1門教育方法課程。如欲加選者，請於開學第一週上課再與授課老師討論加選事宜,Principles and Practice of Teaching,無,,https://webapss.ncue.edu.tw/Teacher/Reports/OB020.aspx?yms_year=115&yms_sms=1&emp_id=0000928
1620,00540,教育學程,教學原理與實務,,師培必修,,否,2,劉世雄,教學大樓,(二) 03-04 T402,50,20,20,可跨班系,因授課內容聚焦在中等教育的師資培育，會比較少包含特殊教育的內容。建議修過教育心理學再修此課程。本課程教育方法課程，提醒修習教材教法及教學實習前需修畢1門教育基礎課程及1門教育方法課程。如欲加選者，請於開學第一週上課再與授課老師討論加選事宜,Principles and Practice of Teaching,無,,https://webapss.ncue.edu.tw/Teacher/Reports/OB020.aspx?yms_year=115&yms_sms=1&emp_id=0000928
1621,00539,教育學程,教學原理與實務,,師培必修,,否,2,張誌原,教學大樓,(三) 05-06 T401,50,55,50,可跨班系,本課程為教育方法課程之一；提醒修習教材教法及教學實習前需修畢至少1門教育基礎課程及至少1門教育方法課程。,Principles and Practice of Teaching,中文,https://webap0.ncue.edu.tw/DEANV2/UploadDEAN/SUBJECT/1151/00539_0CCET0116320.pdf,https://webapss.ncue.edu.tw/Teacher/Reports/OB020.aspx?yms_year=115&yms_sms=1&emp_id=0001073
1622,00538,教育學程,教學原理與實務,,師培必修,,否,2,張誌原,教學大樓,(三) 03-04 T401,50,62,50,可跨班系,本課程為教育方法課程之一；提醒修習教材教法及教學實習前需修畢至少1門教育基礎課程及至少1門教育方法課程。,Principles and Practice of Teaching,中文,https://webap0.ncue.edu.tw/DEANV2/UploadDEAN/SUBJECT/1151/00538_0CCET0116320.pdf,https://webapss.ncue.edu.tw/Teacher/Reports/OB020.aspx?yms_year=115&yms_sms=1&emp_id=0001073
1623,00537,教育學程,教育議題專題,,師培必修,,否,2,陳美華,經世館,(二) 05-06 32605,50,17,17,可跨班系,師資生必修課程-本課程議題包含:9小時職業教育與訓練+9小時生涯規劃+6小時理財教育+4小時金融教育+4小時環境教育+4小時資訊教育,Topics in Education Issues,中文,https://webap0.ncue.edu.tw/DEANV2/UploadDEAN/SUBJECT/1151/00537_0CCET0112920.pdf,https://webapss.ncue.edu.tw/Teacher/Reports/OB020.aspx?yms_year=115&yms_sms=1&emp_id=0000716
1624,00536,教育學程,教育議題專題,,師培必修,,否,2,陳信憲,經世館,(二) 05-06 32410-二館,50,31,31,可跨班系,師資生必修課程-本課程包含:9小時職業教育與訓練+9小時生涯規劃+8小時理財教育+6小時金融教育+2小時國際教育 +2小時戶外教育,Topics in Education Issues,中文,https://webap0.ncue.edu.tw/DEANV2/UploadDEAN/SUBJECT/1151/00536_0CCET0112920.pdf,https://webapss.ncue.edu.tw/Teacher/Reports/OB020.aspx?yms_year=115&yms_sms=1&emp_id=0000683
1625,00535,教育學程,教育議題專題,,師培必修,,否,2,林登敏林美鳳,教學大樓,(五) 03-04 T104,50,59,50,可跨班系,師資生必修課程-本課程包含：9小時「生涯規劃」+ 9小時「職業教育與訓練」+2小時「性別平等教育」+ 2小時「融合教育」+2小時「戶外教育」+2小時「適應體育」+ 2 小時「人權教育」+ 2 小時「生命教育」+ 2 小時「資訊教育」+ 2 小時「原住民族教育」+ 2 小時「食農教育」,Topics in Education Issues,中文,https://webap0.ncue.edu.tw/DEANV2/UploadDEAN/SUBJECT/1151/00535_0CCET0112920.pdf,https://webapss.ncue.edu.tw/Teacher/Reports/OB020.aspx?yms_year=115&yms_sms=1&emp_id=9901264
1626,00534,教育學程,教育議題專題,,師培必修,,否,2,林登敏林美鳳,教學大樓,(五) 01-02 T104,50,61,50,可跨班系,師資生必修課程-本課程包含：9小時「生涯規劃」+ 9小時「職業教育與訓練」+2小時「性別平等教育」+ 2小時「融合教育」+2小時「戶外教育」+2小時「適應體育」+ 2 小時「人權教育」+ 2 小時「生命教育」+ 2 小時「資訊教育」+ 2 小時「原住民族教育」+ 2 小時「食農教育」,Topics in Education Issues,中文,https://webap0.ncue.edu.tw/DEANV2/UploadDEAN/SUBJECT/1151/00534_0CCET0112920.pdf,https://webapss.ncue.edu.tw/Teacher/Reports/OB020.aspx?yms_year=115&yms_sms=1&emp_id=9901264
1627,00533,教育學程,教育議題專題,,師培必修,,否,2,林志慎,教學大樓,(五) 12-13 T104,50,74,50,可跨班系,師資生必修課程-本課程包含：9小時「生涯規劃」+9小時「職業教育與訓練」+8小時「性別平等教育」+4小時「理財教育」+2小時「人權教育」+2小時「戶外教育」+1小時「適應體育」+「1小時「融合教育」,Topics in Education Issues,中文,https://webap0.ncue.edu.tw/DEANV2/UploadDEAN/SUBJECT/1151/00533_0CCET0112920.pdf,https://webapss.ncue.edu.tw/Teacher/Reports/OB020.aspx?yms_year=115&yms_sms=1&emp_id=9901191
1628,00532,教育學程,班級經營,,師培必修,,否,2,張耀忠王智弘,教學大樓,(二) 12-13 T104,50,67,50,可跨班系,本課程為教育方法課程之一；提醒修習教材教法及教學實習前需修畢至少1門教育基礎課程及至少1門教育方法課程,Class Management,中文,https://webap0.ncue.edu.tw/DEANV2/UploadDEAN/SUBJECT/1151/00532_0CCET0001520.pdf,https://webapss.ncue.edu.tw/Teacher/Reports/OB020.aspx?yms_year=115&yms_sms=1&emp_id=9901114
1629,00531,教育學程,班級經營,,師培必修,,否,2,張耀忠王智弘,教學大樓,(二) 10-11 T104,50,103,50,可跨班系,本課程為教育方法課程之一；提醒修習教材教法及教學實習前需修畢至少1門教育基礎課程及至少1門教育方法課程,Class Management,中文,https://webap0.ncue.edu.tw/DEANV2/UploadDEAN/SUBJECT/1151/00531_0CCET0001520.pdf,https://webapss.ncue.edu.tw/Teacher/Reports/OB020.aspx?yms_year=115&yms_sms=1&emp_id=9901114
1630,00528,教育學程,教育概論,,師培必修,,否,2,王自和,明德館,(一) 03-04 11401,50,12,12,可跨班系,本課程為教育基礎課程之一；提醒修習教材教法及教學實習前需修畢至少1門教育基礎課程及至少1門教育方法課程。,Introduction to Education,中文,https://webap0.ncue.edu.tw/DEANV2/UploadDEAN/SUBJECT/1151/00528_0CCET0002420.pdf,https://webapss.ncue.edu.tw/Teacher/Reports/OB020.aspx?yms_year=115&yms_sms=1&emp_id=9900691
1631,00527,教育學程,教育概論,,師培必修,,否,2,蔡幸芬,教學大樓,(一) 11-12 T104,50,34,34,可跨班系,本課程為教育基礎課程之一；提醒修習教材教法及教學實習前需修畢至少1門教育基礎課程及至少1門教育方法課程。,Introduction to Education,中文,https://webap0.ncue.edu.tw/DEANV2/UploadDEAN/SUBJECT/1151/00527_0CCET0002420.pdf,https://webapss.ncue.edu.tw/Teacher/Reports/OB020.aspx?yms_year=115&yms_sms=1&emp_id=9901194
1632,00526,教育學程,教育概論,,師培必修,,否,2,孫俊傑龔心怡,教學大樓,(二) 07-08 T104,50,20,20,可跨班系,本課程為教育基礎課程之一；提醒修習教材教法及教學實習前需修畢至少1門教育基礎課程及至少1門教育方法課程。,Introduction to Education,中文,https://webap0.ncue.edu.tw/DEANV2/UploadDEAN/SUBJECT/1151/00526_0CCET0002420.pdf,https://webapss.ncue.edu.tw/Teacher/Reports/OB020.aspx?yms_year=115&yms_sms=1&emp_id=9901331
1633,00525,教育學程,教育哲學,,師培必修,,否,2,蔡翔任,教學大樓,(五) 07-08 T104,50,9,9,可跨班系,本課程為教育基礎課程之一；提醒修習教材教法及教學實習前需修畢至少1門教育基礎課程及至少1門教育方法課程。,Educational Philosophy,無,,https://webapss.ncue.edu.tw/Teacher/Reports/OB020.aspx?yms_year=115&yms_sms=1&emp_id=9901351
1634,00524,教育學程,教育哲學,,師培必修,,否,2,蔡翔任,教學大樓,(五) 05-06 T104,50,10,10,可跨班系,本課程為教育基礎課程之一；提醒修習教材教法及教學實習前需修畢至少1門教育基礎課程及至少1門教育方法課程。,Educational Philosophy,無,,https://webapss.ncue.edu.tw/Teacher/Reports/OB020.aspx?yms_year=115&yms_sms=1&emp_id=9901351
1635,00523,教育學程,教育哲學,,師培必修,,否,2,蔡幸芬楊忠斌,教學大樓,(一) 09-10 T104,50,67,50,可跨班系,本課程為教育基礎課程之一；提醒修習教材教法及教學實習前需修畢至少1門教育基礎課程及至少1門教育方法課程。,Educational Philosophy,中文,https://webap0.ncue.edu.tw/DEANV2/UploadDEAN/SUBJECT/1151/00523_0CCET0002320.pdf,https://webapss.ncue.edu.tw/Teacher/Reports/OB020.aspx?yms_year=115&yms_sms=1&emp_id=9901194
1636,00522,教育學程,教育哲學,,師培必修,,否,2,廖婕軒楊忠斌,教學大樓,(三) 07-08 T401,50,24,24,可跨班系,本課程為教育基礎課程之一；提醒修習教材教法及教學實習前需修畢至少1門教育基礎課程及至少1門教育方法課程。,Educational Philosophy,無,,https://webapss.ncue.edu.tw/Teacher/Reports/OB020.aspx?yms_year=115&yms_sms=1&emp_id=9901192
1637,00521,教育學程,教育社會學,,師培必修,,否,2,施信華,教學大樓,(二) 10-11 T401,50,97,50,可跨班系,本課程為教育基礎課程之一；提醒修習教材教法及教學實習前需修畢至少1門教育基礎課程及至少1門教育方法課程。,Sociology of Education,中文,https://webap0.ncue.edu.tw/DEANV2/UploadDEAN/SUBJECT/1151/00521_0CCET0002120.pdf,https://webapss.ncue.edu.tw/Teacher/Reports/OB020.aspx?yms_year=115&yms_sms=1&emp_id=9900896
1638,00520,教育學程,教育社會學,,師培必修,,否,2,林志慎,教學大樓,(五) 10-11 T104,50,47,47,可跨班系,本課程為教育基礎課程之一；提醒修習教材教法及教學實習前需修畢至少1門教育基礎課程及至少1門教育方法課程。,Sociology of Education,中文,https://webap0.ncue.edu.tw/DEANV2/UploadDEAN/SUBJECT/1151/00520_0CCET0002120.pdf,https://webapss.ncue.edu.tw/Teacher/Reports/OB020.aspx?yms_year=115&yms_sms=1&emp_id=9901191
1639,00519,教育學程,教育心理學(雙語),,師培必修,,否,2,温媺純蓋傑富,教學大樓,(四) 03-04 T402,50,0,0,限本班,不開放網路選課僅透過人工加選，請洽雙語中心；本課程僅限定欲取得中等學校教師證書上註記次專長「雙語教學專長」之師資生修習，修習該課程僅採認於註記次專長「雙語教學專長」學分，相關修課及檔修規定請依課架規定修習始能採認,Educational Psychology(CLIL+),中文,https://webap0.ncue.edu.tw/DEANV2/UploadDEAN/SUBJECT/1151/00519_0CCET0116220.pdf,https://webapss.ncue.edu.tw/Teacher/Reports/OB020.aspx?yms_year=115&yms_sms=1&emp_id=0000774
1640,00518,教育學程,教育心理學,,師培必修,,否,2,黃莉郁,教學大樓,(二) 03-04 T104,50,22,22,可跨班系,本課程為教育基礎課程之一；提醒修習教材教法及教學實習前需修畢至少1門教育基礎課程及至少1門教育方法課程。,Educational Psychology,中文,https://webap0.ncue.edu.tw/DEANV2/UploadDEAN/SUBJECT/1151/00518_0CCET0001720.pdf,https://webapss.ncue.edu.tw/Teacher/Reports/OB020.aspx?yms_year=115&yms_sms=1&emp_id=0001131
1641,00517,教育學程,教育心理學,,師培必修,,否,2,施信華,教學大樓,(四) 10-11 T401,50,217,50,可跨班系,本課程為教育基礎課程之一；提醒修習教材教法及教學實習前需修畢至少1門教育基礎課程及至少1門教育方法課程。,Educational Psychology,中文,https://webap0.ncue.edu.tw/DEANV2/UploadDEAN/SUBJECT/1151/00517_0CCET0001720.pdf,https://webapss.ncue.edu.tw/Teacher/Reports/OB020.aspx?yms_year=115&yms_sms=1&emp_id=9900896
1642,00516,教育學程,教育心理學,,師培必修,,否,2,吳璧如,教學大樓,(三) 01-02 T402,50,102,50,可跨班系,本課程為教育基礎課程之一；提醒修習教材教法及教學實習前需修畢至少1門教育基礎課程及至少1門教育方法課程。,Educational Psychology,中文,https://webap0.ncue.edu.tw/DEANV2/UploadDEAN/SUBJECT/1151/00516_0CCET0001720.pdf,https://webapss.ncue.edu.tw/Teacher/Reports/OB020.aspx?yms_year=115&yms_sms=1&emp_id=0000575
1643,00515,教育學程,學校行政,,師培選修,,否,2,陳志清鄭曜忠,教學大樓,(五) 10-11 T302,50,14,14,可跨班系,教育專業課程選修科目，本課程亦為本校公職人員學程課程之一。,School Administration,無,,https://webapss.ncue.edu.tw/Teacher/Reports/OB020.aspx?yms_year=115&yms_sms=1&emp_id=9901021
1644,00514,教育學程,教育概論,,師培必修,,否,2,林國楨詹雅惠,教學大樓,(五) 03-04 T302,50,27,27,可跨班系,本課程為教育基礎課程之一；提醒修習教材教法及教學實習前需修畢至少1門教育基礎課程及至少1門教育方法課程。,Introduction to Education,中文,https://webap0.ncue.edu.tw/DEANV2/UploadDEAN/SUBJECT/1151/00514_0CCET0002420.pdf,https://webapss.ncue.edu.tw/Teacher/Reports/OB020.aspx?yms_year=115&yms_sms=1&emp_id=0000775
1645,00513,教育學程,教育行政,,師培選修,,否,2,簡慶郎鄭曜忠,教學大樓,(四) 10-11 T102,50,32,32,可跨班系,教育專業課程選修科目，本課程亦為本校公職人員學程課程之一。,Educational Administration,無,,https://webapss.ncue.edu.tw/Teacher/Reports/OB020.aspx?yms_year=115&yms_sms=1&emp_id=9901234
1646,00512,教育學程,學習評量,,師培必修,,否,2,陳秀溶鄭孟斐,教學大樓,(三) 10-11 T103,50,100,50,可跨班系,本課程為教育方法課程之一；提醒修習教材教法及教學實習前需修畢至少1門教育基礎課程及至少1門教育方法課程。,Assessment in Learning,中文,https://webap0.ncue.edu.tw/DEANV2/UploadDEAN/SUBJECT/1151/00512_0CCET0116520.pdf,https://webapss.ncue.edu.tw/Teacher/Reports/OB020.aspx?yms_year=115&yms_sms=1&emp_id=9901333
1647,00511,教育學程,跨領域教學應用與實作,,師培必修,,否,2,鍾昌宏,教學大樓,(二) 10-12 T302,50,27,27,可跨班系,本課程為108起架構教育實踐課程必修，本課程原則上課共12週，每次上課3小時，實際上課日期依授課老師訂定為主,Cross-disciplinary teaching application and implementation,中文,https://webap0.ncue.edu.tw/DEANV2/UploadDEAN/SUBJECT/1151/00511_0CCET0115220.pdf,https://webapss.ncue.edu.tw/Teacher/Reports/OB020.aspx?yms_year=115&yms_sms=1&emp_id=9901067
1648,00510,教育學程,輔導原理與實務,,師培必修,,否,2,陳明珠,教學大樓,(二) 10-11 T105,50,60,50,可跨班系,本課程為教育方法課程之一；提醒修習教材教法及教學實習前需修畢至少1門教育基礎課程及至少1門教育方法課程。,Principles & Practice of Guidance,中文,https://webap0.ncue.edu.tw/DEANV2/UploadDEAN/SUBJECT/1151/00510_0CCET0000220.pdf,https://webapss.ncue.edu.tw/Teacher/Reports/OB020.aspx?yms_year=115&yms_sms=1&emp_id=9901199
1649,00509,教育學程,學習評量,,師培必修,,否,2,陳秀溶鄭孟斐,教學大樓,(二) 10-11 T103,50,63,50,可跨班系,本課程為教育方法課程之一；提醒修習教材教法及教學實習前需修畢至少1門教育基礎課程及至少1門教育方法課程。,Assessment in Learning,中文,https://webap0.ncue.edu.tw/DEANV2/UploadDEAN/SUBJECT/1151/00509_0CCET0116520.pdf,https://webapss.ncue.edu.tw/Teacher/Reports/OB020.aspx?yms_year=115&yms_sms=1&emp_id=9901333
1650,00508,教育學程,特殊教育導論,,師培選修,,否,3,邱進興,教學大樓,(二) 09-11 T101,50,38,38,限本班,本課程第一階段僅開放大三、大四(含)以上、碩二(含)以上及博二(含)以上師資生方能選課,Introduction to Special Education,中文,https://webap0.ncue.edu.tw/DEANV2/UploadDEAN/SUBJECT/1151/00508_0CCET0000630.pdf,https://webapss.ncue.edu.tw/Teacher/Reports/OB020.aspx?yms_year=115&yms_sms=1&emp_id=9901262
1651,00507,教育學程,課程發展與設計,,師培必修,,否,2,蔣秉芳,教學大樓,(一) 10-11 T101,50,86,50,可跨班系,本課程為教育方法課程之一；提醒修習教材教法及教學實習前需修畢至少1門教育基礎課程及至少1門教育方法課程。,Curriculum Development & Design,中文,https://webap0.ncue.edu.tw/DEANV2/UploadDEAN/SUBJECT/1151/00507_0CCET0003020.pdf,https://webapss.ncue.edu.tw/Teacher/Reports/OB020.aspx?yms_year=115&yms_sms=1&emp_id=9901200
1652,00506,教育學程,輔導原理與實務,,師培必修,,否,2,陳明珠,教學大樓,(一) 10-11 T105,50,91,50,可跨班系,本課程為教育方法課程之一；提醒修習教材教法及教學實習前需修畢至少1門教育基礎課程及至少1門教育方法課程。,Principles & Practice of Guidance,中文,https://webap0.ncue.edu.tw/DEANV2/UploadDEAN/SUBJECT/1151/00506_0CCET0000220.pdf,https://webapss.ncue.edu.tw/Teacher/Reports/OB020.aspx?yms_year=115&yms_sms=1&emp_id=9901199
1653,00505,教育學程,特殊教育導論,,師培選修,,否,3,周婉琪陳怡慧,教學大樓,(一) 09-11 T102,50,14,14,限本班,本課程第一階段僅開放大三、大四(含)以上、碩二(含)以上及博二(含)以上師資生方能選課,Introduction to Special Education,中文,https://webap0.ncue.edu.tw/DEANV2/UploadDEAN/SUBJECT/1151/00505_0CCET0000630.pdf,https://webapss.ncue.edu.tw/Teacher/Reports/OB020.aspx?yms_year=115&yms_sms=1&emp_id=9901332
1654,00504,教育學程,雙語教學實習,,師培必修,,否,2,龔慧懿,擷英館,(一) 09-10 13104,50,0,0,限本班,不開放網路選課僅透過人工加選，請洽雙語中心；本課程僅限定欲取得中等學校教師證書上註記次專長「雙語教學專長」之師資生修習，修習該課程僅採認於註記次專長「雙語教學專長」學分，相關修課及檔修規定請依課架規定修習始能採認,CLIL:Teaching Practicum,無,,https://webapss.ncue.edu.tw/Teacher/Reports/OB020.aspx?yms_year=115&yms_sms=1&emp_id=0000494
1655,00503,教育學程,鄉土教育,,師培選修,,否,2,李華彥,教學大樓,(一) 07-08 T303,50,26,26,可跨班系,人文關懷系列課程之一,Homeland Education,中文,https://webap0.ncue.edu.tw/DEANV2/UploadDEAN/SUBJECT/1151/00503_0CCET0003120.pdf,https://webapss.ncue.edu.tw/Teacher/Reports/OB020.aspx?yms_year=115&yms_sms=1&emp_id=0001191
1656,00502,教育學程,課程發展與設計,,師培必修,,否,2,蔣秉芳,教學大樓,(一) 03-04 T101,50,58,50,可跨班系,本課程為教育方法課程之一；提醒修習教材教法及教學實習前需修畢至少1門教育基礎課程及至少1門教育方法課程。,Curriculum Development & Design,中文,https://webap0.ncue.edu.tw/DEANV2/UploadDEAN/SUBJECT/1151/00502_0CCET0003020.pdf,https://webapss.ncue.edu.tw/Teacher/Reports/OB020.aspx?yms_year=115&yms_sms=1&emp_id=9901200
1657,00450,管院高級英文,英文(一),,校必(英),,否,2,李鈞皓,教學二館,(四) 03-04 34202,50,0,0,限本班,本班之大一新生選課由學校統一匯入，其他學生請依照「大一英文及精進英外文」選課須知之規定辦理選課。,English I,無,,https://webapss.ncue.edu.tw/Teacher/Reports/OB020.aspx?yms_year=115&yms_sms=1&emp_id=9901094
1658,00449,精進英外文,科普領域專業英文,,校必(英),,否,2,曾文培,教學大樓,(二) 03-04 T002,50,25,25,限本班,1.校訂共同必修語文課程，應於畢業前修畢1 門「精進英外文」課程。2.本課程限大二(含)以上學生或已核准免修大一英文之大一生(需線上加簽申請)修習。3.本班修課人數上限額滿後不受理加簽。,English for Popular Science,中文,https://webap0.ncue.edu.tw/DEANV2/UploadDEAN/SUBJECT/1151/00449_0CCEN0103420.pdf,https://webapss.ncue.edu.tw/Teacher/Reports/OB020.aspx?yms_year=115&yms_sms=1&emp_id=0000802
1659,00448,精進英外文,英美文學與電影,,校必(英),,否,2,蕭韻華,教學大樓,(四) 03-04 T203,50,84,50,限本班,1.校訂共同必修語文課程，應於畢業前修畢1 門「精進英外文」課程。2.本課程限大二(含)以上學生或已核准免修大一英文之大一生(需線上加簽申請)修習。3.本班修課人數上限額滿後不受理加簽。,British and American Literature in Movies,英文,https://webap0.ncue.edu.tw/DEANV2/UploadDEAN/SUBJECT/1151/00448_0CCEN0106320_EN.pdf,https://webapss.ncue.edu.tw/Teacher/Reports/OB020.aspx?yms_year=115&yms_sms=1&emp_id=0000925
1660,00447,精進英外文,商用英文,,校必(英),,是,2,陳謝鈞,教學二館,(五) 03-04 34101,50,59,50,限本班,1.校訂共同必修語文課程，應於畢業前修畢1 門「精進英外文」課程。2.本課程限大二(含)以上學生或已核准免修大一英文之大一生(需線上加簽申請)修習。3.本班修課人數上限額滿後不受理加簽。,Business English,中文,https://webap0.ncue.edu.tw/DEANV2/UploadDEAN/SUBJECT/1151/00447_0CCEN0102720.pdf,https://webapss.ncue.edu.tw/Teacher/Reports/OB020.aspx?yms_year=115&yms_sms=1&emp_id=0001163
1661,00446,精進英外文,旅遊英文,,校必(英),,是,2,趙玉芝,教學大樓,(四) 05-06 T302,50,76,50,限本班,1.校訂共同必修語文課程，應於畢業前修畢1 門「精進英外文」課程。2.本課程限大二(含)以上學生或已核准免修大一英文之大一生(需線上加簽申請)修習。3.本班修課人數上限額滿後不受理加簽。,Travel English,英文,https://webap0.ncue.edu.tw/DEANV2/UploadDEAN/SUBJECT/1151/00446_0CCEN0102620_EN.pdf,https://webapss.ncue.edu.tw/Teacher/Reports/OB020.aspx?yms_year=115&yms_sms=1&emp_id=0000613
1662,00445,精進英外文,初級韓文,,校必(英),,否,2,韓連善,教學大樓,(二) 05-06 T202,60,91,50,限本班,1.校訂共同必修語文課程，應於畢業前修畢1 門「精進英外文」課程。2.本班修課人數上限額滿後不受理加簽。,Beginner's Korean,中英,https://webap0.ncue.edu.tw/DEANV2/UploadDEAN/SUBJECT/1151/00445_0CCEN0108520.pdf,https://webapss.ncue.edu.tw/Teacher/Reports/OB020.aspx?yms_year=115&yms_sms=1&emp_id=9901062
1663,00444,精進英外文,初級韓文,,校必(英),,否,2,韓連善,教學大樓,(二) 03-04 T202,60,58,49,限本班,1.校訂共同必修語文課程，應於畢業前修畢1 門「精進英外文」課程。2.本班修課人數上限額滿後不受理加簽。,Beginner's Korean,中英,https://webap0.ncue.edu.tw/DEANV2/UploadDEAN/SUBJECT/1151/00444_0CCEN0108520.pdf,https://webapss.ncue.edu.tw/Teacher/Reports/OB020.aspx?yms_year=115&yms_sms=1&emp_id=9901062
1664,00442,精進英外文,初級日文,,校必(英),,否,2,方若評,教學大樓,(四) 03-04 T302,60,273,50,限本班,1.校訂共同必修語文課程，應於畢業前修畢1 門「精進英外文」課程。2.本班修課人數上限額滿後不受理加簽。,Beginner's Japanese,中文,https://webap0.ncue.edu.tw/DEANV2/UploadDEAN/SUBJECT/1151/00442_0CCEN0107720.pdf,https://webapss.ncue.edu.tw/Teacher/Reports/OB020.aspx?yms_year=115&yms_sms=1&emp_id=9901103
1665,00441,精進英外文,初級日文,,校必(英),,否,2,方若評,教學大樓,(四) 01-02 T103,60,358,50,限本班,1.校訂共同必修語文課程，應於畢業前修畢1 門「精進英外文」課程。2.本班修課人數上限額滿後不受理加簽。,Beginner's Japanese,中文,https://webap0.ncue.edu.tw/DEANV2/UploadDEAN/SUBJECT/1151/00441_0CCEN0107720.pdf,https://webapss.ncue.edu.tw/Teacher/Reports/OB020.aspx?yms_year=115&yms_sms=1&emp_id=9901103
1666,00440,精進英外文,初級日文,,校必(英),,否,2,朱韻如,教學大樓,(五) 05-06 T002,60,195,50,限本班,1.校訂共同必修語文課程，應於畢業前修畢1 門「精進英外文」課程。2.本班修課人數上限額滿後不受理加簽。,Beginner's Japanese,中文,https://webap0.ncue.edu.tw/DEANV2/UploadDEAN/SUBJECT/1151/00440_0CCEN0107720.pdf,https://webapss.ncue.edu.tw/Teacher/Reports/OB020.aspx?yms_year=115&yms_sms=1&emp_id=9901220
1667,00439,精進英外文,初級日文,,校必(英),,否,2,朱韻如,教學二館,(二) 03-04 34201,60,101,50,限本班,1.校訂共同必修語文課程，應於畢業前修畢1 門「精進英外文」課程。2.本班修課人數上限額滿後不受理加簽。,Beginner's Japanese,中文,https://webap0.ncue.edu.tw/DEANV2/UploadDEAN/SUBJECT/1151/00439_0CCEN0107720.pdf,https://webapss.ncue.edu.tw/Teacher/Reports/OB020.aspx?yms_year=115&yms_sms=1&emp_id=9901220
1668,00438,精進英外文,初級日文,,校必(英),,否,2,朱韻如,教學二館,(二) 01-02 34201,60,205,50,限本班,1.校訂共同必修語文課程，應於畢業前修畢1 門「精進英外文」課程。2.本班修課人數上限額滿後不受理加簽。,Beginner's Japanese,中文,https://webap0.ncue.edu.tw/DEANV2/UploadDEAN/SUBJECT/1151/00438_0CCEN0107720.pdf,https://webapss.ncue.edu.tw/Teacher/Reports/OB020.aspx?yms_year=115&yms_sms=1&emp_id=9901220
1669,00437,精進英外文,初級法文,,校必(英),,否,2,蔡明華,教學大樓,(三) 01-02 T101,60,77,50,限本班,1.校訂共同必修語文課程，應於畢業前修畢1 門「精進英外文」課程。2.本班修課人數上限額滿後不受理加簽。,Beginner's French,中文,https://webap0.ncue.edu.tw/DEANV2/UploadDEAN/SUBJECT/1151/00437_0CCEN0108020.pdf,https://webapss.ncue.edu.tw/Teacher/Reports/OB020.aspx?yms_year=115&yms_sms=1&emp_id=9900792
1670,00436,精進英外文,初級越南語,,校必(英),,否,2,譚翠玉,教學大樓,(三) 03-04 T302,60,70,50,限本班,1.校訂共同必修語文課程，應於畢業前修畢1 門「精進英外文」課程。2.本班修課人數上限額滿後不受理加簽。,Beginner's Vietnamese,中文,https://webap0.ncue.edu.tw/DEANV2/UploadDEAN/SUBJECT/1151/00436_0CCEN0108420.pdf,https://webapss.ncue.edu.tw/Teacher/Reports/OB020.aspx?yms_year=115&yms_sms=1&emp_id=9901059
1671,00435,精進英外文,初級德文,,校必(英),,否,2,王自和,明德館,(二) 03-04 11402,50,55,50,限本班,1.校訂共同必修語文課程，應於畢業前修畢1 門「精進英外文」課程。2.本班修課人數上限額滿後不受理加簽。,Beginner's German,中文,https://webap0.ncue.edu.tw/DEANV2/UploadDEAN/SUBJECT/1151/00435_0CCEN0107920.pdf,https://webapss.ncue.edu.tw/Teacher/Reports/OB020.aspx?yms_year=115&yms_sms=1&emp_id=9900691
1672,00434,理院初級英文,英文(一),,校必(英),,否,2,林愛恩,教學大樓,(二) 05-06 T203,50,0,0,限本班,本班之大一新生選課由學校統一匯入，其他學生請依照「大一英文及精進英外文」選課須知之規定辦理選課。,English I,中文,https://webap0.ncue.edu.tw/DEANV2/UploadDEAN/SUBJECT/1151/00434_0CCEN0102420.pdf,https://webapss.ncue.edu.tw/Teacher/Reports/OB020.aspx?yms_year=115&yms_sms=1&emp_id=0001129
1673,00433,理院初級英文,英文(一),,校必(英),,否,2,李一帆,教學大樓,(二) 05-06 T101,50,0,0,限本班,本班之大一新生選課由學校統一匯入，其他學生請依照「大一英文及精進英外文」選課須知之規定辦理選課。,English I,中英,https://webap0.ncue.edu.tw/DEANV2/UploadDEAN/SUBJECT/1151/00433_0CCEN0102420.pdf,https://webapss.ncue.edu.tw/Teacher/Reports/OB020.aspx?yms_year=115&yms_sms=1&emp_id=9901307
1674,00432,理院初級英文,英文(一),,校必(英),,否,2,温婷惠,教學大樓,(二) 05-06 T206,50,0,0,限本班,本班之大一新生選課由學校統一匯入，其他學生請依照「大一英文及精進英外文」選課須知之規定辦理選課。,English I,無,,https://webapss.ncue.edu.tw/Teacher/Reports/OB020.aspx?yms_year=115&yms_sms=1&emp_id=0001032
1675,00431,理院中級英文,英文(一),,校必(英),,否,2,王思文,教學大樓,(五) 05-06 T306,50,0,0,限本班,本班之大一新生選課由學校統一匯入，其他學生請依照「大一英文及精進英外文」選課須知之規定辦理選課。,English I,中文,https://webap0.ncue.edu.tw/DEANV2/UploadDEAN/SUBJECT/1151/00431_0CCEN0102420.pdf,https://webapss.ncue.edu.tw/Teacher/Reports/OB020.aspx?yms_year=115&yms_sms=1&emp_id=9900866
1676,00430,理院中級英文,英文(一),,校必(英),,是,2,黃瀞儀,教學大樓,(五) 05-06 T203,50,0,0,限本班,本班之大一新生選課由學校統一匯入，其他學生請依照「大一英文及精進英外文」選課須知之規定辦理選課。,English I,英文,https://webap0.ncue.edu.tw/DEANV2/UploadDEAN/SUBJECT/1151/00430_0CCEN0102420_EN.pdf,https://webapss.ncue.edu.tw/Teacher/Reports/OB020.aspx?yms_year=115&yms_sms=1&emp_id=0000225
1677,00429,理院中級英文,英文(一),,校必(英),,否,2,賴秉彥,教學大樓,(二) 05-06 T302,50,0,0,限本班,本班之大一新生選課由學校統一匯入，其他學生請依照「大一英文及精進英外文」選課須知之規定辦理選課。,English I,中文,https://webap0.ncue.edu.tw/DEANV2/UploadDEAN/SUBJECT/1151/00429_0CCEN0102420.pdf,https://webapss.ncue.edu.tw/Teacher/Reports/OB020.aspx?yms_year=115&yms_sms=1&emp_id=0000855
1678,00428,理院高級英文,英文(一),,校必(英),,否,2,阮家慶,教學大樓,(五) 05-06 T101,50,0,0,限本班,本班之大一新生選課由學校統一匯入，其他學生請依照「大一英文及精進英外文」選課須知之規定辦理選課。,English I,無,,https://webapss.ncue.edu.tw/Teacher/Reports/OB020.aspx?yms_year=115&yms_sms=1&emp_id=4000045
1679,00427,文院初級英文,英文(一),,校必(英),,否,2,吳保霖,教學大樓,(五) 05-06 T303,50,0,0,限本班,本班之大一新生選課由學校統一匯入，其他學生請依照「大一英文及精進英外文」選課須知之規定辦理選課。,English I,英文,https://webap0.ncue.edu.tw/DEANV2/UploadDEAN/SUBJECT/1151/00427_0CCEN0102420_EN.pdf,https://webapss.ncue.edu.tw/Teacher/Reports/OB020.aspx?yms_year=115&yms_sms=1&emp_id=4000052
1680,00426,文院中級英文,英文(一),,校必(英),,否,2,王思文,教學大樓,(五) 07-08 T303,50,0,0,限本班,本班之大一新生選課由學校統一匯入，其他學生請依照「大一英文及精進英外文」選課須知之規定辦理選課。,English I,中文,https://webap0.ncue.edu.tw/DEANV2/UploadDEAN/SUBJECT/1151/00426_0CCEN0102420.pdf,https://webapss.ncue.edu.tw/Teacher/Reports/OB020.aspx?yms_year=115&yms_sms=1&emp_id=9900866
1681,00425,文院中級英文,英文(一),,校必(英),,否,2,施懿芹,教學大樓,(五) 05-06 T302,50,0,0,限本班,本班之大一新生選課由學校統一匯入，其他學生請依照「大一英文及精進英外文」選課須知之規定辦理選課。,English I,中英,https://webap0.ncue.edu.tw/DEANV2/UploadDEAN/SUBJECT/1151/00425_0CCEN0102420.pdf,https://webapss.ncue.edu.tw/Teacher/Reports/OB020.aspx?yms_year=115&yms_sms=1&emp_id=0001151
1682,00424,文院中級英文,英文(一),,校必(英),,是,2,黃瀞儀,教學大樓,(五) 07-08 T302,50,0,0,限本班,本班之大一新生選課由學校統一匯入，其他學生請依照「大一英文及精進英外文」選課須知之規定辦理選課。,English I,英文,https://webap0.ncue.edu.tw/DEANV2/UploadDEAN/SUBJECT/1151/00424_0CCEN0102420_EN.pdf,https://webapss.ncue.edu.tw/Teacher/Reports/OB020.aspx?yms_year=115&yms_sms=1&emp_id=0000225
1683,00423,文院高級英文,英文(一),,校必(英),,是,2,梅泰勒,教學大樓,(五) 07-08 T306,50,0,0,限本班,本班之大一新生選課由學校統一匯入，其他學生請依照「大一英文及精進英外文」選課須知之規定辦理選課。,English I,英文,https://webap0.ncue.edu.tw/DEANV2/UploadDEAN/SUBJECT/1151/00423_0CCEN0102420_EN.pdf,https://webapss.ncue.edu.tw/Teacher/Reports/OB020.aspx?yms_year=115&yms_sms=1&emp_id=0001219
1684,00422,文院高級英文,英文(一),,校必(英),,是,2,裴卓仕,教學大樓,(五) 07-08 T203,50,0,0,限本班,本班之大一新生選課由學校統一匯入，其他學生請依照「大一英文及精進英外文」選課須知之規定辦理選課。,English I,英文,https://webap0.ncue.edu.tw/DEANV2/UploadDEAN/SUBJECT/1151/00422_0CCEN0102420_EN.pdf,https://webapss.ncue.edu.tw/Teacher/Reports/OB020.aspx?yms_year=115&yms_sms=1&emp_id=0000962
1685,00421,高照原民專班一,英文(一),,校必(英),,否,2,李一帆,教學大樓,(二) 08-09 T303,50,0,0,限本班,1.本班之大一新生選課由學校統一匯入。2.限高照原民專班學生選課。,English I,中英,https://webap0.ncue.edu.tw/DEANV2/UploadDEAN/SUBJECT/1151/00421_0CCEN0102420.pdf,https://webapss.ncue.edu.tw/Teacher/Reports/OB020.aspx?yms_year=115&yms_sms=1&emp_id=9901307
1686,00420,教院初級英文,英文(一),,校必(英),,否,2,林建宏,教學大樓,(二) 01-02 T203,50,0,0,限本班,本班之大一新生選課由學校統一匯入，其他學生請依照「大一英文及精進英外文」選課須知之規定辦理選課。,English I,英文,https://webap0.ncue.edu.tw/DEANV2/UploadDEAN/SUBJECT/1151/00420_0CCEN0102420_EN.pdf,https://webapss.ncue.edu.tw/Teacher/Reports/OB020.aspx?yms_year=115&yms_sms=1&emp_id=9901306
1687,00419,教院中級英文,英文(一),,校必(英),,否,2,施懿芹,教學大樓,(五) 03-04 T203,50,0,0,限本班,本班之大一新生選課由學校統一匯入，其他學生請依照「大一英文及精進英外文」選課須知之規定辦理選課。,English I,中英,https://webap0.ncue.edu.tw/DEANV2/UploadDEAN/SUBJECT/1151/00419_0CCEN0102420.pdf,https://webapss.ncue.edu.tw/Teacher/Reports/OB020.aspx?yms_year=115&yms_sms=1&emp_id=0001151
1688,00418,教院高級英文,英文(一),,校必(英),,是,2,黃瀞儀,教學大樓,(二) 01-02 T303,50,0,0,限本班,本班之大一新生選課由學校統一匯入，其他學生請依照「大一英文及精進英外文」選課須知之規定辦理選課。,English I,英文,https://webap0.ncue.edu.tw/DEANV2/UploadDEAN/SUBJECT/1151/00418_0CCEN0102420_EN.pdf,https://webapss.ncue.edu.tw/Teacher/Reports/OB020.aspx?yms_year=115&yms_sms=1&emp_id=0000225
1689,00417,社體院初級英文,英文(一),,校必(英),,否,2,林建宏,教學大樓,(二) 03-04 T203,50,0,0,限本班,本班之大一新生選課由學校統一匯入，其他學生請依照「大一英文及精進英外文」選課須知之規定辦理選課。,English I,英文,https://webap0.ncue.edu.tw/DEANV2/UploadDEAN/SUBJECT/1151/00417_0CCEN0102420_EN.pdf,https://webapss.ncue.edu.tw/Teacher/Reports/OB020.aspx?yms_year=115&yms_sms=1&emp_id=9901306
1690,00416,社體院中級英文,英文(一),,校必(英),,是,2,蓋傑富,教學大樓,(五) 07-08 T103,50,0,0,限本班,本班之大一新生選課由學校統一匯入，其他學生請依照「大一英文及精進英外文」選課須知之規定辦理選課。,English I,英文,https://webap0.ncue.edu.tw/DEANV2/UploadDEAN/SUBJECT/1151/00416_0CCEN0102420_EN.pdf,https://webapss.ncue.edu.tw/Teacher/Reports/OB020.aspx?yms_year=115&yms_sms=1&emp_id=0001159
1691,00415,社體院高級英文,英文(一),,校必(英),,是,2,蓋傑富,教學大樓,(二) 03-04 T101,50,0,0,限本班,本班之大一新生選課由學校統一匯入，其他學生請依照「大一英文及精進英外文」選課須知之規定辦理選課。,English I,英文,https://webap0.ncue.edu.tw/DEANV2/UploadDEAN/SUBJECT/1151/00415_0CCEN0102420_EN.pdf,https://webapss.ncue.edu.tw/Teacher/Reports/OB020.aspx?yms_year=115&yms_sms=1&emp_id=0001159
1692,00414,工院初級英文,英文(一),,校必(英),,是,2,陳謝鈞,教學二館,(五) 01-02 34101,50,0,0,限本班,本班之大一新生選課由學校統一匯入，其他學生請依照「大一英文及精進英外文」選課須知之規定辦理選課。,English I,英文,https://webap0.ncue.edu.tw/DEANV2/UploadDEAN/SUBJECT/1151/00414_0CCEN0102420_EN.pdf,https://webapss.ncue.edu.tw/Teacher/Reports/OB020.aspx?yms_year=115&yms_sms=1&emp_id=0001163
1693,00413,工院中級英文,英文(一),,校必(英),,否,2,蔡佩舒,教學二館,(五) 03-04 34303,50,0,0,限本班,本班之大一新生選課由學校統一匯入，其他學生請依照「大一英文及精進英外文」選課須知之規定辦理選課。,English I,英文,https://webap0.ncue.edu.tw/DEANV2/UploadDEAN/SUBJECT/1151/00413_0CCEN0102420_EN.pdf,https://webapss.ncue.edu.tw/Teacher/Reports/OB020.aspx?yms_year=115&yms_sms=1&emp_id=0001048
1694,00412,工院中級英文,英文(一),,校必(英),,否,2,李姿瑩,教學二館,(五) 03-04 34301,50,0,0,限本班,本班之大一新生選課由學校統一匯入，其他學生請依照「大一英文及精進英外文」選課須知之規定辦理選課。,English I,英文,https://webap0.ncue.edu.tw/DEANV2/UploadDEAN/SUBJECT/1151/00412_0CCEN0102420_EN.pdf,https://webapss.ncue.edu.tw/Teacher/Reports/OB020.aspx?yms_year=115&yms_sms=1&emp_id=0001144
1695,00411,工院高級英文,英文(一),,校必(英),,是,2,郭育賢,教學二館,(五) 03-04 34204,50,0,0,限本班,本班之大一新生選課由學校統一匯入，其他學生請依照「大一英文及精進英外文」選課須知之規定辦理選課。,English I,英文,https://webap0.ncue.edu.tw/DEANV2/UploadDEAN/SUBJECT/1151/00411_0CCEN0102420_EN.pdf,https://webapss.ncue.edu.tw/Teacher/Reports/OB020.aspx?yms_year=115&yms_sms=1&emp_id=0001194
1696,00410,工院高級英文,英文(一),,校必(英),,否,2,林婉華,教學二館,(五) 03-04 34201,50,0,0,限本班,本班之大一新生選課由學校統一匯入，其他學生請依照「大一英文及精進英外文」選課須知之規定辦理選課。,English I,無,,https://webapss.ncue.edu.tw/Teacher/Reports/OB020.aspx?yms_year=115&yms_sms=1&emp_id=9900776
1697,00409,科技機電產攜專班一,英文(一),,校必(英),,是,2,林愛恩,教學一館,(五) 01-02 33303,50,0,0,限本班,1.本班之大一新生選課由學校統一匯入。2.限科技機電產攜專班學生選課。,English I,中文,https://webap0.ncue.edu.tw/DEANV2/UploadDEAN/SUBJECT/1151/00409_0CCEN0102420.pdf,https://webapss.ncue.edu.tw/Teacher/Reports/OB020.aspx?yms_year=115&yms_sms=1&emp_id=0001129
1698,00408,科技院初級英文,英文(一),,校必(英),,否,2,林愛恩,教學一館,(五) 03-04 33303,50,0,0,限本班,本班之大一新生選課由學校統一匯入，其他學生請依照「大一英文及精進英外文」選課須知之規定辦理選課。,English I,中文,https://webap0.ncue.edu.tw/DEANV2/UploadDEAN/SUBJECT/1151/00408_0CCEN0102420.pdf,https://webapss.ncue.edu.tw/Teacher/Reports/OB020.aspx?yms_year=115&yms_sms=1&emp_id=0001129
1699,00407,科技院中級英文,英文(一),,校必(英),,否,2,楊燕菁,教學二館,(四) 03-04 34201,50,0,0,限本班,本班之大一新生選課由學校統一匯入，其他學生請依照「大一英文及精進英外文」選課須知之規定辦理選課。,English I,英文,https://webap0.ncue.edu.tw/DEANV2/UploadDEAN/SUBJECT/1151/00407_0CCEN0102420_EN.pdf,https://webapss.ncue.edu.tw/Teacher/Reports/OB020.aspx?yms_year=115&yms_sms=1&emp_id=9900956
1700,00406,科技院高級英文,英文(一),,校必(英),,否,2,趙玉芝,教學一館,(四) 03-04 33303,50,0,0,限本班,本班之大一新生選課由學校統一匯入，其他學生請依照「大一英文及精進英外文」選課須知之規定辦理選課。,English I,中文,https://webap0.ncue.edu.tw/DEANV2/UploadDEAN/SUBJECT/1151/00406_0CCEN0102420.pdf,https://webapss.ncue.edu.tw/Teacher/Reports/OB020.aspx?yms_year=115&yms_sms=1&emp_id=0000613
1701,00405,管院初級英文,英文(一),,校必(英),,否,2,楊燕菁,教學二館,(四) 01-02 34201,50,0,0,限本班,本班之大一新生選課由學校統一匯入，其他學生請依照「大一英文及精進英外文」選課須知之規定辦理選課。,English I,英文,https://webap0.ncue.edu.tw/DEANV2/UploadDEAN/SUBJECT/1151/00405_0CCEN0102420_EN.pdf,https://webapss.ncue.edu.tw/Teacher/Reports/OB020.aspx?yms_year=115&yms_sms=1&emp_id=9900956
1702,00404,管院中級英文,英文(一),,校必(英),,否,2,李懿方,教學一館,(四) 03-04 33403,50,0,0,限本班,本班之大一新生選課由學校統一匯入，其他學生請依照「大一英文及精進英外文」選課須知之規定辦理選課。,English I,中英,https://webap0.ncue.edu.tw/DEANV2/UploadDEAN/SUBJECT/1151/00404_0CCEN0102420.pdf,https://webapss.ncue.edu.tw/Teacher/Reports/OB020.aspx?yms_year=115&yms_sms=1&emp_id=9901368
1703,00402,管院中級英文,英文(一),,校必(英),,否,2,李鈞皓,教學二館,(四) 01-02 34202,50,0,0,限本班,本班之大一新生選課由學校統一匯入，其他學生請依照「大一英文及精進英外文」選課須知之規定辦理選課。,English I,無,,https://webapss.ncue.edu.tw/Teacher/Reports/OB020.aspx?yms_year=115&yms_sms=1&emp_id=9901094
1704,00401,管院高級英文,英文(一),,校必(英),,否,2,林婉華,教學一館,(四) 03-04 33202,50,0,0,限本班,本班之大一新生選課由學校統一匯入，其他學生請依照「大一英文及精進英外文」選課須知之規定辦理選課。,English I,無,,https://webapss.ncue.edu.tw/Teacher/Reports/OB020.aspx?yms_year=115&yms_sms=1&emp_id=9900776
1705,00348,精進中文,華語流行歌詞欣賞,,校必(國),,否,2,陳麗如,教學大樓,(三) 05-06 T002,50,197,50,限本班,此為校必修國文6學分中之2學分，大二以上再選修亦可。重、補修生(含轉學生) 請參閱選課專區公告之「大一國文及精進中文選課須知」辦理。,The Appreciation of Lyrics of Chinese Pop Song,無,,https://webapss.ncue.edu.tw/Teacher/Reports/OB020.aspx?yms_year=115&yms_sms=1&emp_id=9901369
1706,00347,精進中文,台灣文學選讀,,校必(國),,否,2,白春燕,教學大樓,(五) 01-02 T101,60,106,60,限本班,本科目限大二以上修課，此為校必修國文6學分中之2學分。重、補修生(含轉學生) 請參閱選課專區公告之「大一國文及精進中文選課須知」辦理。,Taiwanese Literature,無,,https://webapss.ncue.edu.tw/Teacher/Reports/OB020.aspx?yms_year=115&yms_sms=1&emp_id=9901370
1707,00346,精進中文,詩詞吟唱,,校必(國),,否,2,詹千慧,教學大樓,(三) 05-06 T101,50,4,4,限本班,本科目限大二以上修課，此為校必修國文6學分中之2學分。重、補修生(含轉學生) 請參閱選課專區公告之「大一國文及精進中文選課須知」辦理。,Poem chanting,中文,https://webap0.ncue.edu.tw/DEANV2/UploadDEAN/SUBJECT/1151/00346_0CCCH0101520.pdf,https://webapss.ncue.edu.tw/Teacher/Reports/OB020.aspx?yms_year=115&yms_sms=1&emp_id=0001205
1708,00345,精進中文,東方詩話,,校必(國),,否,2,邱怡瑄,教學大樓,(三) 05-06 T302,60,66,60,限本班,本科目限大二以上修課，此為校必修國文6學分中之2學分。重、補修生(含轉學生) 請參閱選課專區公告之「大一國文及精進中文選課須知」辦理。,Notes on Oriental Poetry and Poets,中文,https://webap0.ncue.edu.tw/DEANV2/UploadDEAN/SUBJECT/1151/00345_0CCCH0104420.pdf,https://webapss.ncue.edu.tw/Teacher/Reports/OB020.aspx?yms_year=115&yms_sms=1&emp_id=0001140
1709,00344,精進中文,現代戲劇,,校必(國),,否,2,吳明德,弘道館,(五) 05-06 視聽教室(14403),75,191,50,限本班,此為校必修國文6學分中之2學分，大二以上再選修亦可。重、補修生(含轉學生) 請參閱選課專區公告之「大一國文及精進中文選課須知」辦理。,Modern drama,中文,https://webap0.ncue.edu.tw/DEANV2/UploadDEAN/SUBJECT/1151/00344_0CCCH0104720.pdf,https://webapss.ncue.edu.tw/Teacher/Reports/OB020.aspx?yms_year=115&yms_sms=1&emp_id=0000901
1710,00343,國一乙,國文(一),,校必(國),,否,2,盧世達,弘道館,(四) 05-06 人文講堂,50,0,0,限本班,需修習本班課程之重、補修生(含轉學生)，請參閱選課專區公告之「大一國文及精進中文選課須知」辦理。,Chinese I,中文,https://webap0.ncue.edu.tw/DEANV2/UploadDEAN/SUBJECT/1151/00343_0CCCH0100320.pdf,https://webapss.ncue.edu.tw/Teacher/Reports/OB020.aspx?yms_year=115&yms_sms=1&emp_id=0001150
1711,00342,生一,國文(一),,校必(國),,否,2,邱怡瑄,教學大樓,(二) 03-04 T302,50,0,0,限本班,需修習本班課程之重、補修生(含轉學生)，請參閱選課專區公告之「大一國文及精進中文選課須知」辦理。,Chinese I,中文,https://webap0.ncue.edu.tw/DEANV2/UploadDEAN/SUBJECT/1151/00342_0CCCH0100320.pdf,https://webapss.ncue.edu.tw/Teacher/Reports/OB020.aspx?yms_year=115&yms_sms=1&emp_id=0001140
1712,00341,運一,國文(一),,校必(國),,否,2,陳杰蓉,進德體育館,(三) 01-02 體育教室一,50,0,0,限本班,需修習本班課程之重、補修生(含轉學生)，請參閱選課專區公告之「大一國文及精進中文選課須知」辦理。,Chinese I,無,,https://webapss.ncue.edu.tw/Teacher/Reports/OB020.aspx?yms_year=115&yms_sms=1&emp_id=9900970
1713,00338,精進中文,現代作家介述,,校必(國),,否,2,陳憲仁,教學大樓,(二) 03-04 T004,50,29,29,限本班,此為校必修國文6學分中之2學分，大二以上再選修亦可。重、補修生(含轉學生) 請參閱選課專區公告之「大一國文及精進中文選課須知」辦理。,Introduction to Modern Writers,中文,https://webap0.ncue.edu.tw/DEANV2/UploadDEAN/SUBJECT/1151/00338_0CCCH0106120.pdf,https://webapss.ncue.edu.tw/Teacher/Reports/OB020.aspx?yms_year=115&yms_sms=1&emp_id=9901068
1714,00337,精進中文,老莊選讀,,校必(國),,否,2,周益忠,教學大樓,(五) 03-04 T101,66,96,50,限本班,本科目限大二以上修課，此為校必修國文6學分中之2學分。重、補修生(含轉學生) 請參閱選課專區公告之「大一國文及精進中文選課須知」辦理。,Analects of Lao-tze and Chuang-tze,中文,https://webap0.ncue.edu.tw/DEANV2/UploadDEAN/SUBJECT/1151/00337_0CCCH0103220.pdf,https://webapss.ncue.edu.tw/Teacher/Reports/OB020.aspx?yms_year=115&yms_sms=1&emp_id=9901158
1715,00336,精進中文,漢字學通論,,校必(國),,否,2,鐘曉婷,教學大樓,(五) 05-06 T105,50,71,50,限本班,本科目限大二以上修課，此為校必修國文6學分中之2學分。重、補修生(含轉學生) 請參閱選課專區公告之「大一國文及精進中文選課須知」辦理。,Introduction to philology of Chinese characters,中文,https://webap0.ncue.edu.tw/DEANV2/UploadDEAN/SUBJECT/1151/00336_0CCCH0102120.pdf,https://webapss.ncue.edu.tw/Teacher/Reports/OB020.aspx?yms_year=115&yms_sms=1&emp_id=9901354
1716,00335,精進中文,奇幻文學,,校必(國),,否,2,趙詠寬,教學大樓,(五) 05-06 T004,95,219,95,限本班,此為校必修國文6學分中之2學分，大二以上再選修亦可。重、補修生(含轉學生) 請參閱選課專區公告之「大一國文及精進中文選課須知」辦理。,Fantasy Literature,中文,https://webap0.ncue.edu.tw/DEANV2/UploadDEAN/SUBJECT/1151/00335_0CCCH0104920.pdf,https://webapss.ncue.edu.tw/Teacher/Reports/OB020.aspx?yms_year=115&yms_sms=1&emp_id=9900768
1717,00333,精進中文,小說與人生,,校必(國),,否,2,耿志堅,教學大樓,(三) 05-06 T105,70,181,70,限本班,此為校必修國文6學分中之2學分，大二以上再選修亦可。重、補修生(含轉學生) 請參閱選課專區公告之「大一國文及精進中文選課須知」辦理。,Novels and Life,中文,https://webap0.ncue.edu.tw/DEANV2/UploadDEAN/SUBJECT/1151/00333_0CCCH0106420.pdf,https://webapss.ncue.edu.tw/Teacher/Reports/OB020.aspx?yms_year=115&yms_sms=1&emp_id=9901024
1718,00332,精進中文,翻譯文學選讀,,校必(國),,否,2,劉威廷,教學大樓,(三) 03-04 T002,50,39,39,限本班,此為校必修國文6學分中之2學分，大二以上再選修亦可。重、補修生(含轉學生) 請參閱選課專區公告之「大一國文及精進中文選課須知」辦理。,Selected Readings in Translated Literature,中文,https://webap0.ncue.edu.tw/DEANV2/UploadDEAN/SUBJECT/1151/00332_0CCCH0105020.pdf,https://webapss.ncue.edu.tw/Teacher/Reports/OB020.aspx?yms_year=115&yms_sms=1&emp_id=0001113
1719,00331,精進中文,區域文學,,校必(國),,否,2,葉連鵬,教學大樓,(三) 03-04 T104,50,43,43,限本班,此為校必修國文6學分中之2學分，大二以上再選修亦可。重、補修生(含轉學生) 請參閱選課專區公告之「大一國文及精進中文選課須知」辦理。,Regional Literature,中文,https://webap0.ncue.edu.tw/DEANV2/UploadDEAN/SUBJECT/1151/00331_0CCCH0105920.pdf,https://webapss.ncue.edu.tw/Teacher/Reports/OB020.aspx?yms_year=115&yms_sms=1&emp_id=0000930
1720,00329,精進中文,人物誌,,校必(國),,否,2,吳伯曜,教學一館,(一) 05-06 33303,50,158,50,限本班,本科目限大二以上修課，此為校必修國文6學分中之2學分。重、補修生(含轉學生) 請參閱選課專區公告之「大一國文及精進中文選課須知」辦理。,Records of Personages,中文,https://webap0.ncue.edu.tw/DEANV2/UploadDEAN/SUBJECT/1151/00329_0CCCH0103120.pdf,https://webapss.ncue.edu.tw/Teacher/Reports/OB020.aspx?yms_year=115&yms_sms=1&emp_id=9901069
1721,00326,公育一,國文(一),,校必(國),,否,2,鐘曉婷,教學大樓,(五) 03-04 T305,50,0,0,限本班,需修習本班課程之重、補修生(含轉學生)，請參閱選課專區公告之「大一國文及精進中文選課須知」辦理。,Chinese I,中文,https://webap0.ncue.edu.tw/DEANV2/UploadDEAN/SUBJECT/1151/00326_0CCCH0100320.pdf,https://webapss.ncue.edu.tw/Teacher/Reports/OB020.aspx?yms_year=115&yms_sms=1&emp_id=9901354
1722,00325,物一乙,國文(一),,校必(國),,否,2,趙詠寬,教學大樓,(五) 07-08 T101,50,0,0,限本班,需修習本班課程之重、補修生(含轉學生)，請參閱選課專區公告之「大一國文及精進中文選課須知」辦理。,Chinese I,中文,https://webap0.ncue.edu.tw/DEANV2/UploadDEAN/SUBJECT/1151/00325_0CCCH0100320.pdf,https://webapss.ncue.edu.tw/Teacher/Reports/OB020.aspx?yms_year=115&yms_sms=1&emp_id=9900768
1723,00324,會一乙,國文(一),,校必(國),,否,2,劉鐔靖,教學二館,(二) 03-04 34103,50,0,0,限本班,需修習本班課程之重、補修生(含轉學生)，請參閱選課專區公告之「大一國文及精進中文選課須知」辦理。,Chinese I,中文,https://webap0.ncue.edu.tw/DEANV2/UploadDEAN/SUBJECT/1151/00324_0CCCH0100320.pdf,https://webapss.ncue.edu.tw/Teacher/Reports/OB020.aspx?yms_year=115&yms_sms=1&emp_id=9901311
1724,00323,財金一,國文(一),,校必(國),,否,2,劉鐔靖,教學二館,(二) 01-02 34103,50,0,0,限本班,需修習本班課程之重、補修生(含轉學生)，請參閱選課專區公告之「大一國文及精進中文選課須知」辦理。,Chinese I,中文,https://webap0.ncue.edu.tw/DEANV2/UploadDEAN/SUBJECT/1151/00323_0CCCH0100320.pdf,https://webapss.ncue.edu.tw/Teacher/Reports/OB020.aspx?yms_year=115&yms_sms=1&emp_id=9901311
1725,00322,科技一乙,國文(一),,校必(國),,否,2,湯家岳,教學一館,(五) 05-06 33304教室,50,0,0,限本班,需修習本班課程之重、補修生(含轉學生)，請參閱選課專區公告之「大一國文及精進中文選課須知」辦理。,Chinese I,中文,https://webap0.ncue.edu.tw/DEANV2/UploadDEAN/SUBJECT/1151/00322_0CCCH0100320.pdf,https://webapss.ncue.edu.tw/Teacher/Reports/OB020.aspx?yms_year=115&yms_sms=1&emp_id=9901104
1726,00321,資管一,國文(一),,校必(國),,否,2,湯家岳,教學一館,(五) 03-04 33404,50,0,0,限本班,需修習本班課程之重、補修生(含轉學生)，請參閱選課專區公告之「大一國文及精進中文選課須知」辦理。,Chinese I,中文,https://webap0.ncue.edu.tw/DEANV2/UploadDEAN/SUBJECT/1151/00321_0CCCH0100320.pdf,https://webapss.ncue.edu.tw/Teacher/Reports/OB020.aspx?yms_year=115&yms_sms=1&emp_id=9901104
1727,00320,企管一,國文(一),,校必(國),,否,2,湯家岳,教學一館,(五) 01-02 33404,50,0,0,限本班,需修習本班課程之重、補修生(含轉學生)，請參閱選課專區公告之「大一國文及精進中文選課須知」辦理。,Chinese I,中文,https://webap0.ncue.edu.tw/DEANV2/UploadDEAN/SUBJECT/1151/00320_0CCCH0100320.pdf,https://webapss.ncue.edu.tw/Teacher/Reports/OB020.aspx?yms_year=115&yms_sms=1&emp_id=9901104
1728,00319,機電一,國文(一),,校必(國),,否,2,陳厚任,教學二館,(四) 03-04 34101,50,0,0,限本班,需修習本班課程之重、補修生(含轉學生)，請參閱選課專區公告之「大一國文及精進中文選課須知」辦理。,Chinese I,無,,https://webapss.ncue.edu.tw/Teacher/Reports/OB020.aspx?yms_year=115&yms_sms=1&emp_id=9901302
1729,00318,智車一,國文(一),,校必(國),,否,2,陳厚任,教學二館,(四) 01-02 34101,50,0,0,限本班,需修習本班課程之重、補修生(含轉學生)，請參閱選課專區公告之「大一國文及精進中文選課須知」辦理。,Chinese I,無,,https://webapss.ncue.edu.tw/Teacher/Reports/OB020.aspx?yms_year=115&yms_sms=1&emp_id=9901302
1730,00317,物一甲,國文(一),,校必(國),,否,2,鐘曉婷,教學大樓,(五) 07-08 T304,50,0,0,限本班,需修習本班課程之重、補修生(含轉學生)，請參閱選課專區公告之「大一國文及精進中文選課須知」辦理。,Chinese I,中文,https://webap0.ncue.edu.tw/DEANV2/UploadDEAN/SUBJECT/1151/00317_0CCCH0100320.pdf,https://webapss.ncue.edu.tw/Teacher/Reports/OB020.aspx?yms_year=115&yms_sms=1&emp_id=9901354
1731,00316,數一乙,國文(一),,校必(國),,否,2,陳杰蓉,教學大樓,(一) 01-02 T303,50,0,0,限本班,需修習本班課程之重、補修生(含轉學生)，請參閱選課專區公告之「大一國文及精進中文選課須知」辦理。,Chinese I,無,,https://webapss.ncue.edu.tw/Teacher/Reports/OB020.aspx?yms_year=115&yms_sms=1&emp_id=9900970
1732,00315,化一,國文(一),,校必(國),,否,2,陳杰蓉,教學大樓,(一) 03-04 T303,50,0,0,限本班,需修習本班課程之重、補修生(含轉學生)，請參閱選課專區公告之「大一國文及精進中文選課須知」辦理。,Chinese I,無,,https://webapss.ncue.edu.tw/Teacher/Reports/OB020.aspx?yms_year=115&yms_sms=1&emp_id=9900970
1733,00314,數一甲,國文(一),,校必(國),,否,2,陳麗如,教學大樓,(三) 07-08 T302,50,0,0,限本班,需修習本班課程之重、補修生(含轉學生)，請參閱選課專區公告之「大一國文及精進中文選課須知」辦理。,Chinese I,無,,https://webapss.ncue.edu.tw/Teacher/Reports/OB020.aspx?yms_year=115&yms_sms=1&emp_id=9901369
1734,00313,高照原民專班一,國文(一),,校必(國),,否,2,李皇穎,教學大樓,(三) 05-06 T303,50,0,0,限本班,需修習本班課程之重、補修生(含轉學生)，請參閱選課專區公告之「大一國文及精進中文選課須知」辦理。,Chinese I,中英,https://webap0.ncue.edu.tw/DEANV2/UploadDEAN/SUBJECT/1151/00313_0CCCH0100320.pdf,https://webapss.ncue.edu.tw/Teacher/Reports/OB020.aspx?yms_year=115&yms_sms=1&emp_id=9901167
1735,00312,會一甲,國文(一),,校必(國),,否,2,李皇穎,教學二館,(三) 03-04 34103,50,0,0,限本班,需修習本班課程之重、補修生(含轉學生)，請參閱選課專區公告之「大一國文及精進中文選課須知」辦理。,Chinese I,中英,https://webap0.ncue.edu.tw/DEANV2/UploadDEAN/SUBJECT/1151/00312_0CCCH0100320.pdf,https://webapss.ncue.edu.tw/Teacher/Reports/OB020.aspx?yms_year=115&yms_sms=1&emp_id=9901167
1736,00311,資工一,國文(一),,校必(國),,否,2,李皇穎,教學二館,(三) 01-02 34103,50,0,0,限本班,需修習本班課程之重、補修生(含轉學生)，請參閱選課專區公告之「大一國文及精進中文選課須知」辦理。,Chinese I,中英,https://webap0.ncue.edu.tw/DEANV2/UploadDEAN/SUBJECT/1151/00311_0CCCH0100320.pdf,https://webapss.ncue.edu.tw/Teacher/Reports/OB020.aspx?yms_year=115&yms_sms=1&emp_id=9901167
1737,00310,美一,國文(一),,校必(國),,否,2,劉威廷,教學大樓,(二) 03-04 T001,50,0,0,限本班,需修習本班課程之重、補修生(含轉學生)，請參閱選課專區公告之「大一國文及精進中文選課須知」辦理。,Chinese I,無,,https://webapss.ncue.edu.tw/Teacher/Reports/OB020.aspx?yms_year=115&yms_sms=1&emp_id=0001113
1738,00309,英一,國文(一),,校必(國),,否,2,劉威廷,教學大樓,(四) 03-04 T202,50,0,0,限本班,需修習本班課程之重、補修生(含轉學生)，請參閱選課專區公告之「大一國文及精進中文選課須知」辦理。,Chinese I,中文,https://webap0.ncue.edu.tw/DEANV2/UploadDEAN/SUBJECT/1151/00309_0CCCH0100320.pdf,https://webapss.ncue.edu.tw/Teacher/Reports/OB020.aspx?yms_year=115&yms_sms=1&emp_id=0001113
1739,00308,輔一甲,國文(一),,校必(國),,否,2,葉連鵬,教學大樓,(二) 05-06 T303,50,0,0,限本班,需修習本班課程之重、補修生(含轉學生)，請參閱選課專區公告之「大一國文及精進中文選課須知」辦理。,Chinese I,中文,https://webap0.ncue.edu.tw/DEANV2/UploadDEAN/SUBJECT/1151/00308_0CCCH0100320.pdf,https://webapss.ncue.edu.tw/Teacher/Reports/OB020.aspx?yms_year=115&yms_sms=1&emp_id=0000930
1740,00307,特教一,國文(一),,校必(國),,否,2,吳明德,弘道館,(三) 05-06 視聽教室(14403),50,0,0,限本班,需修習本班課程之重、補修生(含轉學生)，請參閱選課專區公告之「大一國文及精進中文選課須知」辦理。,Chinese I,中文,https://webap0.ncue.edu.tw/DEANV2/UploadDEAN/SUBJECT/1151/00307_0CCCH0100320.pdf,https://webapss.ncue.edu.tw/Teacher/Reports/OB020.aspx?yms_year=115&yms_sms=1&emp_id=0000901
1741,00306,科技一甲,國文(一),,校必(國),,否,2,吳伯曜,教學一館,(一) 03-04 33303,50,0,0,限本班,需修習本班課程之重、補修生(含轉學生)，請參閱選課專區公告之「大一國文及精進中文選課須知」辦理。,Chinese I,中文,https://webap0.ncue.edu.tw/DEANV2/UploadDEAN/SUBJECT/1151/00306_0CCCH0100320.pdf,https://webapss.ncue.edu.tw/Teacher/Reports/OB020.aspx?yms_year=115&yms_sms=1&emp_id=9901069
1742,00305,電子一,國文(一),,校必(國),,否,2,吳伯曜,教學一館,(一) 01-02 33303,50,0,0,限本班,需修習本班課程之重、補修生(含轉學生)，請參閱選課專區公告之「大一國文及精進中文選課須知」辦理。,Chinese I,中文,https://webap0.ncue.edu.tw/DEANV2/UploadDEAN/SUBJECT/1151/00305_0CCCH0100320.pdf,https://webapss.ncue.edu.tw/Teacher/Reports/OB020.aspx?yms_year=115&yms_sms=1&emp_id=9901069
1743,00304,輔一乙,國文(一),,校必(國),,否,2,簡承禾,教學大樓,(四) 03-04 T303,50,0,0,限本班,需修習本班課程之重、補修生(含轉學生)，請參閱選課專區公告之「大一國文及精進中文選課須知」辦理。,Chinese I,中文,https://webap0.ncue.edu.tw/DEANV2/UploadDEAN/SUBJECT/1151/00304_0CCCH0100320.pdf,https://webapss.ncue.edu.tw/Teacher/Reports/OB020.aspx?yms_year=115&yms_sms=1&emp_id=4000069
1744,00303,電機一,國文(一),,校必(國),,否,2,簡承禾,教學一館,(二) 03-04 33303,50,0,0,限本班,需修習本班課程之重、補修生(含轉學生)，請參閱選課專區公告之「大一國文及精進中文選課須知」辦理。,Chinese I,中文,https://webap0.ncue.edu.tw/DEANV2/UploadDEAN/SUBJECT/1151/00303_0CCCH0100320.pdf,https://webapss.ncue.edu.tw/Teacher/Reports/OB020.aspx?yms_year=115&yms_sms=1&emp_id=4000069
1745,00302,國一甲,國文(一),,校必(國),,否,2,甘秉慧,弘道館,(二) 05-06 14402,50,0,0,限本班,需修習本班課程之重、補修生(含轉學生)，請參閱選課專區公告之「大一國文及精進中文選課須知」辦理。,Chinese I,中文,https://webap0.ncue.edu.tw/DEANV2/UploadDEAN/SUBJECT/1151/00302_0CCCH0100320.pdf,https://webapss.ncue.edu.tw/Teacher/Reports/OB020.aspx?yms_year=115&yms_sms=1&emp_id=0000532
1746,00301,地一,國文(一),,校必(國),,否,2,詹千慧,教學大樓,(一) 05-06 T303,50,0,0,限本班,需修習本班課程之重、補修生(含轉學生)，請參閱選課專區公告之「大一國文及精進中文選課須知」辦理。,Chinese I,中文,https://webap0.ncue.edu.tw/DEANV2/UploadDEAN/SUBJECT/1151/00301_0CCCH0100320.pdf,https://webapss.ncue.edu.tw/Teacher/Reports/OB020.aspx?yms_year=115&yms_sms=1&emp_id=0001205
1747,00254,核心通識,工程與生活,,跨學院通識(工),博雅二,否,2,伍朝欽,教學二館,(一) 03-04 34102,50,70,50,限本班,師大校區,Engineering and Daily Life,中文,https://webap0.ncue.edu.tw/DEANV2/UploadDEAN/SUBJECT/1151/00254_0CCGE0059620.pdf,https://webapss.ncue.edu.tw/Teacher/Reports/OB020.aspx?yms_year=115&yms_sms=1&emp_id=0000667
1748,00253,核心通識,客家文化,,跨學院通識(文),博雅三,否,2,邱湘雲,教學大樓,(二) 07-08 T005,70,86,50,限本班,大一~大四文學院學生，不能認列通識學分,Hakka Culture,中文,https://webap0.ncue.edu.tw/DEANV2/UploadDEAN/SUBJECT/1151/00253_0CCGE0175220.pdf,https://webapss.ncue.edu.tw/Teacher/Reports/OB020.aspx?yms_year=115&yms_sms=1&emp_id=0000940
1749,00252,核心通識,通用資料分析,,跨學院通識(理),,否,2,劉儼毅,經世館,(一) 03-04 經世館32101,50,111,43,限本班,大一~大四理學院學生，不能認列通識學分。110學年(含)以前入學學生，不能認列通識學分 ，師大校區上課,General Data Analysis,中文,https://webap0.ncue.edu.tw/DEANV2/UploadDEAN/SUBJECT/1151/00252_0CCGE0186120.pdf,https://webapss.ncue.edu.tw/Teacher/Reports/OB020.aspx?yms_year=115&yms_sms=1&emp_id=0001174
1750,00251,核心通識,化妝品化學,,跨學院通識(理),博雅二,否,2,吳安台,教學大樓,(五) 05-06 T006,70,416,70,限本班,大一~大四理學院學生，不能認列通識學分,Cosmetic Chemistry,中文,https://webap0.ncue.edu.tw/DEANV2/UploadDEAN/SUBJECT/1151/00251_0CCGE0181520.pdf,https://webapss.ncue.edu.tw/Teacher/Reports/OB020.aspx?yms_year=115&yms_sms=1&emp_id=0000879
1751,00250,核心通識,化學與生活應用,,跨學院通識(理),博雅二,否,2,曹峯溢,教學大樓,(五) 03-04 T005,70,109,70,限本班,大一~大四理學院學生，不能認列通識學分,Chemistry and Life Application,中文,https://webap0.ncue.edu.tw/DEANV2/UploadDEAN/SUBJECT/1151/00250_0CCGE0174720.pdf,https://webapss.ncue.edu.tw/Teacher/Reports/OB020.aspx?yms_year=115&yms_sms=1&emp_id=0001166
1752,00249,核心通識,生命科學與人類生活,,跨學院通識(理),博雅二,否,2,蕭乃文姜鈴耿全福李奇英,教學大樓,(一) 05-06 T103,70,127,34,限本班,大一~大四理學院學生，不能認列通識學分,Life Sciences and Human Living,中文,https://webap0.ncue.edu.tw/DEANV2/UploadDEAN/SUBJECT/1151/00249_0CCGE0049220.pdf,https://webapss.ncue.edu.tw/Teacher/Reports/OB020.aspx?yms_year=115&yms_sms=1&emp_id=0000882
1753,00248,核心通識,邏輯與思考,,跨學院通識(理),博雅二,否,2,連怡斌,教學大樓,(三) 03-04 T105,70,99,70,限本班,大一~大四理學院學生，不能認列通識學分,Logic and Thinking,中文,https://webap0.ncue.edu.tw/DEANV2/UploadDEAN/SUBJECT/1151/00248_0CCGE0174320.pdf,https://webapss.ncue.edu.tw/Teacher/Reports/OB020.aspx?yms_year=115&yms_sms=1&emp_id=0000474
1754,00247,核心通識,通訊科技與生活,,跨學院通識(工),博雅二,否,2,陳棟洲,教學二館,(二) 07-08 34204,70,68,58,限本班,大一~大四工學院學生，不能認列通識學分 ，師大校區上課,Communication Technologies and Life,中文,https://webap0.ncue.edu.tw/DEANV2/UploadDEAN/SUBJECT/1151/00247_0CCGE0181820.pdf,https://webapss.ncue.edu.tw/Teacher/Reports/OB020.aspx?yms_year=115&yms_sms=1&emp_id=0000977
1755,00246,核心通識,資訊與社會,,跨學院通識(工),博雅一,否,2,陳仁德,圖書館,(四) 07-08 電一教室,50,115,50,限本班,大一~大四工學院學生，不能認列通識學分,Information and Society,中文,https://webap0.ncue.edu.tw/DEANV2/UploadDEAN/SUBJECT/1151/00246_0CCGE0059520.pdf,https://webapss.ncue.edu.tw/Teacher/Reports/OB020.aspx?yms_year=115&yms_sms=1&emp_id=0000929
1756,00245,核心通識,風險管理與危機處理,,跨學院通識(管),博雅二,否,2,王正熙,教學一館,(五) 05-06 33302教室,70,103,24,限本班,大一~大四管理學院學生，不能認列通識學分，師大校區上課,Risk Management and Crisis Handling,中英,https://webap0.ncue.edu.tw/DEANV2/UploadDEAN/SUBJECT/1151/00245_0CCGE0046720.pdf,https://webapss.ncue.edu.tw/Teacher/Reports/OB020.aspx?yms_year=115&yms_sms=1&emp_id=9901109
1757,00244,核心通識,遊程設計與行銷,,跨學院通識(管),博雅一,否,2,林逸程白凢芸,經世館,(一) 03-04 32211,60,127,23,限本班,大一~大四管理學院學生，不能認列通識學分。108學年(含)以前入學學生，不能認列通識學分，師大校區上課,Tour Design and Marketing,中文,https://webap0.ncue.edu.tw/DEANV2/UploadDEAN/SUBJECT/1151/00244_0CCGE0185020.pdf,https://webapss.ncue.edu.tw/Teacher/Reports/OB020.aspx?yms_year=115&yms_sms=1&emp_id=0001107
1758,00243,核心通識,商業簡報概論,,跨學院通識(管),,是,2,王慕容,教學大樓,(四) 05-06 T002,50,32,20,限本班,大一~大四管理學院學生，不能認列通識學分。109學年(含)以前入學學生，不能認列通識學分，全英通識,Introduction to Business Presentation,英文,https://webap0.ncue.edu.tw/DEANV2/UploadDEAN/SUBJECT/1151/00243_0CCGE0185720_EN.pdf,https://webapss.ncue.edu.tw/Teacher/Reports/OB020.aspx?yms_year=115&yms_sms=1&emp_id=0000889
1759,00242,核心通識,個人投資理財,,跨學院通識(管),博雅一,否,2,林逸程吳明政,經世館,(一) 08-09 32410-二館,60,515,60,限本班,大一~大四管理學院學生，不能認列通識學分、師大校區上課,Personal Finance,中文,https://webap0.ncue.edu.tw/DEANV2/UploadDEAN/SUBJECT/1151/00242_0CCGE0177620.pdf,https://webapss.ncue.edu.tw/Teacher/Reports/OB020.aspx?yms_year=115&yms_sms=1&emp_id=0001107
1760,00241,核心通識,臺灣原住民族語與文化,,跨學院通識(文),,否,2,胡其瑞,教學大樓,(四) 03-04 T103,65,47,6,限本班,大一~大四文學院學生，不能認列通識學分。110學年(含)以前入學學生，不能認列通識學分,Taiwan Indigenous Languages and Cultures,中文,https://webap0.ncue.edu.tw/DEANV2/UploadDEAN/SUBJECT/1151/00241_0CCGE0186020.pdf,https://webapss.ncue.edu.tw/Teacher/Reports/OB020.aspx?yms_year=115&yms_sms=1&emp_id=0001165
1761,00240,核心通識,水資源與人類文明,,跨學院通識(文),博雅三,否,2,李進億,教學大樓,(三) 05-06 T103,70,188,36,限本班,大一~大四文學院學生，不能認列通識學分,Water Environment & Human Culture,中文,https://webap0.ncue.edu.tw/DEANV2/UploadDEAN/SUBJECT/1151/00240_0CCGE0175120.pdf,https://webapss.ncue.edu.tw/Teacher/Reports/OB020.aspx?yms_year=115&yms_sms=1&emp_id=0001092
1762,00239,核心通識,台灣文學欣賞,,跨學院通識(文),博雅三,是,2,劉威廷,教學大樓,(五) 05-06 T202,50,50,26,限本班,大一~大四文學院學生，不能認列通識學分，全英通識,Appreciation of Taiwan Literature,中英,https://webap0.ncue.edu.tw/DEANV2/UploadDEAN/SUBJECT/1151/00239_0CCGE0037720.pdf,https://webapss.ncue.edu.tw/Teacher/Reports/OB020.aspx?yms_year=115&yms_sms=1&emp_id=0001113
1763,00238,核心通識,台灣文學欣賞,,跨學院通識(文),博雅三,否,2,葉連鵬,教學一館,(一) 03-04 33302教室,70,120,38,限本班,大一~大四文學院學生，不能認列通識學分，師大校區上課,Appreciation of Taiwan Literature,中文,https://webap0.ncue.edu.tw/DEANV2/UploadDEAN/SUBJECT/1151/00238_0CCGE0037720.pdf,https://webapss.ncue.edu.tw/Teacher/Reports/OB020.aspx?yms_year=115&yms_sms=1&emp_id=0000930
1764,00237,核心通識,生命的起源與演化,,跨學院通識(文),博雅一,否,2,莊世滋,教學大樓,(五) 03-04 T103,50,70,50,限本班,大一~大四文學院學生，不能認列通識學分,The Origin and Evolution of Life,中文,https://webap0.ncue.edu.tw/DEANV2/UploadDEAN/SUBJECT/1151/00237_0CCGE0163520.pdf,https://webapss.ncue.edu.tw/Teacher/Reports/OB020.aspx?yms_year=115&yms_sms=1&emp_id=0000808
1765,00236,核心通識,運動與疾病預防,,跨學院通識(社體),博雅三,否,2,蔡忠昌,教學一館,(四) 03-04 33302教室,70,124,70,限本班,大一~大四社科體院學生，不能認列通識學分 ，師大校區上課,Exercise and Prevention of Diseases,中文,https://webap0.ncue.edu.tw/DEANV2/UploadDEAN/SUBJECT/1151/00236_0CCGE0184420.pdf,https://webapss.ncue.edu.tw/Teacher/Reports/OB020.aspx?yms_year=115&yms_sms=1&emp_id=0000688
1766,00235,核心通識,瑜珈與身心減壓,,跨學院通識(社體),博雅二,否,2,鍾孟玲,進德體育館,(一) 05-06 技擊室,50,231,50,限本班,大一~大四社科體院學生，不能認列通識學分,Effects of Yoga in Stress Reduction,中文,https://webap0.ncue.edu.tw/DEANV2/UploadDEAN/SUBJECT/1151/00235_0CCGE0182420.pdf,https://webapss.ncue.edu.tw/Teacher/Reports/OB020.aspx?yms_year=115&yms_sms=1&emp_id=0000695
1767,00234,核心通識,多元文化鑑賞,,跨學院通識(社體),博雅一,否,2,洪翠娥,教學大樓,(四) 05-06 T005,50,214,50,限本班,大一~大四社科體院學生，不能認列通識學分,The Exploration of Cultural Mosaic,中文,https://webap0.ncue.edu.tw/DEANV2/UploadDEAN/SUBJECT/1151/00234_0CCGE0048820.pdf,https://webapss.ncue.edu.tw/Teacher/Reports/OB020.aspx?yms_year=115&yms_sms=1&emp_id=0000623
1768,00233,核心通識,中國大陸問題與兩岸關係,,跨學院通識(社體),博雅一,否,2,劉兆隆,教學大樓,(三) 03-04 T004,70,158,70,限本班,大一~大四社科體院學生不能認列為通識學分,Introduction & Mainland China Studies and Cross-Strait Relations,中文,https://webap0.ncue.edu.tw/DEANV2/UploadDEAN/SUBJECT/1151/00233_0CCGE0055320.pdf,https://webapss.ncue.edu.tw/Teacher/Reports/OB020.aspx?yms_year=115&yms_sms=1&emp_id=0000819
1769,00232,核心通識,急難救助教育,,跨學院通識(教),博雅二,否,2,周志中,教學一館,(一) 07-08 33302教室,65,131,65,限本班,大一~大四教育學院學生，不能認列通識學分，師大校區上課,Disaster Rescue Education,中文,https://webap0.ncue.edu.tw/DEANV2/UploadDEAN/SUBJECT/1151/00232_0CCGE0174920.pdf,https://webapss.ncue.edu.tw/Teacher/Reports/OB020.aspx?yms_year=115&yms_sms=1&emp_id=9900843
1770,00231,核心通識,情緒與壓力管理,,跨學院通識(教),博雅二,否,2,李淑敬,教學大樓,(四) 05-06 T105,70,449,70,限本班,大一~大四教育學院學生，不能認列通識學分,Emotion and Stress Management,中英,https://webap0.ncue.edu.tw/DEANV2/UploadDEAN/SUBJECT/1151/00231_0CCGE0174020.pdf,https://webapss.ncue.edu.tw/Teacher/Reports/OB020.aspx?yms_year=115&yms_sms=1&emp_id=9900942
1771,00230,核心通識,綠色能源科技,,跨學院通識(科技),博雅二,否,2,董子嘉,教學一館,(二) 03-04 33302教室,50,80,28,限本班,大一~大四科技學院學生，不能認列通識學分，師大校區上課,Science & Technology of Renewable Energy,中文,https://webap0.ncue.edu.tw/DEANV2/UploadDEAN/SUBJECT/1151/00230_0CCGE0164120.pdf,https://webapss.ncue.edu.tw/Teacher/Reports/OB020.aspx?yms_year=115&yms_sms=1&emp_id=0001212
1772,00229,核心通識,汽車保養與修護,,跨學院通識(科技),博雅二,否,2,吳建達,教學一館,(五) 03-04 33302教室,50,105,50,限本班,大一~大四科技學院學生，不能認列通識學分，師大校區上課,Automotive Maintenance and Repair,中英,https://webap0.ncue.edu.tw/DEANV2/UploadDEAN/SUBJECT/1151/00229_0CCGE0029720.pdf,https://webapss.ncue.edu.tw/Teacher/Reports/OB020.aspx?yms_year=115&yms_sms=1&emp_id=0000810
1773,00228,核心通識,家用電器原理與維修,,跨學院通識(科技),博雅二,否,2,楊學成,力行館,(一) 03-04 31B10,50,188,37,限本班,大一~大四科技學院學生，不能認列通識學分，師大校區上課,Domestic Electrical Appliances Repair,中文,https://webap0.ncue.edu.tw/DEANV2/UploadDEAN/SUBJECT/1151/00228_0CCGE0175920.pdf,https://webapss.ncue.edu.tw/Teacher/Reports/OB020.aspx?yms_year=115&yms_sms=1&emp_id=0000809
1774,00227,核心通識,領導與團隊管理,,跨學院通識(科技),博雅一,否,2,沈其泰,教學大樓,(一) 03-04 T103,66,185,52,限本班,大一~大四科技學院學生，不能認列通識學分,Leadership and Group Management,中文,https://webap0.ncue.edu.tw/DEANV2/UploadDEAN/SUBJECT/1151/00227_0CCGE0174220.pdf,https://webapss.ncue.edu.tw/Teacher/Reports/OB020.aspx?yms_year=115&yms_sms=1&emp_id=0001091
1775,00226,核心通識,交通與法律生活,,跨學院通識(科技),博雅一,否,2,曾文功,教學大樓,(三) 03-04 T006,70,231,70,限本班,大一~大四科技學院學生，不能認列通識學分,"Traffic, Laws and Life",中英,https://webap0.ncue.edu.tw/DEANV2/UploadDEAN/SUBJECT/1151/00226_0CCGE0178220.pdf,https://webapss.ncue.edu.tw/Teacher/Reports/OB020.aspx?yms_year=115&yms_sms=1&emp_id=0000921
1776,00225,核心通識,茶文化與茶道,,素養通識-生活藝能及應用,博雅三,否,2,蔡玉釵,王金平活動中心,(五) 03-04 A301,70,554,70,限本班,,Tea Culture and Ceremony,中文,https://webap0.ncue.edu.tw/DEANV2/UploadDEAN/SUBJECT/1151/00225_0CCGE0183820.pdf,https://webapss.ncue.edu.tw/Teacher/Reports/OB020.aspx?yms_year=115&yms_sms=1&emp_id=9901236
1777,00224,核心通識,信仰與人生,,素養通識-文化美學與文明,博雅三,否,2,劉昆夏(釋見材法師),王金平活動中心,(三) 03-04 A301,50,263,50,限本班,釋見材法師授課,Faith with the Life,中文,https://webap0.ncue.edu.tw/DEANV2/UploadDEAN/SUBJECT/1151/00224_0CCGE0050020.pdf,https://webapss.ncue.edu.tw/Teacher/Reports/OB020.aspx?yms_year=115&yms_sms=1&emp_id=9901274
1778,00223,核心通識,世界舞蹈的脈動,,素養通識-文化美學與文明,博雅三,否,2,高嘉璘,教學二館,(三) 03-04 34101,50,58,19,限本班,師大校區上課,Dances of the World,中英,https://webap0.ncue.edu.tw/DEANV2/UploadDEAN/SUBJECT/1151/00223_0CCGE0183120.pdf,https://webapss.ncue.edu.tw/Teacher/Reports/OB020.aspx?yms_year=115&yms_sms=1&emp_id=9901150
1779,00222,核心通識,認識東西方喜劇藝術,,素養通識-文化美學與文明,博雅三,否,2,李舒亭,教學大樓,(一) 07-08 T002,65,165,65,限本班,,The Comic Art of the East and the West,中英,https://webap0.ncue.edu.tw/DEANV2/UploadDEAN/SUBJECT/1151/00222_0CCGE0176520.pdf,https://webapss.ncue.edu.tw/Teacher/Reports/OB020.aspx?yms_year=115&yms_sms=1&emp_id=9900609
1780,00221,核心通識,莎士比亞劇場－當古典遇上現代,,素養通識-文化美學與文明,博雅三,否,2,李舒亭,教學大樓,(一) 05-06 T002,65,79,38,限本班,,Shakespeare Theater : When the Classical Case of the Modern,中英,https://webap0.ncue.edu.tw/DEANV2/UploadDEAN/SUBJECT/1151/00221_0CCGE0176420.pdf,https://webapss.ncue.edu.tw/Teacher/Reports/OB020.aspx?yms_year=115&yms_sms=1&emp_id=9900609
1781,00220,核心通識,數位音樂賞析與創作,,素養通識-生活藝能及應用,博雅三,否,2,陳麗安,圖書館,(四) 05-06 電三教室,50,301,50,限本班,107學年以前入學學生，不能認列通識學分,Digital Music Appreciation and Composition,中文,https://webap0.ncue.edu.tw/DEANV2/UploadDEAN/SUBJECT/1151/00220_0CCGE0184620.pdf,https://webapss.ncue.edu.tw/Teacher/Reports/OB020.aspx?yms_year=115&yms_sms=1&emp_id=9900962
1782,00219,核心通識,術數哲學與應用,,素養通識-生活藝能及應用,,否,2,林惠君,教學二館,(一) 05-06 34103,50,212,50,限本班,108學年以前入學學生，不能認列通識學分，師大校區上課,Application of Numberology and Divination Philosophy,中文,https://webap0.ncue.edu.tw/DEANV2/UploadDEAN/SUBJECT/1151/00219_0CCGE0186320.pdf,https://webapss.ncue.edu.tw/Teacher/Reports/OB020.aspx?yms_year=115&yms_sms=1&emp_id=9901277
1783,00218,核心通識,影像光雕投影,,素養通識-生活藝能及應用,博雅三,否,2,張皓甯,教學大樓,(三) 03-04 T005,65,52,7,限本班,,Projection Mapping,中文,https://webap0.ncue.edu.tw/DEANV2/UploadDEAN/SUBJECT/1151/00218_0CCGE0184320.pdf,https://webapss.ncue.edu.tw/Teacher/Reports/OB020.aspx?yms_year=115&yms_sms=1&emp_id=9901165
1784,00217,核心通識,機器和深度學習概論,,素養通識-生活藝能及應用,博雅二,否,2,劉儼毅,圖書館,(四) 07-08 電二教室,50,164,44,限本班,107學年以前入學學生，不能認列通識學分,Introduction to Machine and Deep Learning,中文,https://webap0.ncue.edu.tw/DEANV2/UploadDEAN/SUBJECT/1151/00217_0CCGE0184220.pdf,https://webapss.ncue.edu.tw/Teacher/Reports/OB020.aspx?yms_year=115&yms_sms=1&emp_id=0001174
1785,00216,核心通識,資訊素養,,素養通識-生活藝能及應用,博雅一,否,2,陳仁德,力行館,(五) 01-02 力行館31102,50,116,41,限本班,師大校區上課,Information Literacy,中文,https://webap0.ncue.edu.tw/DEANV2/UploadDEAN/SUBJECT/1151/00216_0CCGE0044420.pdf,https://webapss.ncue.edu.tw/Teacher/Reports/OB020.aspx?yms_year=115&yms_sms=1&emp_id=0000929
1786,00215,核心通識,資訊素養,,素養通識-生活藝能及應用,博雅一,否,2,王妙媛,教學大樓,(一) 01-02 T502電腦教室,50,470,50,限本班,,Information Literacy,中文,https://webap0.ncue.edu.tw/DEANV2/UploadDEAN/SUBJECT/1151/00215_0CCGE0044420.pdf,https://webapss.ncue.edu.tw/Teacher/Reports/OB020.aspx?yms_year=115&yms_sms=1&emp_id=0000805
1787,00214,核心通識,Python程式設計及應用,,素養通識-生活藝能及應用,博雅二,否,2,阮家慶,圖書館,(二) 07-08 電四教室,50,126,50,限本班,,Introduction to Python Programming and Application,無,,https://webapss.ncue.edu.tw/Teacher/Reports/OB020.aspx?yms_year=115&yms_sms=1&emp_id=4000045
1788,00213,核心通識,科技應用與創意實作,,素養通識-生活藝能及應用,博雅一,否,2,陳良瑞,力行館,(五) 03-04 力行館31102,50,111,12,限本班,師大校區上課,Technology Application and Innovation,無,,https://webapss.ncue.edu.tw/Teacher/Reports/OB020.aspx?yms_year=115&yms_sms=1&emp_id=0000909
1789,00212,核心通識,你應該知道的商業禮儀,,素養通識-生活藝能及應用,博雅一,否,2,凃淑貞,教學大樓,(一) 03-04 T002,65,600,65,限本班,,The Essentials of Business Etiquette,中文,https://webap0.ncue.edu.tw/DEANV2/UploadDEAN/SUBJECT/1151/00212_0CCGE0183920.pdf,https://webapss.ncue.edu.tw/Teacher/Reports/OB020.aspx?yms_year=115&yms_sms=1&emp_id=9901148
1790,00211,核心通識,藝術活動與展示,,素養通識-生活藝能及應用,博雅三,否,2,陳世強,教學大樓,(二) 03-04 T006,50,125,50,限本班,,Art Activities and Exhibitions,中文,https://webap0.ncue.edu.tw/DEANV2/UploadDEAN/SUBJECT/1151/00211_0CCGE0179420.pdf,https://webapss.ncue.edu.tw/Teacher/Reports/OB020.aspx?yms_year=115&yms_sms=1&emp_id=0000604
1791,00210,核心通識,YouTube與新聞傳播實作,,素養通識-生活藝能及應用,博雅二,否,2,孔繁芸,王金平活動中心,(五) 05-06 A301,60,135,38,限本班,,YouTube & Live Broadcasting Practice,中文,https://webap0.ncue.edu.tw/DEANV2/UploadDEAN/SUBJECT/1151/00210_0CCGE0183520.pdf,https://webapss.ncue.edu.tw/Teacher/Reports/OB020.aspx?yms_year=115&yms_sms=1&emp_id=9901146
1792,00209,核心通識,微電影創作與剪輯,,素養通識-生活藝能及應用,博雅二,否,2,孔繁芸,王金平活動中心,(五) 07-08 A301,60,194,60,限本班,,Short Film Production,中文,https://webap0.ncue.edu.tw/DEANV2/UploadDEAN/SUBJECT/1151/00209_0CCGE0183420.pdf,https://webapss.ncue.edu.tw/Teacher/Reports/OB020.aspx?yms_year=115&yms_sms=1&emp_id=9901146
1793,00208,核心通識,攝影與生活,,素養通識-生活藝能及應用,博雅三,否,2,謝明穎,教學大樓,(五) 03-04 T004,50,159,50,限本班,,Photography in Life,中文,https://webap0.ncue.edu.tw/DEANV2/UploadDEAN/SUBJECT/1151/00208_0CCGE0179320.pdf,https://webapss.ncue.edu.tw/Teacher/Reports/OB020.aspx?yms_year=115&yms_sms=1&emp_id=9901149
1794,00207,核心通識,環境變遷與人類文明,,素養通識-文化美學與文明,博雅一,否,2,陳雅青,教學大樓,(二) 05-06 T102,65,318,65,限本班,,Environmental Changes and Human Civilization,中文,https://webap0.ncue.edu.tw/DEANV2/UploadDEAN/SUBJECT/1151/00207_0CCGE0180020.pdf,https://webapss.ncue.edu.tw/Teacher/Reports/OB020.aspx?yms_year=115&yms_sms=1&emp_id=0000646
1795,00206,核心通識,人類的故事：從演化到基因組計畫,,素養通識-文化美學與文明,博雅二,否,2,劉德祥,教學大樓,(四) 03-04 T005,50,194,50,限本班,,The Story of Humankind,中文,https://webap0.ncue.edu.tw/DEANV2/UploadDEAN/SUBJECT/1151/00206_0CCGE0178920.pdf,https://webapss.ncue.edu.tw/Teacher/Reports/OB020.aspx?yms_year=115&yms_sms=1&emp_id=9900753
1796,00205,核心通識,台灣布袋戲的藝術與欣賞,,素養通識-文化美學與文明,博雅三,否,2,吳明德,教學大樓,(四) 03-04 T004,70,191,26,限本班,,The Art and Appreciation of Taiwan Glove Puppertry,中文,https://webap0.ncue.edu.tw/DEANV2/UploadDEAN/SUBJECT/1151/00205_0CCGE0181020.pdf,https://webapss.ncue.edu.tw/Teacher/Reports/OB020.aspx?yms_year=115&yms_sms=1&emp_id=0000901
1797,00204,核心通識,生活中的古典音樂,,素養通識-文化美學與文明,博雅三,否,2,謝佩殷,教學大樓,(一) 08-09 T105,70,418,69,限本班,,Classical Music in Daily Life,中文,https://webap0.ncue.edu.tw/DEANV2/UploadDEAN/SUBJECT/1151/00204_0CCGE0182820.pdf,https://webapss.ncue.edu.tw/Teacher/Reports/OB020.aspx?yms_year=115&yms_sms=1&emp_id=9900872
1798,00203,核心通識,淺談西洋樂器,,素養通識-文化美學與文明,博雅三,否,2,林曉寰,教學大樓,(五) 03-04 T006,70,256,70,限本班,,Introduction of Western Musical Instruments,中文,https://webap0.ncue.edu.tw/DEANV2/UploadDEAN/SUBJECT/1151/00203_0CCGE0182720.pdf,https://webapss.ncue.edu.tw/Teacher/Reports/OB020.aspx?yms_year=115&yms_sms=1&emp_id=9901002
1799,00202,核心通識,古琴美學與文化,,素養通識-文化美學與文明,博雅三,否,2,黃鴻文,王金平活動中心,(二) 03-04 A301,50,247,50,限本班,,The Aesthetics and Culture of Gu-Qin,中文,https://webap0.ncue.edu.tw/DEANV2/UploadDEAN/SUBJECT/1151/00202_0CCGE0182620.pdf,https://webapss.ncue.edu.tw/Teacher/Reports/OB020.aspx?yms_year=115&yms_sms=1&emp_id=9901145
1800,00201,核心通識,生活美學,,素養通識-文化美學與文明,博雅三,否,2,魯漢平,聲洋館,(四) 05-06 16203大理論教室,50,386,50,限本班,第一週上課務必出席，確認選課情形,Modern Esthetics,中文,https://webap0.ncue.edu.tw/DEANV2/UploadDEAN/SUBJECT/1151/00201_0CCGE0179520.pdf,https://webapss.ncue.edu.tw/Teacher/Reports/OB020.aspx?yms_year=115&yms_sms=1&emp_id=0000985
1801,00173,大三、四體育,重量訓練,,體育選修,,否,2,陳帝佑,進德體育館,(四) 09-10 重量訓練室,30,23,23,限本班,因場地限制，修課人數限30人。大一、大二、大三、大四及研究所學生，皆可選修。,Weight Training,中文,https://webap0.ncue.edu.tw/DEANV2/UploadDEAN/SUBJECT/1151/00173_0CCPE0111420.pdf,https://webapss.ncue.edu.tw/Teacher/Reports/OB020.aspx?yms_year=115&yms_sms=1&emp_id=0000720
1802,00172,大三、四體育,防身術,,體育選修,,否,2,蘇泰源,進德體育館,(四) 07-08 技擊室,40,10,10,限本班,因場地限制，修課人數限40人。大一、大二、大三、大四及研究所學生，皆可選修。,Self-defense skills,中文,https://webap0.ncue.edu.tw/DEANV2/UploadDEAN/SUBJECT/1151/00172_0CCPE0114520.pdf,https://webapss.ncue.edu.tw/Teacher/Reports/OB020.aspx?yms_year=115&yms_sms=1&emp_id=0001068
1803,00171,大三、四體育,運動舞蹈,,體育選修,,否,2,高嘉璘,進德體育館,(四) 05-06 韻律教室,30,4,4,限本班,因場地限制，修課人數限30人。大一、大二、大三、大四及研究所學生，皆可選修。,Dancesports,中英,https://webap0.ncue.edu.tw/DEANV2/UploadDEAN/SUBJECT/1151/00171_0CCPE0120220.pdf,https://webapss.ncue.edu.tw/Teacher/Reports/OB020.aspx?yms_year=115&yms_sms=1&emp_id=9901150
1804,00170,大三、四體育,瑜珈,,體育選修,,否,2,鍾孟玲,進德體育館,(三) 05-06 韻律教室,40,23,23,限本班,因場地限制，修課人數限40人。大一、大二、大三、大四及研究所學生，皆可選修。,Yoga,中文,https://webap0.ncue.edu.tw/DEANV2/UploadDEAN/SUBJECT/1151/00170_0CCPE0115120.pdf,https://webapss.ncue.edu.tw/Teacher/Reports/OB020.aspx?yms_year=115&yms_sms=1&emp_id=0000695
1805,00169,大三、四體育,匹克球,,體育選修,,否,2,李仁佐,進德體育館,(二) 09-10 羽球場,30,34,30,限本班,因場地限制，修課人數限30人。大一、大二、大三、大四及研究所學生，皆可選修。,Pickleball,中文,https://webap0.ncue.edu.tw/DEANV2/UploadDEAN/SUBJECT/1151/00169_0CCPE0116620.pdf,https://webapss.ncue.edu.tw/Teacher/Reports/OB020.aspx?yms_year=115&yms_sms=1&emp_id=9901113
1806,00168,大三、四體育,重量訓練,,體育選修,,否,2,陳帝佑,進德體育館,(二) 09-10 重量訓練室,30,19,18,限本班,因場地限制，修課人數限30人。大一、大二、大三、大四及研究所學生，皆可選修。,Weight Training,中文,https://webap0.ncue.edu.tw/DEANV2/UploadDEAN/SUBJECT/1151/00168_0CCPE0111420.pdf,https://webapss.ncue.edu.tw/Teacher/Reports/OB020.aspx?yms_year=115&yms_sms=1&emp_id=0000720
1807,00167,大三、四體育,防身術,,體育選修,,否,2,黃聖鵬,進德體育館,(一) 07-08 技擊室,40,13,13,限本班,1、因場地限制，修課人數限40人。2、大一、大二、大三、大四及研究所學生，皆可選修。,Self-defense skills,中文,https://webap0.ncue.edu.tw/DEANV2/UploadDEAN/SUBJECT/1151/00167_0CCPE0114520.pdf,https://webapss.ncue.edu.tw/Teacher/Reports/OB020.aspx?yms_year=115&yms_sms=1&emp_id=9901337
1808,00166,大三、四體育,身體雕塑,,體育選修,,否,2,鍾孟玲,進德體育館,(二) 05-06 韻律教室,40,4,4,限本班,1、因場地限制，修課人數限40人。2、大一、大二、大三、大四及研究所學生，皆可選修。,Body Sculpting,中文,https://webap0.ncue.edu.tw/DEANV2/UploadDEAN/SUBJECT/1151/00166_0CCPE0116120.pdf,https://webapss.ncue.edu.tw/Teacher/Reports/OB020.aspx?yms_year=115&yms_sms=1&emp_id=0000695
1809,00165,大三、四體育,羽球,,體育選修,,否,2,張家昌,進德體育館,(二) 05-06 羽球場,50,41,41,限本班,大一、大二、大三、大四及研究所學生，皆可選修。,Badminton,中文,https://webap0.ncue.edu.tw/DEANV2/UploadDEAN/SUBJECT/1151/00165_0CCPE0110620.pdf,https://webapss.ncue.edu.tw/Teacher/Reports/OB020.aspx?yms_year=115&yms_sms=1&emp_id=0000726
1810,00164,大三、四體育,競技跆拳道,,體育選修,,否,2,黃聖鵬,進德體育館,(二) 07-08 技擊室,40,9,9,限本班,1、因場地限制，修課人數限40人。2、大一、大二、大三、大四及研究所學生，皆可選修。,Taekwondo,中文,https://webap0.ncue.edu.tw/DEANV2/UploadDEAN/SUBJECT/1151/00164_0CCPE0005620.pdf,https://webapss.ncue.edu.tw/Teacher/Reports/OB020.aspx?yms_year=115&yms_sms=1&emp_id=9901337
1811,00163,大三、四體育,排球,,體育選修,,否,2,陳帝佑,進德體育館,(一) 09-10 綜合球場-排球,40,28,28,限本班,1、因場地限制，修課人數限40人。2、大一、大二、大三、大四及研究所學生，皆可選修。,Volleyball,中文,https://webap0.ncue.edu.tw/DEANV2/UploadDEAN/SUBJECT/1151/00163_0CCPE0004720.pdf,https://webapss.ncue.edu.tw/Teacher/Reports/OB020.aspx?yms_year=115&yms_sms=1&emp_id=0000720
1812,00162,大三、四體育,網球,,體育選修,,否,2,黄仁易,進德體育館,(一) 07-08 網球場,50,13,13,限本班,大一、大二、大三、大四及研究所學生，皆可選修。,Tennis,中文,https://webap0.ncue.edu.tw/DEANV2/UploadDEAN/SUBJECT/1151/00162_0CCPE0110120.pdf,https://webapss.ncue.edu.tw/Teacher/Reports/OB020.aspx?yms_year=115&yms_sms=1&emp_id=0000519
1813,00161,大二體育,籃球(一),,校必(體),,否,1,劉元凱,進德體育館,(五) 01-02 綜合球場-籃球,30,20,20,限本班,1、上課地點：進德校區-籃球場。 2、因場地限制，修課人數上限30人。,Basketball I,中文,https://webap0.ncue.edu.tw/DEANV2/UploadDEAN/SUBJECT/1151/00161_0CCPE0108010.pdf,https://webapss.ncue.edu.tw/Teacher/Reports/OB020.aspx?yms_year=115&yms_sms=1&emp_id=0001133
1814,00160,大二體育,運動舞蹈(一),,校必(體),,否,1,高嘉璘,進德體育館,(四) 03-04 技擊室,30,4,4,限本班,1、上課地點：技擊室1。 2、因場地限制，修課人數上限30人。,Dancesports Ⅰ,中英,https://webap0.ncue.edu.tw/DEANV2/UploadDEAN/SUBJECT/1151/00160_0CCPE0118810.pdf,https://webapss.ncue.edu.tw/Teacher/Reports/OB020.aspx?yms_year=115&yms_sms=1&emp_id=9901150
1815,00159,大二體育,爵士舞(一),,校必(體),,否,1,陳美華,進德體育館,(四) 03-04 韻律教室,40,9,9,限本班,1、上課地點：韻律教室。 2、因場地限制，修課人數上限40人。,Jazz Dance I,中文,https://webap0.ncue.edu.tw/DEANV2/UploadDEAN/SUBJECT/1151/00159_0CCPE0107510.pdf,https://webapss.ncue.edu.tw/Teacher/Reports/OB020.aspx?yms_year=115&yms_sms=1&emp_id=0000419
1816,00158,大二體育,防身術(一),,校必(體),,否,1,楊紋貞,進德體育館,(四) 03-04 體育館,50,58,50,限本班,上課地點：技擊室2,Self-defense skills I,中文,https://webap0.ncue.edu.tw/DEANV2/UploadDEAN/SUBJECT/1151/00158_0CCPE0115410.pdf,https://webapss.ncue.edu.tw/Teacher/Reports/OB020.aspx?yms_year=115&yms_sms=1&emp_id=9900705
1817,00157,大二體育,籃球(一),,校必(體),,否,1,葉懷喃,師大體育館,(四) 03-04 師大校區體育場地2,30,23,23,限本班,1、上課地點：師大校區-炫力球場、籃球場。 2、因場地限制，修課人數30人。,Basketball I,中文,https://webap0.ncue.edu.tw/DEANV2/UploadDEAN/SUBJECT/1151/00157_0CCPE0108010.pdf,https://webapss.ncue.edu.tw/Teacher/Reports/OB020.aspx?yms_year=115&yms_sms=1&emp_id=9901241
1818,00156,大二體育,排球(一),,校必(體),,否,1,邱金治,師大體育館,(四) 03-04 師大校區體育場地,40,40,40,限本班,1、上課地點：師大校區-炫力球場-排球場。 2、因場地限制，修課人數40人。,Volleyball I,中文,https://webap0.ncue.edu.tw/DEANV2/UploadDEAN/SUBJECT/1151/00156_0CCPE0108110.pdf,https://webapss.ncue.edu.tw/Teacher/Reports/OB020.aspx?yms_year=115&yms_sms=1&emp_id=0000920
1819,00155,大二體育,桌球(一),,校必(體),,否,1,劉羿德,進德體育館,(四) 03-04 桌球教室,50,40,40,限本班,,Table Tennis I,中文,https://webap0.ncue.edu.tw/DEANV2/UploadDEAN/SUBJECT/1151/00155_0CCPE0107410.pdf,https://webapss.ncue.edu.tw/Teacher/Reports/OB020.aspx?yms_year=115&yms_sms=1&emp_id=0000872
1820,00154,大二體育,羽球(一),,校必(體),,否,1,黄仁易,進德體育館,(四) 03-04 羽球場,50,79,50,限本班,,Badminton I,中文,https://webap0.ncue.edu.tw/DEANV2/UploadDEAN/SUBJECT/1151/00154_0CCPE0107810.pdf,https://webapss.ncue.edu.tw/Teacher/Reports/OB020.aspx?yms_year=115&yms_sms=1&emp_id=0000519
1821,00153,大二體育,爵士舞(一),,校必(體),,否,1,陳美華,進德體育館,(四) 01-02 韻律教室,40,7,7,限本班,1、上課地點：韻律教室。 2、因場地限制，修課人數上限40人。,Jazz Dance I,中文,https://webap0.ncue.edu.tw/DEANV2/UploadDEAN/SUBJECT/1151/00153_0CCPE0107510.pdf,https://webapss.ncue.edu.tw/Teacher/Reports/OB020.aspx?yms_year=115&yms_sms=1&emp_id=0000419
1822,00152,大二體育,戰鬥有氧(一),,校必(體),,否,1,蔡姵緹,進德體育館,(四) 01-02 技擊室,40,8,8,限本班,1、上課地點：技擊室1。 2、因場地限制，修課人數上限40人。,Tae-Bo I,中文,https://webap0.ncue.edu.tw/DEANV2/UploadDEAN/SUBJECT/1151/00152_0CCPE0115210.pdf,https://webapss.ncue.edu.tw/Teacher/Reports/OB020.aspx?yms_year=115&yms_sms=1&emp_id=9901018
1823,00151,大二體育,防身術(一),,校必(體),,否,1,楊紋貞,進德體育館,(四) 01-02 體育館,50,71,50,限本班,上課地點：技擊室2。,Self-defense skills I,中文,https://webap0.ncue.edu.tw/DEANV2/UploadDEAN/SUBJECT/1151/00151_0CCPE0115410.pdf,https://webapss.ncue.edu.tw/Teacher/Reports/OB020.aspx?yms_year=115&yms_sms=1&emp_id=9900705
1824,00150,大二體育,籃球(一),,校必(體),,否,1,葉懷喃,進德體育館,(四) 01-02 綜合球場-籃球,30,26,26,限本班,因場地限制，修課人數限30人。,Basketball I,中文,https://webap0.ncue.edu.tw/DEANV2/UploadDEAN/SUBJECT/1151/00150_0CCPE0108010.pdf,https://webapss.ncue.edu.tw/Teacher/Reports/OB020.aspx?yms_year=115&yms_sms=1&emp_id=9901241
1825,00149,大二體育,排球(一),,校必(體),,否,1,邱金治,進德體育館,(四) 01-02 綜合球場-排球,40,42,40,限本班,因場地限制，修課人數限40人。,Volleyball I,中文,https://webap0.ncue.edu.tw/DEANV2/UploadDEAN/SUBJECT/1151/00149_0CCPE0108110.pdf,https://webapss.ncue.edu.tw/Teacher/Reports/OB020.aspx?yms_year=115&yms_sms=1&emp_id=0000920
1826,00148,大二體育,桌球(一),,校必(體),,否,1,劉羿德,進德體育館,(四) 01-02 桌球教室,50,83,50,限本班,,Table Tennis I,中文,https://webap0.ncue.edu.tw/DEANV2/UploadDEAN/SUBJECT/1151/00148_0CCPE0107410.pdf,https://webapss.ncue.edu.tw/Teacher/Reports/OB020.aspx?yms_year=115&yms_sms=1&emp_id=0000872
1827,00147,大二體育,網球(一),,校必(體),,否,1,黄仁易,進德體育館,(四) 01-02 網球場,50,14,14,限本班,,Tennis I,中文,https://webap0.ncue.edu.tw/DEANV2/UploadDEAN/SUBJECT/1151/00147_0CCPE0107110.pdf,https://webapss.ncue.edu.tw/Teacher/Reports/OB020.aspx?yms_year=115&yms_sms=1&emp_id=0000519
1828,00146,大二體育,防身術(一),,校必(體),,否,1,陳彥羽,進德體育館,(二) 03-04 體育館,50,28,28,限本班,1、上課地點：技擊室2。,Self-defense skills I,無,,https://webapss.ncue.edu.tw/Teacher/Reports/OB020.aspx?yms_year=115&yms_sms=1&emp_id=4000066
1829,00145,大二體育,健康體能(一),,校必(體),,否,1,游晴惠,進德體育館,(二) 03-04 技擊室,40,26,26,限本班,1、上課地點：技擊室1。 2、因場地限制，修課人數上限40人。,Physical Fitness I,中文,https://webap0.ncue.edu.tw/DEANV2/UploadDEAN/SUBJECT/1151/00145_0CCPE0107910.pdf,https://webapss.ncue.edu.tw/Teacher/Reports/OB020.aspx?yms_year=115&yms_sms=1&emp_id=0001170
1830,00144,大二體育,籃球(一),,校必(體),,否,1,劉元凱,師大體育館,(二) 03-04 師大校區體育場地2,30,43,30,限本班,1、上課地點：師大校區-炫力球場、籃球場。 2、因場地限制，修課人數30人。,Basketball I,中文,https://webap0.ncue.edu.tw/DEANV2/UploadDEAN/SUBJECT/1151/00144_0CCPE0108010.pdf,https://webapss.ncue.edu.tw/Teacher/Reports/OB020.aspx?yms_year=115&yms_sms=1&emp_id=0001133
1831,00143,大二體育,排球(一),,校必(體),,否,1,邱金治,進德體育館,(二) 03-04 綜合球場-排球,40,23,23,限本班,因場地限制，修課人數限40人。,Volleyball I,中文,https://webap0.ncue.edu.tw/DEANV2/UploadDEAN/SUBJECT/1151/00143_0CCPE0108110.pdf,https://webapss.ncue.edu.tw/Teacher/Reports/OB020.aspx?yms_year=115&yms_sms=1&emp_id=0000920
1832,00142,大二體育,韻律(一),,校必(體),,否,1,鍾孟玲,進德體育館,(二) 03-04 韻律教室,40,9,9,限本班,因場地限制，修課人數限40人。,Rhythm Dance I,中文,https://webap0.ncue.edu.tw/DEANV2/UploadDEAN/SUBJECT/1151/00142_0CCPE0107610.pdf,https://webapss.ncue.edu.tw/Teacher/Reports/OB020.aspx?yms_year=115&yms_sms=1&emp_id=0000695
1833,00141,大二體育,桌球(一),,校必(體),,否,1,劉羿德,進德體育館,(二) 03-04 桌球教室,50,48,47,限本班,,Table Tennis I,中文,https://webap0.ncue.edu.tw/DEANV2/UploadDEAN/SUBJECT/1151/00141_0CCPE0107410.pdf,https://webapss.ncue.edu.tw/Teacher/Reports/OB020.aspx?yms_year=115&yms_sms=1&emp_id=0000872
1834,00140,大二體育,網球(一),,校必(體),,否,1,湯智鈞,師大體育館,(二) 03-04 師大校區體育場地,40,14,13,限本班,1、上課地點：師大校區網球場。 2、因場地限制，修課人數40人。,Tennis I,中文,https://webap0.ncue.edu.tw/DEANV2/UploadDEAN/SUBJECT/1151/00140_0CCPE0107110.pdf,https://webapss.ncue.edu.tw/Teacher/Reports/OB020.aspx?yms_year=115&yms_sms=1&emp_id=9901178
1835,00139,大二體育,羽球(一),,校必(體),,否,1,黄仁易,進德體育館,(二) 03-04 羽球場,50,87,50,限本班,,Badminton I,中文,https://webap0.ncue.edu.tw/DEANV2/UploadDEAN/SUBJECT/1151/00139_0CCPE0107810.pdf,https://webapss.ncue.edu.tw/Teacher/Reports/OB020.aspx?yms_year=115&yms_sms=1&emp_id=0000519
1836,00138,大二體育,防身術(一),,校必(體),,否,1,陳彥羽,進德體育館,(二) 01-02 體育館,50,23,23,限本班,1、上課地點：技擊室2。,Self-defense skills I,無,,https://webapss.ncue.edu.tw/Teacher/Reports/OB020.aspx?yms_year=115&yms_sms=1&emp_id=4000066
1837,00137,大二體育,健康體能(一),,校必(體),,否,1,游晴惠,進德體育館,(二) 01-02 技擊室,40,32,32,限本班,1、上課地點：技擊室1。 2、因場地限制，修課人數上限40人。,Physical Fitness I,中文,https://webap0.ncue.edu.tw/DEANV2/UploadDEAN/SUBJECT/1151/00137_0CCPE0107910.pdf,https://webapss.ncue.edu.tw/Teacher/Reports/OB020.aspx?yms_year=115&yms_sms=1&emp_id=0001170
1838,00136,大二體育,籃球(一),,校必(體),,否,1,劉元凱,進德體育館,(二) 01-02 綜合球場-籃球,30,7,7,限本班,因場地限制，修課人數限30人。,Basketball I,中文,https://webap0.ncue.edu.tw/DEANV2/UploadDEAN/SUBJECT/1151/00136_0CCPE0108010.pdf,https://webapss.ncue.edu.tw/Teacher/Reports/OB020.aspx?yms_year=115&yms_sms=1&emp_id=0001133
1839,00135,大二體育,排球(一),,校必(體),,否,1,邱金治,進德體育館,(二) 01-02 綜合球場-排球,40,24,24,限本班,因場地限制，修課人數限40人。,Volleyball I,中文,https://webap0.ncue.edu.tw/DEANV2/UploadDEAN/SUBJECT/1151/00135_0CCPE0108110.pdf,https://webapss.ncue.edu.tw/Teacher/Reports/OB020.aspx?yms_year=115&yms_sms=1&emp_id=0000920
1840,00134,大二體育,韻律(一),,校必(體),,否,1,鍾孟玲,進德體育館,(二) 01-02 韻律教室,40,27,27,限本班,因場地限制，修課人數限40人。,Rhythm Dance I,中文,https://webap0.ncue.edu.tw/DEANV2/UploadDEAN/SUBJECT/1151/00134_0CCPE0107610.pdf,https://webapss.ncue.edu.tw/Teacher/Reports/OB020.aspx?yms_year=115&yms_sms=1&emp_id=0000695
1841,00133,大二體育,桌球(一),,校必(體),,否,1,劉羿德,進德體育館,(二) 01-02 桌球教室,50,28,28,限本班,,Table Tennis I,中文,https://webap0.ncue.edu.tw/DEANV2/UploadDEAN/SUBJECT/1151/00133_0CCPE0107410.pdf,https://webapss.ncue.edu.tw/Teacher/Reports/OB020.aspx?yms_year=115&yms_sms=1&emp_id=0000872
1842,00132,大二體育,網球(一),,校必(體),,否,1,湯智鈞,進德體育館,(二) 01-02 網球場,50,6,6,限本班,,Tennis I,中文,https://webap0.ncue.edu.tw/DEANV2/UploadDEAN/SUBJECT/1151/00132_0CCPE0107110.pdf,https://webapss.ncue.edu.tw/Teacher/Reports/OB020.aspx?yms_year=115&yms_sms=1&emp_id=9901178
1843,00131,大二體育,羽球(一),,校必(體),,否,1,黄仁易,進德體育館,(二) 01-02 羽球場,50,72,50,限本班,,Badminton I,中文,https://webap0.ncue.edu.tw/DEANV2/UploadDEAN/SUBJECT/1151/00131_0CCPE0107810.pdf,https://webapss.ncue.edu.tw/Teacher/Reports/OB020.aspx?yms_year=115&yms_sms=1&emp_id=0000519
1844,00130,輔一甲,特殊體育,,校必(體),,否,1,邱金治,進德體育館,(一) 09-10 體育館,60,11,11,限本班,1、特殊體育為一至二年級混合上課，採個別化教學原則。2、提供持有身心障礙證明或教育部特殊教育學生鑑定證明書之學生選課。3、若因其他原因如車禍受傷或罹患疾病等需修此堂課程，請於加、退選期間，檢附教學醫院以上證明，至體育室辦理審核及其他相關程序。,Adapted Physical Education,中文,https://webap0.ncue.edu.tw/DEANV2/UploadDEAN/SUBJECT/1151/00130_0CCPE0114110.pdf,https://webapss.ncue.edu.tw/Teacher/Reports/OB020.aspx?yms_year=115&yms_sms=1&emp_id=0000920
1845,00129,數一乙,體育(一),,校必(體),,否,1,陳仕恒,進德體育館,(五) 07-08 體育館,60,0,0,限本班,,Physical Education I,中英,https://webap0.ncue.edu.tw/DEANV2/UploadDEAN/SUBJECT/1151/00129_0CCPE0106810.pdf,https://webapss.ncue.edu.tw/Teacher/Reports/OB020.aspx?yms_year=115&yms_sms=1&emp_id=9901258
1846,00128,數一甲,體育(一),,校必(體),,否,1,邱金治,進德體育館,(五) 07-08 體育館,60,0,0,限本班,,Physical Education I,中文,https://webap0.ncue.edu.tw/DEANV2/UploadDEAN/SUBJECT/1151/00128_0CCPE0106810.pdf,https://webapss.ncue.edu.tw/Teacher/Reports/OB020.aspx?yms_year=115&yms_sms=1&emp_id=0000920
1847,00127,電機一,體育(一),,校必(體),,否,1,陳郁婷,師大體育館,(五) 05-06 師大校區體育場地,60,0,0,限本班,,Physical Education I,中文,https://webap0.ncue.edu.tw/DEANV2/UploadDEAN/SUBJECT/1151/00127_0CCPE0106810.pdf,https://webapss.ncue.edu.tw/Teacher/Reports/OB020.aspx?yms_year=115&yms_sms=1&emp_id=9901173
1848,00126,輔一乙,體育(一),,校必(體),,否,1,楊亮梅,進德體育館,(五) 05-06 體育館,60,0,0,限本班,,Physical Education I,中文,https://webap0.ncue.edu.tw/DEANV2/UploadDEAN/SUBJECT/1151/00126_0CCPE0106810.pdf,https://webapss.ncue.edu.tw/Teacher/Reports/OB020.aspx?yms_year=115&yms_sms=1&emp_id=0000476
1849,00125,公育一,體育(一),,校必(體),,否,1,陳仕恒,進德體育館,(五) 05-06 體育館,60,0,0,限本班,,Physical Education I,中英,https://webap0.ncue.edu.tw/DEANV2/UploadDEAN/SUBJECT/1151/00125_0CCPE0106810.pdf,https://webapss.ncue.edu.tw/Teacher/Reports/OB020.aspx?yms_year=115&yms_sms=1&emp_id=9901258
1850,00124,科技機電產攜專班一,體育(一),,校必(體),,否,1,劉元凱,師大體育館,(五) 03-04 師大校區體育場地2,60,0,0,限本班,,Physical Education I,中文,https://webap0.ncue.edu.tw/DEANV2/UploadDEAN/SUBJECT/1151/00124_0CCPE0106810.pdf,https://webapss.ncue.edu.tw/Teacher/Reports/OB020.aspx?yms_year=115&yms_sms=1&emp_id=0001133
1851,00123,企管一,體育(一),,校必(體),,否,1,陳郁婷,師大體育館,(五) 03-04 師大校區體育場地,60,0,0,限本班,,Physical Education I,中文,https://webap0.ncue.edu.tw/DEANV2/UploadDEAN/SUBJECT/1151/00123_0CCPE0106810.pdf,https://webapss.ncue.edu.tw/Teacher/Reports/OB020.aspx?yms_year=115&yms_sms=1&emp_id=9901173
1852,00122,生一,體育(一),,校必(體),,否,1,湯智鈞,進德體育館,(五) 03-04 體育館,60,0,0,限本班,,Physical Education I,中文,https://webap0.ncue.edu.tw/DEANV2/UploadDEAN/SUBJECT/1151/00122_0CCPE0106810.pdf,https://webapss.ncue.edu.tw/Teacher/Reports/OB020.aspx?yms_year=115&yms_sms=1&emp_id=9901178
1853,00121,地一,體育(一),,校必(體),,否,1,張偉達,進德體育館,(五) 03-04 體育館,60,0,0,限本班,,Physical Education I,中文,https://webap0.ncue.edu.tw/DEANV2/UploadDEAN/SUBJECT/1151/00121_0CCPE0106810.pdf,https://webapss.ncue.edu.tw/Teacher/Reports/OB020.aspx?yms_year=115&yms_sms=1&emp_id=9901291
1854,00120,國一甲,體育(一),,校必(體),,否,1,楊亮梅,進德體育館,(五) 03-04 體育館,60,0,0,限本班,,Physical Education I,中文,https://webap0.ncue.edu.tw/DEANV2/UploadDEAN/SUBJECT/1151/00120_0CCPE0106810.pdf,https://webapss.ncue.edu.tw/Teacher/Reports/OB020.aspx?yms_year=115&yms_sms=1&emp_id=0000476
1855,00119,會一乙,體育(一),,校必(體),,否,1,陳郁婷,師大體育館,(五) 01-02 師大校區體育場地,60,0,0,限本班,,Physical Education I,中文,https://webap0.ncue.edu.tw/DEANV2/UploadDEAN/SUBJECT/1151/00119_0CCPE0106810.pdf,https://webapss.ncue.edu.tw/Teacher/Reports/OB020.aspx?yms_year=115&yms_sms=1&emp_id=9901173
1856,00118,輔一甲,體育(一),,校必(體),,否,1,張偉達,進德體育館,(五) 01-02 體育館,60,0,0,限本班,,Physical Education I,中文,https://webap0.ncue.edu.tw/DEANV2/UploadDEAN/SUBJECT/1151/00118_0CCPE0106810.pdf,https://webapss.ncue.edu.tw/Teacher/Reports/OB020.aspx?yms_year=115&yms_sms=1&emp_id=9901291
1857,00117,高照原民專班一,體育(一),,校必(體),,否,1,黃健倫,進德體育館,(四) 05-06 體育館,60,0,0,限本班,,Physical Education I,中文,https://webap0.ncue.edu.tw/DEANV2/UploadDEAN/SUBJECT/1151/00117_0CCPE0106810.pdf,https://webapss.ncue.edu.tw/Teacher/Reports/OB020.aspx?yms_year=115&yms_sms=1&emp_id=9901359
1858,00116,智車一,體育(一),,校必(體),,否,1,楊紋貞,師大體育館,(三) 05-06 師大校區體育場地,60,0,0,限本班,,Physical Education I,中文,https://webap0.ncue.edu.tw/DEANV2/UploadDEAN/SUBJECT/1151/00116_0CCPE0106810.pdf,https://webapss.ncue.edu.tw/Teacher/Reports/OB020.aspx?yms_year=115&yms_sms=1&emp_id=9900705
1859,00115,科技一乙,體育(一),,校必(體),,否,1,林則旻,師大體育館,(三) 03-04 師大校區體育場地,60,0,0,限本班,,Physical Education I,中文,https://webap0.ncue.edu.tw/DEANV2/UploadDEAN/SUBJECT/1151/00115_0CCPE0106810.pdf,https://webapss.ncue.edu.tw/Teacher/Reports/OB020.aspx?yms_year=115&yms_sms=1&emp_id=9901011
1860,00114,科技一甲,體育(一),,校必(體),,否,1,楊璁人,師大體育館,(三) 03-04 師大校區體育場地2,60,0,0,限本班,,Physical Education I,中英,https://webap0.ncue.edu.tw/DEANV2/UploadDEAN/SUBJECT/1151/00114_0CCPE0106810.pdf,https://webapss.ncue.edu.tw/Teacher/Reports/OB020.aspx?yms_year=115&yms_sms=1&emp_id=9901048
1861,00113,化一,體育(一),,校必(體),,否,1,陳美華,進德體育館,(三) 03-04 體育館,60,0,0,限本班,,Physical Education I,中文,https://webap0.ncue.edu.tw/DEANV2/UploadDEAN/SUBJECT/1151/00113_0CCPE0106810.pdf,https://webapss.ncue.edu.tw/Teacher/Reports/OB020.aspx?yms_year=115&yms_sms=1&emp_id=0000419
1862,00112,特教一,體育(一),,校必(體),,否,1,許志祥,進德體育館,(三) 03-04 體育館,60,0,0,限本班,,Physical Education I,中文,https://webap0.ncue.edu.tw/DEANV2/UploadDEAN/SUBJECT/1151/00112_0CCPE0106810.pdf,https://webapss.ncue.edu.tw/Teacher/Reports/OB020.aspx?yms_year=115&yms_sms=1&emp_id=9900556
1863,00111,資管一,體育(一),,校必(體),,否,1,楊璁人,師大體育館,(三) 01-02 師大校區體育場地2,60,0,0,限本班,,Physical Education I,中英,https://webap0.ncue.edu.tw/DEANV2/UploadDEAN/SUBJECT/1151/00111_0CCPE0106810.pdf,https://webapss.ncue.edu.tw/Teacher/Reports/OB020.aspx?yms_year=115&yms_sms=1&emp_id=9901048
1864,00110,會一甲,體育(一),,校必(體),,否,1,陳仕恒,師大體育館,(三) 01-02 師大校區體育場地,60,0,0,限本班,,Physical Education I,中英,https://webap0.ncue.edu.tw/DEANV2/UploadDEAN/SUBJECT/1151/00110_0CCPE0106810.pdf,https://webapss.ncue.edu.tw/Teacher/Reports/OB020.aspx?yms_year=115&yms_sms=1&emp_id=9901258
1865,00109,物一乙,體育(一),,校必(體),,否,1,林則旻,進德體育館,(三) 01-02 體育館,60,0,0,限本班,,Physical Education I,中文,https://webap0.ncue.edu.tw/DEANV2/UploadDEAN/SUBJECT/1151/00109_0CCPE0106810.pdf,https://webapss.ncue.edu.tw/Teacher/Reports/OB020.aspx?yms_year=115&yms_sms=1&emp_id=9901011
1866,00108,物一甲,體育(一),,校必(體),,否,1,許志祥,進德體育館,(三) 01-02 體育館,60,0,0,限本班,,Physical Education I,中文,https://webap0.ncue.edu.tw/DEANV2/UploadDEAN/SUBJECT/1151/00108_0CCPE0106810.pdf,https://webapss.ncue.edu.tw/Teacher/Reports/OB020.aspx?yms_year=115&yms_sms=1&emp_id=9900556
1867,00107,電子一,體育(一),,校必(體),,否,1,蔡志鵬,師大體育館,(一) 05-06 師大校區體育場地,90,0,0,限本班,電子一、含國際處學生加入電子系共同修課。,Physical Education I,中文,https://webap0.ncue.edu.tw/DEANV2/UploadDEAN/SUBJECT/1151/00107_0CCPE0106810.pdf,https://webapss.ncue.edu.tw/Teacher/Reports/OB020.aspx?yms_year=115&yms_sms=1&emp_id=9900502
1868,00106,財金一,體育(一),,校必(體),,否,1,蔡志鵬,師大體育館,(一) 03-04 師大校區體育場地,60,0,0,限本班,,Physical Education I,中文,https://webap0.ncue.edu.tw/DEANV2/UploadDEAN/SUBJECT/1151/00106_0CCPE0106810.pdf,https://webapss.ncue.edu.tw/Teacher/Reports/OB020.aspx?yms_year=115&yms_sms=1&emp_id=9900502
1869,00105,資工一,體育(一),,校必(體),,否,1,陳威成,師大體育館,(一) 03-04 師大校區體育場地2,60,0,0,限本班,,Physical Education I,中文,https://webap0.ncue.edu.tw/DEANV2/UploadDEAN/SUBJECT/1151/00105_0CCPE0106810.pdf,https://webapss.ncue.edu.tw/Teacher/Reports/OB020.aspx?yms_year=115&yms_sms=1&emp_id=9900627
1870,00104,英一,體育(一),,校必(體),,否,1,楊璁人,進德體育館,(一) 03-04 體育館,60,0,0,限本班,,Physical Education I,中英,https://webap0.ncue.edu.tw/DEANV2/UploadDEAN/SUBJECT/1151/00104_0CCPE0106810.pdf,https://webapss.ncue.edu.tw/Teacher/Reports/OB020.aspx?yms_year=115&yms_sms=1&emp_id=9901048
1871,00103,美一,體育(一),,校必(體),,否,1,楊亮梅,進德體育館,(一) 03-04 體育館,60,0,0,限本班,,Physical Education I,中文,https://webap0.ncue.edu.tw/DEANV2/UploadDEAN/SUBJECT/1151/00103_0CCPE0106810.pdf,https://webapss.ncue.edu.tw/Teacher/Reports/OB020.aspx?yms_year=115&yms_sms=1&emp_id=0000476
1872,00102,機電一,體育(一),,校必(體),,否,1,蔡志鵬,師大體育館,(一) 01-02 師大校區體育場地,60,0,0,限本班,,Physical Education I,中文,https://webap0.ncue.edu.tw/DEANV2/UploadDEAN/SUBJECT/1151/00102_0CCPE0106810.pdf,https://webapss.ncue.edu.tw/Teacher/Reports/OB020.aspx?yms_year=115&yms_sms=1&emp_id=9900502
1873,00101,國一乙,體育(一),,校必(體),,否,1,楊亮梅,進德體育館,(一) 01-02 體育館,60,0,0,限本班,,Physical Education I,中文,https://webap0.ncue.edu.tw/DEANV2/UploadDEAN/SUBJECT/1151/00101_0CCPE0106810.pdf,https://webapss.ncue.edu.tw/Teacher/Reports/OB020.aspx?yms_year=115&yms_sms=1&emp_id=0000476
1874,00004,全民國防教育課程,全民國防教育軍事訓練-國防政策,,全民國防選修,,否,2,魏培軒,教學大樓,(四) 05-06 T006,80,130,80,可跨班系,,All-out Defense Education Military Training - National Defense Policies,中文,https://webap0.ncue.edu.tw/DEANV2/UploadDEAN/SUBJECT/1151/00004_0CCMI0106220.pdf,https://webapss.ncue.edu.tw/Teacher/Reports/OB020.aspx?yms_year=115&yms_sms=1&emp_id=0001117
1875,00003,全民國防教育課程,全民國防教育軍事訓練-國際情勢,,全民國防選修,,否,2,李進億,教學大樓,(二) 05-06 T103,80,111,80,可跨班系,,All-out Defense Education Military Training - International Situations,中文,https://webap0.ncue.edu.tw/DEANV2/UploadDEAN/SUBJECT/1151/00003_0CCMI0106120.pdf,https://webapss.ncue.edu.tw/Teacher/Reports/OB020.aspx?yms_year=115&yms_sms=1&emp_id=0001092
1876,00002,全民國防教育課程,全民國防教育軍事訓練-全民國防,,全民國防選修,,否,2,李華彥,教學大樓,(四) 03-04 T105,80,91,80,可跨班系,,All-out Defense Education Military Training - Civil Defense,中文,https://webap0.ncue.edu.tw/DEANV2/UploadDEAN/SUBJECT/1151/00002_0CCMI0106320.pdf,https://webapss.ncue.edu.tw/Teacher/Reports/OB020.aspx?yms_year=115&yms_sms=1&emp_id=0001191
